INSTNM,INSTURL,SAT_AVG,ADM_RATE,ACT_MEDIAN,GRAD_DEBT_MDN,UGDS,PCTPELL,UGDS_WHITE,UGDS_BLACK,UGDS_HISP,UGDS_ASIAN,UGDS_AIAN,UGDS_NHPI,UGDS_2MOR,UGDS_NRA,UGDS_UNKN,C200_4,COSTT4_A,CITY,STABBR,IS_PUBLIC,IS_CITY
Alabama A & M University,www.aamu.edu/,947,0.6622,NA,31000,5726,0.6441,0.018,0.9043,0.015,0.0017,0.0012,0.001,0.0182,0.0196,0.021,0.2962,23751,Normal,AL,1,1
University of Alabama at Birmingham,https://www.uab.edu/,1251,0.8842,NA,22300,12118,0.3318,0.4832,0.2657,0.0776,0.0915,0.002,7e-4,0.0515,0.0214,0.0064,0.649,27826,Birmingham,AL,1,1
Amridge University,https://www.amridgeuniversity.edu/,NA,NA,NA,32189,226,0.6842,0.2788,0.6681,0.031,0,0.0044,0.0044,0,0,0.0133,0.6667,NA,Montgomery,AL,0,1
University of Alabama in Huntsville,www.uah.edu/,1321,0.7425,NA,20705,6650,0.225,0.694,0.0907,0.0719,0.0423,0.0074,0.0015,0.0508,0.0129,0.0286,0.6296,27098,Huntsville,AL,1,1
Alabama State University,www.alasu.edu/,977,0.9564,NA,31000,3322,0.7203,0.0223,0.9082,0.0111,0.0018,0.0015,0.0012,0.0126,0.0205,0.0208,0.2972,22028,Montgomery,AL,1,1
The University of Alabama,www.ua.edu/,1287,0.7582,32,22750,32323,0.1799,0.7227,0.1103,0.0692,0.0148,0.0029,9e-4,0.0356,0.0078,0.0359,0.7298,32024,Tuscaloosa,AL,1,1
Central Alabama Community College,www.cacc.edu/,NA,NA,NA,9766,1134,0.2853,0.6508,0.2601,0.0423,0.0044,9e-4,0,0.0353,0.0044,0.0018,NA,19815,Alexander City,AL,1,0
Athens State University,https://www.athens.edu/,NA,NA,NA,18051,2407,0.4238,0.7603,0.1172,0.0536,0.0075,0.0137,8e-4,0.0353,0.0037,0.0079,NA,NA,Athens,AL,1,0
Auburn University at Montgomery,www.aum.edu/,1090,0.9263,NA,25000,2693,0.4275,0.4218,0.4203,0.0178,0.033,0.0041,0.0011,0.0486,0.046,0.0071,0.3993,21873,Montgomery,AL,1,1
Auburn University,www.auburn.edu/,1318,0.5047,NA,21000,25732,0.1226,0.8303,0.0418,0.0432,0.0283,0.0026,6e-4,0.0299,0.0199,0.0034,0.8216,34402,Auburn,AL,1,1
Birmingham-Southern College,www.bsc.edu/,1197,0.5194,NA,25000,713,0.2256,0.7041,0.1613,0.0799,0.0182,0,0,0.0154,0.0196,0.0014,0.7052,38385,Birmingham,AL,0,1
Chattahoochee Valley Community College,https://www.cv.edu/,NA,NA,NA,10500,1044,0.3931,0.3506,0.4923,0.0824,0.0105,0.001,0.001,0.0575,0,0.0048,NA,12032,Phenix City,AL,1,1
South University-Montgomery,www.southuniversity.edu/,NA,NA,NA,26123,302,0.6952,0.1755,0.7815,0.0066,0.0066,0,0,0.0132,0.0066,0.0099,0.1364,30704,Montgomery,AL,0,1
Enterprise State Community College,www.escc.edu/,NA,NA,NA,7499,1476,0.3502,0.6152,0.2161,0.0623,0.0108,0.0095,0.002,0.0671,0.0075,0.0095,NA,14798,Enterprise,AL,1,0
Coastal Alabama Community College,www.coastalalabama.edu/,NA,NA,NA,11000,4714,0.346,0.6245,0.2403,0.0482,0.0066,0.0165,0.0019,0.0566,0.0028,0.0025,NA,15171,Bay Minette,AL,1,0
Faulkner University,www.faulkner.edu/,1016,0.6613,NA,23000,1555,0.4381,0.4508,0.4019,0.0559,0.0096,0.0032,0.0013,0.0129,0.0418,0.0225,0.1661,36910,Montgomery,AL,0,1
Gadsden State Community College,www.gadsdenstate.edu/,NA,NA,NA,NA,3619,0.4736,0.6709,0.1802,0.0729,0.0099,0.003,6e-4,0.0531,0.0083,0.0011,NA,10687,Gadsden,AL,1,1
New Beginning College of Cosmetology,www.nbccosmetology.com/,NA,NA,NA,9500,39,0.4557,0.8205,0,0.1795,0,0,0,0,0,0,NA,NA,Albertville,AL,0,0
George C Wallace Community College-Dothan,www.wallace.edu/,NA,NA,NA,NA,3053,0.487,0.5237,0.3344,0.0714,0.0108,0.0016,0.002,0.0481,0.0029,0.0049,NA,9863,Dothan,AL,1,1
George C Wallace State Community College-Hanceville,https://www.wallacestate.edu/,NA,NA,NA,11000,4413,0.3229,0.763,0.0872,0.0947,0.0075,0.0039,5e-4,0.0363,0.0061,9e-4,NA,18748,Hanceville,AL,1,0
George C Wallace State Community College-Selma,https://www.wccs.edu/,NA,NA,NA,NA,828,0.3677,0.1329,0.814,0.0133,0.0085,0.0012,0,0.0254,0.0036,0.0012,NA,9505,Selma,AL,1,0
Herzing University-Birmingham,https://www.herzing.edu/,NA,0.9449,NA,21500,445,0.6368,0.2674,0.6292,0.0337,0.0022,0.0022,0.0045,0.0337,0,0.027,NA,27195,Birmingham,AL,0,1
Huntingdon College,https://www.huntingdon.edu/,1148,0.7083,NA,27000,865,0.3879,0.6647,0.2,0.0566,0.0046,0.0058,0.0023,0.0462,0,0.0197,0.4462,39686,Montgomery,AL,0,1
Heritage Christian University,www.hcu.edu/,NA,1,NA,NA,63,0.3537,0.8254,0.0952,0.0476,0,0.0159,0,0,0.0159,0,0.25,NA,Florence,AL,0,1
J. F. Drake State Community and Technical College,https://drakestate.edu/,NA,NA,NA,NA,719,0.4436,0.249,0.5981,0.0695,0.0056,0.0028,0.0014,0.057,0.0083,0.0083,NA,11908,Huntsville,AL,1,1
J F Ingram State Technical College,www.istc.edu/,NA,NA,NA,NA,826,0,0.4128,0.5375,0.0291,0.0036,0.0024,0.0024,0.0024,0.0085,0.0012,NA,NA,Deatsville,AL,1,0
Jacksonville State University,www.jsu.edu/,1055,0.7622,NA,22189,7030,0.4309,0.6011,0.2455,0.0516,0.0065,0.003,0.0011,0.043,0.0309,0.0172,0.5152,23422,Jacksonville,AL,1,1
Jefferson State Community College,www.jeffersonstate.edu/,NA,NA,NA,9689,5443,0.2863,0.5574,0.2552,0.1034,0.0217,0.0024,2e-4,0.0371,0.0208,0.0018,NA,14384,Birmingham,AL,1,1
John C Calhoun State Community College,https://calhoun.edu/,NA,NA,NA,12000,6928,0.3143,0.6136,0.1682,0.1015,0.0199,0.0101,0.0017,0.0745,0.0069,0.0036,NA,12687,Tanner,AL,1,1
Lawson State Community College,www.lawsonstate.edu/,NA,NA,NA,NA,2720,0.5978,0.1051,0.7985,0.0474,0.0037,7e-4,0.0011,0.0379,0.0044,0.0011,NA,15028,Birmingham,AL,1,1
University of West Alabama,www.uwa.edu/,1015,0.8711,NA,24944,2666,0.5401,0.4745,0.3807,0.0323,0.0019,0.0075,4e-4,0.0263,0.0233,0.0533,0.3875,22402,Livingston,AL,1,0
Lurleen B Wallace Community College,https://www.lbwcc.edu/,NA,NA,NA,NA,1122,0.3624,0.6845,0.2228,0.0303,0.008,0.0036,9e-4,0.0446,0.0018,0.0036,NA,10223,Andalusia,AL,1,0
Marion Military Institute,www.marionmilitary.edu/,1043,0.5917,NA,9250,308,0.4344,0.5455,0.2727,0.0877,0.013,0.0097,0.0032,0.0584,0.0032,0.0065,NA,18458,Marion,AL,1,0
Miles College,https://www.miles.edu/,NA,NA,NA,31217,1151,0.7552,0.0252,0.9513,0.0182,9e-4,0,0,0.0026,0,0.0017,0.2435,22900,Fairfield,AL,0,1
University of Mobile,https://www.umobile.edu/,1220,0.7251,NA,26500,1079,0.2986,0.6228,0.1761,0.0315,0.013,0.0204,0.0019,0.0575,0.0306,0.0463,0.5142,38731,Mobile,AL,0,0
University of Montevallo,www.montevallo.edu/,NA,0.539,NA,24000,2087,0.3904,0.6555,0.1639,0.0733,0.0053,0.0043,5e-4,0.0326,0.0398,0.0249,0.5289,26233,Montevallo,AL,1,0
Northwest Shoals Community College,https://www.nwscc.edu/,NA,NA,NA,10000,1924,0.2753,0.7396,0.1081,0.0915,0.0052,0.0026,0.0016,0.0457,0.0036,0.0021,NA,10894,Muscle Shoals,AL,1,1
University of North Alabama,https://www.una.edu/,NA,0.9648,NA,22077,5468,0.2411,0.7176,0.0949,0.0481,0.0219,0.0038,9e-4,0.0433,0.0647,0.0046,0.5268,22086,Florence,AL,1,1
Northeast Alabama Community College,https://www.nacc.edu/,NA,NA,NA,6100,1547,0.378,0.7285,0.0149,0.1597,0.0045,0.0116,0.0013,0.0763,0.0032,0,NA,10620,Rainsville,AL,1,0
Oakwood University,https://www2.oakwood.edu/,NA,0.5051,NA,27000,1253,0.4735,0.0152,0.6935,0.0774,0,0.0024,0,0.0255,0.1516,0.0343,0.5164,38592,Huntsville,AL,0,1
Reid State Technical College,www.rstc.edu/,NA,NA,NA,NA,365,0.4631,0.2767,0.6521,0.0137,0.011,0.0055,0,0.0384,0,0.0027,NA,9066,Evergreen,AL,1,0
Bishop State Community College,www.bishop.edu/,NA,NA,NA,NA,2100,0.4195,0.2195,0.6748,0.0229,0.0195,0.0076,0.001,0.0371,0.0143,0.0033,NA,11530,Mobile,AL,1,1
Samford University,www.samford.edu/,1203,0.8223,NA,19500,3828,0.1084,0.8574,0.0447,0.0468,0.0133,0.0018,0.0013,0.0214,0.0076,0.0057,0.7915,53934,Birmingham,AL,0,1
Selma University,https://selmau.edu/,NA,NA,NA,NA,34,0,0,1,0,0,0,0,0,0,0,0.0216,NA,Selma,AL,0,0
Shelton State Community College,www.sheltonstate.edu/,NA,NA,NA,NA,3191,0.3987,0.5099,0.3867,0.0505,0.0063,0.0028,9e-4,0.0342,0.0075,0.0013,NA,16607,Tuscaloosa,AL,1,1
Snead State Community College,www.snead.edu/,NA,NA,NA,9000,1494,0.3359,0.6426,0.0763,0.2242,0.0067,0.004,0.0013,0.0388,0.0047,0.0013,NA,12583,Boaz,AL,1,0
University of South Alabama,www.southalabama.edu/,1119,0.6549,28,24929,8540,0.3713,0.6091,0.2203,0.0521,0.0398,0.006,0.0013,0.0451,0.0112,0.0151,0.4957,22070,Mobile,AL,1,1
Spring Hill College,https://www.shc.edu/,1090,0.591,NA,27000,850,0.3301,0.5718,0.1341,0.0965,0.0129,0.0082,0,0.0188,0.1035,0.0541,0.5687,37172,Mobile,AL,0,1
Stillman College,https://stillman.edu/,NA,0.7422,NA,29067,761,0.682,0.0749,0.8581,0.0053,0.0013,0,0,0,0.0355,0.025,0.1623,23485,Tuscaloosa,AL,0,1
Talladega College,www.talladega.edu/,NA,0.9925,NA,28500,782,0.7551,0.0499,0.7788,0.0844,0.0013,0.0038,0.0013,0.0141,0,0.0665,0.2627,23441,Talladega,AL,0,0
H Councill Trenholm State Community College,www.trenholmstate.edu/,NA,NA,NA,NA,1584,0.5519,0.1843,0.7178,0.0499,0.0095,0.0025,6e-4,0.0303,0.0044,6e-4,NA,12148,Montgomery,AL,1,1
Troy University,www.troy.edu/,1086,0.9261,NA,25000,10089,0.423,0.5305,0.3195,0.0474,0.0076,0.0028,0.0013,0.0426,0.0261,0.0223,0.5248,21816,Troy,AL,1,0
Tuskegee University,www.tuskegee.edu/,1121,0.3143,NA,27000,2367,0.4767,0.0072,0.9248,0.0017,0.003,0.0025,4e-4,0.0351,0,0.0253,0.5754,41924,Tuskegee,AL,0,0
United States Sports Academy,www.ussa.edu/,NA,0.3529,NA,NA,136,0.3478,0.3456,0.2794,0.1324,0,0.0147,0,0.0147,0.0074,0.2059,NA,NA,Daphne,AL,0,1
Bevill State Community College,www.bscc.edu/,NA,NA,NA,NA,2189,0.3027,0.7437,0.1759,0.0306,0.0046,0.0023,0.0014,0.0402,0,0.0014,NA,15238,Jasper,AL,1,0
University of Alaska Anchorage,www.uaa.alaska.edu/,NA,0.6652,NA,20210,6916,0.191,0.4863,0.0369,0.1134,0.1252,0.0535,0.0068,0.1163,0.0182,0.0435,0.3579,21848,Anchorage,AK,1,1
Alaska Bible College,www.akbible.edu/,NA,NA,NA,NA,34,0.4872,0.8529,0.0294,0.0294,0,0,0,0.0882,0,0,0.3333,22101,Palmer,AK,0,1
University of Alaska Fairbanks,www.uaf.edu/,NA,NA,28,20291,4027,0.2237,0.5309,0.0335,0.0976,0.0313,0.1331,0.006,0.1065,0.0112,0.0499,0.4643,21182,Fairbanks,AK,1,1
University of Alaska Southeast,www.uas.alaska.edu/,NA,0.625,NA,19111,920,0.1398,0.538,0.0109,0.0946,0.0641,0.1065,0.0033,0.1424,0.0076,0.0326,0.3,16796,Juneau,AK,1,0
Alaska Pacific University,www.alaskapacific.edu/,NA,0.8621,NA,23500,400,0.3442,0.3325,0.0275,0.09,0.07,0.2325,0.015,0.115,0.0075,0.11,0.25,34964,Anchorage,AK,0,1
Alaska Vocational Technical Center,www.avtec.edu/,NA,NA,NA,NA,452,0.0602,0.4978,0.0155,0.0288,0.0088,0.2478,0.0066,0.0752,0,0.1195,NA,NA,Seward,AK,1,0
Charter College,https://chartercollege.edu/,NA,NA,NA,14176,2277,0.5579,0.3808,0.0839,0.2306,0.0413,0.0979,0.0347,0.0913,0.0114,0.0281,NA,31188,Anchorage,AK,0,1
Alaska Career College,www.alaskacareercollege.edu/,NA,NA,NA,7377,255,0.581,0.251,0.102,0.0824,0.149,0.2549,0.0392,0.1137,0,0.0078,NA,NA,Anchorage,AK,0,1
Empire Beauty School-Tucson,www.empire.edu/,NA,NA,NA,13000,213,0.4952,0.3099,0.0469,0.5023,0.0188,0.0188,0,0.0986,0,0.0047,NA,NA,Tucson,AZ,0,1
Carrington College-Phoenix North,https://carrington.edu/,NA,NA,NA,9500,1087,0.5536,0.1536,0.0791,0.5667,0.023,0.0524,0.0018,0.0092,0.0055,0.1086,NA,NA,Phoenix,AZ,0,1
Carrington College-Mesa,https://carrington.edu/,NA,NA,NA,9500,492,0.5402,0.2602,0.0833,0.4451,0.0183,0.0589,0.0041,0.0061,0.0041,0.1199,NA,NA,Mesa,AZ,0,1
Carrington College-Tucson,https://carrington.edu/,NA,NA,NA,9500,437,0.6093,0.1396,0.0664,0.6979,0.0229,0.0229,0.0069,0.0137,0,0.0297,NA,NA,Tucson,AZ,0,1
Arizona Academy of Beauty,www.arizonaacademy.com/,NA,NA,NA,5250,49,0.6719,0.2449,0.1224,0.4898,0.0204,0,0,0.1224,0,0,NA,NA,Tucson,AZ,0,1
Miller-Motte College-Arizona Automotive Institute,www.aai.edu/,NA,NA,NA,15917,513,0.7302,0.2671,0.0955,0.4503,0.0019,0.117,0.0039,0.0624,0,0.0019,NA,NA,Glendale,AZ,0,1
Brookline College-Phoenix,www.brooklinecollege.edu/,NA,NA,NA,9500,714,0.5823,0.1919,0.1218,0.3291,0.0224,0.063,0.0056,0.0084,0.0028,0.2549,0.2857,NA,Phoenix,AZ,0,1
Arizona State University Campus Immersion,www.asu.edu/,NA,0.9019,NA,19500,64398,0.2966,0.435,0.0425,0.2603,0.0908,0.0104,0.002,0.0498,0.0762,0.033,0.6755,28047,Tempe,AZ,1,1
Arizona Western College,https://www.azwestern.edu/,NA,NA,NA,4826,6198,0.3918,0.1118,0.0123,0.738,0.0087,0.0108,6e-4,0.0153,0.0176,0.0849,NA,15857,Yuma,AZ,1,1
University of Arizona,https://www.arizona.edu/,1261,0.8566,NA,19620,40769,0.2624,0.4721,0.0431,0.2762,0.0495,0.0151,0.0022,0.0498,0.0453,0.0466,0.6601,28543,Tucson,AZ,1,1
Central Arizona College,www.centralaz.edu/,NA,NA,NA,10010,4892,0.2874,0.3136,0.0542,0.4231,0.0168,0.0219,0.0057,0.0243,0.0168,0.1237,NA,9024,Coolidge,AZ,1,0
Charles of Italy Beauty College,www.charlesofitaly.edu/,NA,NA,NA,7388,88,0.5802,0.4432,0.0227,0.2159,0.0227,0.0227,0.0114,0,0,0.2614,NA,NA,Lake Havasu City,AZ,0,1
Cochise County Community College District,https://www.cochise.edu/,NA,NA,NA,6750,3007,0.3858,0.3389,0.0452,0.5101,0.0153,0.0057,0.004,0.0442,0.0269,0.0096,NA,13638,Sierra Vista,AZ,1,1
Empire Beauty School-Chandler,www.empire.edu/,NA,NA,NA,10667,98,0.5932,0.102,0.1735,0.2959,0.0204,0.051,0,0.0408,0,0.3163,NA,NA,Chandler,AZ,0,1
Avalon Institute-Mesa,avalon.edu/mesa-az/,NA,NA,NA,6332,388,0.5676,0.4021,0.1134,0.3711,0.0206,0.0155,0,0.0412,0,0.0361,NA,NA,Mesa,AZ,0,1
Eastern Arizona College,www.eac.edu/,NA,NA,NA,NA,3058,0.1721,0.5948,0.0249,0.2263,0.0082,0.068,0.0049,0.0131,0.019,0.0409,NA,16280,Thatcher,AZ,1,0
Embry-Riddle Aeronautical University-Prescott,prescott.erau.edu/,1256,0.7519,NA,23666,3245,0.174,0.5569,0.0206,0.1569,0.0666,0.0055,0.0052,0.0801,0.0851,0.0231,0.7059,60158,Prescott,AZ,0,1
Glendale Community College,www.gccaz.edu/,NA,NA,NA,6960,10180,0.2614,0.3394,0.0659,0.4528,0.0455,0.0128,0.0016,0.0485,0.0127,0.0208,NA,18056,Glendale,AZ,1,1
Grand Canyon University,www.gcu.edu/,1095,0.6036,NA,22114,68619,0.4308,0.4773,0.158,0.2424,0.0284,0.0088,0.0059,0.0471,0.0095,0.0225,0.4635,31493,Phoenix,AZ,0,1
GateWay Community College,www.gatewaycc.edu/,NA,NA,NA,6750,3473,0.2862,0.2525,0.1109,0.5189,0.0348,0.0233,0.0029,0.0403,0.0035,0.013,NA,18316,Phoenix,AZ,1,1
Mesa Community College,www.mesacc.edu/,NA,NA,NA,7473,12049,0.2006,0.4161,0.0622,0.3601,0.04,0.0331,0.0036,0.0502,0.0179,0.0168,NA,18975,Mesa,AZ,1,1
Mohave Community College,https://www.mohave.edu/,NA,NA,NA,9700,2750,0.3093,0.6022,0.0171,0.2873,0.0142,0.0138,0.004,0.0469,0,0.0145,NA,10952,Kingman,AZ,1,0
Universal Technical Institute of Arizona Inc-Motorcycle Mechanics Institute Division,www.uti.edu/,NA,NA,NA,13097,567,0.392,0.5732,0.0459,0.1499,0.0088,0.0229,0.0035,0.1411,0.0018,0.0529,NA,NA,Avondale,AZ,0,1
Dine College,https://www.dinecollege.edu/,NA,NA,NA,NA,1507,0.3895,0.0033,0.0013,0,0.0013,0.9907,0,7e-4,0.0027,0,NA,13872,Tsaile,AZ,1,0
Northern Arizona University,https://nau.edu/,NA,0.9095,NA,19000,23041,0.2983,0.5443,0.0292,0.265,0.0383,0.0347,0.0023,0.0561,0.0191,0.0111,0.5993,29495,Flagstaff,AZ,1,1
Northland Pioneer College,www.npc.edu/,NA,NA,NA,NA,1024,0.1369,0.3408,0.001,0.1553,0.0127,0.3428,0.002,0.0195,0,0.126,NA,14174,Holbrook,AZ,1,0
Phoenix College,www.phoenixcollege.edu/,NA,NA,NA,6750,6952,0.2888,0.2222,0.0928,0.5718,0.0283,0.0214,0.0013,0.0335,0.0121,0.0165,NA,18033,Phoenix,AZ,1,1
Pima Community College,www.pima.edu/,NA,NA,NA,7000,13869,0.3267,0.3288,0.0516,0.5198,0.0274,0.0164,0.003,0.0331,0.0069,0.0129,NA,8916,Tucson,AZ,1,1
Pima Medical Institute-Tucson,https://pmi.edu/,NA,NA,NA,9500,2619,0.4846,0.3276,0.1027,0.3765,0.0668,0.0221,0.0095,0.084,4e-4,0.0103,NA,NA,Tucson,AZ,0,1
Pima Medical Institute-Albuquerque,https://pmi.edu/,NA,NA,NA,5500,737,0.5995,0.1493,0.0204,0.5346,0.019,0.1737,0.0041,0.095,0,0.0041,NA,NA,Albuquerque,NM,0,1
Prescott College,https://prescott.edu/,NA,0.9857,NA,16300,253,0.4728,0.6759,0.0316,0.0632,0.0514,0.004,0.004,0.004,0,0.166,0.4,47228,Prescott,AZ,0,1
Refrigeration School Inc,https://www.rsi.edu/,NA,NA,NA,8233,1271,0.6661,0.2769,0.1448,0.3674,0.0126,0.1652,0.011,0.0016,0,0.0205,NA,NA,Phoenix,AZ,0,1
Rio Salado College,www.rio.maricopa.edu/,NA,NA,NA,9500,4879,0.073,0.3958,0.1373,0.337,0.0326,0.0176,0.0035,0.0465,0.0037,0.026,NA,13740,Tempe,AZ,1,1
Roberto-Venn School of Luthiery,www.roberto-venn.com/,NA,NA,NA,NA,15,0.1957,0.8667,0.0667,0,0.0667,0,0,0,0,0,NA,NA,Phoenix,AZ,0,1
Scottsdale Community College,www.scottsdalecc.edu/,NA,NA,NA,8000,4274,0.1358,0.4871,0.0442,0.2983,0.0325,0.0487,7e-4,0.0559,0.0112,0.0213,NA,19682,Scottsdale,AZ,1,0
South Mountain Community College,www.southmountaincc.edu/,NA,NA,NA,8000,2612,0.2736,0.1524,0.1436,0.5674,0.0214,0.0436,0.0015,0.041,0.005,0.0241,NA,17872,Phoenix,AZ,1,1
Arizona Christian University,arizonachristian.edu/,NA,0.7442,NA,23000,1127,0.3318,0.4845,0.1118,0.2671,0.0115,0.008,0.0115,0.0736,0.0275,0.0044,0.3583,50950,Glendale,AZ,0,1
Universal Technical Institute of Arizona Inc,www.uti.edu/,NA,NA,NA,13124,1791,0.4444,0.3674,0.0318,0.3685,0.0313,0.0419,0.0262,0.1106,0,0.0223,NA,NA,Avondale,AZ,0,1
Yavapai College,https://www.yc.edu/,NA,NA,NA,9000,3732,0.1949,0.6109,0.0158,0.2337,0.0134,0.0263,0.0048,0.0399,0.0048,0.0504,NA,12642,Prescott,AZ,1,1
University of Arkansas at Little Rock,ualr.edu/www/,1049,0.5774,NA,22000,4740,0.4105,0.5,0.2618,0.0304,0.0194,0.0089,2e-4,0.143,0.0287,0.0076,0.3952,21013,Little Rock,AR,1,1
University of Arkansas for Medical Sciences,https://www.uams.edu/,NA,NA,NA,14000,1361,0.2694,0.6032,0.1058,0.0992,0.0852,0.0044,0.0022,0.0397,0.0081,0.0522,NA,NA,Little Rock,AR,1,1
Arkansas Baptist College,https://www.arkansasbaptist.edu/,NA,NA,NA,25375,373,0.4597,0.0107,0.9115,0.0456,0,0.0027,0,0.0161,0.008,0.0054,0,22626,Little Rock,AR,0,1
Arkansas Beauty School-Little Rock,arbs.edu/,NA,NA,NA,6333,111,0.5714,0.045,0.8649,0.0901,0,0,0,0,0,0,NA,NA,Little Rock,AR,0,1
Arkansas Beauty College,https://www.arkansasbeautycollege.us/,NA,NA,NA,NA,56,0.6226,0.6607,0.1429,0.125,0.0357,0,0,0.0357,0,0,NA,NA,Russellville,AR,0,0
Lyon College,www.lyon.edu/,NA,0.6554,NA,21500,563,0.3596,0.4671,0.087,0.0799,0.0142,0.0036,0,0.0195,0.0515,0.2771,0.4554,44943,Batesville,AR,0,0
Arkansas Technical School,www.arktech.edu/,NA,NA,NA,16500,111,0.6286,0.1622,0.8108,0.018,0,0,0,0.009,0,0,NA,NA,North Little Rock,AR,0,1
University of Arkansas,https://www.uark.edu/,1174,0.7167,NA,21500,27312,0.173,0.7456,0.0395,0.1097,0.0286,0.0082,0.0016,0.0462,0.0122,0.0083,0.7136,26161,Fayetteville,AR,1,1
University of Arkansas at Pine Bluff,www.uapb.edu/,916,0.5754,NA,24202,1899,0.6687,0.0258,0.8994,0.0258,0.0026,0.0042,0.0032,0.0195,0.0195,0,0.4164,20907,Pine Bluff,AR,1,0
Arkansas State University-Beebe,www.asub.edu/,NA,NA,NA,8093,1902,0.3289,0.8207,0.0557,0.0678,0.0042,0.0068,0.0016,0.0384,5e-4,0.0042,NA,14799,Beebe,AR,1,0
Arkansas State University,www.astate.edu/,1119,0.6967,NA,20500,7994,0.3679,0.6709,0.1454,0.0494,0.0099,0.0029,6e-4,0.0345,0.0781,0.0084,0.541,22823,Jonesboro,AR,1,1
Arkansas Tech University,https://www.atu.edu/,1050,0.9629,NA,21000,5993,0.3375,0.7187,0.0641,0.1178,0.0185,0.008,5e-4,0.0499,0.0225,0,0.4366,21536,Russellville,AR,1,0
University of Arkansas at Monticello,www.uamont.edu/,NA,NA,NA,19971,1868,0.4938,0.5418,0.3003,0.0889,0.0016,0.0027,0.0016,0.0562,0.007,0,0.2608,20741,Monticello,AR,1,0
Arthur's Beauty College,arthursbeautycollege.com/,NA,NA,NA,9833,47,0.7885,0.7872,0.1915,0.0213,0,0,0,0,0,0,NA,NA,Jacksonville,AR,0,1
Baptist Health College Little Rock,https://www.bhclr.edu/,980,1,NA,10000,512,0.3898,0.6035,0.291,0.0527,0.0078,0.002,0.002,0.0371,0.002,0.002,NA,37054,Little Rock,AR,0,1
Black River Technical College,www.blackrivertech.edu/,NA,NA,NA,9500,938,0.4036,0.8902,0.0235,0.0373,0.0032,0.0011,0.0021,0.0288,0,0.0139,NA,14624,Pocahontas,AR,1,0
University of Central Arkansas,www.uca.edu/,1117,0.9047,NA,20346,7426,0.3734,0.6476,0.1673,0.0768,0.0221,0.0031,0.0012,0.0498,0.0306,0.0016,0.5025,24265,Conway,AR,1,1
Central Baptist College,www.cbc.edu/,1022,0.4636,NA,22250,477,0.422,0.5765,0.1698,0.0964,0.0042,0.0063,0.0021,0.0482,0.0755,0.021,0.4225,27468,Conway,AR,0,1
Cossatot Community College of the University of Arkansas,www.cccua.edu/,NA,NA,NA,NA,835,0.3529,0.4563,0.1485,0.309,0.0036,0.0132,0.0012,0.0683,0,0,NA,11738,De Queen,AR,1,0
Crowley's Ridge College,www.crc.edu/,NA,NA,NA,26228,162,0.48,0.7963,0.179,0.0185,0,0.0062,0,0,0,0,0.2857,25817,Paragould,AR,0,0
East Arkansas Community College,https://www.eacc.edu/,NA,NA,NA,6000,492,0.2689,0.4431,0.4553,0.0203,0.0041,0.0081,0.0081,0.0407,0.0122,0.0081,NA,13028,Forrest City,AR,1,0
Paul Mitchell the School-Little Rock,paulmitchell.edu/littlerock,NA,NA,NA,10725,411,0.5844,0.5012,0.2798,0.0438,0.0073,0.0438,0,0.0633,0,0.0608,NA,NA,North Little Rock,AR,0,1
National Park College,www.np.edu/,NA,NA,NA,10500,1706,0.4679,0.7978,0.1084,0.0651,0.0135,0.0094,0.0041,0,0,0.0018,NA,17994,Hot Springs,AR,1,1
University of Arkansas Community College-Batesville,www.uaccb.edu/,NA,NA,NA,10250,788,0.4494,0.7855,0.0266,0.0926,0.0051,0.0102,0.0013,0.0698,0.0089,0,NA,16591,Batesville,AR,1,0
Harding University,www.harding.edu/,1187,1,NA,26500,3323,0.1922,0.7969,0.0503,0.0445,0.0135,0.0048,9e-4,0.037,0.0518,3e-4,0.6808,36385,Searcy,AR,0,0
Henderson State University,https://www.hsu.edu/,NA,0.8192,NA,19500,1491,0.477,0.5889,0.2696,0.0698,0.0107,0.0087,0.002,0.0215,0.0268,0.002,0.3839,25946,Arkadelphia,AR,1,0
Hendrix College,https://www.hendrix.edu/,1336,0.5298,NA,26688,1094,0.2341,0.6956,0.0704,0.0905,0.0411,0.0082,0.0027,0.0475,0.0192,0.0247,0.734,52396,Conway,AR,0,1
Hot Springs Beauty College,hotspringsbeautycollege.com/,NA,NA,NA,9700,92,0.6462,0.663,0.1848,0.087,0,0,0,0.0652,0,0,NA,NA,Hot Springs,AR,0,1
Jefferson Regional School of Nursing,www.jrmc.org/,NA,NA,NA,12000,80,0.5826,0.6875,0.275,0.0375,0,0,0,0,0,0,NA,NA,Pine Bluff,AR,0,0
John Brown University,https://www.jbu.edu/,1222,0.6764,34,21250,1415,0.2138,0.6848,0.0113,0.1187,0.0177,0.012,0.0021,0.0608,0.0912,0.0014,0.7207,43260,Siloam Springs,AR,0,0
Career Academy of Hair Design,www.beautynwa.com/,NA,NA,NA,6365,244,0.6514,0.6107,0.0779,0.1926,0,0.0943,0.0041,0.0164,0,0.0041,NA,NA,Springdale,AR,0,1
Academy of Salon and Spa,www.academysalonspa.com/,NA,NA,NA,4833,81,0.6423,0.6667,0.0494,0.1605,0.0247,0.0617,0,0.0247,0,0.0123,NA,NA,Fort Smith,AR,0,1
Arkansas State University Mid-South,www.asumidsouth.edu/,NA,NA,NA,NA,435,0.3565,0.3264,0.5701,0.0414,0,0.0046,0,0.0391,0.0138,0.0046,NA,12556,West Memphis,AR,1,1
Arkansas Northeastern College,www.anc.edu/,NA,NA,NA,NA,787,0.2349,0.5654,0.3418,0.0648,0.0025,0.0025,0.0013,0.0038,0,0.0178,NA,12037,Blytheville,AR,1,0
New Tyler Barber College Inc,newtylerbarbercollege.edu/,NA,NA,NA,NA,58,0.7797,0.0345,0.9655,0,0,0,0,0,0,0,NA,NA,North Little Rock,AR,0,1
North Arkansas College,www.northark.edu/,NA,NA,NA,9000,1184,0.361,0.815,0.0169,0.0921,0.0051,0.0042,0.0017,0.0422,0.0068,0.016,NA,16367,Harrison,AR,1,0
Northwest Technical Institute,www.nwti.edu/,NA,NA,NA,NA,217,0.6219,0.5253,0.0092,0.3779,0.0138,0.023,0.0507,0,0,0,NA,16032,Springdale,AR,1,1
Ouachita Baptist University,obu.edu/,1212,0.6852,NA,21050,1612,0.226,0.8158,0.0577,0.0596,0.0081,0.0031,6e-4,0.0354,0.0199,0,0.6642,45132,Arkadelphia,AR,0,0
Arkansas State University Three Rivers,www.asutr.edu/,NA,NA,NA,10250,514,0.1392,0.6595,0.2451,0.0506,0.0039,0.0195,0.0039,0.0156,0.0019,0,NA,12748,Malvern,AR,1,0
Ozarka College,https://www.ozarka.edu/,NA,NA,NA,9818,564,0.469,0.9362,0.0142,0.0337,0.0018,0.0142,0,0,0,0,NA,11461,Melbourne,AR,1,0
University of the Ozarks,https://ozarks.edu/,1088,0.5814,NA,20875,753,0.3597,0.4329,0.0584,0.1514,0.0106,0.008,0.0066,0.0412,0.2749,0.0159,0.4928,35391,Clarksville,AR,0,0
University of Arkansas Community College-Morrilton,www.uaccm.edu/,1020,1,NA,10315,1538,0.4338,0.7139,0.0949,0.1242,0.0078,0.0013,0,0.0527,0.0013,0.0039,NA,17345,Morrilton,AR,1,0
Philander Smith University,https://www.philander.edu/,NA,NA,NA,24736,842,0.7139,0.0439,0.7922,0.0356,0.0012,0,0.0202,0.0119,0.0772,0.0178,0.3059,26729,Little Rock,AR,0,1
Phillips Community College of the University of Arkansas,www.pccua.edu/,NA,NA,NA,NA,595,0.359,0.4017,0.5496,0.0269,0.0017,0.0034,0,0.0151,0,0.0017,NA,11778,Helena,AR,1,0
Southeast Arkansas College,https://www.seark.edu/,NA,NA,NA,8600,748,0.6292,0.2393,0.5749,0.1537,0.0094,0.004,0.0013,0.0174,0,0,NA,15876,Pine Bluff,AR,1,0
University of Aesthetics & Cosmetology,https://www.pcec.edu/,NA,NA,NA,9833,34,0.7708,0.5882,0.2647,0.0588,0,0,0,0.0294,0,0.0588,NA,NA,El Dorado,AR,0,0
University of Arkansas-Pulaski Technical College,uaptc.edu/,NA,NA,NA,12080,3791,0.5312,0.3574,0.4136,0.1298,0.0153,0.0047,0.0011,0.0393,0.0145,0.0243,NA,21096,North Little Rock,AR,1,1
University of Arkansas Hope-Texarkana,www.uaht.edu/,NA,NA,NA,NA,697,0.3754,0.4821,0.3329,0.1205,0.0029,0.0072,0.0072,0.0359,0.0086,0.0029,NA,13787,Hope,AR,1,0
University of Arkansas Community College Rich Mountain,https://www.uarichmountain.edu/,NA,NA,NA,6500,475,0.38,0.7411,0.0147,0.1347,0.0126,0.0316,0.0042,0.0189,0.0421,0,NA,12933,Mena,AR,1,0
Paul Mitchell the School-Arkansas,https://paulmitchell.edu/arkansas/,NA,NA,NA,9833,107,0.3082,0.7196,0.0654,0.1495,0.0093,0.0467,0,0,0,0.0093,NA,NA,Fayetteville,AR,0,1
Searcy Beauty College,searcybeautycollege.com/,NA,NA,NA,12429,87,0.5096,0.8621,0.0805,0.0345,0,0.0115,0,0.0115,0,0,NA,NA,Searcy,AR,0,0
Shorter College,www.shortercollege.edu/,NA,NA,NA,29500,290,0.8255,0.1931,0.7552,0.0276,0.0034,0.0172,0,0,0,0.0034,NA,18713,N Little Rock,AR,0,1
Williams Baptist University,https://williamsbaptistuniversity.com/,1018,0.5888,NA,21820,490,0.4715,0.7469,0.1245,0.0327,0.0061,0.002,0.002,0.0224,0.0633,0,0.3254,32222,Walnut Ridge,AR,0,0
South Arkansas College,www.southark.edu/,NA,NA,NA,11153,879,0.4208,0.4869,0.3902,0.0717,0.0023,0.0023,0,0.0364,0.0068,0.0034,NA,12138,El Dorado,AR,1,0
Southern Arkansas University Main Campus,https://www.saumag.edu/,1050,0.6659,NA,18750,2865,0.446,0.623,0.2314,0.0565,0.0063,0.0073,0,0.0576,0.0147,0.0031,0.3864,24721,Magnolia,AR,1,0
Southern Arkansas University Tech,www.sautech.edu/,NA,NA,NA,6000,663,0.4051,0.5143,0.3861,0.0362,0.0015,0,0,0.0618,0,0,NA,16488,Camden,AR,1,0
Velvatex College of Beauty Culture,www.velvatexcollege.com/,NA,NA,NA,NA,12,0.5714,0,1,0,0,0,0,0,0,0,NA,NA,Little Rock,AR,0,1
University of Arkansas-Fort Smith,https://uafs.edu/,1050,0.8147,NA,18250,4133,0.3914,0.578,0.0387,0.1914,0.0486,0.0223,5e-4,0.1074,0.0131,0,0.2444,18052,Fort Smith,AR,1,1
Academy of Art University,www.academyart.edu/,NA,NA,NA,31000,4131,0.4176,0.2583,0.1169,0.1997,0.0649,0.0044,0.0053,0.0605,0.1467,0.1433,0.4052,47195,San Francisco,CA,0,1
College of Alameda,https://alameda.edu/,NA,NA,NA,NA,4274,0.0993,0.1685,0.1975,0.2782,0.2267,0.0028,0.0047,0.0739,0.0136,0.0342,NA,17578,Alameda,CA,1,1
Allan Hancock College,www.hancockcollege.edu/,NA,NA,NA,NA,7812,0.2327,0.1918,0.0188,0.7021,0.0301,0.0032,0.0055,0.0301,0.002,0.0164,NA,11544,Santa Maria,CA,1,1
American Academy of Dramatic Arts-Los Angeles,www.aada.edu/,NA,0.8968,NA,12000,169,0.2785,0.3491,0.1065,0.1243,0.0296,0,0,0.0828,0.3077,0,NA,55265,Los Angeles,CA,0,1
Berkeley School of Theology,www.bst.edu/,NA,0.6296,NA,NA,28,0,0.0357,0.25,0.4286,0.0357,0,0.0714,0,0.1786,0,NA,NA,Berkeley,CA,0,1
American Beauty College,https://www.americanbeautycollege.edu/,NA,NA,NA,5430,250,0.5763,0.112,0.08,0.744,0.04,0.008,0,0,0,0.016,NA,NA,West Covina,CA,0,1
American Career College-Los Angeles,https://americancareercollege.edu/,NA,NA,NA,9500,2066,0.5888,0.0639,0.1254,0.6326,0.121,0.0039,0.0097,0.0402,0,0.0034,NA,NA,Los Angeles,CA,0,1
American River College,https://www.arc.losrios.edu/,NA,NA,NA,9625,25758,0.1989,0.3615,0.0696,0.329,0.1117,0.0056,0.0086,0.0521,0.0017,0.0602,NA,12986,Sacramento,CA,1,1
Antelope Valley Community College District,www.avc.edu/,NA,NA,NA,12500,10905,0.4203,0.1295,0.1346,0.6481,0.0343,0.0022,0.0014,0.0375,0.0019,0.0105,NA,15158,Lancaster,CA,1,1
Art Center College of Design,www.artcenter.edu/,NA,0.7498,NA,31000,2054,0.245,0.0944,0.0151,0.1013,0.3043,0,0.0024,0.0394,0.443,0,0.8276,71652,Pasadena,CA,0,1
Associated Technical College-Los Angeles,www.atcla.edu/,NA,NA,NA,9500,159,0.6218,0.3019,0.3774,0.2201,0.0063,0,0,0.0566,0,0.0377,NA,NA,Los Angeles,CA,0,1
Associated Technical College-San Diego,www.atcsd.edu/,NA,NA,NA,9500,77,0.8939,0.1169,0.039,0.7532,0.013,0.013,0.0519,0.013,0,0,NA,NA,San Diego,CA,0,1
Azusa Pacific University,www.apu.edu/,1155,0.7948,NA,23219,2977,0.3465,0.2623,0.0665,0.3839,0.1407,0.004,0.0094,0.0527,0.0417,0.0386,0.7244,54735,Azusa,CA,0,1
Bakersfield College,https://www.bakersfieldcollege.edu/,NA,NA,NA,8312,16451,0.2876,0.2095,0.0551,0.6509,0.0381,0.0031,0.0011,0.034,0.0031,0.005,NA,13726,Bakersfield,CA,1,1
Barstow Community College,www.barstow.edu/,NA,NA,NA,3500,2585,0.4745,0.2139,0.1981,0.4476,0.0375,0.0062,0.0081,0.075,0.0015,0.012,NA,20871,Barstow,CA,1,0
Bellus Academy-Chula Vista,www.bellusacademy.edu/,NA,NA,NA,7917,379,0.6065,0.1029,0.0871,0.6438,0.0712,0.0026,0.0158,0.066,0.0053,0.0053,NA,NA,Chula Vista,CA,0,1
Bethesda University,www.buc.edu/,NA,NA,NA,9000,212,0.25,0.0849,0.184,0.1887,0.0283,0.0094,0.0094,0.0566,0.4292,0.0094,0.1525,11766,Anaheim,CA,0,1
Biola University,https://www.biola.edu/,1258,0.6008,NA,23875,3390,0.2601,0.4032,0.031,0.2363,0.1286,0.0012,0.0018,0.0858,0.0678,0.0442,0.7115,58430,La Mirada,CA,0,1
Brownson Technical School,https://brownson.edu/,NA,NA,NA,9500,284,0.7064,0.1549,0.0493,0.6972,0.0986,0,0,0,0,0,NA,NA,Anaheim,CA,0,1
Bryan University,bryanuniversity.edu/,NA,NA,NA,20000,2083,0.747,0.4258,0.2516,0.1119,0.0086,0.0115,0.0038,0.0855,0,0.1013,0.274,26688,Tempe,AZ,0,1
Butte College,www.butte.edu/,NA,NA,NA,10500,8384,0.3359,0.482,0.0225,0.3373,0.0553,0.016,0.0019,0.063,0.0107,0.0112,NA,13636,Oroville,CA,1,0
California Institute of Integral Studies,https://www.ciis.edu/,NA,NA,NA,18750,57,0.5402,0.4912,0.1579,0.1228,0.0351,0,0,0.1579,0,0.0351,NA,NA,San Francisco,CA,0,1
Cabrillo College,https://www.cabrillo.edu/,NA,NA,NA,14380,7404,0.224,0.3779,0.0089,0.5103,0.0266,0.0027,0.002,0.0552,0.0063,0.01,NA,23625,Aptos,CA,1,1
California Baptist University,www.calbaptist.edu/,NA,0.7357,NA,26063,7914,0.4096,0.3201,0.0625,0.423,0.0615,0.0048,0.0068,0.0576,0.0195,0.0441,0.5981,52408,Riverside,CA,0,1
California College of the Arts,www.cca.edu/,NA,0.734,NA,27000,1004,0.2474,0.2012,0.0349,0.1643,0.1584,0.003,0,0.0618,0.3406,0.0359,0.6833,78664,San Francisco,CA,0,1
California Institute of Technology,www.caltech.edu/,NA,0.0314,NA,NA,1023,0.1487,0.1994,0.0371,0.1896,0.3539,0.002,0,0.0899,0.1232,0.0049,0.9542,83598,Pasadena,CA,0,1
California Lutheran University,www.callutheran.edu/,1224,0.8888,NA,21669,2374,0.3016,0.3648,0.04,0.4132,0.0543,0.0013,0.0051,0.0653,0.0358,0.0202,0.7445,63768,Thousand Oaks,CA,0,1
California Polytechnic State University-San Luis Obispo,calpoly.edu/,NA,0.2975,NA,18500,21521,0.1832,0.4972,0.0069,0.2311,0.144,0.0011,0.0026,0.079,0.0086,0.0296,0.8661,29918,San Luis Obispo,CA,1,1
Alliant International University-San Diego,https://www.alliant.edu/,NA,0,NA,12878,355,0.0219,0.4169,0.062,0.369,0.0479,0.0085,0.0028,0.0085,0.031,0.0535,0.0909,NA,San Diego,CA,0,1
California State University-Bakersfield,www.csub.edu/,NA,0.8819,NA,16600,8183,0.612,0.1235,0.0422,0.6883,0.0692,0.0031,9e-4,0.0213,0.0145,0.0372,0.521,18815,Bakersfield,CA,1,1
California State University-Stanislaus,https://www.csustan.edu/,NA,0.9747,NA,13540,8564,0.5531,0.1732,0.0285,0.6297,0.0893,0.0021,0.0062,0.0253,0.0041,0.0416,0.627,18542,Turlock,CA,1,1
California State University-San Bernardino,www.csusb.edu/,NA,0.9825,NA,14715,15771,0.5713,0.0997,0.0524,0.7228,0.0607,0.0015,0.001,0.0252,0.0116,0.0249,0.6168,16910,San Bernardino,CA,1,1
California State Polytechnic University-Pomona,www.cpp.edu/,NA,0.737,NA,16000,24271,0.4603,0.1322,0.0245,0.5426,0.2224,0.001,0.0017,0.0385,0.0124,0.0246,0.7398,22672,Pomona,CA,1,1
California State University-Chico,www.csuchico.edu/,NA,0.9372,NA,16552,13057,0.4008,0.4205,0.0281,0.3842,0.0574,0.0044,0.0023,0.0575,0.0103,0.0352,0.6799,25590,Chico,CA,1,1
California State University-Dominguez Hills,https://www.csudh.edu/,NA,0.9132,NA,13807,12642,0.6104,0.0424,0.1199,0.7165,0.0672,6e-4,0.0021,0.0212,0.0079,0.0221,0.5695,15449,Carson,CA,1,1
California State University-Fresno,www.fresnostate.edu/,NA,0.9638,NA,14505,21070,0.5573,0.1503,0.0301,0.6228,0.118,0.0028,0.0012,0.0239,0.0243,0.0265,0.6141,18650,Fresno,CA,1,1
California State University-Fullerton,www.fullerton.edu/,NA,0.8674,NA,13750,36956,0.4714,0.144,0.0236,0.5432,0.2151,0.0011,0.0015,0.0364,0.0122,0.0229,0.7574,16767,Fullerton,CA,1,1
California State University-East Bay,https://www.csueastbay.edu/,NA,0.9681,NA,16544,10422,0.4357,0.1524,0.0923,0.4088,0.2206,0.0012,0.0101,0.0517,0.0232,0.0398,0.5306,22803,Hayward,CA,1,1
California State University-Long Beach,www.csulb.edu/,NA,0.4712,NA,14289,34131,0.4932,0.1485,0.0359,0.5127,0.2124,0.001,0.0023,0.0469,0.0214,0.019,0.7825,20310,Long Beach,CA,1,1
California State University-Los Angeles,https://www.calstatela.edu/,NA,0.9193,NA,13000,21478,0.6605,0.0406,0.0397,0.7716,0.1014,8e-4,6e-4,0.0146,0.0106,0.0203,0.5632,17153,Los Angeles,CA,1,1
California State University-Northridge,https://www.csun.edu/,NA,0.9315,NA,13872,32357,0.5599,0.1874,0.0526,0.572,0.089,8e-4,0.0015,0.0311,0.0313,0.0343,0.5951,20317,Northridge,CA,1,1
California State University-Sacramento,https://www.csus.edu/,NA,0.9362,NA,15000,27867,0.4863,0.2176,0.0664,0.3862,0.2087,0.0026,0.0099,0.0585,0.0153,0.0349,0.6258,22714,Sacramento,CA,1,1
University of California-Berkeley,www.berkeley.edu/,NA,0.1166,NA,13000,33073,0.2733,0.1952,0.0213,0.218,0.3524,0.0011,0.001,0.0622,0.1149,0.0339,0.9407,42708,Berkeley,CA,1,1
University of California-Davis,ucdavis.edu/,NA,0.4163,NA,13000,31777,0.3078,0.2054,0.0174,0.2457,0.3134,0.0011,0.0022,0.063,0.1308,0.0211,0.8824,38067,Davis,CA,1,1
University of California-Irvine,www.uci.edu/,NA,0.2557,NA,15000,29494,0.3729,0.1289,0.0191,0.2624,0.3863,0.0015,0.0011,0.0641,0.1189,0.0178,0.8477,36121,Irvine,CA,1,1
University of California-Los Angeles,www.ucla.edu/,NA,0.0873,NA,14000,33040,0.271,0.2511,0.033,0.2321,0.2989,0.0015,0.0016,0.0752,0.0769,0.0298,0.9285,36643,Los Angeles,CA,1,1
University of California-Riverside,www.ucr.edu/,NA,0.633,NA,17500,22644,0.4669,0.105,0.0341,0.4008,0.358,5e-4,0.0016,0.0474,0.0399,0.0127,0.7774,34975,Riverside,CA,1,1
University of California-San Diego,www.ucsd.edu/,NA,0.2452,NA,15500,33787,0.3289,0.1818,0.0179,0.2526,0.3432,8e-4,7e-4,0.0634,0.118,0.0216,0.9062,36325,La Jolla,CA,1,1
University of California-Santa Barbara,www.ucsb.edu/,NA,0.2778,NA,13993,23205,0.2799,0.3173,0.0203,0.2604,0.1867,0.0015,6e-4,0.0885,0.0977,0.027,0.8627,36776,Santa Barbara,CA,1,1
University of California-Santa Cruz,www.ucsc.edu/,NA,0.6254,NA,16666,17812,0.3175,0.3078,0.0195,0.285,0.2465,8e-4,0.0013,0.0851,0.031,0.023,0.7922,38649,Santa Cruz,CA,1,1
Sofia University,www.sofia.edu/,NA,NA,NA,NA,7,0.5,0.4286,0,0,0.2857,0.1429,0,0.1429,0,0,NA,NA,Palo Alto,CA,0,1
California Beauty School,www.calbeautycollege.edu/,NA,NA,NA,NA,73,0.3636,0.274,0,0.6575,0.0137,0.0137,0,0.0274,0,0.0137,NA,NA,Modesto,CA,0,1
Haven University,www.haven.edu/,NA,NA,NA,NA,22,NA,0,0.1364,0.0455,0.1364,0,0,0,0.6818,0,1,NA,Garden Grove,CA,0,1
California Hair Design Academy,https://chdaschools.com/,NA,NA,NA,6333,125,0.5068,0.344,0.08,0.376,0.056,0,0,0.144,0,0,NA,NA,La Mesa,CA,0,1
California Institute of the Arts,https://www.calarts.edu/,NA,0.2595,NA,25000,881,0.2213,0.3303,0.0465,0.151,0.0885,0.0023,0.0011,0.0749,0.2736,0.0318,0.7193,78425,Valencia,CA,0,1
California State University Maritime Academy,https://www.csum.edu/,NA,0.9873,NA,24965,761,0.2871,0.477,0.0315,0.2221,0.1025,0.0053,0.0092,0.0946,0.0039,0.053900000000000003,0.7045,27138,Vallejo,CA,1,1
Canada College,canadacollege.edu/,NA,NA,NA,NA,4878,0.1001,0.2474,0.0295,0.4301,0.1671,0.001,0.0139,0.0472,0.0314,0.0324,NA,9514,Redwood City,CA,1,1
College of the Canyons,www.canyons.edu/,NA,NA,NA,9612,15365,0.1663,0.2527,0.0527,0.5277,0.0903,0.0012,0.0033,0.0373,0.0075,0.0273,NA,10243,Santa Clarita,CA,1,1
Career Academy of Beauty,caofb.com/,NA,NA,NA,6333,207,0.5245,0.1836,0.0242,0.6425,0.1063,0.0145,0.0048,0.0145,0.0048,0.0048,NA,NA,Garden Grove,CA,0,1
Casa Loma College-Los Angeles,https://www.casalomacollege.edu/,NA,0.3641,NA,26791,581,0.5511,0.2306,0.0275,0.4785,0.0568,0,0.0034,0.0207,0,0.1824,NA,NA,Sherman Oaks,CA,0,1
CET-San Diego,https://www.cetweb.edu/,NA,NA,NA,7041,225,0.2914,0.1289,0.12,0.4089,0.3111,0.0044,0.0089,0.0133,0,0.0044,NA,NA,San Diego,CA,0,1
CET-San Jose,https://cetweb.edu/,NA,NA,NA,7041,175,0.3721,0.08,0.0114,0.8457,0.0343,0,0.0114,0.0171,0,0,NA,NA,San Jose,CA,0,1
CET-El Centro,https://cetweb.edu/,NA,NA,NA,7041,167,0.2776,0.006,0,0.988,0,0,0,0.006,0,0,NA,NA,El Centro,CA,0,1
CET-Colton,https://cetweb.edu/,NA,NA,NA,7041,191,0.527,0.089,0.0838,0.7749,0.0052,0,0.0105,0.0366,0,0,NA,NA,Colton,CA,0,1
CET-Watsonville,https://www.cetweb.edu/,NA,NA,NA,7041,149,0.23,0.0134,0.0067,0.9732,0,0,0.0067,0,0,0,NA,NA,Watsonville,CA,0,1
CET-Salinas,https://cetweb.edu/,NA,NA,NA,7041,187,0.3047,0.0053,0,0.9947,0,0,0,0,0,0,NA,NA,Salinas,CA,0,1
Cerritos College,www.cerritos.edu/,NA,NA,NA,8447,18710,0.35,0.0976,0.068,0.7027,0.0709,0.0021,0.0036,0.0239,0.002,0.0291,NA,8409,Norwalk,CA,1,1
Cerro Coso Community College,https://cerrocoso.edu/,NA,NA,NA,NA,3496,0.1409,0.3816,0.0675,0.4422,0.0412,0.0163,0.0034,0.042,3e-4,0.0054,NA,15161,Ridgecrest,CA,1,0
Chabot College,www.chabotcollege.edu/,NA,NA,NA,9500,10861,0.1782,0.1609,0.0863,0.4233,0.2199,0.0017,0.0144,0.0617,0.0063,0.0258,NA,12953,Hayward,CA,1,1
Chaffey College,https://www.chaffey.edu/,NA,NA,NA,NA,13568,0.2834,0.1408,0.0682,0.6267,0.0705,0.0022,0.0019,0.0337,0.0309,0.0251,NA,13553,Rancho Cucamonga,CA,1,1
Chapman University,https://www.chapman.edu/,1353,0.5561,36,20500,7629,0.1974,0.4822,0.0225,0.1861,0.1646,0.0013,0.0025,0.0886,0.0286,0.0235,0.8014,81327,Orange,CA,0,1
Charles R Drew University of Medicine and Science,www.cdrewu.edu/,NA,0.3878,NA,18750,233,0.313,0.0343,0.3433,0.206,0.0987,0,0,0.2833,0,0.0343,NA,33973,Los Angeles,CA,0,1
Concordia University-Irvine,www.cui.edu/,NA,0.5986,NA,24247,1456,0.2295,0.4519,0.0302,0.2878,0.103,0.0027,0.0041,0.0755,0.0391,0.0055,0.6856,56500,Irvine,CA,0,1
San Diego Christian College,sdcc.edu/,NA,0.6281,NA,24941,91,0.1605,0.3077,0.1099,0.3407,0.022,0.011,0.033,0.0549,0.022,0.0989,0.2794,40057,Santee,CA,0,1
Citrus College,https://www.citruscollege.edu/,NA,NA,NA,7851,8126,0.2898,0.1512,0.0352,0.6607,0.082,0.0021,0.0022,0.0338,0.0222,0.0106,NA,12412,Glendora,CA,1,1
Citrus Heights Beauty College,chbeautycollege.com/,NA,NA,NA,6333,110,0.3361,0.6818,0.0273,0.1636,0.0182,0,0.0182,0.0364,0.0273,0.0273,NA,NA,Citrus Heights,CA,0,1
City College of San Francisco,www.ccsf.edu/,NA,NA,NA,8218,16060,0.171,0.2089,0.0699,0.2767,0.3204,0.0029,0.0074,0.054,0.0182,0.0417,NA,17007,San Francisco,CA,1,1
Claremont McKenna College,www.cmc.edu/,1514,0.1112,NA,13500,1379,0.1948,0.3662,0.0508,0.1537,0.1566,0,0.0015,0.0819,0.1443,0.045,0.93,82127,Claremont,CA,0,1
Milan Institute-Visalia,www.milaninstitute.edu/,NA,NA,NA,8124,632,0.7356,0.144,0.0285,0.7484,0.0206,0.019,0.0016,0.0316,0,0.0063,NA,NA,Visalia,CA,0,1
Clovis Adult Education,clovisadult.cusd.com/,NA,NA,NA,NA,268,0.1134,0.0746,0.0709,0.6231,0.1978,0,0.0037,0.0149,0,0.0149,NA,NA,Clovis,CA,1,1
Coastline Community College,www.coastline.edu/,NA,NA,NA,8250,7007,0.1018,0.2722,0.1,0.3241,0.1985,0.0053,0.004,0.0392,0.0231,0.0335,NA,17984,Fountain Valley,CA,1,1
University of Silicon Valley,https://usv.edu/,NA,0.5131,NA,31000,377,0.4749,0.2679,0.0902,0.2626,0.1804,0.0106,0.0027,0.1114,0.0106,0.0637,0.4486,36361,San Jose,CA,0,1
Coba Academy,www.coba.edu/,NA,NA,NA,6333,100,0.4604,0.09,0.03,0.76,0.03,0.04,0.01,0.01,0,0.03,NA,NA,Anaheim,CA,0,1
Columbia College,https://www.gocolumbia.edu/,NA,NA,NA,NA,1917,0.22,0.6641,0.035,0.2457,0.0203,0.0162,0.0026,0.0047,5e-4,0.011,NA,19688,Sonora,CA,1,0
California College of ASU,https://www.columbiacollege.edu/,NA,NA,NA,25000,149,0.474,0.4094,0.1879,0.094,0.0872,0.0268,0.0067,0.047,0.0067,0.1342,0.5325,33732,Los Angeles,CA,0,1
Compton College,www.compton.edu/,NA,NA,NA,NA,2881,0.2712,0.0285,0.3457,0.5356,0.0219,0.0014,0.0042,0.033,0,0.0299,NA,17782,Compton,CA,1,1
Contra Costa College,https://www.contracosta.edu/,NA,NA,NA,NA,4805,0.2321,0.117,0.1496,0.4549,0.1704,0.0017,0.0056,0.0656,0.0181,0.0171,NA,14511,San Pablo,CA,1,1
Cosumnes River College,https://www.crc.losrios.edu/,NA,NA,NA,10722,13527,0.2521,0.2205,0.091,0.2935,0.2435,0.0035,0.0132,0.0601,0.0032,0.0715,NA,12005,Sacramento,CA,1,1
Crafton Hills College,www.craftonhills.edu/,NA,NA,NA,NA,5074,0.1461,0.2913,0.0404,0.5402,0.0642,0.0022,0.0014,0.0526,6e-4,0.0071,NA,18384,Yucaipa,CA,1,1
Cuesta College,https://www.cuesta.edu/,NA,NA,NA,13750,6879,0.1809,0.4961,0.0237,0.3535,0.0313,0.0047,0.0025,0.0669,0.0026,0.0188,NA,20561,San Luis Obispo,CA,1,0
Cuyamaca College,https://www.cuyamaca.edu/,NA,NA,NA,NA,6788,0.2378,0.5116,0.0365,0.3198,0.0446,0.005,0.0021,0.0423,0.0019,0.0361,NA,15940,El Cajon,CA,1,1
Cypress College,www.cypresscollege.edu/,NA,NA,NA,10000,12309,0.3215,0.1162,0.0375,0.548,0.212,0.0016,0.0036,0.0626,0.0076,0.011,NA,15752,Cypress,CA,1,1
De Anza College,https://www.deanza.edu/,NA,NA,NA,5625,14953,0.1799,0.1656,0.0273,0.2854,0.3809,0.0011,0.005,0.0526,0.0745,0.0077,NA,13167,Cupertino,CA,1,1
International School of Beauty Inc,https://btyschool.com/,NA,NA,NA,7083,173,0.518,0.3064,0.0347,0.6127,0.0231,0.0058,0,0.0116,0,0.0058,NA,NA,Palm Desert,CA,0,1
College of the Desert,www.collegeofthedesert.edu/,NA,NA,NA,NA,8900,0.3244,0.1394,0.0245,0.761,0.0285,0.0027,0.0012,0.0278,0.009,0.0058,NA,20053,Palm Desert,CA,1,1
Design Institute of San Diego,www.disd.edu/,NA,0.875,NA,36844,92,0.5484,0.5,0.1087,0.163,0.087,0,0.0217,0,0.0217,0.0978,0.5,42093,San Diego,CA,0,1
Diablo Valley College,https://www.dvc.edu/,NA,NA,NA,10021,14734,0.1673,0.2953,0.0582,0.3073,0.1822,0.0017,0.0052,0.0882,0.0431,0.0189,NA,14804,Pleasant Hill,CA,1,1
Dominican University of California,https://www.dominican.edu/,1194,0.9562,31,27000,1178,0.2958,0.2165,0.0628,0.3098,0.3022,0.0034,0.0076,0.0662,0.0255,0.0059,0.7738,68620,San Rafael,CA,0,1
East Los Angeles College,www.elac.edu/,NA,NA,NA,10500,24401,0.2227,0.1166,0.0636,0.6488,0.0616,0.002,0.0016,0.0098,0.0066,0.0895,NA,18645,Monterey Park,CA,1,1
El Camino Community College District,www.elcamino.edu/,NA,NA,NA,NA,18994,0.2937,0.1517,0.1277,0.4925,0.0931,0.0028,0.0045,0.0208,0.0155,0.0913,NA,13376,Torrance,CA,1,1
Evergreen Valley College,https://www.evc.edu/,NA,NA,NA,13219,7670,0.2405,0.0943,0.0339,0.4511,0.3446,0.0047,0.0029,0.0316,0.0094,0.0276,NA,22557,San Jose,CA,1,1
FIDM-Fashion Institute of Design & Merchandising,www.fidm.edu/,NA,0.415,NA,13734,1319,0.262,0.2904,0.0743,0.2509,0.1168,0.0106,0.0099,0.0045,0.2039,0.0387,NA,53393,Los Angeles,CA,0,1
Feather River Community College District,www.frc.edu/,NA,NA,NA,10750,1574,0.2031,0.3272,0.0978,0.3806,0.033,0.0216,0.0095,0.0267,0.0172,0.0864,NA,16502,Quincy,CA,1,0
Federico Beauty Institute,federico.edu/,NA,NA,NA,6333,245,0.4807,0.2612,0.102,0.4571,0.1143,0.0041,0.0041,0.049,0.0041,0.0041,NA,NA,Sacramento,CA,0,1
Redondo Beach Beauty College,rbbeautycollege.com/,NA,NA,NA,NA,52,0.2913,0.1538,0.0769,0.2885,0.4808,0,0,0,0,0,NA,NA,Torrance,CA,0,1
Foothill College,https://foothill.edu/,NA,NA,NA,10500,10922,0.0843,0.2796,0.0331,0.3231,0.237,0.0024,0.007,0.0614,0.0371,0.0192,NA,15772,Los Altos Hills,CA,1,1
Fredrick and Charles Beauty College,www.fandcbeauty.com/,NA,NA,NA,NA,67,0.5407,0.5672,0.0299,0.194,0.0149,0.0896,0,0.1045,0,0,NA,NA,Eureka,CA,0,0
Fresno City College,www.fresnocitycollege.edu/,NA,NA,NA,4058,18774,0.2827,0.1507,0.0475,0.6541,0.1058,0.0043,0.0015,0.0298,0.001,0.0053,NA,12063,Fresno,CA,1,1
Fresno Pacific University,www.fresno.edu/,NA,0.5752,NA,23146,1614,0.5872,0.2032,0.053900000000000003,0.6152,0.0496,0.0087,0.0056,0.0087,0.0341,0.0211,0.7073,42673,Fresno,CA,0,1
Fullerton College,www.fullcoll.edu/,NA,NA,NA,4500,16637,0.259,0.151,0.0301,0.6017,0.1335,0.0014,0.0023,0.0528,0.0103,0.0166,NA,16206,Fullerton,CA,1,1
Gavilan College,https://www.gavilan.edu/,NA,NA,NA,NA,4410,0.2412,0.2098,0.0195,0.6544,0.046,0.0025,0.0039,0.0356,7e-4,0.0277,NA,10484,Gilroy,CA,1,0
Gemological Institute of America-Carlsbad,www.gia.edu/gem-education,NA,NA,NA,NA,308,0.129,0.2597,0.0292,0.1136,0.1104,0,0,0.0032,0.3506,0.1331,NA,NA,Carlsbad,CA,0,1
Glendale Community College,https://www.glendale.edu/,NA,NA,NA,8972,9807,0.353,0.5452,0.0254,0.2895,0.0754,0.0019,0.0015,0.0187,0.0209,0.0215,NA,15802,Glendale,CA,1,1
Glendale Career College,www.success.edu/,NA,NA,NA,9500,854,0.5503,0.2002,0.0609,0.2248,0.1838,0.0105,0.0199,0.281,0,0.0187,NA,NA,Glendale,CA,0,1
Golden Gate University,www.ggu.edu/,NA,NA,NA,29875,550,0.2196,0.2873,0.1691,0.1691,0.0855,0.0182,0.0273,0,0.0182,0.2255,NA,NA,San Francisco,CA,0,1
Golden West College,www.goldenwestcollege.edu/,NA,NA,NA,7179,8919,0.2274,0.2352,0.0196,0.3341,0.2988,0.0019,0.0053,0.052,0.0265,0.0266,NA,12206,Huntington Beach,CA,1,1
Grossmont College,https://www.grossmont.edu/,NA,NA,NA,8625,11467,0.2367,0.3973,0.0461,0.3815,0.0665,0.0028,0.0037,0.0498,0.0157,0.0365,NA,11543,El Cajon,CA,1,1
Salon Success Academy-Riverside,www.salonsuccessacademy.com/,NA,NA,NA,11884,173,0.6092,0.1387,0.1214,0.7052,0.0116,0,0.0116,0,0,0.0116,NA,NA,Riverside,CA,0,1
Hartnell College,www.hartnell.edu/,NA,NA,NA,NA,7153,0.2747,0.0617,0.0176,0.8285,0.0337,0.0021,0.0022,0.021,3e-4,0.033,NA,12050,Salinas,CA,1,1
Harvey Mudd College,https://www.hmc.edu/,1537,0.1306,NA,25000,915,0.141,0.2306,0.0525,0.2317,0.223,0.0022,0.0011,0.1082,0.1038,0.047,0.9439,84896,Claremont,CA,0,1
Hilltop Beauty School,www.hilltopbeautyschool.com/,NA,NA,NA,NA,79,0.5778,0.0127,0.0506,0.6709,0.1646,0.0759,0,0,0,0.0253,NA,NA,Daly City,CA,0,1
California State Polytechnic University-Humboldt,www.humboldt.edu/,NA,0.9883,NA,18000,5491,0.4571,0.5096,0.0262,0.2972,0.0306,0.0118,0.0031,0.0727,0.0027,0.0461,0.5029,24412,Arcata,CA,1,0
Humphreys University-Stockton and Modesto Campuses,www.humphreys.edu/,NA,NA,NA,35500,178,0.5535,0.264,0.0787,0.4326,0.0843,0.0056,0.0225,0.0337,0.073,0.0056,1,20286,Stockton,CA,0,1
Imperial Valley College,www.imperial.edu/,NA,NA,NA,NA,6881,0.5042,0.0373,0.0096,0.9082,0.0048,0.0015,4e-4,0.0067,0,0.0315,NA,12466,Imperial,CA,1,0
Institute for Business and Technology,https://ibt.edu/,NA,NA,NA,7853,609,0.3239,0.11,0.046,0.67490000000000006,0.0772,0,0.0082,0.0066,0,0.0772,NA,NA,Santa Clara,CA,0,1
Interior Designers Institute,https://www.idi.edu/,NA,NA,NA,22082,107,0.3438,0.5701,0.0467,0.1869,0.1028,0.0093,0,0.0561,0.028,0,0.6,NA,Newport Beach,CA,0,1
Irvine Valley College,https://www.ivc.edu/,NA,NA,NA,6500,9577,0.2061,0.2867,0.0218,0.2495,0.2995,0.0014,0.0019,0.06,0.0553,0.0239,NA,11750,Irvine,CA,1,1
Bellus Academy-El Cajon,www.bellusacademy.edu/,NA,NA,NA,6333,205,0.5587,0.3707,0.122,0.3463,0.0244,0.0049,0.0098,0.1073,0,0.0146,NA,NA,El Cajon,CA,0,1
American Jewish University,www.aju.edu/,NA,NA,NA,NA,69,0.119,0.5652,0.1014,0.1739,0.029,0,0,0.0725,0.029,0.029,0.5,NA,Los Angeles,CA,0,1
Reedley College,www.reedleycollege.edu/,NA,NA,NA,2819,4853,0.2821,0.1696,0.0274,0.7231,0.0449,0.0029,0.0014,0.0229,0,0.0078,NA,11413,Reedley,CA,1,0
Life Pacific University,https://lifepacific.edu/,NA,0.9395,NA,22395,393,0.4861,0.3588,0.0712,0.4249,0.0433,0.0102,0.0025,0.0509,0.0051,0.0331,0.5,33193,San Dimas,CA,0,1
University of La Verne,https://www.laverne.edu/,1116,0.4848,NA,23500,3341,0.4754,0.1565,0.079,0.6324,0.0527,0.0021,0.0036,0.0371,0.0207,0.0159,0.7103,61564,La Verne,CA,0,1
Laguna College of Art and Design,www.lcad.edu/,NA,0.7761,NA,27000,776,0.3141,0.4394,0.0206,0.2255,0.1778,0.0052,0.0039,0.0786,0.0425,0.0064,0.7037,56183,Laguna Beach,CA,0,0
Lake Tahoe Community College,www.ltcc.edu/,NA,NA,NA,NA,2909,0.1476,0.4283,0.0468,0.2901,0.0681,0.012,0.0086,0.0265,0.0038,0.1158,NA,17731,South Lake Tahoe,CA,1,0
Lancaster Beauty School,www.lancasterbeautyschool.com/,NA,NA,NA,6333,131,0.7487,0.1145,0.3282,0.5038,0,0,0,0.0458,0,0.0076,NA,NA,Lancaster,CA,0,1
Laney College,laney.edu/,NA,NA,NA,NA,7158,0.1604,0.1801,0.215,0.2639,0.2133,0.0029,0.005,0.0602,0.0115,0.0481,NA,22777,Oakland,CA,1,1
Lassen Community College,www.lassencollege.edu/,NA,NA,NA,NA,1564,0.1334,0.4201,0.0959,0.3178,0.0396,0.0281,0.0102,0.0448,0.0058,0.0377,NA,17063,Susanville,CA,1,0
Latin American Bible Institute,labi.edu/,NA,0.6818,NA,NA,78,0.5217,0,0,1,0,0,0,0,0,0,NA,14780,La Puente,CA,0,1
Lincoln University,https://lincolnuca.edu/,NA,NA,NA,NA,223,0,0.0852,0.4978,0.0493,0.0135,0,0,0,0.3543,0,0.7576,NA,Oakland,CA,0,1
Southern California Seminary,www.socalsem.edu/,NA,NA,NA,NA,30,0.3214,0.4,0.2667,0.2333,0.0333,0,0.0333,0,0.0333,0,NA,NA,El Cajon,CA,0,1
La Sierra University,https://lasierra.edu/,NA,0.933,NA,27000,1155,0.4735,0.0926,0.0701,0.5177,0.1706,9e-4,0.0078,0.0623,0.0762,0.0017,0.6055,49365,Riverside,CA,0,1
Loma Linda University,www.llu.edu/index.html,NA,NA,NA,20854,867,0.3241,0.203,0.0323,0.4602,0.2353,0,0.0012,0.0427,0.0254,0,NA,NA,Loma Linda,CA,0,1
Long Beach City College,www.lbcc.edu/,NA,NA,NA,10500,21899,0.3726,0.1199,0.1195,0.6004,0.0899,0.0016,0.0062,0.053,0.0035,0.0061,NA,12664,Long Beach,CA,1,1
Southern California University of Health Sciences,https://www.scuhs.edu/,NA,NA,NA,11400,132,0.0922,0.197,0.1136,0.3485,0.2045,0.0076,0,0.0758,0.0152,0.0379,NA,50742,Whittier,CA,0,1
Los Angeles Harbor College,https://www.lahc.edu/,NA,NA,NA,NA,6496,0.228,0.1566,0.1096,0.585,0.0776,0.002,0.0051,0.0363,0.0031,0.0248,NA,19463,Wilmington,CA,1,1
Los Angeles Pierce College,www.lapc.edu/,NA,NA,NA,12936,13029,0.268,0.2819,0.05,0.4944,0.0848,0.0015,0.0016,0.0445,0.0105,0.0308,NA,19844,Woodland Hills,CA,1,1
Los Angeles Southwest College,https://www.lasc.edu/,NA,NA,NA,NA,3793,0.2459,0.1221,0.3593,0.4242,0.0345,0.0011,0.0016,0.0401,0.0013,0.0158,NA,14768,Los Angeles,CA,1,1
Los Angeles Trade Technical College,www.lattc.edu/,NA,NA,NA,10500,10165,0.3123,0.078,0.1417,0.7089,0.0284,0.0025,0.001,0.0212,0.0036,0.0148,NA,18516,Los Angeles,CA,1,1
Los Angeles Valley College,www.lavc.edu/,NA,NA,NA,10500,12470,0.2594,0.3169,0.0573,0.5088,0.0551,0.0012,0.0014,0.0286,0.0055,0.0251,NA,18625,Valley Glen,CA,1,1
The Master's University and Seminary,www.masters.edu/,NA,0.7589,NA,20500,1606,0.1938,0.609,0.0255,0.2042,0.0648,0.0037,0.0044,0.0579,0,0.0305,0.7413,48682,Santa Clarita,CA,0,1
Los Angeles City College,www.lacitycollege.edu/,NA,NA,NA,12750,10857,0.2624,0.2132,0.0932,0.5025,0.0947,0.0016,0.0011,0.0356,0.0309,0.0271,NA,16176,Los Angeles,CA,1,1
Los Angeles County College of Nursing and Allied Health,https://dhs.lacounty.gov/college-of-nursing-and-allied-health/,NA,NA,NA,9500,220,0.359,0.1,0.0682,0.5045,0.2636,0.0091,0,0.0545,0,0,NA,NA,Los Angeles,CA,1,1
Los Angeles Mission College,https://www.lamission.edu/,NA,NA,NA,12678,8031,0.2113,0.1487,0.0493,0.7055,0.0432,0.0012,7e-4,0.0171,0.0029,0.0314,NA,19525,Sylmar,CA,1,1
Los Medanos College,https://www.losmedanos.edu/,NA,NA,NA,NA,7100,0.2499,0.1861,0.1289,0.4683,0.1199,0.002,0.007,0.0706,0.0038,0.0135,NA,13850,Pittsburg,CA,1,1
Loyola Marymount University,https://www.lmu.edu/,NA,0.4029,38,19500,7171,0.1303,0.3952,0.0775,0.2457,0.1011,3e-4,8e-4,0.0824,0.0968,1e-4,0.792,75867,Los Angeles,CA,0,1
Lu Ross Academy,www.lurossacademy.com/,NA,NA,NA,6333,277,0.495,0.1516,0.0036,0.769,0.0144,0.0325,0,0.0036,0.0108,0.0144,NA,NA,Ventura,CA,0,1
Lyle's College of Beauty,lylescolleges.com/,NA,NA,NA,6333,96,0.3485,0.2292,0.0417,0.6771,0.0104,0,0,0.0208,0,0.0208,NA,NA,Bakersfield,CA,0,1
Lyle's College of  Beauty,lylescolleges.com/,NA,NA,NA,6333,77,0.3867,0.3766,0.039,0.4545,0.0779,0,0,0.039,0.013,0,NA,NA,Fresno,CA,0,1
Lytles Redwood Empire Beauty College,www.lytlesrebc.edu/,NA,NA,NA,8682,114,0.4292,0.5439,0.0088,0.3947,0.0175,0.0351,0,0,0,0,NA,NA,Santa Rosa,CA,0,1
MTI College,campus.edu/,NA,0.8193,NA,8836,1025,0.4055,0.2702,0.1707,0.3668,0.0898,0.0049,0.0127,0.0654,0,0.0195,NA,NA,Sacramento,CA,0,1
College of Marin,www.marin.edu/,NA,NA,NA,10062,3928,0.1684,0.4483,0.0344,0.361,0.0619,0.0013,0.0031,0.0634,0.0135,0.0132,NA,23789,Kentfield,CA,1,1
Mendocino College,www.mendocino.edu/,NA,NA,NA,10836,2857,0.2541,0.3913,0.0231,0.3861,0.0378,0.0522,0.0035,0.0165,4e-4,0.0893,NA,16746,Ukiah,CA,1,0
Menlo College,www.menlo.edu/,NA,0.6781,NA,21750,811,0.2938,0.1628,0.0432,0.3255,0.0666,0.0086,0.0197,0.1097,0.2256,0.0382,0.5497,69879,Atherton,CA,0,1
Merced College,www.mccd.edu/,NA,NA,NA,NA,9677,0.3339,0.1691,0.0385,0.6619,0.0714,0.0041,0.003,0.0353,0.005,0.0117,NA,12722,Merced,CA,1,1
Merritt College,www.merritt.edu/,NA,NA,NA,NA,5153,0.0936,0.1877,0.2366,0.2884,0.1725,0.0016,0.0047,0.0586,0.0085,0.0415,NA,22559,Oakland,CA,1,1
Northeastern University Oakland,https://oakland.northeastern.edu/,1472,0.1654,NA,24250,542,NA,0.2565,0.0535,0.1365,0.3782,0,0,0.0664,0.059,0.0498,NA,NA,Oakland,CA,0,1
MiraCosta College,www.miracosta.edu/,NA,NA,NA,9000,10474,0.2724,0.3453,0.0358,0.4364,0.0722,0.0037,0.0068,0.0655,0.0082,0.0261,NA,15713,Oceanside,CA,1,1
Mission College,www.missioncollege.edu/,NA,NA,NA,NA,5557,0.1622,0.1189,0.0396,0.3711,0.352,0.0027,0.0074,0.0664,0.0184,0.0236,NA,15047,Santa Clara,CA,1,1
Modern Beauty Academy,www.modernbeautyacademy.org/,NA,NA,NA,NA,62,0.2816,0.0484,0,0.7742,0.0323,0.0323,0,0.0161,0.0806,0.0161,NA,NA,Oxnard,CA,0,1
Modesto Junior College,https://www.mjc.edu/,NA,NA,NA,NA,14714,0.2617,0.3173,0.0342,0.5603,0.0637,0.0054,0.0096,5e-4,0.0021,0.0069,NA,14769,Modesto,CA,1,1
Moler Barber College,moler.org/,NA,NA,NA,10556,335,0.5575,0.0537,0.3851,0.3881,0.0478,0.006,0.0179,0.0507,0.003,0.0478,NA,NA,Oakland,CA,0,1
Middlebury Institute of International Studies at Monterey,https://www.middlebury.edu/institute/,NA,NA,NA,13857,8,0.0556,0.5,0,0.25,0.125,0,0,0,0.125,0,NA,NA,Monterey,CA,0,1
Monterey Peninsula College,www.mpc.edu/,NA,NA,NA,NA,5759,0.194,0.304,0.026,0.4978,0.0642,0.0023,0.0089,0.0667,0.0028,0.0273,NA,21993,Monterey,CA,1,1
Moorpark College,www.moorparkcollege.edu/index.shtml,NA,NA,NA,9500,12011,0.1874,0.3593,0.0217,0.4259,0.0803,0.0017,0.0023,0.0935,0.0046,0.0107,NA,9685,Moorpark,CA,1,1
Mt San Antonio College,www.mtsac.edu/,NA,NA,NA,5880,25311,0.3422,0.0827,0.0374,0.6545,0.1795,0.0013,0.0019,0.0315,0.009,0.0021,NA,12077,Walnut,CA,1,1
Mount Saint Mary's University,https://www.msmu.edu/,NA,0.6872,NA,25949,1746,0.5515,0.0905,0.0538,0.5447,0.1901,0.0092,0.0029,0.0172,0.0052,0.0865,0.6392,64637,Los Angeles,CA,0,1
Mt San Jacinto Community College District,www.msjc.edu/,NA,NA,NA,NA,14859,0.3319,0.2211,0.0553,0.5178,0.0726,0.0036,0.0042,0.0501,0,0.0752,NA,15091,San Jacinto,CA,1,1
Musicians Institute,www.mi.edu/,NA,0.7129,NA,NA,735,0.1769,0.2,0.0667,0.0857,0.0789,0.0082,0.0054,0.0517,0.4354,0.068,0.6316,41795,Hollywood,CA,0,1
Napa Valley College,https://www.napavalley.edu/,NA,NA,NA,10147,3205,0.1905,0.2262,0.0406,0.4889,0.1385,0.0031,0.0066,0.0546,9e-4,0.0406,NA,21563,Napa,CA,1,1
National Holistic Institute,www.nhi.edu/,NA,NA,NA,9500,1134,0.5923,0.2822,0.1279,0.3034,0.0802,0.0097,0.0071,0.127,0,0.0626,NA,NA,Emeryville,CA,0,1
National University,www.nu.edu/,NA,NA,NA,25000,9725,0.2553,0.2977,0.1566,0.3295,0.0706,0.0075,0.0108,0.0364,1e-4,0.0908,0.4643,37116,San Diego,CA,0,1
Newschool of Architecture and Design,www.newschoolarch.edu/,NA,1,NA,31000,212,0.4629,0.2736,0.1226,0.3679,0.0991,0.0094,0.0094,0.0472,0.0425,0.0283,0.5556,57642,San Diego,CA,0,1
North Adrian's College of Beauty Inc,www.adrians.edu/,NA,NA,NA,11000,213,0.4403,0.2535,0.0704,0.5399,0.0235,0.0094,0.0047,0.061,0,0.0376,NA,NA,Modesto,CA,0,1
North-West College-Pomona,www.north-westcollege.edu/,NA,NA,NA,9500,315,0.638,0.1429,0.1238,0.4286,0.0794,0.019,0.0127,0.1905,0,0.0032,NA,NA,Pomona,CA,0,1
North-West College-West Covina,https://www.nw.edu/locations/west-covina-campus/,NA,NA,NA,9500,635,0.6155,0.1984,0.0551,0.4205,0.1071,0.0142,0.0094,0.1953,0,0,NA,NA,West Covina,CA,0,1
North-West College-Van Nuys,www.north-westcollege.edu/,NA,NA,NA,9500,225,0.5271,0.1733,0.0933,0.6044,0.0978,0.0044,0.0089,0.0178,0,0,NA,NA,Van Nuys,CA,0,1
San Francisco Bay University,https://www.sfbu.edu/,NA,0.6939,NA,NA,62,0,0,0.0161,0.0161,0.7258,0,0,0,0.129,0.1129,0.2667,NA,Fremont,CA,0,1
Notre Dame de Namur University,www.ndnu.edu/,NA,NA,NA,25000,14,NA,0.1429,0.1429,0.5714,0.0714,0,0,0.0714,0,0,0.5497,NA,Belmont,CA,0,1
Occidental College,https://www.oxy.edu/,1461,0.3989,NA,23000,1844,0.1595,0.4799,0.0412,0.1746,0.1329,0.0011,0.0011,0.1128,0.0412,0.0152,0.8291,80636,Los Angeles,CA,0,1
Ohlone College,www.ohlone.edu/,NA,NA,NA,NA,6958,0.1127,0.1339,0.0328,0.2489,0.4306,0.0013,0.0082,0.054,0.0415,0.0487,NA,22906,Fremont,CA,1,1
Orange Coast College,orangecoastcollege.edu/,NA,NA,NA,9500,16117,0.2358,0.2863,0.0168,0.361,0.2157,0.0019,0.0025,0.0533,0.0523,0.0102,NA,13191,Costa Mesa,CA,1,1
Otis College of Art and Design,www.otis.edu/,NA,0.8398,NA,27000,1242,0.3068,0.2238,0.0556,0.2174,0.1731,8e-4,0,0.0797,0.2407,0.0089,0.6859,71880,Los Angeles,CA,0,1
Oxnard College,www.oxnardcollege.edu/,NA,NA,NA,NA,6059,0.3547,0.1258,0.0177,0.7529,0.0523,0.0023,0.002,0.0323,0.004,0.0107,NA,9317,Oxnard,CA,1,1
Hope International University,www.hiu.edu/,NA,0.3539,NA,23000,549,0.4288,0.2714,0.0674,0.2678,0.0455,0.0146,0.0109,0.1749,0.0328,0.1148,0.4464,51153,Fullerton,CA,0,1
Concorde Career College-San Diego,https://www.concorde.edu/campus/san-diego-california,NA,0.9395,NA,9500,178,0.5717,0.0674,0.0449,0.2528,0.0337,0.0056,0.0056,0,0,0.5899,NA,NA,San Diego,CA,0,1
Palo Alto University,www.paloaltou.edu/,NA,NA,NA,20500,19,0.1923,0.2632,0.2105,0.2632,0.1053,0,0.0526,0,0,0.1053,NA,NA,Palo Alto,CA,0,0
Pacific Oaks College,https://www.pacificoaks.edu/,NA,0.1,NA,29105,346,0.5503,0.1734,0.1243,0.5665,0.0231,0,0.0029,0.0462,0.0116,0.052,NA,NA,Pasadena,CA,0,1
Pacific States University,www.psuca.edu/,NA,NA,NA,NA,17,NA,0,0,0,0,0,0,0,1,0,0,NA,Los Angeles,CA,0,1
Pacific Union College,https://www.puc.edu/,1093,0.4248,NA,27500,910,0.3337,0.178,0.0593,0.2967,0.211,0,0.0088,0.1264,0.0264,0.0934,0.4327,47244,Angwin,CA,0,0
University of the Pacific,www.pacific.edu/,1303,0.9486,NA,19500,3247,0.343,0.1632,0.0311,0.2664,0.3437,0.0018,0.0043,0.0533,0.0711,0.065,0.6981,68173,Stockton,CA,0,1
Palo Verde College,https://www.paloverde.edu/,NA,NA,NA,NA,2909,0.0639,0.2413,0.1189,0.5125,0.0358,0.0117,0.0065,0.0265,0,0.0468,NA,21205,Blythe,CA,1,0
Palomar College,www2.palomar.edu/,NA,NA,NA,NA,16167,0.1716,0.3364,0.031,0.4851,0.0598,0.0045,0.0046,0.0593,0.0082,0.0111,NA,13997,San Marcos,CA,1,1
Pasadena City College,pasadena.edu/,NA,NA,NA,6651,20624,0.2995,0.1701,0.0342,0.4759,0.2363,0.0016,0.0012,0.0371,0.0261,0.0175,NA,12166,Pasadena,CA,1,1
Pepperdine University,www.pepperdine.edu/,1367,0.4985,35,23510,3629,0.1961,0.4464,0.0361,0.1874,0.1499,0.0019,0.003,0.0755,0.0835,0.0163,0.8389,85202,Malibu,CA,0,1
Pitzer College,https://www.pitzer.edu/,NA,0.1666,NA,16750,1191,0.1015,0.4861,0.0445,0.1276,0.1192,0.0059,0.0034,0.0999,0.0806,0.0327,0.8914,82832,Claremont,CA,0,1
Point Loma Nazarene University,www.pointloma.edu/,1278,0.8176,NA,22990,3132,0.2273,0.5297,0.0204,0.2634,0.0651,0.0032,0.0029,0.0811,0.0115,0.0227,0.7375,56664,San Diego,CA,0,1
Pomona College,www.pomona.edu/,1520,0.0676,NA,11782,1638,0.1853,0.2924,0.1081,0.1654,0.1777,0,0.0049,0.0946,0.1239,0.033,0.9348,81196,Claremont,CA,0,1
Porterville College,https://www.portervillecollege.edu/,NA,NA,NA,NA,2775,0.3584,0.1971,0.0231,0.7294,0.0205,0.0043,0.0011,0.0223,7e-4,0.0014,NA,12522,Porterville,CA,1,1
Professional Institute of Beauty,www.pib.edu/,NA,NA,NA,3001,90,0.5064,0.0111,0,0.7333,0.0111,0,0,0,0.2444,0,NA,NA,El Monte,CA,0,1
Santa Ana College,www.sac.edu/,NA,NA,NA,6871,22011,0.1608,0.1778,0.0157,0.5311,0.0747,0.002,0.0025,0.019,0.0065,0.1707,NA,11848,Santa Ana,CA,1,1
Shasta School of Cosmetology,www.shastaschoolofcosmetology.com/,NA,NA,NA,NA,101,0.36,0.6436,0.0198,0.198,0.0297,0.0297,0,0.0792,0,0,NA,NA,Redding,CA,0,1
University of Redlands,www.redlands.edu/,1231,0.8092,NA,26000,2095,0.3511,0.368,0.0501,0.4305,0.0496,0.0095,0.0048,0.0644,0.0095,0.0134,0.7094,70233,Redlands,CA,0,1
College of the Redwoods,https://www.redwoods.edu/,NA,NA,NA,8080,3514,0.3339,0.5088,0.0361,0.2351,0.029,0.0569,0.0026,0.0965,3e-4,0.0347,NA,12251,Eureka,CA,1,0
Salon Success Academy-Upland,www.salonsuccessacademy.com/,NA,NA,NA,7177,238,0.536,0.2017,0.0924,0.6387,0.0336,0.0084,0,0.0042,0,0.021,NA,NA,Upland,CA,0,1
Salon Success Academy-Corona,www.salonsuccessacademy.com/,NA,NA,NA,7177,216,0.4866,0.2407,0.0833,0.5833,0.037,0,0.0278,0.0278,0,0,NA,NA,Corona,CA,0,1
Rio Hondo College,www.riohondo.edu/,NA,NA,NA,5500,15365,0.2385,0.1041,0.0213,0.7103,0.0525,0.0015,0.0016,0.01,0.0017,0.0971,NA,19308,Whittier,CA,1,0
Riverside City College,www.rcc.edu/,NA,NA,NA,8000,17361,0.329,0.1329,0.0713,0.6751,0.0622,0.0019,0.0033,0.0423,0.0059,0.005,NA,12427,Riverside,CA,1,1
Dongguk University Los Angeles,www.dula.edu/,NA,NA,NA,NA,4,NA,0,0,0,1,0,0,0,0,0,NA,NA,Los Angeles,CA,0,1
Sacramento City College,https://www.scc.losrios.edu/,NA,NA,NA,10500,16952,0.2503,0.2673,0.094,0.325,0.159,0.0044,0.0126,0.0669,0.0031,0.0677,NA,13062,Sacramento,CA,1,1
Saddleback College,https://www.saddleback.edu/,NA,NA,NA,9500,15959,0.1532,0.4468,0.0231,0.3024,0.1208,0.0026,0.0023,0.0626,0.015,0.0243,NA,11792,Mission Viejo,CA,1,1
Samuel Merritt University,www.samuelmerritt.edu/,NA,NA,NA,20825,712,0.1776,0.2879,0.0646,0.2388,0.2683,0.0042,0.0084,0.1096,0,0.0183,NA,NA,Oakland,CA,0,1
San Diego City College,www.sdcity.edu/,NA,NA,NA,7689,10584,0.2195,0.2285,0.0948,0.4881,0.1033,0.0015,0.0044,0.0667,0.0011,0.0116,NA,13255,San Diego,CA,1,1
San Diego Mesa College,www.sdmesa.edu/,NA,NA,NA,4725,15899,0.1556,0.2813,0.0673,0.4086,0.1421,0.0018,0.0042,0.0798,0.0039,0.0109,NA,12964,San Diego,CA,1,1
San Diego Miramar College,www.sdmiramar.edu/,NA,NA,NA,6750,10740,0.1147,0.3189,0.052,0.3344,0.1879,0.0019,0.006,0.0807,0.0017,0.0166,NA,11428,San Diego,CA,1,1
San Diego State University,www.sdsu.edu/,NA,0.3444,NA,15000,33654,0.3142,0.3426,0.0366,0.3617,0.1336,0.0022,0.0032,0.0702,0.0207,0.0292,0.774,27357,San Diego,CA,1,1
University of San Diego,www.sandiego.edu/,NA,0.4675,NA,22940,5619,0.1935,0.456,0.0457,0.2552,0.0705,0.0025,0.0034,0.0753,0.0626,0.0288,0.8038,74879,San Diego,CA,0,1
San Francisco Conservatory of Music,https://sfcm.edu/,NA,0.5194,NA,27000,215,0.1584,0.3023,0.0372,0.1349,0.0744,0,0,0.1023,0.3023,0.0465,0.7353,78209,San Francisco,CA,0,1
San Francisco State University,www.sfsu.edu/,NA,0.9615,NA,15371,20033,0.414,0.1542,0.0646,0.3985,0.2386,0.0016,0.0059,0.0593,0.0354,0.0418,0.5629,25258,San Francisco,CA,1,1
University of San Francisco,https://www.usfca.edu/,1313,0.5077,36,23000,5697,0.2722,0.2305,0.0753,0.215,0.2617,0.0018,0.0033,0.1018,0.095,0.0156,0.7577,76421,San Francisco,CA,0,1
San Joaquin Delta College,www.deltacollege.edu/,NA,NA,NA,7500,13964,0.2309,0.1464,0.072,0.5231,0.182,0.0025,0.0062,0.0591,6e-4,0.0079,NA,17137,Stockton,CA,1,1
San Joaquin Valley College-Visalia,www.sjvc.edu/,NA,NA,NA,10674,2270,0.4917,0.1938,0.0696,0.5916,0.0551,0.0132,0.0079,0.0115,0.0013,0.0559,NA,NA,Visalia,CA,0,1
San Joaquin Valley College-Bakersfield,www.sjvc.edu/,NA,NA,NA,10674,820,0.5673,0.1317,0.05,0.6817,0.0415,0.0134,0.0098,0.0073,0,0.0646,NA,NA,Bakersfield,CA,0,1
William Jessup University,www.jessup.edu/,NA,0.7682,NA,23700,1021,0.343,0.4466,0.0558,0.2488,0.0431,0.0176,0.0127,0.0578,0.0343,0.0833,0.6207,52172,Rocklin,CA,0,1
San Jose City College,www.sjcc.edu/,NA,NA,NA,NA,7039,0.2074,0.1098,0.0493,0.5286,0.2152,0.002,0.0067,0.0425,0.0172,0.0287,NA,24038,San Jose,CA,1,1
San Jose State University,www.sjsu.edu/,NA,0.8023,NA,15000,26757,0.3545,0.1256,0.0348,0.3193,0.3911,7e-4,0.0047,0.0543,0.0372,0.0324,0.7251,25695,San Jose,CA,1,1
College of San Mateo,www.collegeofsanmateo.edu/,NA,NA,NA,14695,7359,0.1271,0.2566,0.0272,0.3492,0.209,0.001,0.023,0.0641,0.0428,0.0272,NA,11875,San Mateo,CA,1,1
Santa Barbara City College,www.sbcc.edu/,NA,NA,NA,11000,10070,0.1552,0.4019,0.0248,0.3843,0.0478,0.0023,0.0025,0.0583,0.0412,0.0369,NA,18682,Santa Barbara,CA,1,1
Santa Clara University,www.scu.edu/,1417,0.4384,NA,19162,6235,0.1087,0.3751,0.035,0.1873,0.2148,3e-4,0.0024,0.0889,0.0776,0.0186,0.9135,77768,Santa Clara,CA,0,1
Santa Monica College,https://www.smc.edu/,NA,NA,NA,6450,21194,0.2627,0.2523,0.0917,0.4116,0.0864,0.0013,0.001,0.0538,0.0777,0.0241,NA,11353,Santa Monica,CA,1,1
Santa Rosa Junior College,www.santarosa.edu/,NA,NA,NA,9500,14327,0.165,0.4064,0.0198,0.4068,0.0436,0.0053,0.003,0.0528,0.0063,0.056,NA,13649,Santa Rosa,CA,1,1
Scripps College,www.scrippscollege.edu/,1480,0.3394,39,13500,1077,0.1147,0.5357,0.0409,0.1226,0.1365,0,0,0.1133,0.0399,0.0111,0.8267,83330,Claremont,CA,0,1
College of the Sequoias,https://www.cos.edu/,NA,NA,NA,4500,10752,0.3515,0.1762,0.018,0.7212,0.0339,0.0032,0.0012,0.0299,0.0014,0.0151,NA,8553,Visalia,CA,1,1
Shasta Bible College and Graduate School,www.shasta.edu/,NA,1,NA,NA,12,0.5417,0.6667,0,0.1667,0,0,0,0.1667,0,0,0,NA,Redding,CA,0,1
Shasta College,https://www.shastacollege.edu/,NA,NA,NA,14250,5536,0.3662,0.599,0.0228,0.2001,0.0466,0.0222,0.0042,0.0831,0,0.022,NA,11881,Redding,CA,1,1
Sierra College,https://www.sierracollege.edu/,NA,NA,NA,10500,13455,0.1992,0.5392,0.0342,0.2378,0.0823,0.0055,0.0049,0.0796,0.0044,0.012,NA,12628,Rocklin,CA,1,1
Sierra College of Beauty,sierrabeautycollege.net/blog3/,NA,NA,NA,NA,245,0.6147,0.0816,0.049,0.7551,0.0367,0,0,0.0163,0,0.0612,NA,NA,Merced,CA,0,1
Simpson University,www.simpsonu.edu/,NA,0.9903,NA,18750,751,0.4221,0.474,0.0333,0.2783,0.0439,0.0133,0.0093,0.0919,0.0466,0.0093,0.5114,52366,Redding,CA,0,1
College of the Siskiyous,www.siskiyous.edu/,NA,NA,NA,10750,1080,0.2786,0.5926,0.0296,0.187,0.0213,0.0222,0.0074,0.0926,0.0111,0.0361,NA,14448,Weed,CA,1,0
Charles A Jones Career and Education Center,www.caj.scusd.edu/,NA,NA,NA,5512,90,0.3393,0.1556,0.2222,0.1889,0.3444,0.0222,0.0333,0.0333,0,0,NA,NA,Sacramento,CA,1,1
Skyline College,skylinecollege.edu/,NA,NA,NA,NA,7132,0.1009,0.1826,0.0286,0.3437,0.30620000000000003,0.0014,0.0126,0.058,0.0414,0.0255,NA,10461,San Bruno,CA,1,1
San Bernardino Valley College,www.valleycollege.edu/,NA,NA,NA,NA,11106,0.2699,0.1059,0.1018,0.7006,0.0448,0.0013,0.0044,0.0355,6e-4,0.0051,NA,14655,San Bernardino,CA,1,1
Saint Mary's College of California,https://www.stmarys-ca.edu/,NA,0.8858,NA,23691,2024,0.2381,0.3824,0.0519,0.3137,0.0949,0.0025,0.0124,0.0929,0.0267,0.0227,0.7415,73655,Moraga,CA,0,1
Solano Community College,welcome.solano.edu/,NA,NA,NA,12000,7688,0.2081,0.2128,0.1431,0.3777,0.1476,0.0042,0.0077,0.0881,0.0016,0.0173,NA,11440,Fairfield,CA,1,1
Sonoma State University,https://sonoma.edu/,NA,0.9473,NA,16705,5374,0.3615,0.4042,0.0272,0.4168,0.0493,0.0032,0.0037,0.0566,0.005,0.0341,0.6152,24739,Rohnert Park,CA,1,1
South Coast College,www.southcoastcollege.edu/,NA,NA,NA,20938,241,0.5274,0.249,0.0456,0.5145,0.0788,0.0124,0,0.0705,0,0.029,NA,25025,Orange,CA,0,1
Vanguard University of Southern California,https://www.vanguard.edu/,NA,0.647,NA,22000,1975,0.4288,0.3063,0.0532,0.4765,0.0446,0.0025,0.0061,0.0238,5e-4,0.0866,0.627,50178,Costa Mesa,CA,0,1
Concorde Career College-Garden Grove,https://www.concorde.edu/campus/garden-grove-california,NA,0.9593,NA,13000,202,0.4563,0.0941,0.0396,0.3564,0.198,0,0.005,0.0149,0,0.2921,NA,NA,Garden Grove,CA,0,1
Southwestern College,https://www.swccd.edu/,NA,NA,NA,4500,16640,0.3504,0.0985,0.0436,0.6883,0.1046,0.0019,0.004,0.0383,7e-4,0.0201,NA,19717,Chula Vista,CA,1,1
Southern California Institute of Architecture,www.sciarc.edu/,NA,0.8267,NA,NA,236,0.212,0.1483,0.0169,0.1271,0.1186,0,0,0.0339,0.5508,0.0042,0.75,67014,Los Angeles,CA,0,1
University of Southern California,www.usc.edu/,1501,0.1002,NA,18000,20817,0.2166,0.2757,0.0705,0.1827,0.2477,0.0017,0.0024,0.0645,0.1373,0.0176,0.9281,84678,Los Angeles,CA,0,1
Taft College,www.taftcollege.edu/,NA,NA,NA,NA,3216,0.1788,0.181,0.0398,0.6676,0.0162,0.005,0.0016,0.0221,0.0016,0.0653,NA,13012,Taft,CA,1,0
Thomas Aquinas College,https://thomasaquinas.edu/,1277,0.7871,32,18000,539,0.1977,0.6215,0,0.1967,0.0223,0,0.0019,0.0557,0.0649,0.0371,0.8718,40000,Santa Paula,CA,0,0
Epic Bible College & Graduate School,epic.edu/,NA,NA,NA,NA,60,0.5513,0.3667,0.3333,0.1333,0.05,0,0.0167,0.0833,0.0167,0,0.5,NA,Sacramento,CA,0,1
UEI College-Huntington Park,https://www.uei.edu/,NA,NA,NA,9500,1036,0.7484,0.0058,0.0222,0.2973,0.0058,0.0058,0.0019,0.0019,0,0.6593,NA,NA,Huntington Park,CA,0,1
Concorde Career College-San Bernardino,https://www.concorde.edu/campus/san-bernardino-california,NA,0.981,NA,9500,260,0.7067,0.0423,0.0885,0.4115,0.0115,0.0077,0.0038,0.0231,0,0.4115,NA,NA,San Bernardino,CA,0,1
Concorde Career College-North Hollywood,https://www.concorde.edu/campus/north-hollywood-california,NA,0.9902,NA,9500,143,0.5443,0.035,0.0769,0.5734,0.049,0.007,0.007,0.007,0,0.2448,NA,NA,North Hollywood,CA,0,1
Ventura College,www.venturacollege.edu/,NA,NA,NA,13876,9971,0.2548,0.2058,0.0209,0.6612,0.0446,0.0029,0.002,0.0447,0.0049,0.0129,NA,9762,Ventura,CA,1,1
Bridges Beauty College,www.bridgesbeautycollege.com/,NA,NA,NA,NA,80,0.3333,0.225,0.1375,0.6,0.0375,0,0,0,0,0,NA,NA,Victorville,CA,0,1
Victor Valley College,www.vvc.edu/,NA,NA,NA,NA,12107,0.3478,0.1747,0.1052,0.6416,0.0194,0.0033,0.0024,0.0454,7e-4,0.0072,NA,11786,Victorville,CA,1,1
Berkeley City College,www.berkeleycitycollege.edu/,NA,NA,NA,NA,4541,0.1258,0.2303,0.1678,0.2803,0.1865,0.0018,0.0031,0.0751,0.0152,0.0399,NA,17110,Berkeley,CA,1,1
Walden University,www.waldenu.edu/,NA,NA,NA,20834,7337,0.5043,0.4187,0.3812,0.0977,0.0144,3e-4,0.003,0.024,0.0046,0.056,NA,NA,Minneapolis,MN,0,1
Waynes College of Beauty,www.waynescollegeofbeauty.com/,NA,NA,NA,6333,46,0.6944,0.1304,0,0.8043,0.0217,0.0435,0,0,0,0,NA,NA,Salinas,CA,0,1
Coalinga College,https://www.westhillscollege.com/coalinga/,NA,NA,NA,6750,2177,0.2207,0.1277,0.0528,0.7382,0.023,0.0092,0.0041,0.0193,0.0032,0.0225,NA,17249,Coalinga,CA,1,0
West Los Angeles College,www.wlac.edu/,NA,NA,NA,13500,7277,0.1998,0.1795,0.224,0.4718,0.0414,0.0027,0.0019,0.0431,0.0052,0.0304,NA,15839,Culver City,CA,1,1
West Valley College,www.westvalley.edu/,NA,NA,NA,NA,6086,0.1056,0.303,0.0274,0.3414,0.1873,8e-4,0.0035,0.1132,0.0069,0.0164,NA,13351,Saratoga,CA,1,1
Carrington College-Sacramento,https://carrington.edu/,NA,NA,NA,11537,2262,0.559,0.1857,0.1048,0.4761,0.076,0.0234,0.0186,0.0195,0.0053,0.0906,NA,NA,Sacramento,CA,0,1
Westmont College,www.westmont.edu/,1367,0.7986,36,23250,1310,0.1858,0.516,0.0244,0.2344,0.0649,0.0023,0.0015,0.0809,0.0168,0.0588,0.7345,68826,Santa Barbara,CA,0,1
Whittier College,www.whittier.edu/,NA,0.8538,NA,24937,812,0.3185,0.2278,0.0369,0.4901,0.053,0,0.0025,0.069,0.1158,0.0049,0.6606,63925,Whittier,CA,0,1
Woodbury University,https://woodbury.edu/,NA,0.7287,NA,26960,825,0.4896,0.4073,0.0485,0.2933,0.1261,0.0109,0.0024,0.023,0.0436,0.0448,0.6087,58180,Burbank,CA,0,1
Yeshiva Ohr Elchonon Chabad West Coast Talmudical Seminary,www.yoec.edu/,NA,0.6168,NA,NA,157,0.5461,0.9936,0,0,0,0,0,0,0.0064,0,0.2542,27600,Los Angeles,CA,0,1
Yuba College,https://yc.yccd.edu/,NA,NA,NA,NA,4311,0.2799,0.2839,0.0309,0.405,0.1538,0.0063,0.0037,0.0733,0,0.0431,NA,12200,Marysville,CA,1,1
Adams State University,www.adams.edu/,NA,NA,NA,19500,1239,0.3499,0.3616,0.0815,0.3705,0.0056,0.0178,0.0113,0.0541,0.0145,0.0831,0.3636,23800,Alamosa,CO,1,0
Aims Community College,www.aims.edu/,NA,NA,NA,6844,3182,0.1712,0.4843,0.0239,0.4032,0.016,0.0069,0.0028,0.0226,0.0016,0.0387,NA,14478,Greeley,CO,1,1
Arapahoe Community College,www.arapahoe.edu/,NA,NA,NA,11884,5392,0.1049,0.6133,0.0393,0.1907,0.0408,0.0054,0.0019,0.046,0.0159,0.0467,NA,16348,Littleton,CO,1,1
Bel-Rea Institute of Animal Technology,www.belrea.edu/,NA,0.5942,NA,20372,161,0.4067,0.5714,0.0311,0.2484,0.0248,0.0062,0,0.0311,0,0.087,NA,29807,Denver,CO,0,1
University of Colorado Denver/Anschutz Medical Campus,www.ucdenver.edu/,1119,0.7781,NA,20500,10686,0.2579,0.3789,0.0682,0.2766,0.1072,0.004,0.0019,0.0561,0.0952,0.0119,0.507,23369,Denver,CO,1,1
University of Colorado Colorado Springs,https://www.uccs.edu/,1140,0.9657,NA,20000,8870,0.2625,0.5964,0.052,0.205,0.0383,0.0047,0.0027,0.0755,0.009,0.0163,0.4623,23713,Colorado Springs,CO,1,1
Spartan College of Aeronautics and Technology,www.spartan.edu/,NA,NA,NA,19188,321,0.0951,0.5327,0.0561,0.1713,0.0592,0.0093,0.0218,0.0218,0,0.1277,NA,33357,Broomfield,CO,0,1
University of Colorado Boulder,www.colorado.edu/,1353,0.8328,NA,19500,31578,0.1477,0.6776,0.0182,0.1349,0.0621,0.0018,0.0011,0.0674,0.0272,0.0097,0.7531,33466,Boulder,CO,1,1
Colorado Christian University,https://www.ccu.edu/,NA,NA,NA,28312,5363,0.329,0.6142,0.1467,0.1503,0.0127,0.0084,0.0032,0.0373,2e-4,0.027,0.5857,50206,Lakewood,CO,0,1
Colorado College,www.coloradocollege.edu/,1445,0.2003,NA,18257,2139,0.1381,0.6755,0.0257,0.1127,0.05,0.0019,0.0019,0.0715,0.05,0.0108,0.8574,83228,Colorado Springs,CO,0,1
Concorde Career College-Aurora,https://www.concorde.edu/campus/aurora-colorado,NA,1,NA,9500,196,0.5689,0.2449,0.0816,0.3571,0.0306,0.0051,0,0.0255,0,0.2551,NA,NA,Aurora,CO,0,1
Colorado Mountain College,coloradomtn.edu/,NA,NA,NA,9000,2821,0.1343,0.5771,0.0113,0.3343,0.0103,0.0039,0.0011,0.033,0,0.0291,0.1714,13717,Glenwood Springs,CO,1,0
Colorado Northwestern Community College,www.cncc.edu/,NA,NA,NA,12000,500,0.1764,0.678,0.024,0.22,0.01,0.016,0,0.032,0.012,0.008,NA,21006,Rangely,CO,1,0
Colorado School of Mines,www.mines.edu/,1403,0.5971,40,23000,5801,0.1333,0.6809,0.0138,0.13,0.0653,0.005,9e-4,0.0645,0.0241,0.0155,0.8415,38556,Golden,CO,1,1
Colorado School of Trades,https://schooloftrades.edu/,NA,0.7692,NA,20000,108,0.2821,0.8519,0.0093,0,0.0278,0,0,0,0,0.1111,NA,NA,Lakewood,CO,0,1
Colorado State University-Fort Collins,colostate.edu/,NA,0.8959,NA,20000,25148,0.1889,0.701,0.0247,0.1564,0.0292,0.0055,0.0016,0.0514,0.0231,0.0071,0.7046,29696,Fort Collins,CO,1,1
Colorado Technical University-Colorado Springs,www.coloradotech.edu/Colorado-Springs,NA,NA,NA,29832,25932,0.6832,0.2825,0.2051,0.0017,0.0083,0.0122,0.0041,0.0327,0,0.4534,0.2026,21694,Colorado Springs,CO,0,1
Community College of Aurora,https://www.ccaurora.edu/,NA,NA,NA,10500,3346,0.1647,0.2606,0.2197,0.3449,0.0619,0.0063,0.0057,0.0478,0.0406,0.0126,NA,16210,Aurora,CO,1,1
Technical College of the Rockies,www.tcr.edu/,NA,NA,NA,4750,142,0.2703,0.5634,0.0141,0.3873,0,0.0352,0,0,0,0,NA,NA,Delta,CO,1,0
Community College of Denver,www.ccd.edu/,NA,NA,NA,12495,5156,0.3098,0.3474,0.1197,0.3755,0.0576,0.0078,0.0029,0.0436,0.0357,0.0099,NA,18377,Denver,CO,1,1
Lincoln College of Technology-Denver,www.lincolntech.edu/campus/denver-co,NA,NA,NA,11730,1104,0.4578,0.3986,0.0743,0.4058,0.0163,0.0254,0.0091,0.0553,9e-4,0.0145,NA,NA,Denver,CO,0,1
University of Denver,www.du.edu/,1344,0.7119,36,21844,6059,0.1471,0.6801,0.0279,0.137,0.0376,0.0043,0.0012,0.0635,0.032,0.0163,0.7682,75020,Denver,CO,0,1
Emily Griffith Technical College,www.emilygriffith.edu/,NA,NA,NA,NA,5914,0.0729,0.4711,0.0551,0.3713,0.0172,0.0299,0.0057,0.002,0.0041,0.0435,NA,NA,Denver,CO,1,1
Fort Lewis College,fortlewis.edu/,1084,0.932,NA,18389,3070,0.361,0.4261,0.0124,0.1469,0.0046,0.2824,0.0016,0.1192,0.0055,0.0013,0.4592,25558,Durango,CO,1,0
Front Range Community College,https://www.frontrange.edu/,NA,NA,NA,12251,11132,0.1649,0.5776,0.0245,0.2782,0.0402,0.0067,0.0022,0.0406,0.0163,0.0136,NA,18087,Westminster,CO,1,1
International Salon and Spa Academy,https://www.csbeautyschools.com/,NA,NA,NA,6333,307,0.5756,0.4169,0.1857,0.2997,0.0391,0.0358,0.0033,0.013,0,0.0065,NA,NA,Colorado Springs,CO,0,1
Lamar Community College,https://www.lamarcc.edu/,NA,NA,NA,8750,406,0.3174,0.3793,0.0591,0.4335,0.0049,0.032,0.0074,0.0345,0.0369,0.0123,NA,19366,Lamar,CO,1,0
Colorado Mesa University,www.coloradomesa.edu/,1070,0.8139,NA,22000,7604,0.274,0.6486,0.0158,0.2102,0.0139,0.0067,0.0039,0.0433,0.0138,0.0438,0.4761,22883,Grand Junction,CO,1,1
Metropolitan State University of Denver,www.msudenver.edu/,1014,0.9914,NA,21500,14932,0.3508,0.4278,0.0782,0.3665,0.0446,0.0097,0.0027,0.0546,0.0059,0.01,0.3357,22825,Denver,CO,1,1
Morgan Community College,https://www.morgancc.edu/,NA,NA,NA,8501,619,0.212,0.4071,0.0856,0.4685,0.0145,0.0032,0,0.0113,0,0.0097,NA,15797,Fort  Morgan,CO,1,0
Naropa University,https://www.naropa.edu/,NA,0.94,NA,24712,368,0.5656,0.6495,0.0217,0.1196,0.0245,0.0027,0,0.0761,0.0272,0.0788,0.3421,52900,Boulder,CO,0,1
Nazarene Bible College,www.nbc.edu/,NA,NA,NA,34787,336,0.1449,0.7619,0.0685,0.1042,0.0149,0.0119,0.003,0.0357,0,0,0,NA,Colorado Springs,CO,0,1
Northeastern Junior College,www.njc.edu/,NA,NA,NA,9376,825,0.3734,0.6812,0.0339,0.1733,0.0024,0.0048,0.0012,0.0352,0.0594,0.0085,NA,20246,Sterling,CO,1,0
University of Northern Colorado,https://www.unco.edu/,1077,0.8643,NA,20470,5693,0.2619,0.6018,0.0425,0.2607,0.0214,0.0042,0.0019,0.0499,0.0119,0.0056,0.5304,26989,Greeley,CO,1,1
Otero College,www.otero.edu/,NA,NA,NA,10250,642,0.3423,0.4159,0.0576,0.3863,0.0093,0.0125,0.0031,0.0327,0.0701,0.0125,NA,20413,La Junta,CO,1,0
Pikes Peak State College,https://www.pikespeak.edu/,NA,NA,NA,9000,9307,0.3078,0.5232,0.0829,0.251,0.0342,0.0074,0.0055,0.0676,0.015,0.0132,NA,18345,Colorado Springs,CO,1,1
Pueblo Community College,www.pueblocc.edu/,NA,NA,NA,10000,3293,0.2833,0.471,0.031,0.4057,0.0137,0.0276,0.0012,0.0361,0.0043,0.0094,NA,19251,Pueblo,CO,1,1
Red Rocks Community College,www.rrcc.edu/,NA,NA,NA,9500,4281,0.1931,0.6155,0.0271,0.2345,0.0318,0.0068,0.0026,0.0362,0.0194,0.0262,NA,18048,Lakewood,CO,1,1
Regis University,https://www.regis.edu/,NA,0.8727,NA,25000,2599,0.2615,0.4602,0.0635,0.317,0.0646,0.0038,0.0035,0.0385,0.01,0.0389,0.633,54889,Denver,CO,0,1
Rocky Mountain College of Art and Design,www.rmcad.edu/,NA,NA,NA,31000,1878,0.4599,0.5634,0.1097,0.1406,0.0362,0.016,0.0011,0.0399,0.0011,0.0921,0.4342,33950,Lakewood,CO,0,1
Montessori Education Center of the Rockies,www.mecr.edu/,NA,0.8,NA,NA,6,0.1667,0,0.5,0.5,0,0,0,0,0,0,NA,NA,Denver,CO,0,1
Colorado State University Pueblo,https://www.csupueblo.edu/,1005,0.9984,NA,21500,3028,0.2785,0.4171,0.0624,0.3616,0.0192,0.0073,0.0036,0.0918,0.0205,0.0165,0.4209,23891,Pueblo,CO,1,1
Pickens Technical College,www.pickenstech.org/,NA,NA,NA,NA,646,0.3302,0.2322,0.1594,0.4954,0.0557,0.0015,0.0031,0.0263,0.0263,0,NA,11474,Aurora,CO,1,1
Intellitec College-Colorado Springs,intellitec.edu/,NA,NA,NA,11667,816,0.5315,0.5208,0.19,0.2304,0.027,0.0098,0,0,0,0.0221,NA,NA,Colorado Springs,CO,0,1
Intellitec College-Grand Junction,intellitec.edu/,NA,NA,NA,10769,1160,0.6434,0.5172,0.05,0.3647,0.0095,0.0414,0.0017,0,0,0.0155,NA,NA,Grand Junction,CO,0,1
Trinidad State College,www.trinidadstate.edu/,NA,NA,NA,8908,1168,0.4106,0.3545,0.083,0.4443,0.0068,0.0231,0,0.0334,0.0231,0.0317,NA,21373,Trinidad,CO,1,0
United States Air Force Academy,www.usafa.edu/,1362,0.1393,NA,NA,4124,NA,0.6341,0.058,0.1193,0.0723,0.0017,0.0058,0.0827,0.0145,0.0116,0.8609,NA,USAF Academy,CO,1,0
Empire Beauty School-Thornton,www.empire.edu/,NA,NA,NA,10667,104,0.4154,0.3077,0.0577,0.4135,0,0.0096,0,0.0288,0,0.1827,NA,NA,Thornton,CO,0,1
Western Colorado University,www.western.edu/,1130,0.9747,NA,20250,1653,0.1347,0.7247,0.0315,0.1289,0.0121,0.0115,0.0018,0.0375,0.0079,0.0442,0.4957,25426,Gunnison,CO,1,0
Albertus Magnus College,https://www.albertus.edu/,NA,0.6437,NA,30964,882,0.4711,0.3571,0.2732,0.2574,0.0159,0.0011,0,0.0351,0.042,0.0181,0.5597,56268,New Haven,CT,0,1
Bais Binyomin Academy,https://baisbinyominacademy.com/,NA,0.7879,NA,NA,50,0.6667,0.94,0,0,0,0,0,0,0.06,0,0,30640,Monsey,NY,0,1
University of Bridgeport,www.bridgeport.edu/,985,0.6431,NA,25750,1450,0.5168,0.2531,0.3262,0.3055,0.0448,0.0034,0,0.0048,0.0421,0.02,0.4608,52786,Bridgeport,CT,0,1
Central Connecticut State University,www.ccsu.edu/,1091,0.7553,29,22300,7670,0.3486,0.5425,0.1349,0.2,0.0501,0.001,4e-4,0.0306,0.0186,0.0218,0.5771,24112,New Britain,CT,1,1
Charter Oak State College,https://www.charteroak.edu/,NA,NA,NA,18683,1620,0.3771,0.4944,0.2068,0.2247,0.029,0.0012,0.0019,0.0235,0.0037,0.0148,NA,22558,New Britain,CT,1,1
Cortiva Institute,www.cortiva.edu/,NA,NA,NA,11259,220,0.4218,0.2864,0.25,0.35,0.0409,0,0,0.0136,0,0.0591,NA,NA,Cromwell,CT,0,1
Connecticut College,www.conncoll.edu/,1412,0.3828,NA,23500,1960,0.1432,0.6867,0.0439,0.1158,0.0362,0,0.001,0.0388,0.0607,0.0168,0.8096,82219,New London,CT,0,1
Porter & Chester Institute of Hamden,www.porterchester.edu/,NA,NA,NA,12350,333,0.5892,0.1922,0.2913,0.3093,0.03,0.006,0,0.048,0,0.1231,NA,26012,Hamden,CT,0,1
University of Connecticut,uconn.edu/,1338,0.5395,NA,21500,19147,0.2416,0.5034,0.0728,0.1614,0.1304,9e-4,4e-4,0.0462,0.0776,0.0068,0.8377,36572,Storrs,CT,1,0
Goodwin University,www.goodwin.edu/,NA,NA,NA,33500,2761,0.4843,0.3716,0.2633,0.2485,0.0272,0.0054,0.0022,0.0087,0.004,0.0692,0.3125,39745,East Hartford,CT,0,1
Lincoln Technical Institute-East Windsor,www.lincolntech.edu/campus/east-windsor-ct,NA,NA,NA,11250,971,0.4672,0.3708,0.1267,0.207,0.0185,0.001,0.0021,0.0371,0,0.2369,NA,NA,East Windsor,CT,0,1
Eastern Connecticut State University,https://www.easternct.edu/,1200,0.8055,NA,24250,3377,0.2817,0.6444,0.0891,0.1377,0.0234,3e-4,9e-4,0.0403,0.0038,0.0601,0.5826,30805,Willimantic,CT,1,0
Fairfield University,fairfield.edu/,1323,0.4498,NA,26000,4938,0.0683,0.8147,0.0113,0.0751,0.019,2e-4,4e-4,0.0174,0.02,0.0417,0.8404,73371,Fairfield,CT,0,1
Paul Mitchell the School-North Haven,paulmitchell.edu/northhaven,NA,NA,NA,6333,191,0.3838,0.3351,0.2565,0.3194,0.0105,0.0052,0.0052,0.0419,0.0052,0.0209,NA,NA,North Haven,CT,0,1
Connecticut State Community College,https://ctstate.edu/,NA,NA,NA,9200,32292,0.4371,0.396,0.1691,0.3234,0.0413,0.0023,0.0015,0.0377,0.0051,0.0234,NA,15360,Hartford,CT,1,1
American Institute-West Hartford,americaninstitute.edu/,NA,NA,NA,11979,396,0.674,0.1944,0.1995,0.3535,0.1111,0.0177,0,0.0328,0,0.0909,NA,NA,West Hartford,CT,0,1
University of Hartford,www.hartford.edu/,1207,0.8301,NA,27000,4032,0.2976,0.5107,0.1639,0.1726,0.0392,0.0042,0.0017,0.0206,0.034,0.0531,0.6107,62273,West Hartford,CT,0,1
Holy Apostles College and Seminary,www.holyapostles.edu/,NA,NA,NA,12541,203,0.1624,0.6502,0.0099,0.202,0.0591,0.0049,0,0.0049,0.0591,0.0099,0.5714,20740,Cromwell,CT,0,1
Mitchell College,https://www.mitchell.edu/,NA,0.7336,NA,25150,421,0.3933,0.5582,0.1473,0.1948,0.0119,0.0071,0.0024,0.0333,0.0048,0.0404,0.4202,54089,New London,CT,0,1
Lincoln Technical Institute-New Britain,www.lincolntech.edu/campus/new-britain-ct,NA,NA,NA,11250,783,0.5975,0.2439,0.3372,0.3282,0.0204,0.0013,0.0013,0.0587,0,0.0089,NA,NA,New Britain,CT,0,1
New England Tractor Trailer Training School of Connecticut,www.nettts.com/,NA,NA,NA,6333,293,0.568,0.3413,0.3447,0.3072,0,0,0.0068,0,0,0,NA,NA,Somers,CT,0,0
University of New Haven,www.newhaven.edu/,1190,0.8055,NA,27000,4799,0.274,0.5374,0.1084,0.2069,0.031,0.0017,6e-4,0.0363,0.0342,0.0436,0.6656,63970,West Haven,CT,0,1
Paier College,www.paier.edu/,NA,0.6154,NA,NA,183,0.6636,0.4372,0.224,0.2295,0.0492,0.0055,0.0109,0.0383,0,0.0055,0.5714,34980,Bridgeport,CT,0,1
Porter & Chester Institute,www.porterchester.edu/,NA,NA,NA,12000,1405,0.4664,0.2676,0.2747,0.2199,0.0142,0.0028,0.0498,0.0434,0,0.1274,NA,25552,Bridgeport,CT,0,1
Post University,www.post.edu/,NA,NA,NA,30157,18975,0.7298,0.4331,0.3734,0.0652,0.0096,0.0132,0.0042,0.0869,4e-4,0.0139,0.2215,27202,Waterbury,CT,0,1
Quinnipiac University,www.qu.edu/,1212,0.77,NA,26000,6208,0.1551,0.7384,0.0412,0.1149,0.0345,0.001,6e-4,0.0282,0.0185,0.0227,0.8033,69666,Hamden,CT,0,1
Sacred Heart University,https://www.sacredheart.edu/,NA,0.6768,NA,25000,6904,0.1517,0.7646,0.0346,0.1301,0.0169,0.001,3e-4,0.0236,0.0109,0.018,0.7395,66669,Fairfield,CT,0,1
University of Saint Joseph,https://www.usj.edu/,1100,0.7964,NA,27000,825,0.361,0.5927,0.1042,0.1818,0.057,0,0,0.0364,0.017,0.0109,0.5687,56786,West Hartford,CT,0,1
Southern Connecticut State University,www.southernct.edu/,NA,0.8112,NA,22250,6180,0.3727,0.4356,0.1994,0.2458,0.0395,0.0013,2e-4,0.0443,0.0068,0.0272,0.5417,28592,New Haven,CT,1,1
Trinity College,https://www.trincoll.edu/,1396,0.3352,NA,23000,2193,0.1518,0.6097,0.0561,0.0907,0.0451,0.0023,0,0.0392,0.1377,0.0192,0.8533,83090,Hartford,CT,0,1
United States Coast Guard Academy,https://www.uscga.edu/,1290,0.2432,37,NA,1081,NA,0.6281,0.0287,0.136,0.0574,9e-4,0.0028,0.1073,0.0278,0.0111,0.9205,NA,New London,CT,1,1
Wesleyan University,https://www.wesleyan.edu/,1513,0.171,NA,17000,2973,0.1499,0.5402,0.0585,0.1026,0.0928,3e-4,7e-4,0.073,0.1036,0.0283,0.9128,85172,Middletown,CT,0,1
Western Connecticut State University,https://www.wcsu.edu/,1044,0.8136,NA,24147,3434,0.3464,0.4968,0.0944,0.2941,0.0451,0.0047,3e-4,0.0536,0.0029,0.0082,0.5353,24534,Danbury,CT,1,1
Yale University,https://www.yale.edu/,1534,0.045,NA,12975,6811,0.1916,0.3239,0.0881,0.1571,0.2283,0.0041,0.0015,0.0722,0.1063,0.0185,0.9743,85120,New Haven,CT,0,1
Margaret H Rollins School of Nursing at Beebe Medical Center,www.beebehealthcare.org/school-nursing,NA,NA,NA,12000,43,0.4314,0.7674,0.093,0.0465,0,0,0,0.093,0,0,NA,NA,Lewes,DE,0,0
Dawn Career Institute LLC,https://www.dawncareerinstitute.edu/,NA,NA,NA,9500,385,0.408,0.0987,0.639,0.1195,0.0156,0,0,0.0779,0,0.0494,NA,NA,Newark,DE,0,1
Delaware Technical Community College-Terry,https://www.dtcc.edu/,NA,NA,NA,10500,11012,0.3849,0.4182,0.2813,0.1762,0.032,0.0041,9e-4,0.0459,0.0093,0.0321,NA,13177,Dover,DE,1,1
Delaware State University,www.desu.edu/,984,0.6167,NA,26000,4630,0.4335,0.0715,0.7514,0.0849,0.0108,0.0015,6e-4,0.0587,0.0188,0.0017,0.4882,27536,Dover,DE,1,1
University of Delaware,www.udel.edu/,1297,0.6511,37,24572,18812,0.1565,0.6743,0.0637,0.0988,0.0552,0.0013,3e-4,0.0521,0.0379,0.0163,0.8442,29347,Newark,DE,1,1
Goldey-Beacom College,www.gbc.edu/,NA,0.7653,NA,18900,634,0.3887,0.3722,0.2145,0.1656,0.0142,0.0016,0.0016,0.0473,0.0789,0.1041,0.5625,24633,Wilmington,DE,0,1
Schilling-Douglas School of Hair Design,schillingdouglas.edu/,NA,NA,NA,9833,166,0.4777,0.3916,0.3494,0.1627,0.0482,0,0,0.0482,0,0,NA,NA,Newark,DE,0,1
Wilmington University,www.wilmu.edu/,NA,NA,NA,20000,8497,0.2631,0.47,0.2243,0.1619,0.0326,0.0044,0.0021,0.0455,0.0307,0.0284,0.2683,19326,New Castle,DE,0,1
American University,www.american.edu/,1392,0.4738,38,22750,7593,0.1273,0.5687,0.0788,0.128,0.0711,3e-4,5e-4,0.0569,0.0661,0.0296,0.7892,71549,Washington,DC,0,1
The Catholic University of America,https://www.catholic.edu/,NA,0.8384,NA,26000,3063,0.1674,0.5759,0.093,0.1943,0.03,7e-4,3e-4,0.0464,0.0307,0.0287,0.7378,73198,Washington,DC,0,1
University of the District of Columbia,www.udc.edu/,NA,NA,NA,24872,3080,0.4282,0.0321,0.5419,0.2789,0.013,0.0029,3e-4,0.0273,0.036,0.0675,0.466,20911,Washington,DC,1,1
Gallaudet University,www.gallaudet.edu/,857,0.6094,NA,18000,879,0.5427,0.4209,0.1752,0.2298,0.0501,0.0068,0.0068,0.0171,0.0444,0.0489,0.6348,39416,Washington,DC,0,1
George Washington University,https://www.gwu.edu/,1433,0.4354,39,20449,10848,0.1483,0.4929,0.0765,0.1309,0.1495,5e-4,7e-4,0.0548,0.0768,0.0173,0.8432,80727,Washington,DC,0,1
Georgetown University,www.georgetown.edu/,1494,0.1308,NA,15500,7462,0.1032,0.4854,0.0505,0.0622,0.1514,7e-4,0.0015,0.0607,0.1375,0.0501,0.9552,84696,Washington,DC,0,1
Howard University,www.howard.edu/,1205,0.3489,NA,24500,9604,0.4053,0.0026,0.7143,0.0691,0.0308,0.0037,0.0011,0.0514,0.0494,0.0775,0.6486,51450,Washington,DC,0,1
Strayer University-District of Columbia,www.strayer.edu/campus-locations/district-columbia/washington,NA,NA,NA,40621,309,0.7111,0.0809,0.7994,0.0615,0,0.0032,0.0032,0.0388,0,0.0129,0,NA,Washington,DC,0,1
National Conservatory of Dramatic Arts,www.theconservatory.org/,NA,NA,NA,NA,25,0.1667,0.36,0.32,0,0,0.04,0,0.24,0,0.04,NA,NA,Washington,DC,0,1
Trinity Washington University,www.trinitydc.edu/,NA,0.9919,NA,28250,1415,0.5131,0.0148,0.5809,0.3371,0.0106,0,0,0.0219,0.0113,0.0233,0.4194,35061,Washington,DC,0,1
Atlantic Technical College,www.atlantictechnicalcollege.edu/,NA,NA,NA,NA,2672,0.0618,0.3746,0.2882,0.3031,0.0079,0.0037,0.0019,0.0206,0,0,NA,NA,Coconut Creek,FL,1,1
Baptist University of Florida,www.buf.edu/,1045,0.641,NA,23590,248,0.3403,0.6331,0.0565,0.0121,0.0161,0.004,0,0.0685,0,0.2097,0.3421,20596,Graceville,FL,0,0
Barry University,www.barry.edu/,NA,0.5907,NA,26997,2245,0.4571,0.1087,0.3782,0.3479,0.0143,0.0031,9e-4,0.0312,0.1065,0.0094,0.4084,48300,Miami,FL,0,1
Bethune-Cookman University,https://www.cookman.edu/,913,0.9985,NA,31000,2414,0.7694,0.0054,0.5812,0.0331,4e-4,0.0017,4e-4,0.0162,0.0186,0.343,0.3392,29782,Daytona Beach,FL,0,1
Lynn University,https://www.lynn.edu/,1136,0.7395,27,17940,2820,0.2272,0.5032,0.0915,0.1922,0.0145,0.0018,0.0011,0.0333,0.1301,0.0323,0.5098,60817,Boca Raton,FL,0,1
North Florida Technical College,www.nftc.edu/,NA,NA,NA,NA,65,0.125,0.6,0.3692,0,0,0,0.0308,0,0,0,NA,NA,Starke,FL,1,0
Eastern Florida State College,www.easternflorida.edu/,NA,NA,NA,12250,10162,0.2788,0.5837,0.1167,0.1848,0.0248,0.0024,0.0018,0.0562,0.0163,0.0133,NA,11174,Melbourne,FL,1,1
Broward College,www.broward.edu/,NA,NA,NA,7500,23799,0.4002,0.1227,0.3307,0.377,0.0327,0.002,0.0024,0.0416,0.0623,0.0287,NA,24948,Fort Lauderdale,FL,1,1
Albizu University-Miami,https://www.albizu.edu/,NA,1,NA,5500,225,0.5161,0.0311,0.0178,0.8756,0,0,0,0,0.0089,0.0667,0,48144,Miami,FL,0,1
College of Central Florida,www.cf.edu/,NA,NA,NA,13000,4717,0.4047,0.5739,0.109,0.2039,0.0267,0.0017,0.0032,0.0411,0.0201,0.0204,NA,17950,Ocala,FL,1,1
Johnson University Florida,johnsonu.edu/,940,0.2332,NA,21500,136,0.4645,0.2206,0.1985,0.2059,0,0,0,0.0294,0.3015,0.0441,0.3333,29179,Kissimmee,FL,0,1
University of Central Florida,www.ucf.edu/,1277,0.3952,NA,18190,59095,0.3342,0.435,0.0919,0.3078,0.0772,0.0011,0.0012,0.0479,0.0289,0.009,0.7755,22819,Orlando,FL,1,1
Charlotte Technical College,www.charlottetechcollege.net/ctc,NA,NA,NA,NA,295,0.3015,0.6203,0.1254,0.1763,0.0237,0.0102,0.0034,0.0305,0.0102,0,NA,15126,Port Charlotte,FL,1,1
Chipola College,https://www.chipola.edu/,NA,NA,NA,NA,1218,0.2689,0.6585,0.1585,0.0649,0.0074,0.0025,0.0016,0.0517,0.0181,0.0369,NA,8804,Marianna,FL,1,0
Lorenzo Walker Technical College,lwtc.edu/,NA,NA,NA,NA,767,0.1723,0.2034,0.193,0.575,0.013,0.0013,0.0013,0.013,0,0,NA,NA,Naples,FL,1,1
Daytona State College,www.daytonastate.edu/,NA,NA,NA,8250,9367,0.3393,0.5286,0.1429,0.2269,0.024,0.0018,9e-4,0.0501,0.006,0.0189,NA,11662,Daytona Beach,FL,1,1
South University-West Palm Beach,"www.southuniversity.edu/west-palm-beach#location=West Palm Beach, FL",NA,NA,NA,26123,284,0.5677,0.1232,0.5634,0.1937,0.0141,0.0106,0.0035,0.0282,0.0211,0.0423,0.3571,28722,Royal Palm Beach,FL,0,1
Eckerd College,https://www.eckerd.edu/,1256,0.7869,NA,27000,1984,0.1621,0.756,0.0257,0.0993,0.0197,0.0015,0.001,0.0585,0.0368,0.0015,0.686,66936,Saint Petersburg,FL,0,1
Florida SouthWestern State College,https://www.fsw.edu/,NA,NA,NA,8000,10613,0.3357,0.3386,0.1387,0.379,0.02,0.004,0.001,0.0237,0.0301,0.065,NA,14644,Fort Myers,FL,1,1
Edward Waters University,www.ew.edu/,NA,0.8481,NA,NA,1113,0.7557,0.0494,0.8401,0.0198,0.0027,0.0036,0.0018,0.0171,0.0027,0.0629,0.2896,26973,Jacksonville,FL,0,1
Embry-Riddle Aeronautical University-Daytona Beach,daytonabeach.erau.edu/,1256,0.6628,NA,23666,7535,0.1507,0.5735,0.0451,0.1521,0.049,0.002,0.0013,0.053,0.1011,0.023,0.646,59972,Daytona Beach,FL,0,1
Florida Agricultural and Mechanical University,www.famu.edu/,1100,0.2112,27,23548,7516,0.5557,0.0305,0.8924,0.054,0.0028,9e-4,0,0.0184,9e-4,1e-4,0.5783,24047,Tallahassee,FL,1,1
Florida Atlantic University,www.fau.edu/,1119,0.7344,28,17236,23458,0.3515,0.415,0.1733,0.2887,0.0393,8e-4,9e-4,0.0408,0.0279,0.0132,0.5709,21054,Boca Raton,FL,1,1
Florida State College at Jacksonville,www.fscj.edu/,NA,NA,NA,13562,17739,0.3336,0.4253,0.2746,0.0938,0.0317,0.0032,0.0045,0.119,0.0402,0.0077,NA,8994,Jacksonville,FL,1,1
Flagler College,https://www.flagler.edu/,1099,0.7809,NA,24250,2404,0.2831,0.7242,0.0295,0.1344,0.0096,0.0017,8e-4,0.0387,0.0308,0.0304,0.579,41734,Saint Augustine,FL,0,1
Florida College,www.floridacollege.edu/,1068,0.6645,28,12000,589,0.209,0.7555,0.034,0.0645,0.0187,0.0051,0.0051,0.0441,0.0374,0.0357,0.2947,32188,Temple Terrace,FL,0,1
Concorde Career Institute-Jacksonville,https://www.concorde.edu/campus/jacksonville-florida,NA,0.9647,NA,9500,140,0.7052,0.1071,0.3929,0.0643,0.0071,0.0071,0,0.0286,0,0.3929,NA,NA,Jacksonville,FL,0,1
Concorde Career Institute-Miramar,https://www.concorde.edu/campus/miramar-florida,NA,0.9906,NA,9933,137,0.6335,0.0146,0.3358,0.1752,0.0073,0.0146,0,0.0073,0,0.4453,NA,NA,Miramar,FL,0,1
Concorde Career Institute-Tampa,https://www.concorde.edu/campus/tampa-florida,NA,0.9854,NA,9500,132,0.6967,0.1515,0.2121,0.3939,0.0076,0,0.0076,0.0076,0,0.2197,NA,NA,Tampa,FL,0,1
AdventHealth University,www.ahu.edu/,NA,NA,NA,24590,1068,0.3739,0.309,0.1713,0.3708,0.0403,0,0.0056,0.0281,0.0449,0.03,0.4167,38194,Orlando,FL,0,1
Florida Institute of Technology,https://www.fit.edu/,1213,0.6253,NA,27000,3235,0.201,0.5428,0.0488,0.1598,0.025,0.0028,0.0015,0.0303,0.162,0.0269,0.6708,60387,Melbourne,FL,0,1
Florida International University,www.fiu.edu/,1154,0.5884,30,16500,38761,0.4042,0.0885,0.1109,0.6768,0.0271,5e-4,4e-4,0.0206,0.0703,0.005,0.7077,20556,Miami,FL,1,1
The College of the Florida Keys,https://www.cfk.edu/,NA,NA,NA,9500,823,0.2999,0.4727,0.1021,0.3123,0.0085,0.0012,0.0024,0.0231,0.0194,0.0583,NA,19965,Key West,FL,1,0
Florida Memorial University,www.fmuniv.edu/,NA,0.7431,NA,30063,1299,0.6621,0.0293,0.7737,0.0377,0.0015,8e-4,0,0.0054,0.1316,0.02,0.3251,31940,Miami Gardens,FL,0,1
Florida Career College-Miami,https://www.floridacareercollege.edu/,NA,NA,NA,9500,130,0.7377,0.0154,0.1538,0.4154,0,0,0,0.0154,0,0.4,NA,NA,Miami,FL,0,1
Florida School of Massage,floridaschoolofmassage.com/,NA,NA,NA,7073,32,0.5341,0.7813,0.1875,0,0,0,0,0.0313,0,0,NA,NA,Gainesville,FL,0,0
Florida Southern College,www.flsouthern.edu/,1263,0.5907,NA,25000,2607,0.2602,0.6659,0.0633,0.1542,0.0269,0.0042,0.0015,0.0395,0.0418,0.0027,0.6773,57174,Lakeland,FL,0,1
Florida State University,https://www.fsu.edu/,1323,0.2538,NA,18000,31812,0.2375,0.5821,0.0739,0.2318,0.0373,9e-4,7e-4,0.0435,0.0166,0.0132,0.839,23683,Tallahassee,FL,1,1
University of Florida,https://www.ufl.edu/,1397,0.2403,38,15000,34102,0.2198,0.4999,0.0508,0.2424,0.1194,5e-4,4e-4,0.0491,0.0215,0.016,0.9143,21719,Gainesville,FL,1,1
Fort Pierce Beauty Academy,fpbeauty.com/,NA,NA,NA,7917,30,0.9767,0.4,0.6,0,0,0,0,0,0,0,NA,NA,Fort Pierce,FL,0,1
Full Sail University,www.fullsail.edu/,NA,NA,NA,27000,25195,0.5669,0.3703,0.3038,0.1885,0.0178,0.0069,0.0023,0.0684,1e-4,0.0419,0.4405,39814,Winter Park,FL,0,1
George Stone Technical College,www.georgestonecollege.edu/,NA,NA,NA,NA,566,0.2094,0.6272,0.1873,0.076,0.0124,0.0035,0.0035,0.0901,0,0,NA,NA,Pensacola,FL,1,1
George T Baker Aviation Technical College,https://www.bakeraviationtechcollege.com/,NA,NA,NA,NA,922,0.2594,0.0792,0.1128,0.8026,0,0,0,0.0043,0,0.0011,NA,NA,Miami,FL,1,1
Gulf Coast State College,https://gulfcoast.edu/,NA,NA,NA,7147,3614,0.2763,0.6801,0.1253,0.0814,0.0335,0.0066,3e-4,0.0551,0.0072,0.0105,NA,12208,Panama City,FL,1,1
Key College,www.keycollege.edu/,NA,NA,NA,NA,16,0.2609,0.5,0.25,0.125,0,0,0,0,0.125,0,NA,16912,Fort Lauderdale,FL,0,1
Hillsborough Community College,https://www.hccfl.edu/,NA,NA,NA,9762,19998,0.416,0.308,0.1754,0.3874,0.035,0.0019,0.0018,0.0482,0.0173,0.0251,NA,10168,Tampa,FL,1,1
Hobe Sound Bible College,https://hsbc.edu/,NA,NA,NA,NA,125,0.2667,0.672,0.04,0.088,0,0,0,0.008,0.112,0.08,0.3077,17545,Hobe Sound,FL,0,1
Hollywood Institute of Beauty Careers,www.hi.edu/,NA,NA,NA,6199,286,0.729,0.0594,0.5594,0.2762,0.007,0,0.0944,0.0035,0,0,NA,NA,Hollywood,FL,0,1
Cortiva Institute,www.cortiva.com/,NA,NA,NA,7521,138,0.4138,0.471,0.1957,0.2246,0.0362,0,0,0.0507,0,0.0217,NA,NA,St. Petersburg,FL,0,1
Indian River State College,www.irsc.edu/,NA,NA,NA,8023,11571,0.3302,0.3156,0.1294,0.4785,0.0118,0.0014,9e-4,0.0227,0.0178,0.0219,NA,11764,Fort Pierce,FL,1,1
International Academy,www.intl-academy.com/,NA,NA,NA,7917,191,0.4509,0.5183,0.3508,0.0995,0.0105,0,0,0.0052,0,0.0157,NA,NA,South Daytona,FL,0,1
Jacksonville University,https://www.ju.edu/index.php,1211,0.5729,NA,22000,2649,0.2993,0.5334,0.1487,0.1601,0.0227,0.0026,0.0023,0.0464,0.0506,0.0332,0.4828,61414,Jacksonville,FL,0,1
Keiser University-Ft Lauderdale,www.keiseruniversity.edu/,NA,0.9742,NA,26125,17370,0.5756,0.2131,0.1873,0.2718,0.0161,0.0072,0.0033,0.0151,0.0184,0.2676,0.5612,45701,Fort Lauderdale,FL,0,1
La Belle Beauty School,labellebeauty.net/,NA,NA,NA,7807,239,0.1051,0,0,1,0,0,0,0,0,0,NA,NA,Hialeah,FL,0,1
Florida Gateway College,https://www.fgc.edu/,NA,NA,NA,6992,2231,0.3755,0.6885,0.1784,0.0896,0.0081,0.0031,0,0.0296,9e-4,0.0018,NA,11879,Lake City,FL,1,0
Lake Technical College,www.laketech.org/,NA,NA,NA,NA,738,0.2766,0.5854,0.1409,0.2371,0.0163,0.0027,0.0027,0.0149,0,0,NA,NA,Eustis,FL,1,1
Lake-Sumter State College,www.lssc.edu/,NA,NA,NA,6750,3572,0.3002,0.47,0.1271,0.2982,0.0398,0.0073,0.0031,0.0218,0.0084,0.0244,NA,12292,Leesburg,FL,1,1
Fort Myers Technical College,www.fortmyerstech.edu/,NA,NA,NA,NA,668,0.265,0.4491,0.1347,0.3653,0.0045,0.0015,0.0015,0.0284,0.015,0,NA,NA,Fort Myers,FL,1,1
Lively Technical College,www.livelytech.com/,NA,NA,NA,NA,785,0.2359,0.372,0.5083,0.0624,0.0076,0.0025,0,0.0446,0.0025,0,NA,NA,Tallahassee,FL,1,1
Lindsey Hopkins Technical College,www.lindseyhopkins.edu/,NA,NA,NA,NA,388,0.2015,0.0361,0.4948,0.2964,0.0052,0,0,0.0052,0.1624,0,NA,NA,Miami,FL,1,1
Loraines Academy & Spa,www.genesiscareer.edu/loraines-academy-spa-st-petersburg-fl/,NA,NA,NA,6333,85,0.6162,0.3765,0.3176,0.1294,0.0235,0,0.0118,0.0588,0,0.0824,NA,NA,Saint Petersburg,FL,0,1
Luther Rice College & Seminary,www.lutherrice.edu/,NA,0.3429,NA,34153,195,0.4953,0.4923,0.441,0.0308,0.0154,0.0051,0,0,0,0.0154,NA,11544,Lithonia,GA,0,1
State College of Florida-Manatee-Sarasota,www.scf.edu/,NA,NA,NA,9000,7161,0.3606,0.5427,0.0876,0.256,0.0388,0.0057,0.0013,0.0034,0.0268,0.0378,NA,28277,Bradenton,FL,1,1
Manatee Technical College,www.manateetech.edu/,NA,NA,NA,NA,1117,0.282,0.4324,0.1074,0.3697,0.0134,0,9e-4,0.0555,0.0206,0,NA,NA,Bradenton,FL,1,1
Traviss Technical College,www.traviss.edu/,NA,NA,NA,NA,336,0.4014,0.4167,0.1935,0.3006,0.0089,0.003,0.003,0.0357,0.0387,0,NA,NA,Lakeland,FL,1,0
Merryfield Academy,https://www.merryfield.edu/,NA,NA,NA,6333,65,0.5752,0.2308,0.1846,0.5231,0.0615,0,0,0,0,0,NA,NA,Oakland Park,FL,0,1
Trinity International University-Florida,https://tiu.edu/florida/,NA,NA,NA,26082,69,0.5738,0.1304,0.3043,0.4203,0,0,0,0,0.058,0.087,NA,22540,Miami,FL,0,1
Miami Lakes Educational Center and Technical College,https://miamilakes.edu/,NA,NA,NA,NA,730,0.1017,0.0466,0.3288,0.5658,0.0096,0.0027,0.0014,0.0041,0.0411,0,NA,NA,Miami Lakes,FL,1,1
Miami Dade College,www.mdc.edu/,NA,NA,NA,9252,35001,0.4504,0.0381,0.1393,0.7184,0.0097,4e-4,4e-4,0.0085,0.0791,0.0061,NA,12535,Miami,FL,1,1
University of Miami,www.miami.edu/,1416,0.1851,39,17500,12570,0.154,0.4829,0.0824,0.2359,0.0475,0.001,8e-4,0.0426,0.0798,0.0271,0.8405,77708,Coral Gables,FL,0,1
Orange Technical College-South Campus,www.orangetechcollege.net/,NA,NA,NA,NA,1157,0.0797,0.357,0.21,0.3639,0.0294,0.0078,0.0043,0.0043,0.0233,0,NA,NA,Orlando,FL,1,1
Paul Mitchell the School-Jacksonville,paulmitchell.edu/jacksonville,NA,NA,NA,13000,117,0.3763,0.6838,0.1966,0.0427,0.0085,0,0,0.0598,0,0.0085,NA,NA,Jacksonville,FL,0,1
North Florida College,https://www.nfc.edu/,NA,NA,NA,NA,817,0.3878,0.5692,0.2938,0.0942,0.0061,0.0049,0.0024,0.0196,0.0024,0.0073,NA,8897,Madison,FL,1,0
University of North Florida,https://www.unf.edu/,1115,0.6227,29,15531,13915,0.3075,0.5676,0.122,0.1626,0.0584,0.0022,0.0013,0.0561,0.0191,0.0108,0.6372,20229,Jacksonville,FL,1,1
Nova Southeastern University,www.nova.edu/,1182,0.7267,NA,24250,7171,0.3685,0.2754,0.1517,0.3357,0.1178,8e-4,0.0011,0.0296,0.0622,0.0257,0.6082,55647,Fort Lauderdale,FL,0,1
Northwest Florida State College,https://www.nwfsc.edu/,NA,NA,NA,7932,3193,0.2187,0.6254,0.099,0.1334,0.0288,0.0078,0.0034,0.0758,0.0113,0.015,NA,12217,Niceville,FL,1,1
Orange Technical College,https://www.orangetechcollege.net/,NA,NA,NA,NA,189,0.0994,0.164,0.455,0.3175,0.0476,0,0,0.0106,0,0.0053,NA,NA,Orlando,FL,1,1
Palm Beach Atlantic University,www.pba.edu/,1101,0.8832,NA,22500,2427,0.251,0.5266,0.0952,0.1739,0.0231,0.0037,8e-4,0.1075,0.0532,0.0161,0.6137,55576,West Palm Beach,FL,0,1
Palm Beach State College,www.palmbeachstate.edu/,NA,NA,NA,7081,20532,0.3811,0.2461,0.3031,0.355,0.0248,0.0017,0.0015,0.0253,0.0254,0.0172,NA,16741,Lake Worth,FL,1,1
Pasco-Hernando State College,https://www.phsc.edu/,NA,NA,NA,9535,6933,0.2963,0.5181,0.0676,0.2565,0.028,0.0016,0.0014,0.044,0.0149,0.0679,NA,11152,New Port Richey,FL,1,1
Pensacola State College,www.pensacolastate.edu/,NA,NA,NA,7500,6725,0.3496,0.5749,0.2034,0.1007,0.023,0.007,0.0039,0.0724,0.0147,0,NA,9718,Pensacola,FL,1,1
Pinellas Technical College-Clearwater,www.myptc.edu/,NA,NA,NA,NA,730,0.1942,0.5096,0.1616,0.2205,0.0384,0,0.0055,0.0233,0.0411,0,NA,NA,Clearwater,FL,1,1
Polk State College,www.polk.edu/,NA,NA,NA,10076,5954,0.3256,0.4234,0.1896,0.2961,0.0277,0.002,0.002,0.0341,0.0148,0.0102,NA,12709,Winter Haven,FL,1,1
Radford M Locklin Technical College,www.locklintech.com/,NA,NA,NA,NA,235,0.1599,0.8213,0.0638,0.0426,0.0085,0.0085,0,0.0553,0,0,NA,NA,Milton,FL,1,0
Ridge Technical College,www.ridge.edu/,NA,NA,NA,NA,375,0.5672,0.312,0.256,0.424,0.0027,0,0,0,0,0.0053,NA,27493,Winter Haven,FL,1,1
Ringling College of Art and Design,https://www.ringling.edu/,NA,0.6737,NA,27000,1719,0.2111,0.4427,0.0303,0.1507,0.0948,0.0023,0.0017,0.0471,0.2059,0.0244,0.8146,75726,Sarasota,FL,0,1
Robert Morgan Educational Center and Technical College,www.robertmorgantech.net/,NA,NA,NA,NA,868,0.223,0.0749,0.2074,0.6302,0.0081,0.0023,0.0012,0.0115,0.0645,0,NA,NA,Miami,FL,1,1
Rollins College,www.rollins.edu/,1304,0.4056,NA,25500,2582,0.221,0.5906,0.0577,0.1805,0.0325,8e-4,0.0015,0.0418,0.0778,0.0167,0.7149,72790,Winter Park,FL,0,1
First Coast Technical College,fctc.edu/,NA,NA,NA,NA,369,0.2914,0.6504,0.1707,0.1274,0.019,0,0,0.0325,0,0,NA,NA,Saint Augustine,FL,1,1
Saint Leo University,www.saintleo.edu/,NA,0.721,NA,25278,6999,0.3682,0.2499,0.181,0.1572,0.0081,0.0031,0.0011,0.0173,0.048,0.3342,0.4579,41727,Saint Leo,FL,0,0
St Petersburg College,www.spcollege.edu/,NA,NA,NA,16868,18759,0.3309,0.545,0.1398,0.1973,0.0424,0.003,0.0025,0.0423,0.0098,0.0179,NA,10634,St. Petersburg,FL,1,1
Pinellas Technical College-St. Petersburg,www.myptc.edu/,NA,NA,NA,NA,1421,0.2109,0.4293,0.3251,0.1541,0.0246,0.0021,7e-4,0.0415,0.0225,0,NA,NA,Saint Petersburg,FL,1,1
Santa Fe College,www.sfcollege.edu/,NA,NA,NA,11310,11133,0.275,0.5045,0.1204,0.2258,0.0393,0.0027,0.0011,0.0469,0.031,0.0284,NA,14353,Gainesville,FL,1,1
Suncoast Technical College,www.sarasotacountyschools.net/suncoasttechnicalcollege,NA,NA,NA,NA,1102,0.1052,0.6207,0.0917,0.235,0.0209,0,0,0.0318,0,0,NA,NA,Sarasota,FL,1,1
Seminole State College of Florida,https://www.seminolestate.edu/,NA,NA,NA,11047,11790,0.2695,0.4081,0.1556,0.3152,0.0377,0.0016,0.0018,0.0405,0.0232,0.0163,NA,9152,Sanford,FL,1,1
Sheridan Technical College,www.sheridantechnicalcollege.edu/,NA,NA,NA,NA,1245,0.2654,0.1422,0.5213,0.2755,0.0169,0.0072,0.0016,0.0353,0,0,NA,NA,Hollywood,FL,1,1
St. John Vianney College Seminary,www.sjvcs.edu/,NA,1,NA,NA,18,0,0.3333,0.0556,0.3333,0.0556,0.0556,0,0,0.1667,0,1,NA,Miami,FL,0,1
Saint Johns River State College,www.sjrstate.edu/,NA,NA,NA,12000,3909,0.1916,0.6165,0.12,0.1522,0.0279,0.0038,0.0026,0.0448,0.0059,0.0263,NA,12215,Palatka,FL,1,0
South Florida State College,www.southflorida.edu/,NA,NA,NA,7368,2084,0.4374,0.3546,0.12,0.4453,0.0216,5e-4,0.0038,0.0182,0.0144,0.0216,NA,9865,Avon Park,FL,1,1
University of South Florida,www.usf.edu/,1235,0.4096,33,17988,36299,0.2988,0.4439,0.079,0.2325,0.0863,0.001,0.0011,0.0437,0.0829,0.0294,0.7612,22301,Tampa,FL,1,1
St. Thomas University,www.stu.edu/,NA,0.994,NA,19125,1963,0.2498,0.1075,0.3561,0.3072,0.0036,0.002,0.0025,0.0367,0.1381,0.0464,0.4124,49762,Miami Gardens,FL,0,1
Stetson University,https://www.stetson.edu/,1208,0.8643,NA,23250,2292,0.3542,0.5039,0.1222,0.1968,0.0166,0.0013,0.0013,0.062,0.086,0.01,0.6357,69807,DeLand,FL,0,1
Southeastern University,https://www.seu.edu/,NA,0.7429,NA,21500,4646,0.2214,0.5594,0.1119,0.2383,0.0146,0.008,0.0032,0.0411,0.0146,0.0088,0.4812,43803,Lakeland,FL,0,1
Bene's Career Academy,https://www.benes.edu/,NA,NA,NA,6333,288,0.6444,0.6076,0.1111,0.2326,0.0035,0,0,0.0382,0,0.0069,NA,NA,New Port Richey,FL,0,1
Riveroak Technical College,rtc.suwannee.k12.fl.us/,NA,NA,NA,NA,241,0.3326,0.5851,0.1867,0.1909,0.0041,0,0.0041,0.029,0,0,NA,NA,Live Oak,FL,1,0
Tallahassee Community College,www.tcc.fl.edu/,NA,NA,NA,7668,10357,0.3699,0.3741,0.2639,0.2871,0.0129,0.0016,0.001,0.0323,0.0218,0.0051,NA,13188,Tallahassee,FL,1,1
Talmudic College of Florida,www.talmudicu.edu/,NA,NA,NA,NA,26,0.3939,0.8846,0,0,0,0,0,0,0.1154,0,0.6316,33000,Miami Beach,FL,0,1
The University of Tampa,https://www.ut.edu/,NA,0.4093,31,24211,10093,0.1561,0.7053,0.0269,0.1292,0.0177,0.0016,4e-4,0.0345,0.0525,0.0319,0.6224,49841,Tampa,FL,0,1
Big Bend Technical College,https://www.bbtc.edu/,NA,NA,NA,NA,160,0.3902,0.6875,0.2563,0.0438,0,0,0,0.0125,0,0,NA,NA,Perry,FL,1,0
Tom P. Haney Technical College,www.haney.edu/,NA,NA,NA,NA,432,0.4342,0.6134,0.1736,0.0856,0.0069,0.0069,0,0.0949,0.0185,0,NA,NA,Panama City,FL,1,1
Trinity Baptist College,www.tbc.edu/,1007,0.625,23,24250,363,0.4647,0.6033,0.1708,0.146,0.0028,0.0055,0.0028,0.0331,0.0055,0.0303,0.2121,25662,Jacksonville,FL,0,1
Trinity College of Florida,trinitycollege.edu/,905,0.963,23,23250,187,0.5637,0.4759,0.2193,0.1765,0.0107,0,0.0107,0.0481,0.0053,0.0535,0.3125,25585,Trinity,FL,0,1
Valencia College,valenciacollege.edu/,NA,NA,NA,9300,35125,0.3892,0.2277,0.1673,0.4394,0.0422,0.002,0.002,0.0316,0.0727,0.015,NA,16577,Orlando,FL,1,1
Warner University,www.warner.edu/academics/undergraduate_programs/admissions/criteria-for-admission/,937,0.4779,NA,22250,753,0.5348,0.4143,0.2722,0.2151,0.0066,0.0053,0.0013,0.0398,0.0452,0,0.3096,41556,Lake Wales,FL,0,0
Florida Panhandle Technical College,fptc.edu/,NA,NA,NA,NA,201,0.3405,0.6816,0.2289,0.0398,0.0149,0.0199,0,0.0149,0,0,NA,NA,Chipley,FL,1,0
Webber International University,www.webber.edu/,NA,0.7756,NA,25250,879,0.5435,0.4152,0.3117,0.1081,0.0125,0.0034,0.0034,0.0137,0.1013,0.0307,0.2044,48464,Babson Park,FL,0,0
Rasmussen University-Florida,https://rasmussen.edu/,NA,NA,NA,20899,3034,0.5503,0.321,0.2518,0.2245,0.0326,0.003,0.004,0.0201,0,0.143,0,24746,Ocala,FL,0,1
University of West Florida,uwf.edu/,1137,0.5687,29,16624,9042,0.3255,0.6169,0.1023,0.1128,0.0331,0.0041,0.0023,0.0627,0.0201,0.0457,0.5368,18504,Pensacola,FL,1,0
Orange Technical College-West Campus,https://www.orangetechcollege.net/campuses/west_campus,NA,NA,NA,NA,607,0.0665,0.3839,0.2422,0.3245,0.0231,0.0049,0.0066,0.0066,0,0.0082,NA,NA,Winter Garden,FL,1,1
William T McFatter Technical College,www.mcfattertechnicalcollege.edu/,NA,NA,NA,NA,617,0.2678,0.1945,0.4327,0.316,0.0211,0.0016,0.0032,0.0308,0,0,NA,NA,Davie,FL,1,1
Orange Technical College-East Campus,https://www.orangetechcollege.net/campuses/east_campus,NA,NA,NA,NA,372,0.025,0.3172,0.2661,0.3683,0.0188,0,0.0054,0.0161,0,0.0081,NA,NA,Winter Park,FL,1,1
Withlacoochee Technical College,www.wtcollege.org/,NA,NA,NA,NA,262,0.3574,0.6985,0.0687,0.145,0.0115,0,0,0.0763,0,0,NA,NA,Inverness,FL,1,1
Abraham Baldwin Agricultural College,https://www.abac.edu/,994,0.7716,NA,16750,3218,0.3412,0.7862,0.0752,0.1035,0.0081,0.0025,6e-4,0.0149,0.0078,0.0012,0.3526,13103,Tifton,GA,1,0
Agnes Scott College,www.agnesscott.edu/,1296,0.6731,NA,26749,898,0.3613,0.4009,0.314,0.1392,0.0445,0.0011,0.0033,0.0635,0.0212,0.0122,0.7491,60585,Decatur,GA,0,1
Interactive College of Technology-Chamblee,www.ict.edu/,NA,NA,NA,10555,529,0.5746,0.1512,0.4783,0.225,0.1456,0,0,0,0,0,NA,20095,Chamblee,GA,0,1
Interactive College of Technology-Morrow,ict.edu/,NA,NA,NA,10555,113,0.7419,0,0.885,0.0796,0.0354,0,0,0,0,0,NA,20314,Morrow,GA,0,1
Albany Technical College,www.albanytech.edu/,NA,NA,NA,12412,2214,0.6151,0.1481,0.7886,0.0271,0.0041,0.0018,5e-4,0.0285,0.0014,0,NA,13811,Albany,GA,1,1
Albany State University,https://www.asurams.edu/,NA,NA,NA,25024,5829,0.6498,0.0674,0.8245,0.0429,0.0034,0.0021,0,0.0196,0.0034,0.0367,0.369,20574,Albany,GA,1,1
Andrew College,www.andrewcollege.edu/,NA,0.5115,NA,12533,287,0.6235,0.453,0.3206,0.115,0.007,0,0,0.0383,0.0139,0.0523,NA,35996,Cuthbert,GA,0,0
Georgia Career Institute,gci.edu/,NA,NA,NA,7735,586,0.5697,0.2423,0.6553,0.0666,0.0068,0,0,0.0154,0,0.0137,NA,NA,Conyers,GA,0,1
Atlanta Technical College,https://atlantatech.edu/,NA,NA,NA,9500,3044,0.5376,0.0335,0.8282,0.0703,0.0138,0.0023,0,0.0348,0.0102,0.0069,NA,9678,Atlanta,GA,1,1
Point University,point.edu/,1059,0.6751,NA,25250,2617,0.3217,0.5541,0.1804,0.136,0.0222,0.0038,0.0011,0.0107,0.0057,0.086,0.2765,34418,West Point,GA,0,0
Atlanta Metropolitan State College,https://www.atlm.edu/,NA,NA,NA,14123,1348,0.5382,0.0223,0.8702,0.0467,0.0104,0.0015,0,0.0326,0.0134,0.003,0.2,11528,Atlanta,GA,1,1
Atlanta School of Massage,www.atlantaschoolofmassage.com/,NA,NA,NA,7917,319,0.4425,0.185,0.5486,0.1254,0.0219,0,0.0094,0.094,0,0.0157,NA,NA,Atlanta,GA,0,1
Clark Atlanta University,www.cau.edu/,NA,0.6463,NA,27000,3482,0.691,0.0034,0.6238,0.0146,3e-4,0.0014,0,0.0752,0.0037,0.2774,0.4227,40924,Atlanta,GA,0,1
Augusta Technical College,www.augustatech.edu/,NA,NA,NA,4500,3531,0.4234,0.3285,0.5214,0.0725,0.0156,0.0023,0.0028,0.0496,0.0017,0.0057,NA,16410,Augusta,GA,1,1
Berry College,https://www.berry.edu/,1223,0.6185,NA,23250,2213,0.2434,0.7239,0.0859,0.1008,0.028,0.0018,0.0014,0.0474,0.0036,0.0072,0.726,55714,Mount Berry,GA,0,1
Beulah Heights University,www.beulah.edu/,NA,NA,NA,NA,158,0.2238,0.1709,0.4684,0.1139,0.0949,0.019,0.0127,0,0.0127,0.1076,0.125,9992,Atlanta,GA,0,1
Brenau University,www.brenau.edu/,1087,0.8696,NA,27000,981,0.4671,0.4373,0.2446,0.1896,0.0183,0,0.001,0.0398,0.0581,0.0112,0.5273,45931,Gainesville,GA,0,1
Brewton-Parker College,https://www.bpc.edu/,NA,0.8635,NA,24990,684,0.461,0.4576,0.3538,0.0994,0.0058,0.0102,0.0029,0.0234,0.0336,0.0132,0.1239,35557,Mount Vernon,GA,0,0
College of Coastal Georgia,https://www.ccga.edu/,1001,0.9851,NA,15039,2794,0.4051,0.5977,0.2058,0.0823,0.0143,0.0025,0.0029,0.0168,0.0157,0.0619,0.2465,18975,Brunswick,GA,1,1
West Georgia Technical College,https://www.westgatech.edu/,NA,NA,NA,11110,4811,0.3878,0.4762,0.3457,0.1087,0.0102,0.0033,8e-4,0.0482,0.0017,0.0052,NA,10012,Waco,GA,1,0
Clayton  State University,www.clayton.edu/,973,0.7059,NA,25706,4390,0.5191,0.0957,0.6492,0.12,0.0542,0.003,9e-4,0.031,0.0125,0.0335,0.3794,17940,Morrow,GA,1,1
Columbus Technical College,www.columbustech.edu/,NA,NA,NA,8756,2668,0.5428,0.3055,0.5199,0.093,0.012,0.0034,0.0022,0.0551,0.0034,0.0056,NA,12783,Columbus,GA,1,1
Columbus State University,www.columbusstate.edu/,994,0.9924,28,26000,5537,0.444,0.413,0.3798,0.0941,0.0262,0.0033,0.0013,0.0453,0.011,0.026,0.4626,19953,Columbus,GA,1,1
Georgia Northwestern Technical College,www.gntc.edu/,NA,NA,NA,6421,4080,0.3882,0.6184,0.0936,0.2453,0.0049,0.0022,2e-4,0.0299,0.0049,5e-4,NA,11575,Rome,GA,1,1
Covenant College,www.covenant.edu/,1254,0.8176,31,22500,858,0.1845,0.8706,0.0128,0.035,0.0315,0.0035,0,0.0117,0.028,0.007,0.7209,53368,Lookout Mountain,GA,0,1
Dalton State College,https://www.daltonstate.edu/index.cms,NA,NA,NA,12937,4419,0.4977,0.5141,0.0425,0.3729,0.0172,0.0029,0.0011,0.019,0.0122,0.0179,0.3406,11292,Dalton,GA,1,1
Pro Way Hair School,www.prowayhairschool.com/,NA,NA,NA,12500,54,0.7941,0,1,0,0,0,0,0,0,0,NA,NA,Stone Mountain,GA,0,1
South University-Savannah,"www.southuniversity.edu/savannah#location=Savannah, GA",NA,NA,NA,26123,246,0.7231,0.2561,0.5691,0.0854,0.0163,0.0122,0.0081,0.0203,0,0.0325,0.1429,31163,Savannah,GA,0,1
East Georgia State College,https://www.ega.edu/,NA,NA,NA,11750,1368,0.4958,0.3823,0.4605,0.076,0.0073,0.0015,0,0.0475,0.0029,0.0219,NA,15472,Swainsboro,GA,1,0
Emmanuel University,www.ec.edu/,NA,0.5336,NA,24325,719,0.2976,0.5925,0.1266,0.064,0.007,0.0028,0.0056,0.0542,0.1474,0,0.3405,35188,Franklin Springs,GA,0,0
Emory University,www.emory.edu/,1507,0.111,NA,18250,7275,0.1818,0.3115,0.0932,0.1182,0.2518,7e-4,0,0.0477,0.1622,0.0147,0.9057,78814,Atlanta,GA,0,1
Georgia Highlands College,www.highlands.edu/,NA,NA,NA,12000,4441,0.3936,0.5589,0.1718,0.1997,0.0113,0.0014,9e-4,0.041,0.0097,0.0054,NA,12829,Rome,GA,1,1
Fort Valley State University,www.fvsu.edu/,864,0.628,NA,31000,2541,0.7195,0.0157,0.9244,0.0244,0.002,0.0012,0.0012,0.0283,0.0016,0.0012,0.4683,20342,Fort Valley,GA,1,0
Grady Health System Professional Schools,www.gradyhealth.org/,NA,NA,NA,NA,60,0.2459,0.2,0.6,0.1,0.05,0,0,0.05,0,0,NA,NA,Atlanta,GA,1,1
Georgia Institute of Technology-Main Campus,www.gatech.edu/,1447,0.1646,41,21672,18260,0.1367,0.3602,0.0827,0.0848,0.3273,4e-4,4e-4,0.0464,0.0882,0.0096,0.9303,27797,Atlanta,GA,1,1
Georgia Southwestern State University,https://gsw.edu/,998,0.7716,NA,18851,2291,0.4066,0.5412,0.344,0.0502,0.0135,0.0044,0,0.0327,0.0113,0.0026,0.3636,19234,Americus,GA,1,0
Georgia College & State University,www.gcsu.edu/,1150,0.8777,NA,22250,5599,0.1637,0.8241,0.0329,0.0704,0.0166,0.0018,9e-4,0.0332,0.0052,0.015,0.6216,27781,Milledgeville,GA,1,0
Georgia Southern University,www.georgiasouthern.edu/,1057,0.8963,28,23250,21029,0.3549,0.5811,0.246,0.0843,0.0185,0.0027,8e-4,0.0489,0.0126,0.005,0.5651,24563,Statesboro,GA,1,0
Georgia State University,www.gsu.edu/,1149,0.6228,NA,20903,27109,0.5011,0.1664,0.4239,0.146,0.1663,6e-4,5e-4,0.0509,0.04,0.0052,0.5893,26535,Atlanta,GA,1,1
University of Georgia,www.uga.edu/,1301,0.372,37,18500,31310,0.1722,0.6705,0.0599,0.0762,0.1275,8e-4,6e-4,0.0423,0.0102,0.0121,0.8811,27436,Athens,GA,1,1
Gordon State College,https://www.gordonstate.edu/,950,0.8678,NA,17500,2605,0.4723,0.4668,0.4219,0.056,0.0092,0,4e-4,0.0365,0.0038,0.0054,0.1644,14944,Barnesville,GA,1,0
Southern Crescent Technical College,www.sctech.edu/,NA,NA,NA,9500,4035,0.4853,0.3088,0.5497,0.0798,0.0154,0.0015,0.0015,0.0349,0.0035,0.005,NA,13806,Griffin,GA,1,0
Gupton Jones College of Funeral Service,www.gupton-jones.edu/,NA,NA,NA,16417,451,0.3688,0.3792,0.4922,0.1197,0.0044,0,0,0.0044,0,0,NA,25265,Decatur,GA,0,1
Gwinnett College-Lilburn,www.gwinnettcollege.edu/,NA,NA,NA,18062,132,0.8231,0.0985,0.6667,0.1894,0.0303,0,0,0,0,0.0152,NA,31673,Lilburn,GA,0,1
Gwinnett Technical College,https://www.gwinnetttech.edu/,NA,NA,NA,13000,7395,0.3944,0.2154,0.3885,0.2471,0.0745,8e-4,0.0016,0.0395,0.0201,0.0124,NA,19078,Lawrenceville,GA,1,1
LaGrange College,www.lagrange.edu/,NA,0.6321,NA,25730,566,0.4366,0.6025,0.265,0.0671,0.0106,0.0053,0,0.0371,0.0124,0,0.4639,47370,Lagrange,GA,0,0
Lanier Technical College,https://www.laniertech.edu/,NA,NA,NA,NA,4147,0.2781,0.5537,0.0885,0.2862,0.0287,0.0029,0.001,0.0256,0.0096,0.0039,NA,13193,Gainesville,GA,1,1
Life University,www.life.edu/,994,0.9381,NA,16666,869,0.3923,0.3026,0.2555,0.1922,0.0299,0.0219,0,0,0.1646,0.0334,0.4505,41192,Marietta,GA,0,1
Chattahoochee Technical College,www.chattahoocheetech.edu/,NA,NA,NA,NA,7555,0.3308,0.4012,0.2974,0.2045,0.0282,0.0029,5e-4,0.0425,0.0169,0.0058,NA,12295,Marietta,GA,1,1
Herzing University-Atlanta,https://www.herzing.edu/,NA,0.9412,NA,21500,499,0.6829,0.0721,0.7194,0.0641,0.0521,0.002,0.002,0.024,0,0.0641,0.1892,27195,Atlanta,GA,0,1
Mercer University,https://www.mercer.edu/,1280,0.6646,NA,24199,4620,0.333,0.4284,0.3186,0.0833,0.0825,0.0017,0.0013,0.0424,0.0201,0.0216,0.737,56494,Macon,GA,0,1
Morehouse College,www.morehouse.edu/,1050,0.5139,NA,25000,2736,0.4438,0.0011,0.9784,0.0011,4e-4,4e-4,0,0.0146,0.004,0,0.5096,47347,Atlanta,GA,0,1
Morris Brown College,https://www.morrisbrown.edu/,NA,NA,NA,NA,338,0.6245,0,0.9408,0.0355,0,0.0059,0,0.0178,0,0,NA,26005,Atlanta,GA,0,1
North Georgia Technical College,https://northgatech.edu/,NA,NA,NA,7823,1966,0.4218,0.7787,0.0621,0.1043,0.0097,0.0046,5e-4,0.0331,0.002,0.0051,NA,12572,Clarkesville,GA,1,0
Oglethorpe University,oglethorpe.edu/,1230,0.6006,NA,25000,1429,0.3374,0.2953,0.2022,0.2827,0.0378,0.0035,0,0.0378,0.0287,0.112,0.575,59320,Atlanta,GA,0,1
Paine College,www.paine.edu/,NA,0.8336,NA,NA,338,0.7129,0.0178,0.858,0.0325,0,0.003,0,0.0325,0.0385,0.0178,0.096,27310,Augusta,GA,0,1
Piedmont University,https://www.piedmont.edu/,1074,0.9284,NA,25000,1235,0.4145,0.6785,0.1142,0.1126,0.0146,0.0024,0,0.0275,0.0105,0.0397,0.4907,45359,Demorest,GA,0,0
Miami Ad School-Atlanta,miamiadschool.com/locations/atlanta/,NA,NA,NA,25967,74,0.2239,0.473,0.1622,0.1757,0.0811,0.0135,0,0.0135,0,0.0811,NA,29647,Atlanta,GA,0,1
Reinhardt University,www.reinhardt.edu/,NA,0.5516,NA,23900,1012,0.3909,0.5702,0.2144,0.0929,0.0099,0.0059,0.002,0.0109,0.0435,0.0504,0.3571,45689,Waleska,GA,0,0
Savannah Technical College,www.savannahtech.edu/,NA,NA,NA,3258,2967,0.4681,0.2942,0.5106,0.1223,0.0145,0.0024,0.0013,0.0445,0.0084,0.0017,NA,14545,Savannah,GA,1,1
Savannah College of Art and Design,www.scad.edu/,1178,0.8368,NA,25148,14423,0.1854,0.5236,0.12,0.0708,0.0627,0.0064,0.002,0.0095,0.1482,0.0567,0.722,59670,Savannah,GA,0,1
Savannah State University,www.savannahstate.edu/,NA,NA,NA,28000,2727,0.6485,0.0304,0.8577,0.0488,0,7e-4,0.0011,0.0319,0.0198,0.0095,0.2583,17185,Savannah,GA,1,1
Shorter University,https://www.shorter.edu/,1075,0.9693,NA,25000,1091,0.3744,0.6187,0.1897,0.0944,0.0101,0.0073,9e-4,0.0431,0.0293,0.0064,0.3755,34985,Rome,GA,0,1
South Georgia Technical College,www.southgatech.edu/,NA,NA,NA,NA,1302,0.5108,0.3479,0.5384,0.0538,0.0046,0.0046,0,0.0353,0.0131,0.0023,NA,13115,Americus,GA,1,0
Spelman College,www.spelman.edu/,1184,0.3409,NA,25000,3633,0.2937,0.0311,0.7363,0,0.008,0.0063,0.0011,0.0094,0.0063,0.2015,0.7673,49349,Atlanta,GA,0,1
Thomas University,www.thomasu.edu/,1037,0.4316,NA,21198,813,0.4678,0.353,0.3469,0.0664,0.0172,0.0098,0,0.0025,0.0012,0.203,0.4545,26189,Thomasville,GA,0,0
Toccoa Falls College,https://tfc.edu/,1155,0.6381,NA,22250,820,0.1972,0.7268,0.1073,0.0768,0.028,0.0049,0,0.0293,0.0207,0.0061,0.529,35666,Toccoa Falls,GA,0,0
Truett McConnell University,https://truett.edu/,NA,0.9068,NA,23439,768,0.1037,0.7526,0.0885,0.0482,0.0104,0.0026,0.0026,0.0039,0.0169,0.0742,0.3527,37692,Cleveland,GA,0,0
Wiregrass Georgia Technical College,https://www.wiregrass.edu/,NA,NA,NA,NA,2762,0.394,0.4218,0.4323,0.1014,0.0069,0.0022,4e-4,0.0319,0.0018,0.0014,NA,10925,Valdosta,GA,1,0
Valdosta State University,www.valdosta.edu/,1037,0.8349,NA,24779,6858,0.5086,0.4405,0.379,0.1101,0.0134,0.0017,4e-4,0.0389,0.0115,0.0044,0.4347,20202,Valdosta,GA,1,1
Wesleyan College,https://www.wesleyancollege.edu/,905,0.6207,NA,24094,466,0.4446,0.3541,0.3734,0.1438,0.0086,0.0021,0.0064,0.0494,0.0558,0.0064,0.563,40591,Macon,GA,0,1
University of West Georgia,www.westga.edu/,1044,0.49370000000000003,NA,23970,7485,0.418,0.4958,0.323,0.0938,0.0115,0.0017,9e-4,0.0486,0.0112,0.0134,0.4434,23504,Carrollton,GA,1,0
Young Harris College,www.yhc.edu/,NA,0.6402,NA,27000,810,0.2106,0.6568,0.0852,0.0519,0.0099,0.0049,0.0037,0.0333,0.0704,0.084,0.4133,45389,Young Harris,GA,0,0
Chaminade University of Honolulu,https://www.chaminade.edu/,1155,0.9263,NA,23250,1648,0.422,0.0837,0.017,0.1402,0.2597,0.0024,0.0916,0.1559,6e-4,0.2488,0.6574,43637,Honolulu,HI,0,1
University of Hawaii at Hilo,https://hilo.hawaii.edu/,1025,0.8977,NA,20500,2260,0.3953,0.2009,0.0137,0.1664,0.1332,0.0031,0.0832,0.3509,0.0456,0.0031,0.4514,20914,Hilo,HI,1,0
University of Hawaii at Manoa,https://manoa.hawaii.edu/,1157,0.6969,29,18500,14306,0.2451,0.2092,0.015,0.1402,0.3263,0.0021,0.0215,0.2465,0.0318,0.0074,0.6145,23832,Honolulu,HI,1,1
Hawaii Institute of Hair Design,https://www.hihd.edu/,NA,NA,NA,5793,70,0.5196,0.0857,0.0714,0.1143,0.3286,0,0.1,0.3,0,0,NA,NA,Honolulu,HI,0,1
Hawaii Pacific University,https://www.hpu.edu/,1180,0.8448,NA,22000,2502,0.2,0.2918,0.0608,0.2254,0.1615,0.0052,0.0216,0.1651,0.052,0.0168,0.4362,49980,Honolulu,HI,0,1
Honolulu Community College,https://www.honolulu.hawaii.edu/,NA,NA,NA,7534,1897,0.1724,0.077,0.0232,0.1545,0.3569,0,0.0675,0.3031,0.0074,0.0105,NA,12369,Honolulu,HI,1,1
Kapiolani Community College,https://www.kapiolani.hawaii.edu/,NA,NA,NA,9229,3955,0.1702,0.0918,0.0159,0.1181,0.3681,3e-4,0.0589,0.2442,0.0941,0.0086,NA,11562,Honolulu,HI,1,1
Kauai Community College,https://www.kauai.hawaii.edu/,NA,NA,NA,10500,726,0.2424,0.1295,0.011,0.1529,0.2658,0.0014,0.0496,0.3623,0.0165,0.011,NA,13608,Lihue,HI,1,0
Leeward Community College,www.leeward.hawaii.edu/,NA,NA,NA,8970,3382,0.1953,0.0689,0.021,0.165,0.353,0.0012,0.0568,0.3173,0.0109,0.0059,NA,13842,Pearl City,HI,1,1
University of Hawaii Maui College,maui.hawaii.edu/,NA,NA,NA,13040,1635,0.218,0.1321,0.0141,0.148,0.3174,6e-4,0.0667,0.2917,0.0214,0.008,0.1111,16225,Kahului,HI,1,1
University of Hawaii-West Oahu,https://westoahu.hawaii.edu/,973,0.956,NA,14500,2510,0.2966,0.0801,0.0191,0.1526,0.3522,8e-4,0.0438,0.341,0.006,0.0044,0.4017,18190,Kapolei,HI,1,1
Windward Community College,https://windward.hawaii.edu/,NA,NA,NA,9500,1109,0.1321,0.1344,0.0081,0.1885,0.1262,9e-4,0.0866,0.4319,0.0018,0.0216,NA,14492,Kaneohe,HI,1,1
Carrington College-Boise,https://carrington.edu/,NA,NA,NA,15188,433,0.4653,0.4434,0.0323,0.3141,0.0624,0.0115,0.0023,0.0139,0.0069,0.1132,NA,NA,Boise,ID,0,1
Boise Bible College,https://www.boisebible.edu/,1080,0.9643,NA,NA,103,0.4688,0.9126,0.0291,0.0097,0,0,0.0097,0.0097,0.0291,0,0.5,22045,Boise,ID,0,1
Boise State University,https://www.boisestate.edu/,NA,0.8396,NA,20500,17081,0.1794,0.7079,0.018,0.1516,0.0278,0.0054,0.0042,0.0542,0.008,0.0228,0.5589,25387,Boise,ID,1,1
College of Eastern Idaho,www.cei.edu/,NA,NA,NA,12000,1396,0.2679,0.7128,0.0072,0.1999,0.0043,0.0086,0.0021,0.0244,0.0014,0.0394,NA,13392,Idaho Falls,ID,1,1
Idaho State University,www.isu.edu/,NA,NA,NA,20039,7260,0.2684,0.7113,0.0114,0.1533,0.0116,0.0175,0.0047,0.0379,0.0233,0.0291,0.3918,21084,Pocatello,ID,1,1
University of Idaho,www.uidaho.edu/,1088,0.7909,31,21982,7363,0.2276,0.7405,0.0125,0.1065,0.0155,0.0124,0.0012,0.0445,0.0522,0.0148,0.6052,22669,Moscow,ID,1,0
The College of Idaho,www.collegeofidaho.edu/,1166,0.4722,NA,24500,1049,0.2405,0.5481,0.0181,0.1697,0.021,0.0105,0.0057,0.0553,0.1382,0.0334,0.5606,48451,Caldwell,ID,0,1
Lewis-Clark State College,www.lcsc.edu/,NA,0.8978,NA,18500,2277,0.2401,0.7554,0.0105,0.0931,0.0105,0.0211,0.0022,0.0518,0.0206,0.0347,0.3401,18646,Lewiston,ID,1,1
Aveda Institute-Twin Falls,www.avedaidaho.com/,NA,NA,NA,9400,93,0.5434,0.5269,0.0215,0.4301,0,0.0215,0,0,0,0,NA,NA,Twin Falls,ID,0,1
North Idaho College,https://www.nic.edu/,NA,NA,NA,9000,2488,0.2451,0.7781,0.0092,0.0872,0.0113,0.0105,0.004,0.0543,0.0072,0.0382,NA,16699,Coeur d'Alene,ID,1,1
Northwest Nazarene University,https://www.nnu.edu/,1184,0.6295,NA,23750,1138,0.2947,0.6678,0.0167,0.1467,0.0141,0.007,9e-4,0.0685,0.0114,0.0668,0.6318,50275,Nampa,ID,0,1
Nathan Layne Institute of Cosmetology,https://www.nathanlayneinstitute.com/,NA,NA,NA,NA,69,0.6339,0.7101,0,0.1739,0.0145,0.0435,0,0.058,0,0,NA,NA,Chubbuck,ID,0,1
Brigham Young University-Idaho,www.byui.edu/,1123,0.9695,NA,13969,42090,0.2487,0.589,0.0264,0.1854,0.0122,0.0017,0.0055,0.0183,0.0322,0.1294,0.5618,13357,Rexburg,ID,0,0
College of Southern Idaho,www.csi.edu/,NA,NA,NA,8000,3476,0.1871,0.6062,0.0164,0.29,0.0095,0.0063,0.0037,0.027,0.0184,0.0224,NA,12115,Twin Falls,ID,1,1
Adler University,https://www.adler.edu/,NA,NA,NA,NA,9,NA,0.7778,0.2222,0,0,0,0,0,0,0,NA,NA,Chicago,IL,0,1
American Academy of Art College,https://www.aaart.edu/,NA,NA,NA,27000,90,0.6306,0.5667,0.1333,0.2,0.0444,0,0,0.0556,0,0,0.569,45145,Chicago,IL,0,1
American Islamic College,www.aicusa.edu/,NA,1,NA,NA,6,0,0.3333,0.5,0,0.1667,0,0,0,0,0,0.5,NA,Chicago,IL,0,1
School of the Art Institute of Chicago,www.saic.edu/,NA,0.7642,NA,27000,2762,0.1911,0.3418,0.0489,0.1184,0.1097,4e-4,4e-4,0.0478,0.2972,0.0355,0.6702,74138,Chicago,IL,0,1
Augustana College,www.augustana.edu/,1133,0.6765,NA,27000,2418,0.2192,0.5831,0.0426,0.1274,0.0244,4e-4,4e-4,0.0364,0.1679,0.0174,0.7876,60798,Rock Island,IL,0,1
Aurora University,https://aurora.edu/,1072,0.8514,NA,20318,4021,0.4345,0.3917,0.0594,0.4225,0.0348,0.0015,0,0.0241,0.0075,0.0584,0.56,39232,Aurora,IL,0,1
Southwestern Illinois College,https://www.swic.edu/,NA,NA,NA,6908,5280,0.2588,0.5775,0.2337,0.0708,0.01,0.0025,8e-4,0.061,0.0078,0.036,NA,12596,Belleville,IL,1,1
Black Hawk College,www.bhc.edu/,NA,NA,NA,8375,2266,0.2478,0.5909,0.1249,0.1695,0.0296,0.0018,9e-4,0.045,0.011,0.0265,NA,11809,Moline,IL,1,1
Blackburn College,www.blackburn.edu/,NA,0.8014,NA,24242,341,0.544,0.7155,0.0469,0.0997,0.0088,0.0029,0,0.0264,0.0029,0.0968,0.4591,36962,Carlinville,IL,0,0
Blessing Rieman College of Nursing and Health Sciences,www.brcn.edu/,NA,NA,NA,13000,176,0.366,0.9034,0.0284,0,0.017,0.0057,0,0.0114,0,0.0341,NA,NA,Quincy,IL,0,0
Bradley University,www.bradley.edu/,1237,0.7666,NA,27000,3865,0.2942,0.6264,0.1066,0.142,0.0427,0.0021,0.0013,0.0274,0.023,0.0285,0.7551,52730,Peoria,IL,0,1
Paul Mitchell the School-Tinley Park,paulmitchell.edu/bradley,NA,NA,NA,7917,253,0.692,0.4506,0.3399,0.1344,0.0079,0.0079,0,0.0237,0,0.0356,NA,NA,Tinley Park,IL,0,1
Cameo Beauty Academy,www.cameobeautyacademy.com/,NA,NA,NA,10929,87,0.5287,0.1494,0.5747,0.2759,0,0,0,0,0,0,NA,NA,Oak Lawn,IL,0,1
Cannella School of Hair Design-Villa Park,cannellaschool.com/,NA,NA,NA,NA,43,0.4902,0,0.0465,0.8837,0,0,0,0,0,0.0698,NA,NA,Villa Park,IL,0,1
Cannella School of Hair Design-Chicago,cannellaschool.com/,NA,NA,NA,NA,8,0.25,0,0.875,0.125,0,0,0,0,0,0,NA,NA,Chicago,IL,0,1
Cannella School of Hair Design-Chicago,cannellaschool.com/,NA,NA,NA,NA,60,0.1429,0,0.05,0.95,0,0,0,0,0,0,NA,NA,Chicago,IL,0,1
Capri Beauty College,capri.edu/,NA,NA,NA,9833,32,0.5781,0.3438,0.5938,0.0625,0,0,0,0,0,0,NA,NA,Oak Forest,IL,0,1
Carl Sandburg College,www.sandburg.edu/,NA,NA,NA,4909,1124,0.4319,0.6664,0.0988,0.1584,0.0098,9e-4,0.0018,0.0498,0,0.0142,NA,10795,Galesburg,IL,1,0
The Chicago School at Chicago,https://www.thechicagoschool.edu/in-the-community/locations/,NA,0.3333,NA,20000,31,0.4706,0.129,0.2258,0.4839,0.0323,0.0323,0,0.0323,0,0.0645,NA,NA,Chicago,IL,0,1
Chicago State University,www.csu.edu/,NA,0.4052,NA,30625,1414,0.5497,0.0276,0.7617,0.07,0.0071,0.0035,0,0.0212,0.0403,0.0686,0.2407,30454,Chicago,IL,1,1
University of Chicago,www.uchicago.edu/,1554,0.0479,NA,15000,7540,0.1447,0.3093,0.0696,0.1711,0.1969,3e-4,1e-4,0.0708,0.1598,0.022,0.9616,86856,Chicago,IL,0,1
City Colleges of Chicago-Kennedy-King College,www.ccc.edu/colleges/kennedy/pages/default.aspx,NA,NA,NA,6180,1564,0.3782,0.0269,0.7014,0.218,0.0032,0.0019,0,0.0403,0.007,0.0013,NA,11382,Chicago,IL,1,1
City Colleges of Chicago-Malcolm X College,www.ccc.edu/colleges/malcolm-x/pages/default.aspx,NA,NA,NA,8375,5847,0.4208,0.053900000000000003,0.3588,0.521,0.0274,0.001,5e-4,0.0246,0.0106,0.0022,NA,10279,Chicago,IL,1,1
City Colleges of Chicago-Olive-Harvey College,www.ccc.edu/colleges/olive-harvey/Pages/default.aspx,NA,NA,NA,7646,1425,0.3075,0.0253,0.6737,0.24,0.0049,0.0014,0.0014,0.0449,0.0056,0.0028,NA,12633,Chicago,IL,1,1
City Colleges of Chicago-Harry S Truman College,www.ccc.edu/colleges/truman/Pages/default.aspx,NA,NA,NA,6997,2248,0.2087,0.1766,0.2647,0.399,0.0912,0.0018,9e-4,0.036,0.0258,0.004,NA,10722,Chicago,IL,1,1
City Colleges of Chicago-Richard J Daley College,ccc.edu/colleges/daley/pages/default.aspx,NA,NA,NA,4500,2540,0.2168,0.1331,0.1358,0.7035,0.0063,8e-4,8e-4,0.015,0.0039,8e-4,NA,9543,Chicago,IL,1,1
City Colleges of Chicago-Harold Washington College,www.ccc.edu/colleges/washington/Pages/default.aspx,NA,NA,NA,5750,4146,0.3479,0.1088,0.2663,0.4846,0.0666,0.001,5e-4,0.0352,0.034,0.0031,NA,9996,Chicago,IL,1,1
City Colleges of Chicago-Wilbur Wright College,ccc.edu/colleges/wright/pages/default.aspx,NA,NA,NA,6500,4186,0.269,0.1782,0.0743,0.6271,0.0741,0.001,7e-4,0.0299,0.0141,7e-4,NA,9395,Chicago,IL,1,1
Columbia College Chicago,www.colum.edu/,NA,0.9117,NA,25000,6294,0.4318,0.4072,0.1765,0.2882,0.0353,0.0017,6e-4,0.045,0.0369,0.0086,0.5153,49799,Chicago,IL,0,1
Concordia University-Chicago,www.cuchicago.edu/,NA,0.9336,NA,23000,1337,0.4458,0.4241,0.1294,0.3426,0.0217,0.0052,0.003,0.0509,0.0075,0.0157,0.4315,44252,River Forest,IL,0,1
Danville Area Community College,www.dacc.edu/,NA,NA,NA,7218,1360,0.2406,0.611,0.2338,0.0699,0.0096,0.0037,0,0.0199,0,0.0522,NA,10398,Danville,IL,1,0
Tricoci University of Beauty Culture,www.tricociuniversity.edu/,NA,NA,NA,9000,171,0.6952,0.4971,0.3333,0.0994,0.0175,0.0175,0,0.0351,0,0,NA,NA,Urbana,IL,0,1
DePaul University,https://www.depaul.edu/,1254,0.7353,NA,23168,14283,0.3066,0.4594,0.0772,0.2423,0.1206,6e-4,8e-4,0.0451,0.0367,0.0174,0.708,59467,Chicago,IL,0,1
Cosmetology & Spa Academy,www.cosmetologyandspaacademy.edu/,NA,NA,NA,7917,377,0.5781,0.3236,0.1088,0.5225,0.0133,0,0,0.0212,0,0.0106,NA,NA,Crystal Lake,IL,0,1
College of DuPage,www.cod.edu/,NA,NA,NA,10410,15185,0.2048,0.4271,0.0807,0.2848,0.1096,0.0019,0.0017,0.0353,0.0178,0.041,NA,13314,Glen Ellyn,IL,1,1
East-West University,www.eastwest.edu/,NA,NA,NA,26986,528,0.8015,0.0227,0.3542,0.3239,0.0114,0.0076,0.0019,0.0189,0.2595,0,0.1377,30062,Chicago,IL,0,1
Eastern Illinois University,https://www.eiu.edu/,1010,0.6775,NA,21500,4398,0.3087,0.5714,0.1835,0.1028,0.0134,0.0025,0.0011,0.0318,0.0275,0.0659,0.5139,26164,Charleston,IL,1,0
Elgin Community College,www.elgin.edu/,NA,NA,NA,7390,6463,0.2185,0.3621,0.0402,0.4451,0.0678,0.0048,5e-4,0.0433,0.0169,0.0193,NA,9837,Elgin,IL,1,1
Elmhurst University,www.elmhurst.edu/,1116,0.7574,NA,20489,2954,0.368,0.4672,0.0508,0.3087,0.0846,0.0014,0.001,0.0281,0.0345,0.0237,0.6904,51829,Elmhurst,IL,0,1
Eureka College,www.eureka.edu/,NA,0.8847,NA,23250,522,0.2272,0.682,0.1207,0.0958,0.0019,0.0096,0,0.0287,0.0134,0.0479,0.5061,38518,Eureka,IL,0,0
First Institute of Travel Inc.,www.firstinstitute.edu/,NA,NA,NA,9500,274,0.5206,0.2664,0.1569,0.5365,0.0219,0,0.0036,0,0,0.0146,NA,NA,Crystal Lake,IL,0,1
Fox College,www.foxcollege.edu/,NA,0.7656,NA,16209,239,0.4603,0.4519,0.159,0.3222,0.0293,0.0042,0,0.0126,0,0.0209,NA,21635,Tinley Park,IL,0,1
Gem City College,www.gemcitycollege.com/,NA,NA,NA,9833,42,0.6531,0.9524,0.0238,0.0238,0,0,0,0,0,0,NA,NA,Quincy,IL,0,0
Governors State University,www.govst.edu/,NA,NA,24,18618,2518,0.524,0.282,0.4083,0.1974,0.0222,0.0012,4e-4,0.0381,0.0238,0.0266,0.1724,23076,University Park,IL,1,1
Graham Hospital School of Nursing,grahamschoolofnursing.org/,NA,1,NA,NA,36,0.7273,0.9167,0.0556,0,0,0,0,0.0278,0,0,NA,27408,Canton,IL,0,0
Greenville University,www.greenville.edu/,1034,0.9537,26,23875,873,0.3766,0.5899,0.1375,0.0756,0.0092,0,0.0011,0.0355,0.1409,0.0103,0.4885,43713,Greenville,IL,0,0
G Skin & Beauty Institute,gskinbeautyinstitute.edu/,NA,NA,NA,6333,494,0.3173,0.3684,0.1275,0.3664,0.0567,0.0081,0.002,0.0628,0.0081,0,NA,NA,Schaumburg,IL,0,1
Hair Professionals Career College,hairpros.edu/,NA,NA,NA,9833,65,0.5,0.4462,0.1692,0.2154,0,0,0.0154,0.0923,0,0.0615,NA,NA,Sycamore,IL,0,1
Hair Professionals School of Cosmetology,hairpros.edu/,NA,NA,NA,9833,121,0.497,0.3884,0.0744,0.4132,0.0083,0,0,0.0826,0.0083,0.0248,NA,NA,Oswego,IL,0,1
Hebrew Theological College,https://www.htc.edu/,NA,0.92,NA,14000,81,0.1188,0.8889,0,0.0247,0,0,0,0.0123,0.0494,0.0247,0.0608,21742,Skokie,IL,0,1
Highland Community College,www.highland.edu/,NA,NA,NA,8029,926,0.3024,0.6857,0.1328,0.0713,0.0076,0.0043,0.0022,0.0421,0.0346,0.0194,NA,12397,Freeport,IL,1,0
University of Illinois Chicago,www.uic.edu/,1242,0.785,NA,16704,21814,0.4957,0.2284,0.0795,0.3659,0.2073,5e-4,3e-4,0.0299,0.071,0.0171,0.6434,26998,Chicago,IL,1,1
Benedictine University,https://ben.edu/,NA,0.7722,NA,22500,1817,0.3918,0.4199,0.0881,0.2102,0.2069,0.0061,0.0044,0.0275,0.0187,0.0182,0.4821,46548,Lisle,IL,0,1
University of Illinois Urbana-Champaign,www.illinois.edu/,1418,0.4369,40,19500,34623,0.2381,0.3873,0.056,0.1388,0.2297,3e-4,3e-4,0.0388,0.1365,0.0124,0.8598,32134,Champaign,IL,1,1
Illinois Wesleyan University,www.iwu.edu/,1242,0.4517,NA,27000,1570,0.2318,0.658,0.0841,0.1019,0.0567,0.0013,6e-4,0.0191,0.058,0.0204,0.8222,68399,Bloomington,IL,0,1
Illinois Central College,icc.edu/,NA,NA,NA,8900,4909,0.2225,0.6802,0.1526,0.0666,0.0181,0.0016,0.001,0.0589,0.0185,0.0024,NA,17251,East Peoria,IL,1,1
Illinois College,www.ic.edu/,1082,0.7467,NA,25565,925,0.3512,0.7027,0.0984,0.1005,0.0086,0.0022,0,0.0281,0.0497,0.0097,0.6444,47337,Jacksonville,IL,0,0
Olney Central College,https://www.iecc.edu/occ,NA,NA,NA,6500,549,0.3406,0.898,0.0146,0.0401,0.0091,0.0036,0.0018,0.0182,0,0.0146,NA,17518,Olney,IL,1,0
Illinois Institute of Technology,https://www.iit.edu/,1296,0.5542,NA,25000,2812,0.2906,0.3407,0.0473,0.2504,0.165,7e-4,4e-4,0.0395,0.1412,0.0149,0.7332,67720,Chicago,IL,0,1
Illinois State University,illinoisstate.edu/,1127,0.8901,NA,20482,18414,0.3005,0.6647,0.1153,0.1385,0.028,8e-4,3e-4,0.0396,0.0075,0.0053,0.6811,32458,Normal,IL,1,1
Illinois Valley Community College,https://www.ivcc.edu/,NA,NA,NA,8233,1851,0.2851,0.7115,0.0222,0.1934,0.007,0.0032,0.0027,0.0227,0.0043,0.033,NA,11563,Oglesby,IL,1,0
John A Logan College,https://www.jalc.edu/,NA,NA,NA,NA,2018,0.2916,0.7121,0.1239,0.0486,0.0094,0.0064,0.0015,0.0282,0.003,0.0669,NA,12682,Carterville,IL,1,0
John Wood Community College,www.jwcc.edu/,NA,NA,NA,8029,1387,0.3935,0.8392,0.0483,0.0281,0.013,0.0036,0,0.0519,0,0.0159,NA,13346,Quincy,IL,1,0
Joliet Junior College,www.jjc.edu/,NA,NA,NA,9711,8843,0.2293,0.503,0.0985,0.3048,0.0292,0.0037,0.0011,0.0282,7e-4,0.0309,NA,9757,Joliet,IL,1,1
Judson University,www.judsonu.edu/,985,0.6312,NA,25000,780,0.3972,0.3718,0.1038,0.3321,0.0167,0.0026,0.0013,0.0141,0.0846,0.0731,0.6759,43951,Elgin,IL,0,1
Kankakee Community College,https://www.kcc.edu/,NA,NA,NA,9969,1904,0.3712,0.5625,0.1381,0.2174,0.0058,0.0016,5e-4,0.0504,0.0131,0.0105,NA,12209,Kankakee,IL,1,1
Kaskaskia College,https://www.kaskaskia.edu/,NA,NA,NA,3750,1842,0.2199,0.8398,0.0581,0.038,0.0065,0.0016,0,0.0445,0,0.0114,NA,12038,Centralia,IL,1,0
Kishwaukee College,www.kish.edu/,NA,NA,NA,9395,1794,0.2522,0.5134,0.1394,0.2648,0.0123,0.0017,0.0011,0.0513,0.0039,0.0123,NA,14504,Malta,IL,1,0
Knox College,https://www.knox.edu/,1250,0.7113,NA,27000,997,0.2972,0.4845,0.0582,0.1284,0.0401,0.003,0.001,0.0552,0.1956,0.0341,0.7565,65796,Galesburg,IL,0,0
Educators of Beauty College of Cosmetology-Peru,www.educatorsofbeauty.com/,NA,NA,NA,9833,60,0.6104,0.8,0.0167,0.1333,0,0,0,0.0167,0,0.0333,NA,NA,PERU,IL,0,0
College of Lake County,www.clcillinois.edu/,NA,NA,NA,8735,9282,0.2371,0.3218,0.0729,0.4656,0.0541,0.0016,0.0014,0.0323,0.0129,0.0373,NA,10969,Grayslake,IL,1,1
Lake Forest College,www.lakeforest.edu/,1309,0.5941,NA,26158,1782,0.3515,0.4663,0.0337,0.1852,0.0629,0.0022,0,0.0342,0.1829,0.0325,0.7303,68191,Lake Forest,IL,0,1
Lake Land College,www.lakelandcollege.edu/,NA,NA,NA,6188,2492,0.2662,0.8744,0.0325,0.0345,0.0036,0.002,0,0.0329,0.0112,0.0088,NA,10023,Mattoon,IL,1,0
Lakeview College of Nursing,https://lcn.edu/,NA,NA,NA,15000,81,0.4828,0.6173,0.1728,0.0617,0.0247,0.0123,0,0.0988,0,0.0123,NA,NA,Danville,IL,0,0
Lewis and Clark Community College,www.lc.edu/,NA,NA,NA,6751,2252,0.2119,0.7873,0.0972,0.0315,0.0058,0.0036,0,0.0386,0,0.036,NA,9167,Godfrey,IL,1,1
Lewis University,www.lewisu.edu/,1117,0.7273,31,21500,3665,0.3089,0.531,0.0625,0.2521,0.0756,0.0016,0.0011,0.0327,0.0297,0.0136,0.6058,45843,Romeoville,IL,0,1
Lincoln Christian University,www.lincolnchristian.edu/,NA,NA,NA,20250,44,0.3908,0.7955,0.1136,0.0227,0.0227,0,0,0.0227,0.0227,0,0.4286,28671,Lincoln,IL,0,0
Lincoln Land Community College,www.llcc.edu/,NA,NA,NA,11011,3917,0.3733,0.7062,0.1361,0.0505,0.0153,0.0038,0.001,0.0544,0,0.0327,NA,11600,Springfield,IL,1,0
Lincoln College of Technology-Melrose Park,www.lincolntech.edu/campus/melrose-park-il,NA,NA,NA,11250,1345,0.677,0.0833,0.2967,0.5725,0.0104,0.0037,0.0015,0.0208,0,0.0112,NA,NA,Melrose Park,IL,0,1
Loyola University Chicago,https://www.luc.edu/,1283,0.8139,36,24157,11576,0.2324,0.4919,0.0719,0.2221,0.1319,0.0013,8e-4,0.0491,0.0219,0.0092,0.7247,64167,Chicago,IL,0,1
Trinity College of Nursing & Health Sciences,www.trinitycollegeqc.edu/default.aspx,NA,NA,NA,24000,59,0.5432,0.6271,0.0847,0.1525,0,0,0,0.0847,0,0.0508,0,NA,Rock Island,IL,0,1
Steven Papageorge Hair Academy,stevenpapageorgehairacademy.com/,NA,NA,NA,NA,68,0.5256,0.3971,0.0882,0.4706,0.0441,0,0,0,0,0,NA,NA,Chicago,IL,0,1
Generations College,www.generations.edu/,NA,NA,NA,25250,317,0.7822,0.2208,0.5836,0.0883,0.0032,0.0189,0.0189,0.0631,0,0.0032,NA,25660,Chicago,IL,0,1
McHenry County College,www.mchenry.edu/,NA,NA,NA,6260,4335,0.1152,0.6108,0.0201,0.2577,0.0272,0.0023,7e-4,0.0436,2e-4,0.0374,NA,12971,Crystal Lake,IL,1,0
McKendree University,https://www.mckendree.edu/,NA,0.6388,NA,23250,1600,0.2909,0.5981,0.1188,0.0619,0.0063,0.0019,6e-4,0.0631,0.0956,0.0538,0.5585,47121,Lebanon,IL,0,1
Methodist College,www.methodistcol.edu/,NA,0.3111,NA,31250,374,0.5589,0.6818,0.2005,0.0294,0.0267,0.0053,0,0.0428,0,0.0134,0.5556,26280,Peoria,IL,0,1
Millikin University,https://millikin.edu/,1050,0.5405,29,27000,1458,0.3472,0.6653,0.1811,0.0473,0.0192,7e-4,0.0014,0.0213,0.0377,0.0261,0.555,41297,Decatur,IL,0,1
Monmouth College,www.monmouthcollege.edu/,1128,0.8662,NA,27000,725,0.3091,0.6924,0.0979,0.1186,0.0166,0.0028,0,0.0345,0.0083,0.029,0.5667,55529,Monmouth,IL,0,0
Moody Bible Institute,https://www.moody.edu/,NA,0.9754,NA,18149,1586,0.3272,0.6204,0.0662,0.0883,0.0284,0.0019,6e-4,0.0347,0.099,0.0605,0.5754,34510,Chicago,IL,0,1
Moraine Valley Community College,www.morainevalley.edu/,NA,NA,NA,9500,7417,0.2878,0.4576,0.0905,0.3048,0.0361,0.0043,8e-4,0.019,0.0147,0.0721,NA,11921,Palos Hills,IL,1,1
Morrison Institute of Technology,www.morrisontech.edu/,NA,NA,NA,12000,54,0.3824,0.8333,0,0.0926,0,0,0,0.0185,0,0.0556,NA,30350,Morrison,IL,0,0
Morton College,www.morton.edu/,NA,NA,NA,8000,2593,0.3501,0.0463,0.0324,0.8357,0.0085,0.0023,4e-4,0.0077,0,0.0667,NA,12170,Cicero,IL,1,1
National Louis University,www.nl.edu/,NA,0.9312,NA,19750,4100,0.5728,0.1466,0.2144,0.5124,0.0256,0.0024,5e-4,0.0146,0.05,0.0334,0.35,25350,Chicago,IL,0,1
National University of Health Sciences,https://www.nuhs.edu/,NA,NA,NA,12500,22,0.1818,0.6364,0.0455,0.1818,0,0,0,0.0455,0,0.0909,NA,NA,Lombard,IL,0,1
Cosmetology Concepts Niles,johnnamicoschoolofhairdesign.com/,NA,NA,NA,NA,55,0.4941,0.5091,0.1091,0.3636,0.0182,0,0,0,0,0,NA,NA,Niles,IL,0,1
North Central College,northcentralcollege.edu/,1165,0.5831,32,24500,2360,0.247,0.6191,0.0572,0.1729,0.0424,0.0013,4e-4,0.0369,0.0419,0.028,0.6477,54803,Naperville,IL,0,1
North Park University,www.northpark.edu/,NA,0.7284,NA,25500,1844,0.432,0.3026,0.0922,0.3482,0.0819,0.0011,0.0016,0.0342,0.1106,0.0277,0.6173,42040,Chicago,IL,0,1
Northern Illinois University,www.niu.edu/,NA,0.7045,NA,22162,11277,0.4555,0.4211,0.2127,0.2507,0.0664,0.0048,9e-4,0.0221,0.0136,0.0077,0.5253,27214,Dekalb,IL,1,1
Northwestern University,www.northwestern.edu/,1526,0.0715,43,15000,8960,0.187,0.3408,0.0738,0.1506,0.2167,0.001,9e-4,0.0765,0.1031,0.0366,0.9592,87804,Evanston,IL,0,1
Northeastern Illinois University,www.neiu.edu/,NA,0.704,NA,14600,3869,0.5377,0.1716,0.1005,0.5154,0.0817,0.0021,0.0013,0.0176,0.0121,0.0977,0.2238,27208,Chicago,IL,1,1
Oakton College,www.oakton.edu/,NA,NA,NA,5250,6229,0.1618,0.3946,0.0814,0.2066,0.2161,0.0011,0.0027,0.0339,0.0169,0.0467,NA,11344,Des Plaines,IL,1,1
Oehrlein School of Cosmetology,oehrleinschool.com/,NA,NA,NA,9833,67,0.5538,0.8955,0.0746,0.0299,0,0,0,0,0,0,NA,NA,East Peoria,IL,0,1
Olivet Nazarene University,https://www.olivet.edu/,1103,0.669,NA,25000,2485,0.3533,0.6101,0.0958,0.1412,0.0266,0.0024,0.0137,0.0382,0.0213,0.0507,0.6411,50557,Bourbonnais,IL,0,1
Parkland College,https://www.parkland.edu/,NA,NA,NA,8548,3293,0.2515,0.5949,0.1373,0.1221,0.0401,6e-4,9e-4,0.0647,0.0282,0.0112,NA,14011,Champaign,IL,1,1
Prairie State College,prairiestate.edu/,NA,NA,NA,11000,2448,0.3563,0.1311,0.5368,0.2263,0.0102,0.0033,0.002,0.0364,0.02,0.0339,NA,13813,Chicago Heights,IL,1,1
Principia College,www.principiacollege.edu/,1096,0.444,NA,NA,337,0,0.3798,0.0682,0.0504,0.0119,0,0.003,0.0326,0.4243,0.0297,0.859,NA,Elsah,IL,0,0
Professional's Choice Hair Design Academy,www.pchairdesign.com/,NA,NA,NA,NA,58,0.2667,0.431,0.0862,0.4828,0,0,0,0,0,0,NA,NA,Joliet,IL,0,1
Quincy University,https://www.quincy.edu/,1157,0.4989,NA,24000,1038,0.2964,0.6705,0.1089,0.0732,0.0145,0.0029,0,0,0.0684,0.0617,0.4173,45102,Quincy,IL,0,0
Rend Lake College,www.rlc.edu/,NA,NA,NA,5809,1196,0.3099,0.8813,0.0794,0.0234,0.0059,0.0033,8e-4,0,0,0.0059,NA,14638,Ina,IL,1,0
Richland Community College,https://www.richland.edu/,NA,NA,NA,8256,1412,0.3349,0.6105,0.2684,0.0524,0.0142,0.0028,7e-4,0.046,7e-4,0.0042,NA,11407,Decatur,IL,1,1
Rock Valley College,www.rockvalleycollege.edu/,NA,NA,NA,8500,4362,0.2058,0.5433,0.0919,0.263,0.0369,0.003,7e-4,0.0186,0.003,0.0397,NA,14351,Rockford,IL,1,1
Rockford University,www.rockford.edu/,984,0.5723,NA,22274,956,0.4175,0.4069,0.1506,0.1904,0.022,0.0052,0,0.0293,0.0816,0.114,0.4024,47033,Rockford,IL,0,1
Roosevelt University,www.roosevelt.edu/,1000,0.9427,NA,22000,2583,0.4642,0.2799,0.2098,0.3519,0.0465,0.005,8e-4,0.0356,0.0534,0.017,0.385,48426,Chicago,IL,0,1
Dominican University,https://www.dom.edu/,1022,0.798,NA,24411,2271,0.4934,0.1889,0.0506,0.6852,0.0317,0.0018,4e-4,0.0141,0.0035,0.0238,0.5238,44414,River Forest,IL,0,1
Rush University,www.rushu.rush.edu/,NA,NA,NA,21988,120,0.3565,0.2,0.2917,0.35,0.0833,0,0,0.0333,0.0083,0.0333,NA,NA,Chicago,IL,0,1
Saint Francis Medical Center College of Nursing,www.sfmccon.edu/,NA,NA,NA,15000,267,0.3238,0.8914,0.0375,0.0262,0.03,0,0,0.0037,0,0.0112,NA,NA,Peoria,IL,0,1
University of St Francis,https://www.stfrancis.edu/,1055,0.6393,NA,21079,1292,0.3706,0.4868,0.0967,0.3088,0.0364,0.0015,8e-4,0.0248,0.0317,0.0124,0.6519,45375,Joliet,IL,0,1
St. John's College-Department of Nursing,https://www.hshs.org/stjohnscollege/,NA,NA,NA,18750,76,0.3171,0.8421,0.0921,0.0263,0.0132,0,0,0.0132,0,0.0132,NA,NA,Springfield,IL,0,1
Saint Xavier University,https://www.sxu.edu/,NA,0.8575,NA,22223,3030,0.5599,0.2957,0.1175,0.5178,0.0218,0.001,3e-4,0.0241,0,0.0218,0.5258,42237,Chicago,IL,0,1
University of Illinois Springfield,www.uis.edu/,1118,0.8437,29,19128,2292,0.3585,0.6178,0.1265,0.1073,0.0397,9e-4,0.0031,0.0537,0.0349,0.0161,0.5236,23643,Springfield,IL,1,1
Sauk Valley Community College,www.svcc.edu/,NA,NA,NA,8250,1164,0.3528,0.7234,0.043,0.1718,0.0137,0.0034,0,0.0318,9e-4,0.012,NA,14253,Dixon,IL,1,0
Shawnee Community College,https://shawneecc.edu/,NA,NA,NA,NA,675,0.3441,0.7215,0.1911,0.0489,0.003,0.0207,0.0015,0,0,0.0133,NA,13113,Ullin,IL,1,0
St. Augustine College,www.staugustine.edu/,NA,NA,NA,4423,749,0.7338,0.012,0.0587,0.7824,0.0214,0,0,0.0013,0.036,0.0881,0.0923,23056,Chicago,IL,0,1
Southeastern Illinois College,www.sic.edu/,NA,NA,NA,NA,659,0.2306,0.8725,0.0379,0.0288,0.0076,0.0091,0.0015,0.0288,0.0061,0.0076,NA,12139,Harrisburg,IL,1,0
National Latino Education Institute,www.nlei.org/,NA,NA,NA,NA,2,0.5,0,0,1,0,0,0,0,0,0,NA,NA,Chicago,IL,0,1
Spoon River College,www.src.edu/,NA,NA,NA,NA,735,0.2995,0.8395,0.0816,0.0435,0.0054,0.0027,0.0014,0.0259,0,0,NA,11871,Canton,IL,1,0
Saint Anthony College of Nursing,https://www.sacn.edu/,NA,1,NA,20000,152,0.3481,0.6579,0.0658,0.1842,0.0789,0,0,0.0066,0,0.0066,1,NA,Rockford,IL,0,1
Educators of Beauty College of Cosmetology-Sterling,www.educatorsofbeauty.com/,NA,NA,NA,9833,57,0.5667,0.7719,0.0526,0.1754,0,0,0,0,0,0,NA,NA,Sterling,IL,0,0
Southern Illinois University-Carbondale,https://siu.edu/,1060,0.9044,NA,21543,8116,0.3665,0.6565,0.1682,0.0973,0.0179,0.0023,9e-4,0.0378,0.0185,6e-4,0.4605,29268,Carbondale,IL,1,0
Southern Illinois University-Edwardsville,www.siue.edu/,1063,0.9721,29,20500,8836,0.3157,0.6713,0.1468,0.0632,0.026,0.0022,0.001,0.0383,0.0222,0.0291,0.5184,25302,Edwardsville,IL,1,1
Taylor Business Institute,www.tbiil.edu/,NA,0.8929,NA,NA,70,0.1044,0,0.1143,0.0286,0,0,0,0,0.8571,0,NA,23713,Chicago,IL,0,1
Telshe Yeshiva-Chicago,https://telsheyeshivachicago.com/,NA,1,NA,NA,78,0.3797,0.9744,0,0,0,0,0,0,0.0256,0,0.0476,20000,Chicago,IL,0,1
South Suburban College,https://www.ssc.edu/,NA,NA,NA,NA,2012,0.2243,0.1332,0.5477,0.2326,0.0189,0.003,5e-4,0.0413,0.001,0.0219,NA,10713,South Holland,IL,1,1
Trinity Christian College,www.trnty.edu/,1154,0.8865,NA,25009,796,0.3329,0.5176,0.1382,0.1219,0.0276,0.0013,0.0038,0.1106,0.0402,0.0389,0.6579,47066,Palos Heights,IL,0,1
Trinity International University-Illinois,https://www.tiu.edu/,NA,0.9318,NA,26082,140,0.3288,0.3857,0.2143,0.1929,0.0357,0,0.0071,0.0429,0.0214,0.1,0.4595,47751,Deerfield,IL,0,1
Triton College,www.triton.edu/,NA,NA,NA,9413,6229,0.2591,0.2612,0.1246,0.4768,0.0246,6e-4,8e-4,0.0199,0.0162,0.0753,NA,11608,River Grove,IL,1,1
University of Spa & Cosmetology Arts,www.uscart.com/,NA,NA,NA,4584,165,0.4298,0.6182,0.297,0.0121,0.0242,0,0,0.0424,0,0.0061,NA,NA,Springfield,IL,0,1
VanderCook College of Music,https://www.vandercook.edu/,NA,0.973,NA,27000,70,0.2766,0.4286,0.0857,0.3286,0.0286,0,0,0.1,0.0286,0,0.65,38850,Chicago,IL,0,1
Waubonsee Community College,https://www.waubonsee.edu/,NA,NA,NA,7000,5499,0.2152,0.4177,0.0817,0.4328,0.0342,0.002,7e-4,0.0282,0,0.0027,NA,14661,Sugar Grove,IL,1,0
Western Illinois University,www.wiu.edu/,NA,0.7496,NA,25251,4939,0.2812,0.561,0.2092,0.1249,0.0134,0.0014,0.0012,0.0322,0.0393,0.0174,0.5233,27828,Macomb,IL,1,0
Wheaton College,www.wheaton.edu/,1363,0.8998,36,23250,2087,0.202,0.6833,0.0264,0.0795,0.1006,5e-4,0,0.0628,0.034,0.0129,0.8793,56447,Wheaton,IL,0,1
William Rainey Harper College,https://www.harpercollege.edu/index.php,NA,NA,NA,10184,8815,0.1958,0.4368,0.0499,0.3202,0.1296,0.0022,0.0073,0.0346,0.014,0.0056,NA,12833,Palatine,IL,1,1
Anderson University,https://anderson.edu/,1054,0.5342,NA,27000,1070,0.3587,0.7308,0.1084,0.071,0.0131,0,0.0019,0.0589,0.0084,0.0075,0.6318,49098,Anderson,IN,0,1
Ball State University,https://www.bsu.edu/,1172,0.716,NA,23250,13770,0.3358,0.7303,0.1012,0.0757,0.0227,0.0014,4e-4,0.0466,0.0051,0.0166,0.6864,25134,Muncie,IN,1,1
Bethel University,https://betheluniversity.edu/,1073,0.9868,NA,25000,1069,0.3522,0.696,0.0524,0.0992,0.015,0.0019,0.0028,0.0402,0.0889,0.0037,0.6357,42276,Mishawaka,IN,0,1
Butler University,www.butler.edu/,1282,0.8587,NA,26000,4383,0.1378,0.7919,0.044,0.0682,0.0399,0.0011,0,0.0372,0.0112,0.0064,0.8244,64503,Indianapolis,IN,0,1
Calumet College of Saint Joseph,www.ccsj.edu/,NA,NA,NA,21534,560,0.4849,0.2768,0.2857,0.3411,0.0089,0.0054,0,0.0304,0.0446,0.0071,0.1754,31758,Whiting,IN,0,1
College of Court Reporting Inc,www.ccr.edu/,NA,NA,NA,NA,183,0.3548,0.6066,0.0984,0.1967,0.0219,0.0055,0,0,0,0.071,NA,43083,Valparaiso,IN,0,1
Tricoci University of Beauty Culture-Highland,www.tricociuniversity.edu/,NA,NA,NA,7307,317,0.5813,0.265,0.4543,0.2524,0.0032,0.0032,0,0.0158,0.0032,0.0032,NA,NA,Highland,IN,0,1
DePauw University,www.depauw.edu/,1287,0.5406,NA,27000,1804,0.1575,0.5759,0.0576,0.0776,0.0238,0,0,0.0261,0.2278,0.0111,0.8255,72560,Greencastle,IN,0,0
Don Roberts School of Hair Design,www.donrobertsspaschool.com/,NA,NA,NA,8025,30,0.4444,0.6,0.2667,0.1333,0,0,0,0,0,0,NA,NA,Schererville,IN,0,1
Earlham College,https://earlham.edu/,1250,0.7422,NA,23488,612,0.25,0.6209,0.0703,0.0768,0.0294,0,0.0016,0.0376,0.1585,0.0049,0.7302,64237,Richmond,IN,0,0
University of Evansville,https://www.evansville.edu/,NA,0.7765,33,24606,1477,0.2296,0.7238,0.0454,0.0603,0.0352,0.0014,7e-4,0.0467,0.0785,0.0081,0.6971,56068,Evansville,IN,0,1
Franklin College,www.franklincollege.edu/,1119,0.7058,30,27000,872,0.385,0.797,0.0711,0.0573,0.0149,0.0011,0,0.0401,0.0115,0.0069,0.6125,50708,Franklin,IN,0,1
Goshen College,www.goshen.edu/,1049,0.8894,NA,22974,761,0.3738,0.4678,0.053900000000000003,0.2812,0.0223,0.0039,0.0013,0.0276,0.1156,0.0263,0.6591,47206,Goshen,IN,0,1
Grace College and Theological Seminary,www.grace.edu/,1088,0.8078,NA,19500,1511,0.2873,0.8061,0.0291,0.0702,0.0179,7e-4,0.002,0.0265,0.0384,0.0093,0.7208,40539,Winona Lake,IN,0,0
Hanover College,www.hanover.edu/,1197,0.8397,35,25250,958,0.26,0.786,0.0491,0.0313,0.0073,0.0084,0,0.0553,0.047,0.0157,0.6414,55798,Hanover,IN,0,0
J Michael Harrold Beauty Academy,harroldbeautyacademy.com/,NA,NA,NA,6650,94,0.4863,0.8298,0.0319,0.0638,0.0213,0,0,0.0426,0,0.0106,NA,NA,Terre Haute,IN,0,1
Holy Cross College,www.hcc-nd.edu/,1229,0.7371,NA,24000,533,0.2897,0.5009,0.0582,0.2908,0.0131,0.0038,0,0.0619,0.0507,0.0206,0.382,48808,Notre Dame,IN,0,1
PJ's College of Cosmetology-Clarksville,www.gotopjs.com/,NA,NA,NA,8289,222,0.6065,0.6622,0.1622,0.0541,0.009,0.0045,0.018,0.0586,0,0.0315,NA,NA,Clarksville,IN,0,1
Huntington University,www.huntington.edu/,1124,0.7115,NA,25576,1016,0.2937,0.7884,0.0423,0.0581,0.0148,0.003,0.002,0.0443,0.0463,0.001,0.6908,40088,Huntington,IN,0,0
Ivy Tech Community College,www.ivytech.edu/,NA,NA,NA,10727,54926,0.2306,0.667,0.1515,0.0424,0.0227,0.0057,0.0024,0.0436,0,0.0647,NA,13891,Indianapolis,IN,1,1
Purdue University Fort Wayne,www.pfw.edu/,1078,0.8566,NA,21500,5450,0.2305,0.6917,0.0723,0.1068,0.0556,0.0015,4e-4,0.0431,0.0266,0.002,0.3879,19714,Fort Wayne,IN,1,1
Indiana University-Indianapolis,https://indianapolis.iu.edu/,1146,0.8139,31,20000,16582,0.3627,0.5905,0.1105,0.1408,0.0727,7e-4,2e-4,0.0593,0.0218,0.0036,0.587,22216,Indianapolis,IN,1,1
University of Indianapolis,https://uindy.edu/,NA,0.7276,NA,26864,3147,0.3596,0.5777,0.1439,0.0991,0.0407,0.001,3e-4,0.0362,0.0823,0.0187,0.6381,48674,Indianapolis,IN,0,1
Indiana Institute of Technology,www.indianatech.edu/,NA,0.5689,NA,26391,1361,0.3383,0.4916,0.1492,0.0625,0.025,0.0037,0.0015,0.0375,0.0999,0.1293,0.4062,43490,Fort Wayne,IN,0,1
University of Southern Indiana,www.usi.edu/,1131,0.9465,30,20105,5344,0.2228,0.8355,0.0361,0.0492,0.0206,0.0015,2e-4,0.0382,0.0157,0.003,0.513,20749,Evansville,IN,1,1
Indiana State University,https://www.indstate.edu/,NA,0.915,NA,24000,6620,0.3905,0.6772,0.169,0.0718,0.0145,0.002,0.0011,0.0464,0.0113,0.0068,0.4247,23475,Terre Haute,IN,1,1
Indiana University-Kokomo,www.iuk.edu/,1063,0.8469,28,16961,2308,0.3469,0.7712,0.0498,0.1083,0.0108,9e-4,0,0.0472,0.0082,0.0035,0.4552,13351,Kokomo,IN,1,1
Indiana University-South Bend,https://iusb.edu/,1072,0.8599,28,21355,3807,0.4117,0.6013,0.083,0.2185,0.0205,0.0013,3e-4,0.0559,0.0147,0.0045,0.4198,15984,South Bend,IN,1,1
Indiana University-Bloomington,www.indiana.edu/,1308,0.8037,37,19509,36571,0.1669,0.6663,0.0415,0.0841,0.0994,3e-4,3e-4,0.0553,0.0475,0.0053,0.8206,27361,Bloomington,IN,1,1
Indiana University-Northwest,www.iun.edu/,1067,0.767,29,21710,2582,0.4255,0.4497,0.1692,0.3017,0.0298,8e-4,0,0.0438,0.0015,0.0035,0.3986,13371,Gary,IN,1,1
Indiana University-Southeast,https://ius.edu/,1097,0.8312,29,19684,3088,0.3381,0.8038,0.0609,0.0609,0.0207,0.001,0,0.0447,0.0029,0.0052,0.4161,15313,New Albany,IN,1,1
Indiana University-East,www.iue.edu/,1135,0.7124,28,18000,2446,0.3378,0.751,0.0613,0.0687,0.0262,4e-4,0.0012,0.0487,0.0188,0.0237,0.4421,16756,Richmond,IN,1,0
International Business College-Indianapolis,www.ibcindianapolis.edu/,NA,0.8182,NA,12000,145,0.503,0.7379,0.0345,0.0759,0.0207,0.0069,0,0.0897,0,0.0345,NA,22651,Indianapolis,IN,0,1
Taylor Institute of Cosmetology II,www.kbc.edu/,NA,NA,NA,NA,45,0.08,0.9111,0,0.0222,0,0,0,0.0444,0,0.0222,NA,NA,Knox,IN,0,0
Tricoci University of Beauty Culture-Lafayette,www.tricociuniversity.edu/,NA,NA,NA,7307,87,0.6279,0.4943,0.2529,0.1609,0.0115,0.023,0,0.0575,0,0,NA,NA,Lafayette,IN,0,1
Lincoln College of Technology-Indianapolis,www.lincolntech.edu/campus/indianapolis-in,NA,NA,NA,11730,1004,0.6376,0.4522,0.2948,0.1743,0.0259,0.001,0,0.0428,0.001,0.008,NA,NA,Indianapolis,IN,0,1
Manchester University,https://www.manchester.edu/,NA,0.913,NA,26854,895,0.4374,0.5408,0.0704,0.0872,0.0034,0.0045,0,0.0458,0.0056,0.2425,0.5385,48321,North Manchester,IN,0,0
Marian University,www.marian.edu/,NA,0.9534,NA,27000,2336,0.2305,0.5625,0.1764,0.131,0.0283,0.0017,9e-4,0.0479,0.0274,0.024,0.6447,52691,Indianapolis,IN,0,1
Indiana Wesleyan University-Marion,https://www.indwes.edu/,1074,0.8221,30,24250,1927,0.2549,0.8251,0.0493,0.0483,0.0259,0.0026,5e-4,0.0239,0.013,0.0114,0.7174,42951,Marion,IN,0,0
Martin University,www.martin.edu/,NA,NA,NA,42002,164,0.6554,0.0122,0.8293,0.0305,0.0122,0,0,0.0183,0,0.0976,0.25,25074,Indianapolis,IN,0,1
Mid-America College of Funeral Service,www.mid-america.edu/,NA,NA,NA,16666,337,0.559,0.7864,0.1395,0.0178,0,0.003,0,0.0386,0,0.0148,0.1935,30379,Jeffersonville,IN,0,1
West Michigan College of Barbering and Beauty,westmichigancollegeofbarberingandbeauty.com/,NA,NA,NA,10433,85,0.4444,0.3059,0.4353,0.1412,0,0,0.0118,0.0824,0,0.0235,NA,NA,Kalamazoo,MI,0,1
University of Notre Dame,www.nd.edu/,1510,0.1238,NA,19000,8923,0.1247,0.6139,0.0462,0.1357,0.0591,0.0017,0.0017,0.056,0.067,0.0187,0.96,80211,Notre Dame,IN,0,1
Oakland City University,www.oak.edu/,NA,0.6821,NA,16758,470,0.3185,0.5532,0.1638,0.0532,0.0064,0.0085,0,0.0574,0.1213,0.0362,0.6711,39307,Oakland City,IN,0,0
PJ's College of Cosmetology-Richmond,www.gotopjs.com/,NA,NA,NA,9833,71,0.6436,0.7465,0.1127,0.0282,0,0,0.0141,0.0986,0,0,NA,NA,Richmond,IN,0,0
Ravenscroft Beauty College,ravenscroftcollege.com/,NA,NA,NA,7389,114,0.5685,0.2632,0.4825,0.1228,0.0526,0,0,0.0789,0,0,NA,NA,Fort Wayne,IN,0,1
Rogers Academy of Hair Design,rogershair.com/,NA,NA,NA,12652,101,0.5667,0.6634,0.1881,0.0396,0,0,0,0.1089,0,0,NA,NA,Evansville,IN,0,1
Rose-Hulman Institute of Technology,https://www.rose-hulman.edu/,1389,0.7281,NA,25000,2224,0.1171,0.6956,0.0337,0.0513,0.0751,0.0031,0,0.0612,0.071,0.009,0.8729,74226,Terre Haute,IN,0,1
University of Saint Francis-Fort Wayne,https://www.sf.edu/,1040,0.9756,NA,25976,1599,0.427,0.5885,0.0938,0.1213,0.0113,0.0069,0.0013,0.0375,0.025,0.1144,0.5669,45228,Fort Wayne,IN,0,1
Saint Mary-of-the-Woods College,www.smwc.edu/,966,0.7614,NA,19512,896,0.5055,0.731,0.096,0.067,0.01,0.0022,0.0033,0.048,0.0268,0.0156,0.6176,47143,Saint Mary of the Woods,IN,0,0
Saint Mary's College,https://www.saintmarys.edu/,1233,0.8111,NA,27000,1399,0.239,0.7691,0.0229,0.1408,0.0107,0,0.0014,0.0336,0.01,0.0114,0.747,65706,Notre Dame,IN,0,1
Saint Elizabeth School of Nursing,https://www.steson.org/,1020,1,NA,26213,131,0.5347,0.8473,0.0382,0.0611,0.0153,0.0076,0,0.0305,0,0,NA,34606,Lafayette,IN,0,1
Taylor University,https://www.taylor.edu/,1232,0.7611,NA,20500,1890,0.1312,0.7963,0.0249,0.0455,0.0328,0.0011,0.0011,0.036,0.045,0.0175,0.7741,51879,Upland,IN,0,0
Trine University,www.trine.edu/,NA,0.8469,NA,25000,2344,0.1555,0.837,0.0448,0.0371,0.0158,0.0021,4e-4,0.0205,0.0162,0.026,0.634,50004,Angola,IN,0,0
Valparaiso University,https://www.valpo.edu/,1226,0.9222,NA,26942,2229,0.2593,0.6886,0.0637,0.1144,0.0341,9e-4,4e-4,0.0386,0.0444,0.0148,0.7476,57393,Valparaiso,IN,0,1
Vincennes Beauty College,vincennesbeautycollege.com/,NA,NA,NA,NA,34,0.3125,0.9118,0.0294,0,0,0,0,0.0588,0,0,NA,NA,Vincennes,IN,0,0
Vincennes University,https://www.vinu.edu/,NA,NA,NA,12000,3739,0.0935,0.7416,0.0746,0.0859,0.012,0.0024,0.0021,0.0265,0.0227,0.0321,0.2154,19446,Vincennes,IN,1,0
Wabash College,www.wabash.edu/,1210,0.6278,35,27000,845,0.2251,0.7266,0.0414,0.1183,0.0178,0,0,0.0402,0.0462,0.0095,0.8383,62750,Crawfordsville,IN,0,0
Allen College,www.allencollege.edu/,NA,NA,NA,18750,279,0.2662,0.7742,0.0108,0.0287,0.0287,0.0036,0.0072,0.0179,0.0036,0.1254,NA,NA,Waterloo,IA,0,1
Briar Cliff University,www.briarcliff.edu/,NA,NA,NA,23250,626,0.295,0.5735,0.0719,0.1613,0.0064,0.0096,0.0016,0.0495,0.1198,0.0064,0.5568,49693,Sioux City,IA,0,1
Buena Vista University,https://www.bvu.edu/,1090,0.7176,NA,25000,1378,0.4254,0.7866,0.0298,0.1219,0.0073,0.0065,0.0022,0.0189,0.0065,0.0203,0.6323,52490,Storm Lake,IA,0,0
Capri College-Dubuque,www.capricollege.edu/,NA,NA,NA,7600,153,0.4449,0.9216,0.0327,0.0327,0,0,0,0.0131,0,0,NA,NA,Dubuque,IA,0,1
Capri College-Cedar Rapids,www.capricollege.edu/,NA,NA,NA,7600,128,0.4438,0.8125,0.0859,0.0469,0.0078,0.0078,0,0.0391,0,0,NA,NA,Cedar Rapids,IA,0,1
Central College,www.central.edu/,1115,0.7897,NA,26984,1062,0.2139,0.8738,0.0179,0.0433,0.0085,9e-4,0,0.0311,0.0019,0.0226,0.6646,35177,Pella,IA,0,0
Clarke University,www.clarke.edu/,1060,0.6816,NA,26717,782,0.3592,0.5358,0.1355,0.1151,0.0166,0.0026,0.0038,0.0345,0.1036,0.0524,0.5449,52899,Dubuque,IA,0,1
Coe College,www.coe.edu/,1206,0.7067,NA,27000,1246,0.3568,0.6276,0.1019,0.1252,0.0225,8e-4,0.0032,0.0209,0.049,0.049,0.6472,64682,Cedar Rapids,IA,0,1
Cornell College,www.cornellcollege.edu/,1246,0.8066,34,27000,1074,0.2896,0.7151,0.081,0.1034,0.0307,0.0112,0.0028,0.0093,0.0289,0.0177,0.6377,64336,Mount Vernon,IA,0,0
Des Moines Area Community College,https://www.dmacc.edu/,NA,NA,NA,11000,10406,0.1606,0.6748,0.0973,0.1069,0.0419,0.0036,0.0011,0.0365,0.0073,0.0308,NA,15664,Ankeny,IA,1,1
Divine Word College,www.dwci.edu/,NA,NA,NA,NA,61,0.1176,0.0328,0,0.0164,0.1148,0,0,0,0.8361,0,1,NA,Epworth,IA,0,0
Dordt University,https://www.dordt.edu/,1175,0.7116,NA,21500,1547,0.1827,0.8035,0.0052,0.0265,0.0097,6e-4,0.0013,0.0175,0.0983,0.0375,0.7607,49722,Sioux Center,IA,0,0
Drake University,www.drake.edu/,1288,0.6413,NA,23000,2669,0.2095,0.7055,0.0686,0.0783,0.0491,0.0011,0.0011,0.054,0.0382,0.0041,0.7765,62407,Des Moines,IA,0,1
University of Dubuque,www.dbq.edu/,1119,0.8692,NA,25750,1473,0.4037,0.7006,0.0957,0.055,0.0115,0.0041,0.0034,0.0122,0.0319,0.0855,0.411,51060,Dubuque,IA,0,1
Ellsworth Community College,https://ecc.iavalley.edu/,NA,NA,NA,10000,540,0.3505,0.6222,0.1593,0.0852,0.0037,0.0019,0.0019,0.0611,0.0574,0.0074,NA,17157,Iowa Falls,IA,1,0
Emmaus Bible College,https://www.emmaus.edu/,1109,0.977,NA,15750,183,0.4029,0.7377,0.0383,0.0492,0.0219,0.0109,0.0055,0.0383,0.0273,0.071,0.5952,30198,Dubuque,IA,0,1
Eastern Iowa Community College District,www.eicc.edu/,NA,NA,NA,12739,3244,0.2249,0.6594,0.1205,0.1356,0.0148,0.0018,9e-4,0.0543,3e-4,0.0123,NA,14499,Davenport,IA,1,1
Faith Baptist Bible College and Theological Seminary,https://faith.edu/,1088,0.4968,NA,12971,371,0.374,0.8383,0.0081,0.0458,0.0162,0.0027,0.0027,0.0323,0.0404,0.0135,0.5532,30354,Ankeny,IA,0,1
Graceland University-Lamoni,www.graceland.edu/,NA,0.8322,NA,21212,901,0.4516,0.4428,0.1853,0.1343,0.0078,0.0044,0.0133,0.0522,0.1276,0.0322,0.4775,46850,Lamoni,IA,0,0
Grand View University,www.grandview.edu/,NA,0.9838,26,22500,1472,0.3811,0.57,0.0999,0.1236,0.0401,0.0061,0.0014,0.0428,0.0346,0.0815,0.515,46188,Des Moines,IA,0,1
Grinnell College,www.grinnell.edu/,1486,0.1268,NA,17500,1705,0.1688,0.5173,0.0499,0.0827,0.0839,6e-4,0,0.0563,0.1924,0.017,0.873,79228,Grinnell,IA,0,0
Orion Technical College,orion.edu/iowa,NA,NA,NA,9500,73,0.5733,0.5616,0.2329,0.137,0.0137,0,0,0.0411,0,0.0137,NA,26127,Davenport,IA,0,1
Hawkeye Community College,www.hawkeyecollege.edu/,NA,NA,NA,12000,2528,0.2191,0.7243,0.1044,0.0653,0.0198,0.0047,0.0047,0.0487,0.0206,0.0075,NA,15065,Waterloo,IA,1,0
American Hair Academy,americanhairacademy.com/,NA,NA,NA,NA,27,0.6897,0.7037,0.0741,0.1481,0,0,0,0.037,0,0.037,NA,NA,Mt. Pleasant,IA,0,0
Indian Hills Community College,https://www.indianhills.edu/,NA,NA,NA,10500,1635,0.2234,0.6667,0.0826,0.0972,0.019,0.0024,0.0043,0.0446,0.0734,0.0098,NA,14774,Ottumwa,IA,1,0
Iowa Central Community College,www.iowacentral.edu/,NA,NA,NA,11000,3107,0.3124,0.5755,0.1217,0.112,0.0122,0.0061,0.0013,0.0772,0.0286,0.0653,NA,15405,Fort Dodge,IA,1,0
Iowa Lakes Community College,www.iowalakes.edu/,NA,NA,NA,12000,995,0.204,0.7518,0.0412,0.0794,0.0171,0.004,0.004,0.0121,0.0714,0.0191,NA,17834,Estherville,IA,1,0
UnityPoint Health-Des Moines School of Radiologic Technology,https://www.unitypoint.org/join-our-team/medical-education-and-career-growth/school-of-radiologic-technology---des-moines-area-hospitals,NA,NA,NA,NA,16,0.1053,0.9375,0,0,0.0625,0,0,0,0,0,NA,NA,Des Moines,IA,0,1
Iowa School of Beauty-Des Moines,iowaschoolofbeauty.com/,NA,NA,NA,6333,74,0.3944,0.7162,0.0946,0.1216,0.027,0.027,0,0.0135,0,0,NA,NA,Des Moines,IA,0,1
Iowa State University,https://www.iastate.edu/,1199,0.8913,NA,22869,25033,0.1846,0.7707,0.0262,0.072,0.0439,0.0012,6e-4,0.0312,0.033,0.0213,0.7684,23309,Ames,IA,1,1
Iowa Western Community College,www.iwcc.edu/,NA,NA,NA,11033,3029,0.2591,0.5952,0.1456,0.1202,0.0132,0.0102,0.002,0.0423,0.0423,0.0291,NA,18102,Council Bluffs,IA,1,1
University of Iowa,https://uiowa.edu/,1220,0.8467,NA,22500,21691,0.1775,0.7452,0.0292,0.0915,0.0465,0.0012,6e-4,0.0384,0.0155,0.0318,0.7492,26883,Iowa City,IA,1,1
Kirkwood Community College,www.kirkwood.edu/,NA,NA,NA,12000,7438,0.2363,0.6543,0.1468,0.0758,0.0163,0.0044,0.0013,0.0333,0.0261,0.0415,NA,14797,Cedar Rapids,IA,1,1
La James International College-Cedar Falls,ljic.edu/,NA,NA,NA,NA,40,0.6949,0.55,0.175,0.15,0,0,0,0.125,0,0,NA,NA,Cedar Falls,IA,0,1
La James International College-Johnston,ljic.edu/,NA,NA,NA,NA,113,0.5528,0.5841,0.1239,0.1681,0.0177,0.0177,0,0.0885,0,0,NA,NA,Johnston,IA,0,1
La James College of Hairstyling and Cosmetology,www.lajames.edu/,NA,NA,NA,6930,56,0.5586,0.7857,0.0893,0.125,0,0,0,0,0,0,NA,NA,Mason City,IA,0,0
La James International College-Ft Dodge,ljic.edu/,NA,NA,NA,NA,20,0.7368,0.65,0.05,0.25,0,0,0,0.05,0,0,NA,NA,Fort Dodge,IA,0,0
Loras College,www.loras.edu/,NA,0.9183,NA,26000,1087,0.2527,0.7424,0.0442,0.0856,0.011,0,9e-4,0.0248,0.0451,0.046,0.6848,48380,Dubuque,IA,0,1
Luther College,https://www.luther.edu/,1238,0.7327,NA,27000,1454,0.1925,0.7338,0.0358,0.0653,0.0158,0.0062,0.0034,0.0041,0.1265,0.0089,0.7255,62845,Decorah,IA,0,0
Maharishi International University,https://www.miu.edu/,NA,0.969,NA,24781,774,0.5521,0.447,0.0969,0.1021,0.0207,0.0103,0.0026,0.0517,0.0168,0.2519,0.35,28730,Fairfield,IA,0,0
Marshalltown Community College,https://mcc.iavalley.edu/,NA,NA,NA,9500,868,0.211,0.4689,0.0507,0.2972,0.0369,0.0253,0,0.0173,0.0887,0.015,NA,13993,Marshalltown,IA,1,0
Mercy College of Health Sciences,https://www.mchs.edu/,NA,0.9878,NA,14745,905,0.3388,0.6773,0.126,0.1127,0.0519,0.0088,0.0022,0.0077,0,0.0133,0.5,30844,Des Moines,IA,0,1
Morningside University,https://www.morningside.edu/,910,0.7057,NA,26028,1166,0.3153,0.5806,0.0403,0.0901,0.012,0.006,9e-4,0.0309,0.0935,0.1458,0.5418,50429,Sioux City,IA,0,1
Mount Mercy University,www.mtmercy.edu/,1120,0.7876,NA,23699,1135,0.2589,0.6405,0.0344,0.0273,0.0194,0,0,0.1436,0.1004,0.0344,0.5991,52436,Cedar Rapids,IA,0,1
Ashford University,www.uagc.edu/,NA,NA,NA,31250,23734,0.3114,0.3976,0.2823,0.2145,0.0266,0.0082,0.01,0.0439,0.0016,0.0153,0.0968,30866,San Diego,CA,0,1
North Iowa Area Community College,www.niacc.edu/,NA,NA,NA,9500,1271,0.2356,0.7648,0.0535,0.0983,0.0063,0.0039,0.0016,0.0417,0.0275,0.0024,NA,15161,Mason City,IA,1,0
University of Northern Iowa,https://www.uni.edu/,1120,0.944,29,19691,7599,0.238,0.8351,0.0312,0.0611,0.0161,0.0016,7e-4,0.029,0.0108,0.0146,0.6982,21627,Cedar Falls,IA,1,1
Northwestern College,https://www.nwciowa.edu/,NA,0.8701,NA,23249,1125,0.2274,0.784,0.0196,0.064,0.0116,9e-4,9e-4,0.0107,0.0427,0.0658,0.7115,48447,Orange City,IA,0,0
Northeast Iowa Community College,https://www.nicc.edu/,NA,NA,NA,12000,1736,0.2267,0.822,0.0582,0.0541,0.0092,0.0012,0.004,0.0127,6e-4,0.038,NA,16720,Calmar,IA,1,0
Northwest Iowa Community College,www.nwicc.edu/,NA,NA,NA,9500,856,0.1464,0.785,0.0607,0.1028,0.014,0.0035,0,0.0222,0,0.0117,NA,17914,Sheldon,IA,1,0
Palmer College of Chiropractic,www.palmer.edu/,NA,NA,NA,NA,41,0.375,0.8293,0.0244,0.1463,0,0,0,0,0,0,NA,NA,Davenport,IA,0,1
PCI Academy-Ames,www.pci-academy.com/,NA,NA,NA,5828,170,0.3165,0.8,0.0235,0.0882,0.0176,0.0059,0,0.0647,0,0,NA,NA,Ames,IA,0,1
Saint Ambrose University,www.sau.edu/,NA,0.7332,NA,25000,2101,0.279,0.6887,0.0676,0.1076,0.0195,0.0029,0.0024,0.0462,0.0281,0.0371,0.6443,50018,Davenport,IA,0,1
St Luke's College,www.stlukescollege.edu/,980,0.4444,NA,15000,192,0.4643,0.6563,0.0677,0.1771,0.0052,0.0313,0.0052,0.0521,0,0.0052,NA,27391,Sioux City,IA,0,1
La James International College-Davenport,ljic.edu/,NA,NA,NA,NA,123,0.6303,0.3821,0.2927,0.2033,0.0325,0.0081,0,0.0732,0,0.0081,NA,NA,Davenport,IA,0,1
Simpson College,simpson.edu/,1410,0.8888,NA,26000,1130,0.3265,0.7575,0.0354,0.1115,0.0195,0.0027,9e-4,0.0407,0.0221,0.0097,0.6925,58937,Indianola,IA,0,0
Southeastern Community College,www.scciowa.edu/,NA,NA,NA,12000,1529,0.2687,0.6337,0.0674,0.0628,0.0137,0.0078,0,0.0399,0.0569,0.1177,NA,16582,West Burlington,IA,1,0
Southwestern Community College,www.swcciowa.edu/,NA,NA,NA,10975,774,0.2385,0.8165,0.0491,0.0607,0.0039,0.0052,0,0.0258,0.0375,0.0013,NA,16399,Creston,IA,1,0
Capri College-Davenport,www.capricollege.edu/,NA,NA,NA,7600,142,0.4455,0.7042,0.0563,0.1338,0.0211,0,0,0.0845,0,0,NA,NA,Davenport,IA,0,1
Iowa School of Beauty-Sioux City,iowaschoolofbeauty.com/,NA,NA,NA,13389,40,0.5156,0.55,0.05,0.25,0.025,0.1,0,0.025,0,0,NA,NA,Sioux City,IA,0,1
SOHO Hair Academy,www.sohohairacademy.com/,NA,NA,NA,9425,50,0.6667,0.64,0.14,0.2,0,0,0,0.02,0,0,NA,NA,Council Bluffs,IA,0,1
Upper Iowa University,https://www.uiu.edu/,929,0.9338,NA,25000,2021,0.3252,0.6126,0.1653,0.0861,0.0193,0.0049,0.004,0.0332,0.0416,0.0332,0.3797,48422,Fayette,IA,0,0
Waldorf University,www.waldorf.edu/,NA,0.726,NA,18752,2103,0.339,0.5159,0.126,0.0219,0.0124,0.0071,0.009,0.0247,0.0071,0.2758,0.3417,38035,Forest City,IA,0,0
Wartburg College,https://www.wartburg.edu/,1136,0.9941,31,27000,1446,0.2147,0.8043,0.045,0.0429,0.0048,0.0021,7e-4,0.0304,0.053900000000000003,0.0159,0.6978,61832,Waverly,IA,0,0
The Salon Professional Academy-Cedar Falls,tspacedarfalls.com/,NA,NA,NA,12500,101,0.6,0.3267,0.4554,0.1584,0,0,0.0297,0.0297,0,0,NA,NA,Cedar Falls,IA,0,1
Western Iowa Tech Community College,https://www.witcc.edu/,NA,NA,NA,11000,2589,0.2526,0.518,0.068,0.2294,0.0178,0.0154,8e-4,0.0413,0.0912,0.0182,NA,14300,Sioux City,IA,1,1
William Penn University,https://www.wmpenn.edu/,996,0.5701,NA,22415,1391,0.4558,0.555,0.1761,0.1006,0.005,0.0108,0.0101,0.0575,0.059,0.0259,0.3247,40749,Oskaloosa,IA,0,0
Allen County Community College,https://www.allencc.edu/,NA,NA,NA,6954,761,0.172,0.6321,0.0618,0.1327,0.0197,0.0131,0,0.0302,0.1051,0.0053,NA,13072,Iola,KS,1,0
Baker University,https://www.bakeru.edu/,950,0.921,NA,25000,1080,0.2386,0.6519,0.113,0.112,0.012,0.0157,0.0019,0.0389,0.0306,0.0241,0.6209,48117,Baldwin City,KS,0,0
Barton County Community College,https://www.bartonccc.edu/,NA,NA,NA,9501,2273,0.1836,0.564,0.139,0.1214,0.0211,0.0136,0.0101,0.0669,0.0585,0.0053,NA,17048,Great Bend,KS,1,0
Benedictine College,www.benedictine.edu/,1244,0.7645,NA,24599,2236,0.1621,0.75,0.0246,0.131,0.0152,0.0036,0.0018,0.0371,0.0098,0.0268,0.6391,50820,Atchison,KS,0,0
Bethany College,https://www.bethanylb.edu/,NA,0.786,NA,23250,583,0.4328,0.4631,0.2007,0.199,0.0154,0.0154,0.0051,0.0429,0.0583,0,0.323,52396,Lindsborg,KS,0,0
Bethel College-North Newton,www.bethelks.edu/,NA,0.957,NA,24000,499,0.3879,0.5311,0.1683,0.1683,0.016,0.0481,0.006,0,0.0421,0.02,0.4729,47672,North Newton,KS,0,0
Butler Community College,www.butlercc.edu/,NA,NA,NA,10500,5694,0.3075,0.5808,0.094,0.1588,0.0427,0.0091,0.0021,0,0.03,0.0825,NA,20278,El Dorado,KS,1,0
Central Christian College of Kansas,https://www.centralchristian.edu/,NA,NA,NA,27000,394,0.4311,0.4772,0.1294,0.2411,0.0178,0.0254,0.0051,0.0508,0.0178,0.0355,0.1875,32495,McPherson,KS,0,0
Cloud County Community College,https://www.cloud.edu/,NA,NA,NA,8000,807,0.215,0.6121,0.0991,0.0905,0.0087,0.0025,0.0012,0.0595,0.0905,0.0359,NA,16432,Concordia,KS,1,0
Coffeyville Community College,www.coffeyville.edu/,NA,NA,NA,8103,870,0.3175,0.3954,0.2609,0.0977,0.0023,0.0471,0,0.1,0.0483,0.0483,NA,11727,Coffeyville,KS,1,0
Colby Community College,www.colbycc.edu/,NA,NA,NA,8908,837,0.229,0.7085,0.0382,0.0406,0.0048,0.0084,0.0048,0.0299,0.086,0.0789,NA,12705,Colby,KS,1,0
Cowley County Community College,www.cowley.edu/,NA,NA,NA,8000,1548,0.352,0.6098,0.0652,0.1292,0.0097,0.0233,0.0039,0.0672,0.082,0.0097,NA,12773,Arkansas City,KS,1,0
Dodge City Community College,https://dc3.edu/,NA,NA,NA,8800,1200,0.279,0.2842,0.1042,0.5,0.01,0.0033,0.0017,0.0267,0.0583,0.0117,NA,10039,Dodge City,KS,1,0
Donnelly College,www.donnelly.edu/,NA,NA,NA,11842,343,0.6313,0.1283,0.4198,0.344,0.0554,0.0175,0,0.035,0,0,NA,22227,Kansas City,KS,0,1
Emporia State University,www.emporia.edu/,1090,0.9774,NA,19500,2328,0.3401,0.7066,0.0387,0.1293,0.0086,0.0039,9e-4,0.0631,0.0309,0.018,0.5144,20527,Emporia,KS,1,0
Flint Hills Technical College,www.fhtc.edu/,NA,NA,NA,6625,341,0.113,0.6716,0.0059,0.2757,0.0059,0,0,0.0323,0.0088,0,NA,21137,Emporia,KS,1,0
Fort Hays State University,www.fhsu.edu/,1118,0.9177,NA,21000,9792,0.2227,0.4878,0.0254,0.0569,0.0157,0.0026,0.0012,0.0245,0.0193,0.3665,0.5174,19114,Hays,KS,1,0
Barclay College,www.barclaycollege.edu/,NA,0.5449,NA,27000,161,0.6513,0.472,0.1925,0.1801,0.0124,0.0248,0,0.0745,0.0373,0.0062,0.4848,40190,Haviland,KS,0,0
Friends University,www.friends.edu/,1014,0.5564,NA,25000,1015,0.3365,0.5094,0.1064,0.2118,0.0118,0.0079,0.001,0.0828,0.0433,0.0256,0.4146,44401,Wichita,KS,0,1
Fort Scott Community College,www.fortscott.edu/,NA,NA,NA,9500,763,0.2635,0.692,0.1389,0.0904,0.0066,0.0144,0.0013,0.0459,0.0105,0,NA,10838,Fort Scott,KS,1,0
Garden City Community College,www.gcccks.edu/,NA,NA,NA,6500,1321,0.2941,0.274,0.0802,0.4958,0.0212,0.0045,0.003,0.0326,0.0621,0.0265,NA,14588,Garden City,KS,1,0
Haskell Indian Nations University,www.haskell.edu/,NA,0.8832,NA,NA,878,0.619,0,0,0,0,1,0,0,0,0,NA,10134,Lawrence,KS,1,1
Hays Academy of Hair Design,www.haysacademy.edu/,NA,NA,NA,9833,74,0.4286,0.7297,0,0.2297,0,0.0135,0,0.027,0,0,NA,NA,Hays,KS,0,0
Hesston College,www.hesston.edu/,NA,NA,NA,12000,308,0.3025,0.5032,0.0844,0.1591,0.013,0.0065,0.0032,0.0552,0.1656,0.0097,0.75,44939,Hesston,KS,0,0
Highland Community College,www.highlandcc.edu/,NA,NA,NA,8277,1262,0.1723,0.6252,0.1632,0.0475,0.0151,0.0238,0.0032,0.0824,0,0.0396,NA,15854,Highland,KS,1,0
Hutchinson Community College,www.hutchcc.edu/,NA,NA,NA,9773,2911,0.2379,0.6094,0.0752,0.1295,0.0076,0.0045,0.0017,0.0385,0.0151,0.1185,NA,12881,Hutchinson,KS,1,0
Independence Community College,www.indycc.edu/,NA,NA,NA,6115,518,0.4017,0.3977,0.3031,0.0965,0,0.0116,0.0174,0.0869,0.0444,0.0425,NA,12041,Independence,KS,1,0
Johnson County Community College,www.jccc.edu/,NA,NA,NA,8750,10634,0.1649,0.5633,0.071,0.1633,0.0408,0.0056,0.0117,0.0575,0.0367,0.0501,NA,18946,Overland Park,KS,1,1
Concorde Career College-Kansas City,https://www.concorde.edu/campus/kansas-city-missouri,NA,0.9883,NA,9500,240,0.5393,0.1542,0.3042,0.1542,0.0167,0.0125,0.0042,0.0167,0,0.3375,NA,NA,Kansas City,MO,0,1
Kansas City Kansas Community College,www.kckcc.edu/,NA,NA,NA,8793,3071,0.3067,0.3781,0.1993,0.2686,0.043,0.0039,0.0016,0.0641,0.0231,0.0182,NA,18095,Kansas City,KS,1,1
Kansas Christian College,https://www.kansaschristian.edu/,NA,NA,NA,NA,143,0.5798,0.3007,0.3287,0.1608,0.035,0.007,0.014,0.0769,0.042,0.035,1,21889,Overland Park,KS,0,1
University of Kansas,https://ku.edu/,1186,0.882,NA,21000,19857,0.1953,0.6907,0.0433,0.1027,0.0623,0.0043,0.001,0.0582,0.0324,0.005,0.673,25215,Lawrence,KS,1,1
Newman University,www.newmanu.edu/,NA,0.4761,NA,20801,857,0.124,0.5228,0.0478,0.2544,0.0303,0.0047,0.0012,0.0455,0.0817,0.0117,0.6139,44081,Wichita,KS,0,1
Old Town Barber College-Wichita,www.otbcollege.com/,NA,NA,NA,13000,94,0.7442,0.1809,0.5319,0.1915,0,0.0106,0,0.0851,0,0,NA,NA,Wichita,KS,0,1
Kansas State University,www.k-state.edu/,1149,0.7936,NA,21250,14835,0.1934,0.795,0.0266,0.0913,0.0187,0.0038,9e-4,0.0378,0.0169,0.0091,0.6969,25441,Manhattan,KS,1,1
Kansas Wesleyan University,www.kwu.edu/,NA,0.8498,NA,23250,894,0.4083,0.5671,0.1242,0.1846,0.0145,0.0045,0.0034,0.0649,0.0369,0,0.3924,45683,Salina,KS,0,0
Washburn Institute of Technology,www.washburntech.edu/,NA,0.4075,NA,18127,490,0.1729,0.6,0.0878,0.1714,0.002,0.0163,0.0061,0.0551,0.0204,0.0408,NA,17795,Topeka,KS,1,1
Labette Community College,www.labette.edu/,NA,NA,NA,10500,766,0.2189,0.7154,0.0692,0.111,0.0065,0.0261,0.0039,0.0496,0.0131,0.0052,NA,13629,Parsons,KS,1,0
Manhattan Area Technical College,https://manhattantech.edu/,NA,NA,NA,9500,328,0.1199,0.6829,0.0915,0.1646,0.0061,0.0091,0.003,0.0396,0.003,0,NA,18055,Manhattan,KS,1,1
Manhattan Christian College,www.mccks.edu/,1020,1,NA,24250,132,0.4483,0.6591,0.1212,0.1288,0.0076,0.0227,0,0.0606,0,0,0.3582,34318,Manhattan,KS,0,1
McPherson College,www.mcpherson.edu/,1068,0.8379,NA,25242,786,0.3362,0.5165,0.1247,0.1679,0.0165,0.0445,0.0025,0.0115,0.0623,0.0534,0.5365,48404,McPherson,KS,0,0
MidAmerica Nazarene University,https://www.mnu.edu/,1016,0.7346,NA,15000,977,0.2847,0.6162,0.1494,0.085,0.0102,0.0082,0.0031,0.0614,0.0471,0.0194,0.4486,53495,Olathe,KS,0,1
Neosho County Community College,www.neosho.edu/,NA,NA,NA,8500,848,0.1974,0.6863,0.0613,0.0837,0.0071,0.0153,0,0.0401,0.0943,0.0118,NA,16555,Chanute,KS,1,0
North Central Kansas Technical College,www.ncktc.edu/,NA,NA,NA,10000,472,0.1952,0.8729,0.0191,0.0403,0.0021,0.0064,0,0.0593,0,0,NA,22287,Beloit,KS,1,0
Northwest Kansas Technical College,www.nwktc.edu/,NA,NA,NA,12000,314,0.2262,0.5287,0.1146,0.2611,0.0064,0.0127,0.0064,0.0287,0.0414,0,NA,NA,Goodland,KS,1,0
Ottawa University-Ottawa,www.ottawa.edu/,1011,0.8003,NA,21500,935,0.3529,0.5337,0.1497,0.1615,0.016,0.0203,0.0043,0.0556,0.0545,0.0043,0.3355,51340,Ottawa,KS,0,0
Ottawa University-Kansas City,www.ottawa.edu/,NA,NA,NA,21500,223,0.4618,0.704,0.0987,0.148,0.009,0.0179,0,0.0179,0,0.0045,NA,NA,Overland Park,KS,0,1
Pittsburg State University,https://www.pittstate.edu/,1090,0.8817,NA,18969,4162,0.3226,0.7902,0.032,0.0745,0.0079,0.0149,0.0012,0.0639,0.0142,0.0012,0.5208,22426,Pittsburg,KS,1,0
Pratt Community College,www.prattcc.edu/,NA,NA,NA,6500,600,0.1913,0.6583,0.0817,0.0317,0.0067,0.0183,0.0017,0.0683,0.1017,0.0317,NA,15333,Pratt,KS,1,0
University of Saint Mary,www.stmary.edu/,1047,0.8984,NA,22018,889,0.3688,0.4781,0.1384,0.2036,0.0101,0.0101,0,0.0416,0.0247,0.0934,0.4741,45313,Leavenworth,KS,0,0
Salina Area Technical College,www.salinatech.edu/,NA,NA,NA,7000,352,0.1357,0.7216,0.0256,0.1989,0.017,0.0114,0.0028,0.0142,0,0.0085,NA,12938,Salina,KS,1,0
Seward County Community College,sccc.edu/,NA,NA,NA,6500,1140,0.202,0.2368,0.0342,0.5439,0.0193,0.007,0,0.0175,0.0658,0.0754,NA,12662,Liberal,KS,1,0
Southwestern College,https://www.sckans.edu/,NA,0.6497,NA,25000,1026,0.3946,0.4259,0.1813,0.1511,0.0244,0.0253,0.0088,0.0136,0.0185,0.1511,0.4045,53677,Winfield,KS,0,0
Sterling College,www.sterling.edu/,NA,0.5303,NA,24625,569,0.3167,0.638,0.1107,0.0562,0.0018,0.0053,0.0035,0.0861,0.0861,0.0123,0.4296,44836,Sterling,KS,0,0
Tabor College,tabor.edu/,1049,0.6462,NA,23887,530,0.3783,0.5981,0.0925,0.1566,0.0019,0.0094,0.0038,0.0642,0.066,0.0075,0.4733,48360,Hillsboro,KS,0,0
Washburn University,www.washburn.edu/,NA,NA,NA,18127,4093,0.3052,0.615,0.084,0.1461,0.0134,0.0071,7e-4,0.065,0.0481,0.0205,0.4617,20949,Topeka,KS,1,1
Wichita State University-Campus of Applied Sciences and Technology,www.wsutech.edu/,NA,NA,NA,9500,2778,0.2133,0.4734,0.1415,0.2585,0.0464,0.0108,0.0022,0.0529,0.0018,0.0126,NA,16928,Wichita,KS,1,1
Wichita State University,www.wichita.edu/,1118,0.9494,NA,20500,10493,0.2973,0.5659,0.0607,0.1696,0.0774,0.0062,0.0011,0.0561,0.0432,0.0197,0.5111,21064,Wichita,KS,1,1
Wichita Technical Institute,www.wti.edu/,NA,NA,NA,13000,866,0.7533,0.5473,0.1686,0.1467,0.0196,0.0323,0.0139,0.0416,0,0.03,NA,NA,Wichita,KS,0,1
Alice Lloyd College,www.alc.edu/,980,0.8557,27,19599,528,0.5565,0.9129,0.0473,0.0114,0.0038,0.0038,0,0.0114,0.0038,0.0057,0.3022,30294,Pippa Passes,KY,0,0
Asbury University,https://www.asbury.edu/,NA,0.6406,NA,24028,1369,0.2631,0.7772,0.0365,0.0657,0.0102,0.0015,0,0.0292,0.0584,0.0212,0.6527,46209,Wilmore,KY,0,0
Ashland Community and Technical College,https://ashland.kctcs.edu/,NA,NA,NA,10950,1566,0.4302,0.9246,0.0153,0.0109,0.0032,0.0026,6e-4,0.0345,0,0.0083,NA,13571,Ashland,KY,1,1
Bellarmine University,https://www.bellarmine.edu/,1208,0.9359,NA,25000,2286,0.2501,0.7108,0.0971,0.077,0.0328,0.0022,4e-4,0.0512,0.0201,0.0083,0.6577,60247,Louisville,KY,0,1
Berea College,https://www.berea.edu/,1248,0.3271,NA,3591,1472,0.8101,0.4382,0.1909,0.1637,0.0387,0,0.0014,0.0788,0.0808,0.0075,0.6605,56068,Berea,KY,0,0
PJ's College of Cosmetology-Bowling Green,www.gotopjs.com/,NA,NA,NA,7917,285,0.5631,0.6035,0.1368,0.0632,0.0667,0.007,0.0281,0.0912,0,0.0035,NA,NA,Bowling Green,KY,0,1
Southcentral Kentucky Community and Technical College,https://southcentral.kctcs.edu/,NA,NA,NA,10175,2952,0.318,0.7351,0.0996,0.0816,0.0366,0.0034,0.0017,0.0379,0,0.0041,NA,13738,Bowling Green,KY,1,1
Brescia University,www.brescia.edu/,NA,0.3461,NA,29430,538,0.4283,0.6004,0.0948,0.0446,0.0335,0.0056,0,0.0019,0.0836,0.1357,0.4818,41865,Owensboro,KY,0,1
Campbellsville University,https://www.campbellsville.edu/,NA,0.9833,NA,17156,2641,0.2154,0.6804,0.1469,0.0208,0.0133,0.0042,0,0,0.0935,0.0409,0.427,40924,Campbellsville,KY,0,0
Bluegrass Community and Technical College,https://bluegrass.kctcs.edu/,NA,NA,NA,10500,7713,0.3504,0.661,0.1439,0.1086,0.0275,0.0014,0.001,0.0462,0.0012,0.0092,NA,13281,Lexington,KY,1,1
Centre College,https://www.centre.edu/,1345,0.5434,NA,27000,1346,0.2122,0.7363,0.0527,0.0788,0.0438,0.003,0.0015,0.0319,0.0438,0.0082,0.8663,63354,Danville,KY,0,0
Clear Creek Baptist Bible College,https://ccbbc.edu/,NA,NA,NA,NA,132,0.4436,0.9242,0.0227,0.0152,0,0,0,0.0379,0,0,0.4375,20151,Pineville,KY,0,0
Paul Mitchell the School-Lexington,paulmitchell.edu/lexington,NA,NA,NA,9833,204,0.509,0.7892,0.1422,0.0392,0.0049,0,0.0049,0.0196,0,0,NA,NA,Lexington,KY,0,1
Galen College of Nursing-Louisville,www.galencollege.edu/louisville,NA,NA,NA,24166,4184,0.2591,0.4754,0.1307,0.1023,0.0304,0.0033,0.0019,0.0342,0,0.2218,NA,NA,Louisville,KY,0,1
University of the Cumberlands,www.ucumberlands.edu/,NA,0.7139,NA,14911,5468,0.4848,0.7142,0.054,0.0031,0.0101,0.0024,0.0026,0,0,0.2138,0.4827,24654,Williamsburg,KY,0,0
Eastern Kentucky University,www.eku.edu/,1089,0.7809,28,22500,11674,0.3861,0.7978,0.0678,0.0551,0.0125,0.0022,9e-4,0.0475,0.0076,0.0085,0.5328,22265,Richmond,KY,1,0
Elizabethtown Community and Technical College,https://elizabethtown.kctcs.edu/,NA,NA,NA,9055,3775,0.3568,0.7825,0.0766,0.0623,0.0111,0.0021,0.0029,0.057,0,0.0056,NA,13502,Elizabethtown,KY,1,1
Georgetown College,www.georgetowncollege.edu/,1149,0.7388,NA,25200,1180,0.3439,0.7542,0.0864,0.072,0.0059,0,0,0.0373,0.0398,0.0042,0.5674,56297,Georgetown,KY,0,0
PJ's College of Cosmetology-Glasgow,www.gotopjs.com/,NA,NA,NA,14042,43,0.7246,0.8605,0.0465,0,0.0233,0,0.0233,0.0465,0,0,NA,NA,Glasgow,KY,0,0
Hazard Community and Technical College,https://hazard.kctcs.edu/,NA,NA,NA,10125,1404,0.3728,0.9558,0.0114,0.0093,0.0028,0.0021,0,0.0164,0,0.0021,NA,12187,Hazard,KY,1,0
Paul Mitchell the School-Louisville,paulmitchell.edu/louisville,NA,NA,NA,9833,219,0.4531,0.7169,0.1826,0.0685,0.0091,0,0,0.0183,0,0.0046,NA,NA,Louisville,KY,0,1
Henderson Community College,https://henderson.kctcs.edu/,NA,NA,NA,10483,876,0.3287,0.7477,0.121,0.0662,0.0057,0.0034,0,0.0491,0.0011,0.0057,NA,13433,Henderson,KY,1,0
Hopkinsville Community College,https://hopkinsville.kctcs.edu/index.aspx,NA,NA,NA,10691,1498,0.428,0.5487,0.2403,0.1182,0.016,0.0047,0.0047,0.0561,0,0.0113,NA,12810,Hopkinsville,KY,1,0
Jefferson Community and Technical College,https://jefferson.kctcs.edu/,NA,NA,NA,11651,7105,0.2933,0.5025,0.2535,0.1405,0.0435,0.002,0.0017,0.0455,6e-4,0.0104,NA,13488,Louisville,KY,1,1
Summit Salon Academy-Lexington,www.summitsalonacademy.org/,NA,NA,NA,7917,123,0.5086,0.6667,0.1545,0.0732,0.0081,0,0,0.0976,0,0,NA,NA,Lexington,KY,0,1
American National University-Pikeville,https://www.an.edu/locations/,NA,NA,NA,23618,229,0.8017,0.6769,0.2183,0.0175,0.0044,0.0175,0.0044,0.048,0,0.0131,NA,21504,Pikeville,KY,0,0
Kentucky Mountain Bible College,https://www.kmbc.edu/,980,0.3571,NA,NA,72,0.5513,0.8194,0.0139,0.0556,0.0139,0.0278,0.0139,0.0139,0.0417,0,0.7273,16490,Jackson,KY,0,0
Kentucky State University,www.kysu.edu/,910,0.9255,NA,25938,1317,0.5652,0.0805,0.814,0.0175,0.0046,0.0038,8e-4,0.0395,0.0084,0.0311,0.3824,21023,Frankfort,KY,1,0
Kentucky Wesleyan College,https://kwc.edu/,1043,0.67,NA,23250,794,0.4157,0.636,0.1474,0.0353,0.0176,0.005,0,0.0151,0.039,0.1045,0.4641,43981,Owensboro,KY,0,1
University of Kentucky,www.uky.edu/,1213,0.9238,32,22500,23189,0.215,0.7616,0.0664,0.0643,0.0373,0.0016,9e-4,0.0414,0.0141,0.0124,0.689,32291,Lexington,KY,1,1
Kentucky Christian University,www.kcu.edu/,1044,0.6238,NA,22250,438,0.3704,0.6849,0.1712,0.0616,0,0.0023,0,0.0388,0.0274,0.0137,0.3645,38893,Grayson,KY,0,0
Lindsey Wilson College,https://www.lindsey.edu/,NA,NA,NA,16784,1649,0.4988,0.7314,0.111,0.0061,0.0055,0.0055,6e-4,0.0321,0.0273,0.0807,0.4043,39568,Columbia,KY,0,0
University of Louisville,www.louisville.edu/,1147,0.8054,31,20500,14187,0.288,0.6259,0.1563,0.0826,0.0554,0.0016,6e-4,0.0633,0.0133,0.0011,0.6394,30843,Louisville,KY,1,1
Madisonville Community College,https://madisonville.kctcs.edu/,NA,NA,NA,8450,1797,0.286,0.842,0.064,0.0417,0.0067,0.0022,0.0011,0.0367,0,0.0056,NA,13413,Madisonville,KY,1,0
Maysville Community and Technical College,https://maysville.kctcs.edu/,NA,NA,NA,11500,2207,0.3442,0.8659,0.0521,0.034,0.0032,0.0032,9e-4,0.0281,0,0.0127,NA,13015,Maysville,KY,1,0
Midway University,www.midway.edu/,1145,0.9518,NA,21301,1250,0.4613,0.7136,0.0992,0.0728,0.0104,0.0048,0,0.0408,0.0392,0.0192,0.587,41400,Midway,KY,0,0
Morehead State University,https://www.moreheadstate.edu/,NA,0.8212,NA,22250,4689,0.2873,0.8648,0.0305,0.032,0.0066,9e-4,9e-4,0.0341,0.0147,0.0156,0.4614,22758,Morehead,KY,1,0
Murray State University,www.murraystate.edu/,1110,0.8617,NA,20500,6646,0.3135,0.7907,0.0611,0.0307,0.008,0.0012,0,0.032,0.0373,0.039,0.5755,21475,Murray,KY,1,0
Gateway Community and Technical College,https://gateway.kctcs.edu/index.aspx,NA,NA,NA,10711,2824,0.2876,0.7596,0.1101,0.0634,0.0099,0.0032,0.0021,0.0425,0,0.0092,NA,13849,Florence,KY,1,1
Northern Kentucky University,www.nku.edu/,1114,0.9603,NA,23000,8065,0.2355,0.7609,0.0738,0.048,0.0185,0.0011,5e-4,0.0347,0.0407,0.0218,0.5172,19471,Highland Heights,KY,1,1
West Kentucky Community and Technical College,https://westkentucky.kctcs.edu/,NA,NA,NA,8986,2810,0.3202,0.7826,0.0861,0.0733,0.0078,0.0028,4e-4,0.0402,0,0.0068,NA,13457,Paducah,KY,1,1
University of Pikeville,www.upike.edu/,NA,NA,NA,20679,1140,0.397,0.8202,0.0623,0.0263,0.0088,0.0088,0.0018,0.0246,0.0474,0,0.3321,33271,Pikeville,KY,0,0
Big Sandy Community and Technical College,https://bigsandy.kctcs.edu/,NA,NA,NA,9357,1590,0.4437,0.944,0.0075,0.0189,0.0038,0.0013,0,0.0157,0,0.0088,NA,13046,Prestonsburg,KY,1,0
Empire Beauty School-Chenoweth,www.empire.edu/,NA,NA,NA,10667,83,0.5373,0.4699,0.3614,0.0723,0.012,0,0.012,0.0602,0,0.012,NA,NA,Louisville,KY,0,1
Empire Beauty School-Elizabethtown,www.empire.edu/,NA,NA,NA,10667,158,0.57,0.6709,0.1772,0.0063,0,0,0,0.0443,0,0.1013,NA,NA,Elizabethtown,KY,0,1
Empire Beauty School-Dixie,www.empire.edu/,NA,NA,NA,10667,80,0.7111,0.1125,0.8125,0.025,0.0125,0,0,0.0125,0,0.025,NA,NA,Louisville,KY,0,1
Empire Beauty School-Florence,www.empire.edu/,NA,NA,NA,13000,124,0.5611,0.8065,0.0806,0.0484,0,0,0,0.0645,0,0,NA,NA,Florence,KY,0,1
Somerset Community College,https://somerset.kctcs.edu/,NA,NA,NA,12215,3899,0.4343,0.9169,0.0115,0.0339,0.0049,0.0021,3e-4,0.0259,5e-4,0.0041,NA,12464,Somerset,KY,1,0
Southeast Kentucky Community & Technical College,https://southeast.kctcs.edu/,NA,NA,NA,6919,1680,0.4011,0.925,0.0173,0.0101,0.0036,0.003,0,0.0173,0,0.0238,NA,12431,Cumberland,KY,1,0
The Southern Baptist Theological Seminary,www.sbts.edu/,1118,0.9689,NA,NA,844,0,0.8957,0.0213,0.0071,0.0237,0.0012,0,0,0.0498,0.0012,0.4298,NA,Louisville,KY,0,1
Spalding University,https://www.spalding.edu/,1014,0.9864,NA,25250,597,0.3559,0.6164,0.2546,0.067,0.0084,0,0,0.0318,0.0067,0.0151,0.4302,43474,Louisville,KY,0,1
Sullivan University,www.sullivan.edu/,NA,NA,NA,20000,2498,0.1133,0.452,0.2198,0.1265,0.0156,0.0072,0.0028,0.0408,0.0036,0.1317,NA,31100,Louisville,KY,0,1
Thomas More University,www.thomasmore.edu/,1140,0.9703,NA,26236,1305,0.2247,0.741,0.0851,0.0421,0.0123,0.0015,0,0.0437,0.0536,0.0207,0.5188,46342,Crestview Hills,KY,0,1
Transylvania University,https://www.transy.edu/,1285,0.8499,NA,27000,1014,0.2405,0.789,0.0513,0.0503,0.0296,0.002,0,0.0611,0.0089,0.0079,0.7338,58863,Lexington,KY,0,1
Union College,https://www.unionky.edu/,965,0.5504,NA,24250,736,0.5062,0.5897,0.1413,0.0326,0.0095,0.0068,0.0122,0.0503,0.1454,0.0122,0.3756,44375,Barbourville,KY,0,0
Western Kentucky University,https://www.wku.edu/,977,0.9705,NA,22095,12267,0.2871,0.7524,0.0883,0.0596,0.0316,0.0028,0.0012,0.0417,0.0067,0.0157,0.608,23520,Bowling Green,KY,1,1
Central Louisiana Technical Community College,www.cltcc.edu/,NA,NA,NA,7000,1100,0.4568,0.5364,0.3618,0.0327,0.0073,0.0045,0.0018,0.0255,0,0.03,NA,11966,Alexandria,LA,1,1
Ayers Career College,www.ayers.edu/,NA,NA,NA,9500,213,0.9035,0.0986,0.8451,0.0141,0,0.0047,0,0.0376,0,0,NA,NA,Shreveport,LA,0,1
Baton Rouge General Medical Center School of Nursing & School of Radiologic Technology,www.brgeneral.org/medical-education/school-of-nursing/ OR school of radiologic technology,NA,NA,NA,16750,130,0.4538,0.5077,0.4538,0.0154,0.0154,0,0,0.0077,0,0,NA,NA,Baton Rouge,LA,0,1
Bossier Parish Community College,https://www.bpcc.edu/,NA,NA,NA,17500,5046,0.4956,0.4294,0.4413,0.0543,0.0101,0.0083,0.0028,0.0375,0.0083,0.0079,NA,15872,Bossier City,LA,1,1
Centenary College of Louisiana,www.centenary.edu/,1171,0.5442,NA,27000,615,0.3891,0.5707,0.2244,0.1024,0.0276,0.0081,0,0.0569,0.0098,0,0.586,57929,Shreveport,LA,0,1
Cloyd's Beauty School 1 Inc,https://cloydsbeautyschools.edu/,NA,NA,NA,NA,49,0.7654,0.7755,0.2245,0,0,0,0,0,0,0,NA,NA,West Monroe,LA,0,1
Crescent City Bartending School,crescent.edu/,NA,NA,NA,9500,693,0.9753,0.2222,0.3564,0.1342,0.2294,0,0,0,0,0.0577,NA,NA,New Orleans,LA,0,1
Delgado Community College,https://www.dcc.edu/,NA,NA,NA,20198,11182,0.6178,0.2644,0.5303,0.118,0.0227,0.0044,0.0042,0.0334,0.0176,0.0049,NA,19137,New Orleans,LA,1,1
Avery James College,averyjamesschool.com/,NA,NA,NA,9573,74,0.7255,0.2432,0.5676,0.0405,0.0135,0.0135,0,0.1216,0,0,NA,NA,Lake Charles,LA,0,1
Denham Springs Beauty School,www.dsbeautyschool.org/,NA,NA,NA,NA,72,0.5281,0.9028,0.0139,0.0833,0,0,0,0,0,0,NA,NA,Denham Springs,LA,0,1
Dillard University,www.dillard.edu/,1089,0.4051,NA,31000,1111,0.6781,0.0072,0.8902,0.0279,9e-4,0.0027,9e-4,0.027,0.0153,0.0279,0.5405,36057,New Orleans,LA,0,1
Nunez Community College,www.nunez.edu/,NA,NA,NA,13000,1495,0.4187,0.3137,0.5559,0.0642,0.012,0.0047,0.0033,0.0355,0.0033,0.0074,NA,17309,Chalmette,LA,1,1
Grambling State University,www.gram.edu/,955,0.2368,23,36500,4144,0.7217,0.0048,0.9278,0.0154,0.001,0.0019,2e-4,0.0263,0.0205,0.0019,0.3241,25100,Grambling,LA,1,0
Belbo Beauty Institute,https://www.belbobeautyinstitute.com/,NA,NA,NA,9500,109,0.5078,0.3394,0.5505,0.0642,0,0,0,0.0367,0,0.0092,NA,NA,Shreveport,LA,0,1
ITI Technical College,www.iticollege.edu/,NA,NA,NA,15006,513,0.596,0.499,0.4347,0.0409,0.0039,0.0019,0,0.0195,0,0,NA,24236,Baton Rouge,LA,0,1
John Jay Beauty College,www.johnjaybeautycollege.com/,NA,NA,NA,NA,104,0.5796,0.6923,0.1538,0.1154,0,0,0,0,0,0.0385,NA,NA,Kenner,LA,0,1
Louisiana State University Health Sciences Center-New Orleans,www.lsuhsc.edu/,NA,NA,NA,19500,843,0.2193,0.586,0.1815,0.0937,0.0854,0.0036,0.0036,0.032,0.0059,0.0083,NA,NA,New Orleans,LA,1,1
Louisiana State University-Alexandria,www.lsua.edu/,1048,0.9263,NA,19000,4414,0.3563,0.5757,0.2019,0.0104,0.0299,0.0288,0,0.0091,0.0159,0.1285,0.2834,15540,Alexandria,LA,1,0
Louisiana State University and Agricultural & Mechanical College,www.lsu.edu/,1248,0.74,NA,20500,29207,0.2565,0.6057,0.1859,0.0999,0.0486,0.0044,7e-4,0.0328,0.0137,0.0082,0.6728,34328,Baton Rouge,LA,1,1
Louisiana State University-Eunice,https://www.lsue.edu/,NA,NA,NA,14250,2617,0.3882,0.6515,0.2533,0.0172,0.0107,0.0084,0,0.042,0.0011,0.0157,NA,16541,Eunice,LA,1,0
Louisiana State University-Shreveport,www.lsus.edu/,1119,0.8272,NA,22500,2150,0.3781,0.5744,0.2465,0.0074,0.0177,0.0084,0.0019,0.0558,0.0423,0.0456,0.4035,19233,Shreveport,LA,1,1
Aveda Arts & Sciences Institute-Baton Rouge,avedaarts.edu/,NA,NA,NA,9833,197,0.5093,0.3604,0.5533,0.0406,0.0051,0,0,0.0254,0,0.0152,NA,NA,Baton Rouge,LA,0,1
Aveda Arts & Sciences Institute-Lafayette,avedaarts.edu/,NA,NA,NA,7916,134,0.4224,0.6642,0.2761,0.0075,0.0075,0.0149,0,0.0224,0,0.0075,NA,NA,Lafayette,LA,0,1
Louisiana Academy of Beauty,www.louisianaacademyofbeauty.com/,NA,NA,NA,NA,31,0.3721,0.7419,0.1935,0,0,0,0,0.0645,0,0,NA,NA,Eunice,LA,0,0
Louisiana Christian University,www.lcuniversity.edu/,NA,0.8379,NA,21875,750,0.4075,0.564,0.2747,0.0413,0.0053,0.012,0.0013,0.0347,0.0667,0,0.2732,30564,Pineville,LA,0,1
Opelousas School of Cosmetology,www.opelousascosmetology.com/,NA,NA,NA,NA,10,0.7917,0.5,0.5,0,0,0,0,0,0,0,NA,NA,Opelousas,LA,0,0
Louisiana Tech University,https://www.latech.edu/,1190,0.7257,NA,22135,7819,0.205,0.7372,0.1087,0.0478,0.0133,0.0037,5e-4,0.0176,0.0157,0.0554,0.6025,24405,Ruston,LA,1,0
Loyola University New Orleans,www.loyno.edu/,NA,0.8772,NA,26000,2999,0.3721,0.4498,0.2037,0.2147,0.029,0.003,7e-4,0.055,0.0357,0.0083,0.6303,61837,New Orleans,LA,0,1
McNeese State University,www.mcneese.edu/,1080,0.6755,NA,23000,4846,0.3112,0.6432,0.176,0.0452,0.0184,0.0043,4e-4,0.0394,0.0642,0.0089,0.4341,21168,Lake Charles,LA,1,1
University of New Orleans,new.uno.edu/,1056,0.6677,NA,18750,4479,0.4044,0.4164,0.23,0.15,0.0904,0.0031,9e-4,0.0529,0.0255,0.0308,0.4177,22605,New Orleans,LA,1,1
New Orleans Baptist Theological Seminary,www.nobts.edu/,NA,NA,NA,NA,770,0,0.5481,0.1558,0.0701,0.0247,0.0052,0,0.0065,0.0506,0.139,0.5932,NA,New Orleans,LA,0,1
Nicholls State University,www.nicholls.edu/,1088,0.9602,NA,22675,4772,0.3498,0.6456,0.1846,0.0627,0.0174,0.0226,8e-4,0.0308,0.0166,0.0189,0.5049,21519,Thibodaux,LA,1,1
University of Louisiana at Monroe,www.ulm.edu/,1102,0.7456,NA,21500,4891,0.3341,0.5807,0.2427,0.0341,0.0135,0.0031,2e-4,0.0311,0.0603,0.0343,0.5509,23552,Monroe,LA,1,1
Northwest Louisiana Technical Community College,www.nltcc.edu/,NA,NA,NA,NA,837,0.499,0.4468,0.4636,0.0346,0.0012,0.0108,0.0036,0.0287,0.0024,0.0084,NA,17202,Minden,LA,1,0
Northwestern State University of Louisiana,https://www.nsula.edu/,1090,0.9374,NA,25000,5840,0.3488,0.5361,0.2967,0.061,0.0096,0.0135,0.0012,0.0473,0.0192,0.0154,0.4583,24496,Natchitoches,LA,1,0
University of Holy Cross,uhcno.edu/,NA,0.9901,NA,26995,405,0.2842,0.4148,0.2469,0.1235,0.037,0.0025,0,0.0494,0,0.1259,0.3976,28380,New Orleans,LA,0,1
Franciscan Missionaries of Our Lady University,www.franu.edu/,NA,0.8294,NA,27672,826,0.3575,0.6659,0.2215,0.0605,0.0278,0.0145,0,0,0,0.0097,0.3175,27314,Baton Rouge,LA,0,1
Pat Goins Beauty Schools formerly Paul Mitchell the School-Shreveport,www.patgoins.edu/,NA,NA,NA,6333,102,0.5175,0.3627,0.5588,0.0196,0.0098,0.0196,0,0.0294,0,0,NA,NA,Shreveport,LA,0,1
Celebrity Stylist Beauty School,www.celebritystylistbeautyschool.com/,NA,NA,NA,9500,45,0.5161,0.0667,0.9333,0,0,0,0,0,0,0,NA,NA,Monroe,LA,0,1
Pineville Beauty School,www.pinevillebeauty.com/,NA,NA,NA,NA,45,0.6034,0.9556,0.0444,0,0,0,0,0,0,0,NA,NA,Pineville,LA,0,1
Aveda Arts & Sciences Institute-Covington,avedaarts.edu/,NA,NA,NA,7917,2538,0.4714,0.4728,0.2703,0.1541,0.0114,0.0035,0.0051,0.0213,8e-4,0.0607,NA,NA,Covington,LA,0,1
Saint Joseph Seminary College,https://www.sjasc.edu/,NA,NA,NA,NA,91,0.0748,0.5275,0.022,0.2308,0.0769,0.022,0,0.022,0.022,0.0769,0.3529,43395,St. Benedict,LA,0,0
LaSalle Tech,lasalletech.edu/,NA,NA,NA,6333,159,0.7657,0.3208,0.4277,0.2013,0.0126,0.0314,0,0.0063,0,0,NA,NA,Houma,LA,0,1
Fletcher Technical Community College,www.fletcher.edu/,NA,NA,NA,10064,1999,0.5769,0.5208,0.2911,0.0615,0.0065,0.0475,0.002,0.058,0.005,0.0075,NA,16674,Schriever,LA,1,0
Remington College-Lafayette Campus,https://www.remingtoncollege.edu/locations/lafayette/,NA,NA,NA,13271,247,0.9667,0.2105,0.749,0.0081,0.0081,0.004,0,0.0202,0,0,NA,35344,Lafayette,LA,0,1
SOWELA Technical Community College,www.sowela.edu/,NA,NA,NA,NA,2979,0.4177,0.6415,0.2313,0.053,0.0084,0.0037,0.002,0.0396,0.0117,0.0087,NA,16402,Lake Charles,LA,1,1
Stevensons Academy of Hair Design,www.stevenson-academy.com/,NA,NA,NA,NA,106,0.5111,0,1,0,0,0,0,0,0,0,NA,NA,New Orleans,LA,0,1
Southeastern Louisiana University,www.southeastern.edu/,1090,0.9428,NA,22113,9514,0.33,0.6543,0.1931,0.0718,0.0107,0.0019,8e-4,0.048,0.0168,0.0025,0.4088,22647,Hammond,LA,1,1
Southern University and A & M College,www.subr.edu/,938,0.4987,20,29251,5323,0.6458,0.0077,0.9468,0.0085,0.0026,9e-4,6e-4,0.0152,0.003,0.0147,0.3526,26076,Baton Rouge,LA,1,1
Southern University at New Orleans,www.suno.edu/,910,0.6021,NA,31000,1095,0.4458,0.0228,0.9251,0.0228,0,9e-4,0,0.0201,0,0.0082,0.2458,20893,New Orleans,LA,1,1
Southern University at Shreveport,www.susla.edu/,NA,NA,NA,18500,1974,0.5101,0.0704,0.9017,0.0076,0.0051,0.0035,0.0015,0.0086,5e-4,0.001,NA,18188,Shreveport,LA,1,1
University of Louisiana at Lafayette,www.louisiana.edu/,1219,0.8883,NA,22902,12269,0.3877,0.5844,0.2654,0.0526,0.0235,0.0032,8e-4,0.0418,0.0072,0.0212,0.5283,24631,Lafayette,LA,1,1
Northshore Technical Community College,northshorecollege.edu/,NA,NA,NA,12000,2156,0.2188,0.5371,0.365,0.0552,0.0032,0.0032,9e-4,0.0292,0.0028,0.0032,NA,15772,Lacombe,LA,1,0
Tulane University of Louisiana,https://tulane.edu/,1443,0.1459,NA,20500,7759,0.0928,0.647,0.069,0.1075,0.0575,0.0012,8e-4,0.0503,0.0561,0.0108,0.8644,83761,New Orleans,LA,0,1
Xavier University of Louisiana,https://www.xula.edu/,1077,0.7448,NA,24053,2534,0.5171,0.0122,0.8477,0.0399,0.0292,4e-4,0,0.0379,0.0284,0.0043,0.5036,39183,New Orleans,LA,0,1
College of the Atlantic,https://www.coa.edu/,NA,0.6502,NA,25050,358,0.2653,0.6732,0.0028,0.0615,0.014,0,0,0.0196,0.2151,0.014,0.6667,56334,Bar Harbor,ME,0,0
Bates College,www.bates.edu/,1446,0.1302,NA,14275,1753,0.1022,0.6138,0.0445,0.0884,0.0656,0.0023,6e-4,0.0839,0.0953,0.0057,0.9205,80440,Lewiston,ME,0,1
Beal University,www.beal.edu/,NA,NA,NA,19500,503,0.6365,0.7674,0.0616,0.0318,0.0159,0.004,0,0.0318,0.002,0.0855,NA,NA,Bangor,ME,0,1
Bowdoin College,https://www.bowdoin.edu/,1514,0.0802,NA,18500,1846,0.1614,0.526,0.0547,0.1343,0.1105,0.0011,0.0016,0.1018,0.0677,0.0022,0.9398,80390,Brunswick,ME,0,0
Maine College of Health Professions,www.mchp.edu/,910,0.3333,NA,15250,228,0.5148,0.8553,0.0526,0.0044,0.0132,0.0088,0,0.0175,0,0.0482,NA,20438,Lewiston,ME,0,1
Central Maine Community College,https://www.cmcc.edu/,NA,NA,NA,12000,2828,0.3386,0.761,0.0941,0.0375,0.0074,0.0057,0.0014,0.0297,0.0265,0.0368,NA,15160,Auburn,ME,1,1
Colby College,www.colby.edu/,1500,0.0683,NA,19157,2282,0.1318,0.5355,0.0543,0.0828,0.1074,9e-4,9e-4,0.0714,0.1104,0.0364,0.8681,81550,Waterville,ME,0,0
Eastern Maine Community College,https://www.emcc.edu/,NA,NA,NA,11293,1692,0.2803,0.8582,0.0142,0.0372,0.0142,0.013,6e-4,0.0349,0.0089,0.0189,NA,17184,Bangor,ME,1,1
Kennebec Valley Community College,www.kvcc.me.edu/,NA,NA,NA,13255,1538,0.3096,0.8888,0.0104,0.0338,0.0059,0.0033,0.0013,0.0325,0.0072,0.0169,NA,13978,Fairfield,ME,1,0
The Landing School,www.landingschool.edu/,NA,NA,NA,NA,43,0.2,0.8372,0.0233,0.0465,0,0,0,0,0.0698,0.0233,NA,31362,Arundel,ME,0,0
University of Maine at Augusta,www.uma.edu/,NA,NA,NA,22734,2759,0.3196,0.8112,0.0359,0.0489,0.0083,0.0116,4e-4,0.0435,0.0065,0.0337,0.1818,18813,Augusta,ME,1,0
University of Maine at Farmington,https://www.umf.maine.edu/,1040,0.9763,NA,24499,1131,0.3248,0.8833,0.0177,0.0442,0.0062,0.0035,9e-4,0.0283,0.0018,0.0141,0.5593,24103,Farmington,ME,1,0
University of Maine at Fort Kent,www.umfk.maine.edu/,NA,0.9907,NA,20160,638,0.139,0.6708,0.0815,0.0361,0.011,0.0078,0.0031,0.0455,0.1097,0.0345,0.4239,18532,Fort Kent,ME,1,0
University of Maine,www.umaine.edu/,NA,0.9571,NA,25000,8341,0.2196,0.8295,0.0182,0.0471,0.0171,0.009,2e-4,0.0387,0.0219,0.0181,0.5829,26418,Orono,ME,1,1
Maine Maritime Academy,https://mainemaritime.edu/,1185,0.614,NA,27000,888,0.2472,0.8255,0.0259,0.0541,0.0124,0.009,0,0.0203,0.0068,0.0462,0.7282,30166,Castine,ME,1,0
University of Maine at Presque Isle,www.umpi.edu/,NA,0.9709,NA,16000,1362,0.2559,0.5999,0.0984,0.0999,0.0191,0.0132,0.0015,0.036,0.0984,0.0338,0.3466,18663,Presque Isle,ME,1,0
University of New England,https://www.une.edu/,NA,0.8884,NA,25250,2189,0.1189,0.8506,0.0164,0.0393,0.0279,0.0014,0.0018,0.0315,0.0037,0.0274,0.6678,60706,Biddeford,ME,0,1
Northern Maine Community College,www.nmcc.edu/,NA,NA,NA,10825,577,0.4189,0.8839,0.0243,0.0277,0.0017,0.0156,0.0017,0.0139,0.0173,0.0139,NA,15581,Presque Isle,ME,1,0
Empire Beauty School-Maine,www.empire.edu/,NA,NA,NA,13000,118,0.3598,0.839,0.0085,0.0424,0.0169,0.0254,0,0.0169,0,0.0508,NA,NA,Portland,ME,0,1
Maine College of Art & Design,www.meca.edu/,NA,0.7755,NA,27000,415,0.2658,0.7349,0.0169,0.0627,0.0265,0.0048,0,0.1012,0,0.053,0.4404,57027,Portland,ME,0,1
Saint Joseph's College of Maine,www.sjcme.edu/,1030,0.8172,NA,27000,930,0.201,0.8086,0.0527,0.0591,0.0075,0.0011,0.0011,0.0258,0,0.0441,0.6844,58452,Standish,ME,0,0
Spa Tech Institute-Westbrook,www.spatech.edu/,NA,NA,NA,6333,261,0.3408,0.9042,0.0307,0.0153,0.0115,0.0077,0.0115,0.0192,0,0,NA,NA,Westbrook,ME,0,1
Southern Maine Community College,https://www.smccme.edu/,NA,NA,NA,10331,5279,0.2454,0.7554,0.1059,0.0479,0.0208,0.0028,9e-4,0.0352,0.0121,0.0188,NA,16400,South Portland,ME,1,1
University of Southern Maine,usm.maine.edu/,1130,0.7931,NA,19060,4245,0.2628,0.7585,0.081,0.0455,0.0273,0.0061,9e-4,0.0412,0.0179,0.0214,0.3722,21381,Portland,ME,1,1
Thomas College,www.thomas.edu/,NA,0.9707,NA,24250,688,0.1534,0.782,0.0552,0.0247,0.0073,0.0073,0.0015,0.0305,0.0523,0.0392,0.5251,43757,Waterville,ME,0,0
Unity Environmental University,https://unity.edu/,NA,0.818,NA,25000,5619,0.5925,0.6983,0.0573,0.1244,0.0103,0.0119,0.0023,0.0481,5e-4,0.0468,0.5505,20915,New Gloucester,ME,0,0
Washington County Community College,www.wccc.me.edu/,NA,NA,NA,NA,397,0.4218,0.7254,0.0554,0.0504,0,0.0504,0,0.0504,0.0076,0.0605,NA,13240,Calais,ME,1,0
Allegany College of Maryland,www.allegany.edu/,NA,NA,NA,13702,1743,0.3029,0.7114,0.1583,0.0436,0.012,0.0011,6e-4,0.047,0.0207,0.0052,NA,16082,Cumberland,MD,1,0
Anne Arundel Community College,www.aacc.edu/,NA,NA,NA,8250,8570,0.1977,0.483,0.1975,0.1256,0.048,0.0037,8e-4,0.0581,0.0245,0.0588,NA,20548,Arnold,MD,1,1
Award Beauty School,www.awardbeautyschool.com/,NA,NA,NA,13000,132,0.3756,0.3788,0.5152,0.0985,0.0076,0,0,0,0,0,NA,NA,Hagerstown,MD,0,1
Baltimore Studio of Hair Design,www.baltimorestudio.com/,NA,NA,NA,8463,39,0.9773,0.0256,0.9487,0.0256,0,0,0,0,0,0,NA,NA,Baltimore,MD,0,1
Baltimore City Community College,www.bccc.edu/,NA,NA,NA,NA,3234,0.4059,0.043,0.7044,0.0331,0.0074,0.0015,6e-4,0.0223,0.1592,0.0284,NA,15745,Baltimore,MD,1,1
University of Baltimore,www.ubalt.edu/,1060,0.8555,NA,23250,1276,0.4317,0.261,0.4992,0.0854,0.0415,0.0024,0.0024,0.0494,0.0141,0.0447,0.4088,27477,Baltimore,MD,1,1
Bowie State University,www.bowiestate.edu/,935,0.8354,26,22985,5207,0.439,0.0252,0.8241,0.0574,0.0119,0.0033,0.0019,0.0376,0.0148,0.0238,0.4472,24302,Bowie,MD,1,1
Capitol Technology University,www.captechu.edu/,NA,0.7794,NA,20264,259,0.3523,0.2934,0.3591,0.0618,0.0888,0.0154,0,0.0232,0.0154,0.1429,0.5366,40900,Laurel,MD,0,1
Cecil College,www.cecil.edu/,NA,NA,NA,9536,1369,0.2578,0.7159,0.1125,0.0979,0.0117,0.0015,7e-4,0.0387,0.0117,0.0095,NA,15109,North East,MD,1,0
College of Southern Maryland,www.csmd.edu/,NA,NA,NA,8500,4422,0.2473,0.4557,0.2877,0.0916,0.0391,0.0068,0.0027,0.0733,0.0093,0.0339,NA,13570,La Plata,MD,1,0
Chesapeake College,https://www.chesapeake.edu/,NA,NA,NA,NA,1275,0.2664,0.6745,0.12,0.0949,0.0165,0.0039,0.0031,0.0376,0.0094,0.04,NA,10090,Wye Mills,MD,1,0
Washington Adventist University,https://www.wau.edu/,920,0.4536,NA,30500,522,0.4605,0.0441,0.431,0.2414,0.0268,0.0019,0.0096,0.0383,0.1418,0.0651,0.4101,34570,Takoma Park,MD,0,1
Coppin State University,www.coppin.edu/,NA,0.4956,NA,25000,1756,0.5304,0.0137,0.8263,0.0438,0.0063,0.0074,0.0023,0.0131,0.0518,0.0353,0.2686,20152,Baltimore,MD,1,1
Del-Mar-Va Beauty Academy,www.delmarvabeautyacademy.com/,NA,NA,NA,16500,43,0.7465,0.3953,0.5349,0.0233,0,0,0,0.0233,0.0233,0,NA,NA,Salisbury,MD,0,1
North American Trade Schools,natradeschools.edu/,NA,NA,NA,7338,529,0.3601,0.1834,0.7429,0.0227,0.0113,0,0,0.0151,0,0.0246,NA,NA,Baltimore,MD,0,1
Frederick Community College,https://www.frederick.edu/,NA,NA,NA,8150,4116,0.1759,0.4964,0.1715,0.1863,0.0466,0.0017,0.001,0.0692,0.0272,0,NA,8886,Frederick,MD,1,1
Frostburg State University,www.frostburg.edu/,NA,0.8944,28,21105,2849,0.3285,0.5949,0.2408,0.0698,0.0119,0.0025,0.0011,0.0484,0.0214,0.0091,0.4876,26500,Frostburg,MD,1,0
Garrett College,www.garrettcollege.edu/index.php,NA,NA,NA,10750,424,0.3057,0.7571,0.1203,0.0425,0.0024,0.0047,0,0.0354,0.0212,0.0165,NA,11688,McHenry,MD,1,0
Goucher College,www.goucher.edu/,1225,0.729,NA,26000,948,0.3123,0.4821,0.2827,0.0728,0.0485,0.0063,0.0011,0.0021,0.0316,0.0728,0.5876,68893,Baltimore,MD,0,1
Hagerstown Community College,https://www.hagerstowncc.edu/,NA,NA,NA,11000,2783,0.3045,0.6188,0.1315,0.1207,0.0284,7e-4,0.0011,0.0622,0.004,0.0327,NA,11798,Hagerstown,MD,1,1
Harford Community College,www.harford.edu/,NA,NA,NA,9812,3628,0.2244,0.6114,0.1863,0.0841,0.0397,0.0039,0.0017,0.0488,0.0201,0.0041,NA,14290,Bel Air,MD,1,0
Hood College,www.hood.edu/,NA,0.7813,NA,25000,1202,0.3627,0.5183,0.1739,0.1456,0.0316,0.0017,0,0.0532,0.01,0.0657,0.6602,59174,Frederick,MD,0,1
Howard Community College,www.howardcc.edu/,NA,NA,NA,10500,6779,0.2815,0.231,0.321,0.1488,0.1242,0.0025,0.0013,0.0597,0.0652,0.0462,NA,15645,Columbia,MD,1,1
Aveda Institute-Maryland,https://avedainstitutemd.edu/,NA,NA,NA,6333,84,0.5422,0.6548,0.2381,0.0476,0.0119,0,0,0.0119,0,0.0357,NA,NA,Bel Air,MD,0,1
Johns Hopkins University,www.jhu.edu/,1553,0.0756,NA,10250,5617,0.1976,0.2001,0.0949,0.2071,0.2663,0.0014,5e-4,0.0637,0.1506,0.0153,0.9492,81300,Baltimore,MD,0,1
Lincoln College of Technology-Columbia,www.lincolntech.edu/campus/columbia-md,NA,NA,NA,11250,1075,0.5253,0.1712,0.466,0.2651,0.0279,0.0019,9e-4,0.0558,9e-4,0.0102,NA,NA,Columbia,MD,0,1
Loyola University Maryland,https://www.loyola.edu/,1292,0.7633,NA,27000,3975,0.177,0.6269,0.1135,0.1379,0.0413,0.001,0.001,0.0496,0.0221,0.0068,0.807,71606,Baltimore,MD,0,1
University of Maryland Global Campus,www.umgc.edu/,NA,NA,NA,21000,48238,0.2844,0.3328,0.2593,0.1759,0.0518,0.005,0.0077,0.0476,0.0141,0.1059,0.1208,19790,Adelphi,MD,1,1
University of Maryland Baltimore,www.umaryland.edu/,NA,NA,NA,15000,959,0.2534,0.269,0.316,0.1283,0.1898,0.001,0,0.0501,0.0355,0.0104,NA,NA,Baltimore,MD,1,1
University of Maryland-Baltimore County,umbc.edu/,1299,0.7424,NA,19500,10434,0.296,0.3051,0.2385,0.0929,0.2386,0.0011,4e-4,0.0648,0.0461,0.0126,0.7185,27935,Baltimore,MD,1,1
University of Maryland-College Park,www.umd.edu/,1463,0.4484,NA,19000,30246,0.1859,0.3981,0.129,0.1071,0.2401,0.001,5e-4,0.0489,0.0318,0.0436,0.8849,28073,College Park,MD,1,1
Maryland Institute College of Art,www.mica.edu/,1207,0.7729,NA,26500,1319,0.2081,0.3321,0.1183,0.0986,0.113,0.0023,0,0.0637,0.213,0.0591,0.7518,71366,Baltimore,MD,0,1
University of Maryland Eastern Shore,wwwcp.umes.edu/,NA,0.9036,NA,27000,2165,0.5261,0.0753,0.7783,0.0443,0.0097,0.0037,9e-4,0.0457,0.0282,0.0139,0.3571,27799,Princess Anne,MD,1,0
Fortis Institute-Towson,https://www.fortis.edu/,NA,NA,NA,12547,373,0.8107,0.0724,0.8445,0.0375,0.0161,0.0027,0,0.0134,0.0027,0.0107,NA,NA,Towson,MD,0,1
Montgomery Beauty School,www.montgomerybeautyschool.com/,NA,NA,NA,11845,68,0.5124,0.0294,0.5147,0.4265,0.0147,0.0147,0,0,0,0,NA,NA,Silver Spring,MD,0,1
Montgomery College,www.montgomerycollege.edu/,NA,NA,NA,10415,13519,0.2512,0.1936,0.2507,0.3017,0.1223,0.0016,0.0012,0.0399,0.0868,0.0022,NA,14410,Rockville,MD,1,1
Morgan State University,https://www.morgan.edu/,984,0.8296,NA,27250,8293,0.5445,0.0075,0.7436,0.0515,0.0035,0.0023,4e-4,0.0293,0.0678,0.0942,0.4728,24778,Baltimore,MD,1,1
Mount St. Mary's University,https://msmary.edu/,1141,0.7186,NA,25391,1806,0.269,0.4978,0.2154,0.1473,0.0305,0.0017,0.0028,0.0443,0.0454,0.015,0.6166,62078,Emmitsburg,MD,0,0
Ner Israel Rabbinical College,https://nirc.edu/,NA,0.7941,NA,NA,292,0.2073,0.8904,0,0,0,0,0,0,0.1096,0,0.4118,25650,Baltimore,MD,0,1
Hair Academy,www.hairacademymd.com/,NA,NA,NA,13000,241,0.2661,0.0166,0.9046,0.0705,0.0041,0,0.0041,0,0,0,NA,NA,New Carrollton,MD,0,1
Notre Dame of Maryland University,www.ndm.edu/,NA,0.8649,NA,22666,684,0.3227,0.2822,0.3202,0.1316,0.0468,0.0015,0.0015,0,0.0044,0.212,0.5914,60362,Baltimore,MD,0,1
Prince George's Community College,https://www.pgcc.edu/,NA,NA,NA,10500,8049,0.319,0.0394,0.6221,0.2101,0.034,0.0024,0.0014,0.0367,0.0375,0.0165,NA,16107,Largo,MD,1,1
Maryland Beauty Academy of Essex,www.baltimorestudio.com/,NA,NA,NA,8500,36,0.6774,0.5,0.3333,0.0833,0.0278,0,0,0,0,0.0556,NA,NA,Baltimore,MD,0,1
Salisbury University,https://www.salisbury.edu/,1250,0.8863,NA,21000,6056,0.2405,0.6907,0.1352,0.0736,0.031,0.0036,7e-4,0.0431,0.0069,0.015,0.7342,26134,Salisbury,MD,1,1
St. Mary's College of Maryland,https://www.smcm.edu/,1232,0.7539,NA,21000,1566,0.2017,0.7005,0.1149,0.0837,0.0287,0,0.0045,0.0556,0.0032,0.0089,0.7277,31319,St. Mary's City,MD,1,0
St. John's College,www.sjc.edu/,1381,0.4429,NA,27000,488,0.2208,0.6332,0.0225,0.0656,0.0389,0,0,0.0594,0.1496,0.0307,0.7745,52683,Annapolis,MD,0,1
Towson University,www.towson.edu/,1166,0.828,30,18718,16400,0.3346,0.4091,0.3279,0.1096,0.0696,0.0013,6e-4,0.0571,0.0148,0.0099,0.7376,26621,Towson,MD,1,1
United States Naval Academy,www.usna.edu/,1308,0.0936,NA,NA,4465,NA,0.5785,0.0634,0.1436,0.0968,0.002,0.0036,0.0869,0.0128,0.0125,0.9132,NA,Annapolis,MD,1,1
Stevenson University,www.stevenson.edu/,NA,0.832,NA,26000,3027,0.2894,0.4754,0.3046,0.0971,0.036,0.0017,0.001,0.0591,0.0116,0.0135,0.5995,57322,Owings Mills,MD,0,1
Washington College,www.washcoll.edu/,1274,0.6554,NA,26956,890,0.2052,0.6742,0.0933,0.0899,0.0292,0.0034,0.0022,0,0.0202,0.0876,0.7494,70191,Chestertown,MD,0,0
McDaniel College,www.mcdaniel.edu/,NA,0.8358,NA,25000,1652,0.3381,0.5521,0.2276,0.1059,0.0218,0.0018,6e-4,0.0587,0.0097,0.0218,0.6527,62974,Westminster,MD,0,0
Wor-Wic Community College,www.worwic.edu/,NA,NA,NA,7828,2047,0.4069,0.5139,0.3,0.0796,0.0205,0.002,5e-4,0.0596,0.0127,0.0112,NA,12199,Salisbury,MD,1,0
Hult International Business School,www.hult.edu/,NA,0.5335,NA,NA,694,0.0836,0.0389,0.0288,0.0677,0.013,0,0.0014,0.0259,0.7536,0.0706,0.2353,74875,Cambridge,MA,0,1
American International College,www.aic.edu/,NA,0.969,NA,27000,1097,0.5004,0.3391,0.2607,0.2388,0.01,0.0018,0.0191,0.0447,0.0729,0.0128,0.4303,55463,Springfield,MA,0,1
Amherst College,www.amherst.edu/,1494,0.0982,NA,13740,1907,0.216,0.3592,0.1122,0.151,0.1557,0.0021,5e-4,0.0844,0.1222,0.0126,0.9389,83650,Amherst,MA,0,1
Anna Maria College,www.annamaria.edu/,NA,0.8956,NA,25000,948,0.3424,0.4895,0.1403,0.1435,0.0148,0.0053,0,0.0105,0.0981,0.0981,0.4784,61106,Paxton,MA,0,0
Assabet Valley Regional Technical School,www.assabet.org/,NA,0.3333,NA,9500,48,0.3519,0.2292,0.3125,0.3542,0,0,0,0.1042,0,0,NA,NA,Marlborough,MA,1,1
Assumption University,https://www.assumption.edu/,NA,0.8654,NA,27000,1664,0.1937,0.7266,0.0565,0.1136,0.027,0.0012,6e-4,0.0331,0.0258,0.0156,0.7211,61777,Worcester,MA,0,1
Babson College,www.babson.edu/,1435,0.1974,NA,20000,2696,0.1423,0.3008,0.0471,0.1658,0.1332,4e-4,0,0.0252,0.2852,0.0423,0.9371,77248,Wellesley,MA,0,1
Bancroft School of Massage Therapy,https://www.bancroftsmt.com/,NA,NA,NA,NA,51,0.2667,0.7451,0.0588,0.0784,0.0392,0,0.0392,0.0196,0,0.0196,NA,NA,Worcester,MA,0,1
Boston Baptist College,www.boston.edu/,NA,1,NA,NA,31,0.575,0.7097,0.129,0.129,0.0323,0,0,0,0,0,0.8,26691,Boston,MA,0,1
Bay Path University,www.baypath.edu/,NA,0.735,NA,24901,1186,0.6616,0.4705,0.1206,0.2504,0.0219,8e-4,0,0.0067,0.0017,0.1273,0.5056,47064,Longmeadow,MA,0,1
Bentley University,www.bentley.edu/,1340,0.4844,NA,25023,4288,0.1508,0.5525,0.0399,0.125,0.1012,0.0019,2e-4,0.0296,0.1406,0.0091,0.8885,77082,Waltham,MA,0,1
Berklee College of Music,www.berklee.edu/,NA,0.4991,NA,25000,7510,0.1536,0.392,0.0602,0.1272,0.0583,0.0016,9e-4,0.0461,0.3015,0.0123,0.7061,69874,Boston,MA,0,1
Berkshire Community College,www.berkshirecc.edu/,NA,NA,NA,12053,1100,0.3607,0.6673,0.0909,0.1355,0.0118,0.0045,0.0018,0.0618,0.0045,0.0218,NA,17544,Pittsfield,MA,1,0
Boston Architectural College,www.the-bac.edu/,NA,NA,NA,37250,269,0.202,0.3903,0.0595,0.2119,0.0743,0,0,0.0297,0.1747,0.0595,0.6818,47152,Boston,MA,0,1
Boston College,www.bc.edu/,1501,0.1565,41,19000,9865,0.1273,0.5825,0.0541,0.1161,0.1117,0.0011,5e-4,0.0381,0.0718,0.0241,0.9109,83683,Chestnut Hill,MA,0,1
Boston University,www.bu.edu/,1473,0.1085,40,23250,17850,0.1797,0.3285,0.0596,0.1131,0.1988,6e-4,7e-4,0.0455,0.2184,0.0348,0.8987,82694,Boston,MA,0,1
Brandeis University,https://www.brandeis.edu/,1473,0.3531,40,25648,3663,0.144,0.4223,0.0568,0.0822,0.1717,0,0,0.0404,0.208,0.0186,0.8803,82123,Waltham,MA,0,1
Bridgewater State University,www.bridgew.edu/,1127,0.8919,NA,24286,7899,0.3031,0.6925,0.1063,0.1015,0.0222,9e-4,4e-4,0.0667,0.0041,0.0054,0.6398,25164,Bridgewater,MA,1,1
Bristol Community College,www.bristolcc.edu/,NA,NA,NA,8243,5073,0.4335,0.573,0.1248,0.1488,0.0185,0.0012,0.0016,0.0647,0,0.0674,NA,11846,Fall River,MA,1,1
Signature Healthcare Brockton Hospital School of Nursing,www.bhson.org/,NA,0.5217,NA,20000,152,0.3707,0.6184,0.2303,0.0263,0.0329,0,0,0.0526,0,0.0395,NA,NA,Brockton,MA,0,1
Bunker Hill Community College,www.bhcc.edu/,NA,NA,NA,10500,7322,0.3815,0.1595,0.2323,0.2998,0.0824,0.0015,0.0012,0.0331,0.0742,0.1161,NA,14699,Boston,MA,1,1
Cambridge College,www.cambridgecollege.edu/,NA,NA,NA,21791,591,0.331,0.3215,0.2978,0.291,0.0305,0.0085,0.0017,0.0102,0.0389,0,0,NA,Boston,MA,0,1
Cape Cod Community College,www.capecod.edu/,NA,NA,NA,12000,2223,0.3142,0.6397,0.1107,0.1368,0.0288,0.0031,9e-4,0.0603,4e-4,0.0193,NA,14356,West Barnstable,MA,1,1
Catherine Hinds Institute of Esthetics,www.catherinehinds.edu/,NA,NA,NA,6233,163,0.4847,0.7975,0.0307,0.0491,0.0859,0,0,0.0123,0,0.0245,NA,NA,Woburn,MA,0,1
Laboure College of Healthcare,https://www.laboure.edu/,NA,0.4054,NA,25250,717,0.3664,0.3236,0.4282,0.1269,0.0321,0,0.0028,0.0265,0.0153,0.0446,NA,NA,Milton,MA,0,1
Clark University,www.clarku.edu/,1339,0.4167,NA,26759,2336,0.2126,0.6271,0.0591,0.1173,0.0689,0,4e-4,0.0437,0.0518,0.0317,0.7925,64426,Worcester,MA,0,1
Curry College,https://www.curry.edu/,1130,0.9205,NA,25000,1757,0.2831,0.609,0.1389,0.1144,0.0239,0.0011,6e-4,0.033,0.0154,0.0637,0.5483,61556,Milton,MA,0,1
Dean College,www.dean.edu/,NA,0.7371,NA,25000,1142,0.296,0.6357,0.1217,0.1138,0.0131,0.0026,9e-4,0.0473,0.0158,0.049,0.4372,62802,Franklin,MA,0,1
Diman Regional Technical Institute,www.dimanregional.org/lpn,NA,0.6364,NA,10015,56,0.5909,0.6429,0.1429,0.1429,0.0179,0.0179,0,0.0179,0,0.0179,NA,NA,Fall River,MA,1,1
National Aviation Academy of New England,www.naa.edu/,NA,NA,NA,21198,210,0.5147,0.3714,0.1857,0.281,0.0476,0,0,0.0476,0,0.0667,NA,NA,Concord,MA,0,1
Eastern Nazarene College,https://www.enc.edu/,1035,0.5896,29,26000,378,0.3496,0.3492,0.1376,0.2513,0.0212,0.0026,0.0026,0.0582,0.1693,0.0079,0.5688,41948,Quincy,MA,0,1
Emerson College,www.emerson.edu/,1359,0.4748,36,23000,4145,0.1499,0.551,0.0502,0.1105,0.0574,5e-4,5e-4,0.0483,0.1643,0.0174,0.7954,77153,Boston,MA,0,1
Emmanuel College,www.emmanuel.edu/,1263,0.806,NA,27000,1874,0.2034,0.6702,0.0694,0.1441,0.0443,0.0011,5e-4,0.0309,0.0085,0.0309,0.7027,63864,Boston,MA,0,1
Endicott College,www.endicott.edu/,1263,0.7229,NA,27000,3101,0.1313,0.8507,0.0129,0.0564,0.0152,0.0016,6e-4,0.029,0.0094,0.0242,0.7796,57533,Beverly,MA,0,1
Rob Roy Academy-Fall River,www.rob-roy.com/,NA,NA,NA,6333,98,0.6474,0.602,0.1327,0.2143,0.0204,0,0,0.0204,0,0.0102,NA,NA,Fall River,MA,0,1
Fisher College,www.fisher.edu/,NA,0.7075,NA,25000,1138,0.42,0.2153,0.0949,0.1889,0.0281,9e-4,9e-4,0.0308,0.1221,0.3181,0.3814,52723,Boston,MA,0,1
Fitchburg State University,www.fitchburgstate.edu/,1114,0.8994,NA,24239,2825,0.3101,0.617,0.1292,0.1604,0.0312,0.0011,4e-4,0.0287,0.0103,0.0219,0.5826,24517,Fitchburg,MA,1,1
Framingham State University,www.framingham.edu/,1150,0.8487,NA,25000,2556,0.3448,0.5282,0.1682,0.2062,0.0348,0.0016,0,0.045,0.0117,0.0043,0.5113,26539,Framingham,MA,1,1
Benjamin Franklin Cummings Institute of Technology,www.bfit.edu/,NA,NA,NA,12000,412,0.4023,0.1699,0.284,0.3277,0.068,0.0073,0,0.0631,0,0.0801,NA,27631,Boston,MA,0,1
Gordon College,www.gordon.edu/,1268,0.5878,35,26250,1247,0.2102,0.6079,0.0553,0.1179,0.0313,0,0.0016,0.0289,0.1075,0.0497,0.7277,41160,Wenham,MA,0,0
Greenfield Community College,www.gcc.mass.edu/,NA,NA,NA,8307,1232,0.296,0.7094,0.0609,0.1307,0.0308,0.0032,0,0.0406,0,0.0244,NA,13752,Greenfield,MA,1,0
Hampshire College,www.hampshire.edu/,NA,0.7035,NA,26893,716,0.376,0.5894,0.0656,0.1327,0.0307,0.0042,0,0.067,0.067,0.0433,0.627,71224,Amherst,MA,0,0
Harvard University,www.harvard.edu/,1553,0.0345,43,14000,7755,0.1579,0.3278,0.0928,0.1175,0.2245,0.0032,0.0015,0.0738,0.1354,0.0235,0.9837,82842,Cambridge,MA,0,1
Hebrew College,www.hebrewcollege.edu/,NA,NA,NA,NA,0,NA,0,0,0,0,0,0,0,0,0,NA,NA,Newton,MA,0,1
Hellenic College-Holy Cross Greek Orthodox School of Theology,www.hchc.edu/,NA,0.9048,NA,21500,49,0.1795,0.6735,0.0204,0.0204,0.0204,0,0,0,0.0408,0.2245,0.6207,41282,Brookline,MA,0,1
College of the Holy Cross,www.holycross.edu/,1354,0.211,NA,27000,3015,0.1473,0.7121,0.0418,0.1184,0.0332,7e-4,3e-4,0.0391,0.0269,0.0275,0.9268,76510,Worcester,MA,0,1
Holyoke Community College,www.hcc.edu/,NA,NA,NA,8250,3164,0.3851,0.4997,0.0683,0.3328,0.0281,0.0028,3e-4,0.0392,0.006,0.0228,NA,13587,Holyoke,MA,1,0
Lasell University,www.lasell.edu/,1159,0.8225,NA,26000,1152,0.3224,0.6328,0.0998,0.145,0.0269,0,9e-4,0.0304,0.0191,0.0451,0.6667,63387,Newton,MA,0,1
Lawrence Memorial Hospital School of Nursing,www.lmregis.org/,NA,NA,NA,20000,195,0.4844,0.4051,0.1846,0.2103,0.0462,0,0,0.0256,0,0.1282,NA,NA,Medford,MA,0,1
Lesley University,www.lesley.edu/,NA,0.9442,NA,21000,1252,0.2825,0.5296,0.0839,0.1861,0.0543,0.0048,0,0.0439,0.0343,0.0631,0.6183,49226,Cambridge,MA,0,1
Longy School of Music of Bard College,longy.edu/,NA,0.844,NA,24254,34,0.1026,0.1765,0.0294,0,0,0,0,0,0.7941,0,NA,67675,Cambridge,MA,0,1
Lowell Academy Hairstyling Institute,www.lowellacademy.com/,NA,NA,NA,7994,59,0.2316,0.5932,0.0678,0.2034,0.1017,0,0,0.0169,0,0.0169,NA,NA,Lowell,MA,0,1
University of Massachusetts-Lowell,www.uml.edu/,1253,0.8524,NA,23704,11632,0.2739,0.5173,0.0941,0.158,0.1398,8e-4,4e-4,0.0334,0.0229,0.0334,0.7121,29521,Lowell,MA,1,1
University of Massachusetts-Amherst,www.umass.edu/,1393,0.5777,NA,22763,23694,0.2029,0.5836,0.044,0.0872,0.1359,7e-4,8e-4,0.0422,0.075,0.0305,0.8451,33389,Amherst,MA,1,1
University of Massachusetts-Boston,www.umb.edu/,1188,0.8296,NA,21974,11848,0.4269,0.3086,0.1786,0.1964,0.1628,0.001,5e-4,0.0403,0.0666,0.0452,0.5248,29698,Boston,MA,1,1
Massachusetts Bay Community College,https://www.massbay.edu/,NA,NA,NA,6500,3156,0.2505,0.3888,0.1749,0.2614,0.0574,0.0013,0.0013,0.0352,0.0437,0.0361,NA,13346,Wellesley Hills,MA,1,1
MCPHS University,www.mcphs.edu/,1216,0.8521,32,25000,3474,0.2822,0.3129,0.1238,0.1402,0.2044,0.002,0,0.0127,0.1275,0.0766,0.6667,58975,Boston,MA,0,1
Massachusetts College of Art and Design,https://massart.edu/,NA,0.7747,NA,25755,1812,0.2761,0.5469,0.0408,0.1446,0.0684,6e-4,0.0011,0.0497,0.0364,0.1115,0.7466,32256,Boston,MA,1,1
Massachusetts Institute of Technology,web.mit.edu/,1553,0.0474,NA,14768,4571,0.1896,0.2102,0.0866,0.1453,0.3461,0.0015,2e-4,0.0715,0.1094,0.0291,0.9693,79850,Cambridge,MA,0,1
Massachusetts Maritime Academy,https://www.maritime.edu/,NA,0.9455,NA,25000,1270,0.1697,0.7992,0.0126,0.0551,0.0094,0.0079,8e-4,0.0299,0.0157,0.0693,0.8026,37721,Buzzards Bay,MA,1,1
William James College,www.williamjames.edu/,NA,NA,NA,NA,36,0.35,0.5,0.2778,0.0833,0,0,0,0.0278,0,0.1111,NA,NA,Newton,MA,0,1
Massachusetts School of Barbering,massschoolofbarbering.com/,NA,NA,NA,8294,48,0.5052,0.4583,0.3333,0.0625,0,0,0,0.1458,0,0,NA,NA,Quincy,MA,0,1
Massasoit Community College,https://www.massasoit.edu/,NA,NA,NA,10000,3699,0.2815,0.4239,0.3385,0.1279,0.026,0.0014,0.0011,0.0381,0.0108,0.0324,NA,13887,Brockton,MA,1,1
Merrimack College,https://www.merrimack.edu/,NA,0.7361,NA,27000,4043,0.1518,0.7727,0.0378,0.0975,0.0181,0.0017,0.001,0.0257,0.0205,0.025,0.6941,68089,North Andover,MA,0,1
MGH Institute of Health Professions,www.mghihp.edu/,NA,NA,NA,24961,112,0,0.6161,0.1161,0.0893,0.1071,0,0,0.0357,0,0.0357,NA,NA,Boston,MA,0,1
Middlesex Community College,https://www.middlesex.mass.edu/,NA,NA,NA,7291,4658,0.191,0.4693,0.0996,0.2181,0.1312,0.0015,6e-4,0.0423,0.035,0.0024,NA,10759,Bedford,MA,1,1
Montserrat College of Art,https://www.montserrat.edu/,NA,NA,NA,27000,261,0.3277,0.636,0.046,0.1533,0.0307,0.0077,0,0.0536,0.0038,0.069,0.642,56284,Beverly,MA,0,1
Mount Holyoke College,https://www.mtholyoke.edu/,1422,0.3829,NA,22902,2198,0.2029,0.5045,0.0546,0.0919,0.071,5e-4,0,0.0505,0.2207,0.0064,0.8535,77545,South Hadley,MA,0,1
Mount Wachusett Community College,mwcc.edu/,NA,NA,NA,10252,2554,0.3773,0.5838,0.1038,0.2279,0.0223,0.0016,4e-4,0.0388,0.0035,0.018,NA,14330,Gardner,MA,1,1
Rob Roy Academy-New Bedford,www.rob-roy.com/,NA,NA,NA,NA,15,0.5652,0.8,0.1333,0.0667,0,0,0,0,0,0,NA,NA,New Bedford,MA,0,1
The New England Conservatory of Music,https://necmusic.edu/,NA,0.4275,NA,27000,371,0.0752,0.3558,0.0189,0.0162,0.10780000000000001,0,0,0.0889,0.407,0.0054,0.814,77870,Boston,MA,0,1
Nichols College,www.nichols.edu/,1110,0.8814,NA,27000,1152,0.3041,0.7214,0.0894,0.1024,0.0104,9e-4,0,0.0356,0.0278,0.0122,0.5789,55871,Dudley,MA,0,1
Massachusetts College of Liberal Arts,https://www.mcla.edu/,NA,0.9235,NA,23750,748,0.4045,0.7166,0.0856,0.0976,0.0174,0.0027,0.0013,0.0388,0.0107,0.0294,0.5911,27705,North Adams,MA,1,0
North Bennet Street School,www.nbss.edu/,NA,NA,NA,9500,151,0.1366,0.7351,0.053,0.0662,0.0464,0,0,0.0795,0.0132,0.0066,NA,NA,Boston,MA,0,1
North Shore Community College,www.northshore.edu/,NA,NA,NA,9000,4055,0.332,0.384,0.0974,0.3517,0.0473,0.002,2e-4,0.0691,0.0025,0.0459,NA,13204,Danvers,MA,1,1
Northeastern University,www.northeastern.edu/,1505,0.0565,41,24250,15719,0.1234,0.404,0.0532,0.1113,0.2092,7e-4,5e-4,0.0644,0.147,0.0098,0.9107,81353,Boston,MA,0,1
Northern Essex Community College,www.necc.mass.edu/,NA,NA,NA,9000,3350,0.3314,0.3761,0.0507,0.4973,0.0254,0.0024,9e-4,0.0179,0.0194,0.0099,NA,11921,Haverhill,MA,1,1
College of Our Lady of the Elms,https://www.elms.edu/,1240,0.8766,NA,25000,951,0.4184,0.4585,0.1283,0.265,0.0242,0.0021,0.0021,0.0294,0.0179,0.0726,0.6813,53145,Chicopee,MA,0,1
Quincy College,https://www.quincycollege.edu/,NA,NA,NA,13874,2126,0.3378,0.4346,0.2201,0.1049,0.0682,0.0028,5e-4,0.0325,0.0602,0.0762,NA,19527,Quincy,MA,1,1
Quinsigamond Community College,www.qcc.edu/,NA,NA,NA,16575,5413,0.3936,0.4249,0.1616,0.2479,0.0508,0.0061,7e-4,0.0285,0.0068,0.0726,NA,13295,Worcester,MA,1,1
Regis College,www.regiscollege.edu/,NA,0.8928,NA,25500,1061,0.2774,0.4383,0.0943,0.196,0.0386,0.0019,9e-4,0.0047,0.0066,0.2187,0.609,64315,Weston,MA,0,1
Roxbury Community College,www.rcc.mass.edu/,NA,NA,NA,NA,1583,0.6013,0.0366,0.4334,0.1623,0.0139,0.0082,0.0013,0.0171,0.0297,0.2975,NA,15897,Roxbury Crossing,MA,1,1
Saint John's Seminary,www.sjs.edu/,NA,NA,NA,NA,14,0,0.7143,0,0.1429,0,0,0,0,0.1429,0,NA,NA,Brighton,MA,0,1
Salem State University,www.salemstate.edu/,1090,0.9557,NA,25000,4286,0.3531,0.5604,0.0852,0.2315,0.0287,9e-4,0,0.0359,0.0306,0.0268,0.5804,27615,Salem,MA,1,1
Simmons University,www.simmons.edu/,1332,0.66,NA,24840,1750,0.2984,0.4891,0.1023,0.1514,0.108,0,0,0.0337,0.0434,0.072,0.7134,63512,Boston,MA,0,1
Bard College at Simon's Rock,www.simons-rock.edu/,NA,0.9721,NA,24254,237,0.2349,0.4388,0.0844,0.0759,0.0675,0.0042,0,0.0042,0.2236,0.1013,NA,82465,Great Barrington,MA,0,0
Smith College,www.smith.edu/,1480,0.1973,NA,17550,2501,0.1815,0.5238,0.0512,0.1216,0.098,4e-4,0.0012,0.0616,0.1287,0.0136,0.913,82134,Northampton,MA,0,1
Southeastern Technical Institute,www.stitech.edu/,NA,0.4917,NA,8846,140,0.2921,0.45,0.3714,0.1143,0.0286,0,0,0.0357,0,0,NA,NA,South Easton,MA,1,1
Springfield College,www.springfield.edu/,1120,0.7023,NA,26250,1916,0.2166,0.7328,0.0595,0.0945,0.0308,0.0052,0.0016,0.0021,0.0418,0.0318,0.7326,57942,Springfield,MA,0,1
Springfield Technical Community College,www.stcc.edu/,NA,NA,NA,6570,3965,0.4695,0.371,0.1397,0.3501,0.0409,0.0015,0.001,0.0346,0.0033,0.058,NA,14223,Springfield,MA,1,1
University of Massachusetts-Dartmouth,www.umassd.edu/,1152,0.9216,NA,25000,5289,0.3564,0.5632,0.1821,0.1339,0.0321,0.0013,6e-4,0.0531,0.0142,0.0195,0.5477,31677,North Dartmouth,MA,1,1
Stonehill College,https://www.stonehill.edu/,NA,0.7256,NA,25000,2477,0.1479,0.7679,0.0525,0.0763,0.0234,0.0012,0,0.0335,0.0182,0.027,0.8521,68412,Easton,MA,0,1
Suffolk University,https://www.suffolk.edu/,1197,0.8474,NA,26889,4434,0.2741,0.4971,0.0785,0.1721,0.0713,7e-4,2e-4,0.0392,0.1191,0.0219,0.6079,62822,Boston,MA,0,1
Rob Roy Academy-Taunton,www.rob-roy.com/,NA,NA,NA,NA,21,0.4048,0.7143,0.1905,0.0952,0,0,0,0,0,0,NA,NA,Taunton,MA,0,1
Tufts University,https://www.tufts.edu/,1513,0.1013,NA,16250,6804,0.1158,0.4199,0.0655,0.1014,0.1664,3e-4,0.0013,0.0792,0.1226,0.0434,0.9418,84600,Medford,MA,0,1
Wellesley College,www.wellesley.edu/,1513,0.1391,40,10000,2318,0.2056,0.3054,0.0846,0.1588,0.236,0.0013,0.0017,0.0703,0.1389,0.003,0.9258,83050,Wellesley,MA,0,1
Wentworth Institute of Technology,https://wit.edu/,1226,0.8537,NA,25028,3641,0.2257,0.5724,0.0887,0.1395,0.0934,8e-4,3e-4,0.0316,0.0428,0.0305,0.7175,55030,Boston,MA,0,1
Western New England University,wne.edu/,1231,0.8326,NA,25500,2508,0.2502,0.7093,0.0582,0.1164,0.0323,8e-4,4e-4,0.0339,0.0215,0.0271,0.6412,58933,Springfield,MA,0,1
Westfield State University,www.westfield.ma.edu/,NA,0.8074,NA,22457,3481,0.3336,0.6955,0.0669,0.1402,0.0221,0.0014,3e-4,0.0333,0.0089,0.0313,0.6181,26435,Westfield,MA,1,1
Wheaton College (Massachusetts),www.wheatoncollege.edu/,1321,0.7133,NA,26000,1744,0.1962,0.7047,0.0562,0.0745,0.0401,0,0,0.0419,0.0419,0.0407,0.7338,76819,Norton,MA,0,1
Williams College,https://www.williams.edu/,1527,0.0999,NA,12761,2060,0.1715,0.4709,0.051,0.1369,0.1388,5e-4,0,0.0816,0.0811,0.0393,0.9492,81164,Williamstown,MA,0,0
Worcester Polytechnic Institute,https://www.wpi.edu/,NA,0.585,NA,27000,5344,0.1029,0.6475,0.0284,0.0835,0.1267,6e-4,7e-4,0.0359,0.0664,0.0103,0.8792,75678,Worcester,MA,0,1
Worcester State University,https://www.worcester.edu/,1145,0.8986,NA,19500,3963,0.289,0.6089,0.0878,0.1789,0.056,0.0028,8e-4,0.029,0.0151,0.0207,0.6314,21586,Worcester,MA,1,1
Adrian College,www.adrian.edu/,1030,0.6837,NA,27000,1635,0.3114,0.6171,0.0654,0.0667,0.0073,0.0018,0.0024,0.0385,0.0648,0.1358,0.5102,54950,Adrian,MI,0,0
Albion College,www.albion.edu/,NA,0.8316,NA,27000,1347,0.4526,0.5486,0.17,0.1284,0.0148,0.003,0,0.0319,0.0379,0.0653,0.6571,68794,Albion,MI,0,0
Hillsdale Beauty College,www.hillsdalebeautycollege.com/,NA,NA,NA,9377,32,0.6406,0.9688,0,0,0,0,0,0.0313,0,0,NA,NA,Hillsdale,MI,0,0
Northwestern Technological Institute,www.northwesterntech.edu/,NA,NA,NA,9500,689,0.805,0.4325,0.4151,0.0319,0.0087,0,0.0044,0.0726,0,0.0348,NA,NA,Southfield,MI,0,1
Alma College,www.alma.edu/,NA,0.6566,NA,27000,1208,0.2092,0.7997,0.0604,0.0348,0.0083,0.0025,8e-4,0.0306,0.0381,0.0248,0.628,61380,Alma,MI,0,0
Alpena Community College,www.alpenacc.edu/,NA,NA,NA,9024,715,0.2077,0.8853,0.0336,0.0266,0.0098,0.0322,0.0028,0,0,0.0098,NA,11320,Alpena,MI,1,0
Andrews University,https://www.andrews.edu/,1177,0.874,29,26000,1262,0.22,0.2187,0.1704,0.2044,0.1212,0.0016,0.0063,0.0578,0.2052,0.0143,0.7403,43670,Berrien Springs,MI,0,0
Aquinas College,https://www.aquinas.edu/,1087,0.7106,NA,23000,1201,0.2301,0.7494,0.0225,0.0833,0.0183,0.0017,0.0017,0.0508,0.0441,0.0283,0.606,49018,Grand Rapids,MI,0,1
Baker College,www.baker.edu/,1080,0.875,NA,25000,3026,0.3811,0.7568,0.1008,0.0555,0.0182,0.0063,0.0013,0.0492,0.002,0.0099,0.1841,23456,Owosso,MI,0,0
Bay de Noc Community College,https://www.baycollege.edu/,NA,NA,NA,12618,1100,0.2439,0.8445,0.0245,0.0336,0.0073,0.0345,0,0.0509,0,0.0045,NA,15674,Escanaba,MI,1,0
Bayshire Academy of Beauty Craft Inc,www.bayshirebeautyacademy.edu/,NA,NA,NA,NA,104,0.7892,0.6442,0.125,0.0673,0.0192,0,0,0.1442,0,0,NA,NA,Bay City,MI,0,1
Calvin University,www.calvin.edu/,1205,0.7131,NA,23250,2921,0.144,0.683,0.0514,0.049,0.0442,0.001,0,0.0318,0.128,0.0116,0.7825,53286,Grand Rapids,MI,0,1
Carnegie Institute,https://www.carnegie-institute.edu/,NA,NA,NA,9336,103,0.4712,0.835,0.068,0.0097,0.0874,0,0,0,0,0,NA,21863,Troy,MI,0,1
Central Michigan University,https://www.cmich.edu/,1099,0.9101,NA,27000,9916,0.3064,0.7649,0.0844,0.0537,0.0135,0.0087,7e-4,0.0367,0.027,0.0104,0.6313,26470,Mount Pleasant,MI,1,0
Mott Community College,https://www.mcc.edu/,NA,NA,NA,13000,5152,0.3539,0.4173,0.1405,0.2393,0.0043,0.0076,0.0012,0.0345,0.0027,0.1526,NA,12495,Flint,MI,1,1
Empire Beauty School-Michigan,www.empire.edu/,NA,NA,NA,10667,285,0.4851,0.4246,0.1509,0.193,0.007,0.0035,0,0.0737,0,0.1474,NA,NA,Grand Rapids,MI,0,1
Cleary University,www.cleary.edu/,NA,0.4975,23,19500,774,0.2738,0.5426,0.239,0.0452,0.0142,0.0026,0.0026,0.0194,0.053,0.0814,0.4318,39110,Howell,MI,0,1
Concordia University Ann Arbor,https://www.cuaa.edu/,1250,0.7209,NA,25750,918,0.2419,0.6776,0.0795,0.0686,0.0076,0.0011,0,0.0381,0.0414,0.0861,0.4868,50378,Ann Arbor,MI,0,1
College for Creative Studies,https://www.collegeforcreativestudies.edu/,NA,0.9276,NA,26000,1285,0.2826,0.5339,0.116,0.0506,0.0506,0.0039,0.0031,0.0498,0.0817,0.1105,0.6178,61238,Detroit,MI,0,1
Davenport University,www.davenport.edu/,NA,0.9705,NA,26000,3213,0.301,0.6265,0.1357,0.0778,0.0293,0.0047,0.0025,0.0345,0.0395,0.0495,0.5,35864,Grand Rapids,MI,0,1
David Pressley School of Cosmetology,davidpressleyschool.com/,NA,NA,NA,6333,263,0.5888,0.4221,0.4601,0.076,0.0076,0,0.0114,0.0228,0,0,NA,NA,Royal Oak,MI,0,1
Delta College,https://www.delta.edu/,NA,NA,NA,10978,6061,0.3536,0.717,0.115,0.0916,0.0074,0.0036,5e-4,0.0416,0.003,0.0203,NA,11953,University Center,MI,1,0
Detroit Business Institute-Downriver,www.dbidownriver.edu/,NA,0.5,NA,NA,141,0.8616,0.0638,0.9078,0.0142,0,0,0,0.0142,0,0,NA,NA,Riverview,MI,0,1
MIAT College of Technology,https://miat.edu/,NA,0.9964,NA,12801,1645,0.2955,0.4122,0.1587,0.2243,0.0523,0.0043,0.0055,0.0815,0,0.0614,NA,26607,Canton,MI,0,1
University of Detroit Mercy,https://www.udmercy.edu/,1136,0.8014,NA,23250,2289,0.2513,0.5352,0.1092,0.0931,0.0721,0.0035,0,0.0214,0.0931,0.0725,0.6779,40069,Detroit,MI,0,1
Dorsey College,www.dorsey.edu/,NA,NA,NA,13000,547,0.6083,0.1737,0.6581,0.0128,0.0219,0.011,0,0.064,0.0018,0.0567,NA,30059,Madison Heights,MI,0,1
Eastern Michigan University,www.emich.edu/,1046,0.8135,NA,25000,10751,0.3656,0.5535,0.1739,0.1002,0.0333,0.0023,7e-4,0.0425,0.0475,0.046,0.5074,28168,Ypsilanti,MI,1,1
Creative Hair School of Cosmetology,creativehairschool.com/,NA,NA,NA,15406,48,0.4565,0.0625,0.8542,0,0,0,0,0.0833,0,0,NA,NA,Flint,MI,0,1
Ferris State University,www.ferris.edu/,1001,0.8058,NA,21000,8087,0.3358,0.7434,0.0945,0.0663,0.0152,0.0084,9e-4,0.0314,0.0137,0.0262,0.5584,26066,Big Rapids,MI,1,0
Glen Oaks Community College,www.glenoaks.edu/,NA,NA,NA,10794,577,0.2572,0.7158,0.0728,0.1473,0.0035,0.0035,0.0017,0.0381,0,0.0173,NA,14645,Centreville,MI,1,0
Kettering University,https://www.kettering.edu/,1219,0.7909,NA,27000,1279,0.1681,0.7615,0.043,0.0422,0.0665,8e-4,8e-4,0.0399,0.0258,0.0195,0.7436,58610,Flint,MI,0,1
Gogebic Community College,gogebic.edu/,NA,NA,NA,10925,508,0.3548,0.872,0.0197,0.0217,0.0039,0.0256,0.002,0.0335,0.0098,0.0118,NA,13398,Ironwood,MI,1,0
Grace Christian University,www.gracechristian.edu/,NA,0.9931,NA,24375,707,0.4979,0.5262,0.2447,0.1089,0.0198,0.0085,0.0028,0.0481,0.0028,0.0382,0.5,24637,Wyoming,MI,0,1
Cornerstone University,www.cornerstone.edu/,NA,0.732,NA,25000,1387,0.2973,0.7231,0.0656,0.0541,0.0224,0.0029,7e-4,0.0209,0.0613,0.049,0.6102,40737,Grand Rapids,MI,0,1
Grand Rapids Community College,https://www.grcc.edu/,NA,NA,NA,9000,10530,0.2656,0.584,0.10780000000000001,0.1854,0.0362,0.0058,6e-4,0.0388,0.0047,0.0368,NA,16255,Grand Rapids,MI,1,1
Grand Valley State University,www.gvsu.edu/,1079,0.9469,NA,24500,19073,0.2577,0.7692,0.0642,0.0779,0.0276,0.0038,3e-4,0.0366,0.0127,0.0077,0.6896,26578,Allendale,MI,1,0
Great Lakes Christian College,www.glcc.edu/,NA,NA,NA,18779,130,0.6241,0.6077,0.2385,0.0615,0.0077,0,0,0.0308,0.0462,0.0077,0.2273,29664,Lansing,MI,0,1
Henry Ford College,https://www.hfcc.edu/,NA,NA,NA,14250,8695,0.4548,0.5425,0.161,0.021,0.0298,0.0029,0.0023,0.0421,0.0176,0.1808,NA,9983,Dearborn,MI,1,1
Hillsdale College,https://www.hillsdale.edu/,1433,0.2059,NA,NA,1563,0,0,0,0,0,0,0,0,0,1,0.8757,NA,Hillsdale,MI,0,0
Hope College,https://www.hope.edu/,1237,0.7585,NA,26800,3274,0.1643,0.7868,0.0354,0.0751,0.025,6e-4,3e-4,0.0345,0.0238,0.0183,0.8153,52206,Holland,MI,0,1
Jackson College,www.jccmi.edu/,NA,NA,NA,13875,3563,0.3442,0.6405,0.1603,0.0665,0.009,0.0053,3e-4,0.0502,0.0011,0.0668,0.2,15892,Jackson,MI,1,0
Kalamazoo College,https://www.kzoo.edu/,1270,0.7623,NA,26077,1175,0.2322,0.6145,0.0536,0.1745,0.046,0.0017,0,0.0553,0.034,0.0204,0.7775,71173,Kalamazoo,MI,0,1
Kalamazoo Valley Community College,https://www.kvcc.edu/,NA,NA,NA,9699,4885,0.2663,0.628,0.1429,0.0921,0.0194,0.0084,0.001,0.0547,0.0184,0.035,NA,9517,Kalamazoo,MI,1,1
Kellogg Community College,www.kellogg.edu/,NA,NA,NA,17000,2781,0.2346,0.6958,0.1054,0.0759,0.023,0.0076,0,0.0381,0.0072,0.0471,NA,11939,Battle Creek,MI,1,1
Kirtland Community College,https://www.kirtland.edu/,NA,NA,NA,13067,965,0.3435,0.8632,0.0404,0.0383,0.0073,0.0166,0.0031,0.029,0,0.0021,NA,15802,Grayling,MI,1,0
Michigan College of Beauty-Monroe,https://michigancollegebeauty.com/,NA,NA,NA,6333,100,0.3497,0.73,0.16,0.07,0,0,0,0,0,0.04,NA,NA,Monroe,MI,0,1
Lake Michigan College,https://www.lakemichigancollege.edu/,NA,NA,NA,9000,1811,0.1785,0.5886,0.1364,0.1331,0.0083,0.0033,0.0011,0.0331,0.0226,0.0734,NA,17782,Benton Harbor,MI,1,0
Lake Superior State University,www.lssu.edu/,NA,0.6801,29,23250,1391,0.2906,0.7311,0.0144,0.005,0.0079,0.0654,0.0014,0.046,0.0661,0.0625,0.5435,25757,Sault Ste Marie,MI,1,0
Lansing Community College,https://www.lcc.edu/,NA,NA,NA,12700,7756,0.2783,0.6626,0.1101,0.1006,0.0324,0.0048,0.0014,0.0471,0.0088,0.0324,NA,10180,Lansing,MI,1,1
Lawrence Technological University,www.ltu.edu/,NA,0.8025,NA,27000,1701,0.1654,0.6326,0.1088,0.0459,0.0341,0.0029,0.0024,0.0364,0.1141,0.0229,0.5794,54266,Southfield,MI,0,1
M J Murphy Beauty College of Mount Pleasant,mjmbc.net/,NA,NA,NA,NA,35,0.4286,0.8571,0.0571,0.0286,0,0.0571,0,0,0,0,NA,NA,Mount Pleasant,MI,0,0
Macomb Community College,www.macomb.edu/,NA,NA,NA,6000,14285,0.3311,0.63,0.1499,0.0524,0.065,0.0044,0.0011,0.0367,0.0167,0.0439,NA,10719,Warren,MI,1,1
Madonna University,https://www.madonna.edu/,1000,0.9293,30,23000,1637,0.295,0.6292,0.1368,0.0525,0.0318,0.0067,0.0018,0.0208,0.102,0.0183,0.6457,38809,Livonia,MI,0,1
Rochester University,rochesteru.edu/,NA,0.6531,NA,24475,827,0.3108,0.6239,0.1644,0.0435,0.0181,0.0085,0.006,0.029,0.0351,0.0713,0.4132,36215,Rochester Hills,MI,0,1
University of Michigan-Ann Arbor,https://umich.edu/,1473,0.1794,NA,19500,33488,0.1757,0.4884,0.0454,0.1003,0.1863,0.0014,8e-4,0.0535,0.0792,0.0446,0.9425,33345,Ann Arbor,MI,1,1
The Michigan Barber School,www.michiganbarberschool.org/,NA,NA,NA,NA,82,0.7935,0.0732,0.7805,0.0366,0.0244,0,0,0.0122,0,0.0732,NA,NA,Detroit,MI,0,1
Michigan State University,https://www.msu.edu/,1261,0.8392,34,23250,40243,0.2002,0.6716,0.0651,0.0624,0.0798,0.0027,6e-4,0.0436,0.054,0.02,0.8349,30528,East Lansing,MI,1,1
Michigan Technological University,https://www.mtu.edu/,1243,0.8794,NA,24990,5829,0.1823,0.8365,0.0087,0.0312,0.0202,0.0048,7e-4,0.0352,0.0091,0.0535,0.7075,32550,Houghton,MI,1,0
University of Michigan-Dearborn,https://umdearborn.edu/,1127,0.5863,NA,22500,5882,0.4385,0.646,0.085,0.0649,0.0978,0.0012,5e-4,0.0498,0.0379,0.0168,0.6027,22435,Dearborn,MI,1,1
University of Michigan-Flint,www.umflint.edu/,1104,0.6883,NA,25000,4157,0.3467,0.6716,0.1513,0.0647,0.0243,0.0084,0.001,0.0293,0.0135,0.0358,0.3969,23329,Flint,MI,1,1
Mid Michigan College,www.midmich.edu/,NA,NA,NA,13750,2002,0.3164,0.8147,0.0445,0.0559,0.0085,0.01,5e-4,0.045,0.0105,0.0105,NA,14816,Harrison,MI,1,0
Monroe County Community College,www.monroeccc.edu/,NA,NA,NA,12296,1484,0.2531,0.7224,0.0445,0.0492,0.0027,0.0054,0,0.0283,7e-4,0.1469,NA,9894,Monroe,MI,1,0
Montcalm Community College,www.montcalm.edu/,NA,NA,NA,16500,1040,0.2938,0.7288,0.0087,0.0375,0.0048,0.0058,0.001,0.0144,0,0.199,NA,10978,Sidney,MI,1,0
Muskegon Community College,www.muskegoncc.edu/,NA,NA,NA,9125,2781,0.2832,0.7253,0.0917,0.0939,0.0133,0.0054,0.0011,0.0485,0.0079,0.0129,NA,11303,Muskegon,MI,1,1
North Central Michigan College,www.ncmich.edu/,NA,NA,NA,14000,897,0.3314,0.8272,0.0323,0.019,0.0111,0.0457,0.0011,0.0379,0.0022,0.0234,NA,13378,Petoskey,MI,1,0
Northern Michigan University,https://www.nmu.edu/,NA,0.6995,NA,21474,6425,0.2739,0.8523,0.0135,0.0439,0.0072,0.0139,2e-4,0.0364,0.0098,0.0229,0.542,26206,Marquette,MI,1,0
Northwestern Michigan College,https://www.nmc.edu/,NA,NA,NA,12500,2668,0.285,0.7845,0.0135,0.051,0.0139,0.0139,4e-4,0.0382,0.0019,0.0828,0.8125,11821,Traverse City,MI,1,1
Northwood University,www.northwood.edu/,NA,0.839,NA,20842,1900,0.2469,0.6995,0.0842,0.0695,0.0132,0.0058,0.0016,0.03,0.02,0.0763,0.628,47114,Midland,MI,0,1
Oakland Community College,https://www.oaklandcc.edu/,NA,NA,NA,9105,11772,0.2741,0.512,0.2109,0.0674,0.0293,0.0042,0.0016,0.0477,0.0601,0.0668,NA,11487,Auburn Hills,MI,1,1
Oakland University,www.oakland.edu/,1110,0.7024,NA,22750,12450,0.2983,0.7006,0.0963,0.0538,0.0611,0.0019,0.001,0.0412,0.018,0.0261,0.5901,25016,Rochester Hills,MI,1,1
The University of Olivet,https://www.uolivet.edu/,NA,0.9711,NA,27000,918,0.4174,0.659,0.1667,0.0763,0.0065,0.0022,0.0011,0.0773,0.0011,0.0098,0.4454,45849,Olivet,MI,0,0
Port Huron Cosmetology College,www.michigancollegeofbeauty.com/,NA,NA,NA,NA,52,0.2152,0.4038,0.4231,0.1154,0.0577,0,0,0,0,0,NA,NA,Waterford,MI,0,1
Kuyper College,https://www.kuyper.edu/,NA,0.3385,NA,21389,119,0.3165,0.5126,0.2773,0.1008,0.0252,0,0,0.0336,0.0252,0.0252,0.4211,37282,Grand Rapids,MI,0,1
Ross Medical Education Center-Lansing,https://rosseducation.edu/,NA,NA,NA,9500,96,0.8698,0.1146,0.1979,0.0313,0,0,0.0208,0.0625,0.0104,0.5625,NA,NA,Lansing,MI,0,1
Ross Medical Education Center-Warren,https://rosseducation.edu/,NA,NA,NA,9500,153,0.8462,0.0392,0.2876,0.0196,0.0131,0,0,0.0392,0.0065,0.5948,NA,NA,Warren,MI,0,1
Ross Medical Education Center-Flint,https://rosseducation.edu/,NA,NA,NA,9500,87,0.8974,0.1034,0.1954,0.023,0,0,0,0.046,0.023,0.6092,NA,NA,Flint,MI,0,1
Sacred Heart Major Seminary,www.shms.edu/,NA,1,NA,NA,176,0.0636,0.6534,0.0057,0.0852,0.0114,0.0625,0,0.0057,0,0.1761,0.6,39466,Detroit,MI,0,1
Saginaw Valley State University,www.svsu.edu/,1051,0.7288,NA,25000,6004,0.3237,0.762,0.0819,0.0596,0.0117,0.0028,3e-4,0.0331,0.027,0.0215,0.4544,24043,University Center,MI,1,1
Schoolcraft Community College District,https://www.schoolcraft.edu/,NA,NA,NA,10500,6626,0.2719,0.5883,0.1748,0.0691,0.0423,0.0017,0.0012,0.0407,0.0275,0.0545,NA,11921,Livonia,MI,1,1
Siena Heights University,https://www.sienaheights.edu/,1033,0.6656,NA,18750,1533,0.309,0.6406,0.1298,0.0907,0.017,0.0059,0.0013,0.0235,0,0.0913,0.5066,42802,Adrian,MI,0,0
St Clair County Community College,www.sc4.edu/,NA,NA,NA,11750,1955,0.2498,0.823,0.0486,0.0445,0.0113,0.0246,5e-4,0.0097,0.001,0.0368,NA,12153,Port Huron,MI,1,1
Southwestern Michigan College,www.swmich.edu/,NA,NA,NA,10959,1396,0.3824,0.6683,0.1533,0.0172,0.0136,0.01,0.0014,0.0695,0,0.0666,NA,14999,Dowagiac,MI,1,0
Spring Arbor University,https://www.arbor.edu/,1072,0.3733,NA,26375,990,0.2591,0.7111,0.0687,0.0626,0.0101,0.004,0.001,0.0293,0.0293,0.0838,0.6517,43178,Spring Arbor,MI,0,0
Michigan Career and Technical Institute,www.michigan.gov/MCTI,NA,NA,NA,NA,118,0.3394,0.8305,0.0593,0.0339,0.0339,0,0,0.0424,0,0,NA,16152,Plainwell,MI,1,0
Twin City Beauty College,tcbeautycollege.com/,NA,NA,NA,9320,269,0.4035,0.7175,0.0446,0.171,0.0149,0.0037,0,0.0446,0,0.0037,NA,NA,Saint Joseph,MI,0,1
Walsh College,https://walshcollege.edu/,NA,NA,NA,16217,535,0.3114,0.7981,0.071,0.0187,0.0318,0.0056,0,0.0243,0.0187,0.0318,NA,NA,Troy,MI,0,1
Washtenaw Community College,www.wccnet.edu/,NA,NA,NA,13310,7736,0.2686,0.5915,0.179,0.0804,0.0315,0.0034,0.0012,0.0651,0.019,0.0288,NA,11161,Ann Arbor,MI,1,1
Wayne County Community College District,www.wcccd.edu/,NA,NA,NA,12062,7848,0.2846,0.171,0.6966,0.0166,0.0045,0.0022,0.0011,0.0429,0.0243,0.0408,NA,12642,Detroit,MI,1,1
Wayne State University,https://wayne.edu/,1147,0.8203,NA,21250,15676,0.4304,0.5396,0.1717,0.0773,0.1386,0.0024,4e-4,0.0405,0.0217,0.0078,0.5985,26794,Detroit,MI,1,1
West Shore Community College,https://www.westshore.edu/,NA,NA,NA,9089,651,0.3367,0.7926,0.0261,0.1198,0.0061,0.0108,0.0015,0.0292,0.0046,0.0092,NA,9674,Scottville,MI,1,0
Paul Mitchell the School-Grand Rapids,paulmitchell.edu/grandrapids,NA,NA,NA,9833,84,0.415,0.8452,0.0357,0.0833,0.0119,0.0119,0.0119,0,0,0,NA,NA,Kentwood,MI,0,1
Western Michigan University,https://wmich.edu/,1108,0.8468,NA,26188,12704,0.2537,0.6917,0.0782,0.09,0.026,0.0036,5e-4,0.0424,0.0454,0.0223,0.5919,28655,Kalamazoo,MI,1,1
Academy College,www.academycollege.edu/,NA,NA,NA,29500,112,0.3243,0,0,0.0089,0.0089,0,0,0,0,0.9821,0.4,34240,Bloomington,MN,0,1
Alexandria Technical & Community College,www.alextech.edu/,NA,NA,NA,12000,1438,0.1557,0.8268,0.0216,0.0668,0.0035,0.0028,7e-4,0.0292,0.0014,0.0473,NA,18962,Alexandria,MN,1,0
Anoka Technical College,www.anokatech.edu/,NA,NA,NA,11000,1522,0.3285,0.6156,0.1708,0.0815,0.0644,0.0046,0.0013,0.0493,7e-4,0.0118,NA,16662,Anoka,MN,1,1
Anoka-Ramsey Community College,www.anokaramsey.edu/,NA,NA,NA,13500,3983,0.1962,0.6164,0.1657,0.07,0.066,0.0033,0,0.0537,0.009,0.0158,NA,16110,Coon Rapids,MN,1,1
Augsburg University,www.augsburg.edu/,NA,0.7653,27,25347,2429,0.515,0.3289,0.2882,0.1449,0.107,0.0144,0.0016,0.0729,0.021,0.021,0.587,57966,Minneapolis,MN,0,1
Riverland Community College,https://www.riverland.edu/,NA,NA,NA,12000,1895,0.2649,0.6063,0.0818,0.1916,0.0438,0.0053,0.0011,0.0243,0.0164,0.0296,NA,14611,Austin,MN,1,0
Northwest Technical College,https://www.ntcmn.edu/,NA,NA,NA,15000,654,0.3301,0.685,0.0994,0.0367,0.0107,0.0963,0,0.0581,0.0031,0.0107,NA,18271,Bemidji,MN,1,0
Bemidji State University,https://www.bemidjistate.edu/,1090,0.7066,NA,19750,3120,0.2628,0.7779,0.0314,0.0407,0.017,0.049,6e-4,0.0615,0.0173,0.0045,0.4704,23066,Bemidji,MN,1,0
Bethany Lutheran College,https://www.blc.edu/,1144,0.5096,NA,23000,682,0.221,0.6598,0.0352,0.0601,0.0117,0.0015,0.0015,0.0381,0.1848,0.0073,0.6269,39624,Mankato,MN,0,1
Bethel University,https://www.bethel.edu/,1243,0.9099,NA,21500,2012,0.1898,0.7599,0.0591,0.0726,0.0477,0.0025,5e-4,0.0348,0.0015,0.0214,0.7512,56310,Saint Paul,MN,0,1
Central Lakes College-Brainerd,www.clcmn.edu/,NA,NA,NA,11000,1486,0.1455,0.8129,0.0686,0.0296,0.0074,0.0182,0,0.0485,0.0027,0.0121,NA,18003,Brainerd,MN,1,0
Carleton College,https://www.carleton.edu/,1491,0.2228,NA,16750,2019,0.1404,0.5156,0.0684,0.0996,0.1045,0.001,5e-4,0.0896,0.0981,0.0228,0.9187,81350,Northfield,MN,0,0
Concordia College at Moorhead,https://www.concordiacollege.edu/,1192,0.6306,NA,26847,1721,0.1976,0.7751,0.0418,0.0366,0.0291,0.0099,0.0012,0.018,0.0645,0.0238,0.7462,43074,Moorhead,MN,0,1
Concordia University-Saint Paul,https://www.csp.edu/,NA,0.7487,NA,17832,2786,0.3403,0.5162,0.1726,0.1159,0.107,0.0047,0.0032,0.0513,0.009,0.0201,0.5284,34495,Saint Paul,MN,0,1
Dakota County Technical College,www.dctc.edu/,NA,NA,NA,11000,2083,0.2713,0.6433,0.12,0.1186,0.0389,0.0067,0.001,0.0557,0.0024,0.0134,NA,15792,Rosemount,MN,1,0
Martin Luther College,www.mlc-wels.edu/,1191,0.8257,31,20177,718,0.2265,0.922,0.0125,0.0111,0.0042,0.0014,0,0.0348,0.0139,0,0.7485,29288,New Ulm,MN,0,0
Lake Superior College,www.lsc.edu/,NA,NA,NA,12775,2456,0.1925,0.8294,0.0277,0.0468,0.0138,0.0102,4e-4,0.0517,0.0106,0.0094,NA,20049,Duluth,MN,1,1
Minnesota State Community and Technical College,www.minnesota.edu/,NA,NA,NA,12000,2875,0.2518,0.6831,0.1457,0.063,0.025,0.0167,7e-4,0.0511,0.0077,0.007,NA,15570,Fergus Falls,MN,1,0
Minnesota West Community and Technical College,www.mnwest.edu/,NA,NA,NA,10987,1700,0.1405,0.6941,0.0653,0.1459,0.0212,0.0088,6e-4,0.0265,0.0188,0.0188,NA,17205,Granite Falls,MN,1,0
Gustavus Adolphus College,gustavus.edu/,1320,0.618,NA,26774,1930,0.2138,0.7979,0.0233,0.0554,0.0249,0,5e-4,0.0451,0.044,0.0088,0.784,65976,Saint Peter,MN,0,0
Hamline University,https://www.hamline.edu/,1197,0.8983,NA,23770,1685,0.3977,0.5614,0.1228,0.1318,0.0884,0.0059,6e-4,0.0546,0.0071,0.0273,0.6216,56738,Saint Paul,MN,0,1
Hennepin Technical College,www.hennepintech.edu/,NA,NA,NA,11433,2827,0.2642,0.4726,0.2398,0.099,0.1171,0.0042,0.0014,0.0488,0.006,0.011,NA,15830,Brooklyn Park,MN,1,1
Minnesota North College,https://minnesotanorth.edu/,NA,NA,NA,12000,1942,0.3016,0.7482,0.0767,0.0592,0.0046,0.0252,0.001,0.0587,0.0149,0.0113,NA,16231,Hibbing,MN,1,0
Aveda Arts & Sciences Institute Minneapolis,avedaarts.edu/locations/minneapolis,NA,NA,NA,6333,608,0.2405,0.5954,0.1135,0.0855,0.0428,0.0148,0.0049,0.051,0,0.0921,NA,NA,Minneapolis,MN,0,1
Inver Hills Community College,https://www.inverhills.edu/,NA,NA,NA,13965,2203,0.2327,0.4911,0.2079,0.1639,0.0676,0.0036,5e-4,0.0545,0.0027,0.0082,NA,15612,Inver Grove Heights,MN,1,1
Macalester College,www.macalester.edu/,1424,0.2821,39,23000,2131,0.1733,0.5171,0.0577,0.1131,0.0854,0.0019,0.0023,0.084,0.1328,0.0056,0.9038,78900,Saint Paul,MN,0,1
South Central College,southcentral.edu/,NA,NA,NA,12000,1890,0.3248,0.6286,0.1365,0.1423,0.0127,0.0026,0,0.0317,0.0339,0.0116,NA,15400,North Mankato,MN,1,1
Minnesota State University-Mankato,https://mnsu.edu/,1190,0.9133,NA,21106,11325,0.2048,0.7189,0.06,0.0569,0.0331,0.0026,2e-4,0.0343,0.0887,0.0055,0.5368,22565,Mankato,MN,1,1
Mayo Clinic College of Medicine and Science,https://college.mayo.edu/,NA,0.3871,NA,10500,296,0.0075,0.7669,0.0743,0.0101,0.0541,0.0068,0.0034,0.0541,0.0101,0.0203,NA,NA,Rochester,MN,0,1
Metropolitan State University,www.metrostate.edu/,1020,0.9649,NA,17100,4998,0.443,0.3613,0.3159,0.0772,0.1667,0.0056,8e-4,0.0414,0.0238,0.0072,0.3836,26057,Saint Paul,MN,1,1
University of Minnesota-Twin Cities,https://twin-cities.umn.edu/,1359,0.7703,38,19500,30469,0.1687,0.5921,0.0891,0.0599,0.1312,0.0035,4e-4,0.0499,0.0591,0.0148,0.8507,29013,Minneapolis,MN,1,1
University of Minnesota-Crookston,https://crk.umn.edu/,NA,0.5838,NA,20500,1650,0.1919,0.7061,0.0667,0.0661,0.0376,0.0109,0,0.0364,0.0467,0.0297,0.5652,25290,Crookston,MN,1,0
Minneapolis College of Art and Design,https://mcad.edu/,1170,0.4836,NA,27000,701,0.4017,0.6348,0.067,0.1084,0.0785,0.0128,0,0.0699,0.0114,0.0171,0.6621,54606,Minneapolis,MN,0,1
Minneapolis Community and Technical College,www.minneapolis.edu/,NA,NA,NA,17954,4816,0.4033,0.3171,0.3569,0.142,0.0509,0.0154,6e-4,0.0669,0.0264,0.0239,NA,18826,Minneapolis,MN,1,1
Herzing University-Minneapolis,https://www.herzing.edu/,NA,0.9382,NA,21500,747,0.5186,0.4137,0.3039,0.0656,0.1165,0.0013,0.0027,0.0295,0,0.0669,0.5,23747,St. Louis Park,MN,0,1
Nova Academy of Cosmetology Woodbury,https://novaacademy.edu/,NA,NA,NA,6333,56,0.4758,0.5536,0.0714,0.1607,0.0893,0.0179,0,0.1071,0,0,NA,NA,WOODBURY,MN,0,1
University of Minnesota-Duluth,https://www.d.umn.edu/,1221,0.8175,33,22024,7475,0.1824,0.8385,0.0225,0.0393,0.0302,0.0063,3e-4,0.0403,0.0108,0.0118,0.6561,26907,Duluth,MN,1,1
University of Minnesota-Morris,https://morris.umn.edu/,NA,0.7046,NA,18995,980,0.3081,0.5153,0.0265,0.0816,0.0112,0.1286,0,0.202,0.0296,0.0051,0.5845,25816,Morris,MN,1,0
Model College of Hair Design,www.modelcollegeofhairdesign.com/,NA,NA,NA,7139,108,0.4491,0.7778,0.1389,0.0648,0.0093,0.0093,0,0,0,0,NA,NA,Saint Cloud,MN,0,1
Minnesota State University Moorhead,https://www.mnstate.edu/,1090,0.5262,NA,20000,3120,0.2746,0.7798,0.0519,0.0494,0.0173,0.0112,0.001,0.0394,0.0452,0.0048,0.5902,24419,Moorhead,MN,1,1
North Hennepin Community College,https://www.nhcc.edu/,NA,NA,NA,14750,3299,0.2913,0.3331,0.3052,0.1055,0.16,0.003,0,0.057,0.0288,0.0073,NA,14293,Brooklyn Park,MN,1,1
Normandale Community College,www.normandale.edu/,NA,NA,NA,12000,6040,0.2762,0.3866,0.2768,0.1576,0.0901,0.0025,8e-4,0.0536,0.0134,0.0185,NA,17594,Bloomington,MN,1,1
North Central University,www.northcentral.edu/,NA,0.9082,NA,23200,802,0.4251,0.6247,0.1035,0.1421,0.0449,0.0012,0,0.0474,0.0125,0.0237,0.6009,42215,Minneapolis,MN,0,1
Northland Community and Technical College,www.northlandcollege.edu/,NA,NA,NA,12000,1382,0.2184,0.7438,0.0912,0.0796,0.0159,0.0166,7e-4,0.0318,0.0101,0.0101,NA,17893,Thief River Falls,MN,1,0
University of Northwestern-St Paul,https://www.unwsp.edu/,1244,0.9188,NA,21325,1495,0.1506,0.7906,0.0462,0.0602,0.0361,7e-4,0,0.0482,0.0127,0.0054,0.6743,48246,Saint Paul,MN,0,1
Northwestern Health Sciences University,www.nwhealth.edu/,NA,NA,NA,7500,251,0.1917,0.494,0.0757,0.0478,0.0558,0.008,0.004,0.0398,0.0319,0.243,NA,36501,Bloomington,MN,0,1
Oak Hills Christian College,www.oakhills.edu/,NA,NA,NA,20980,98,0.451,0.7653,0.0918,0.0102,0.0306,0.0714,0.0204,0.0102,0,0,0.1,31810,Bemidji,MN,0,0
Pine Technical & Community College,www.pine.edu/,NA,NA,NA,14392,569,0.1495,0.8313,0.0633,0.0422,0.0141,0.0088,0,0.0299,0,0.0105,NA,15534,Pine City,MN,1,0
Rochester Community and Technical College,www.rctc.edu/,NA,NA,NA,14743,3122,0.2892,0.6211,0.1611,0.0987,0.0503,0.0029,0,0.0455,0.0115,0.009,NA,17814,Rochester,MN,1,1
College of Saint Benedict,https://csbsju.edu/,1185,0.9136,32,26944,1392,0.1871,0.7938,0.028,0.0999,0.0323,0.0079,0.0036,0,0.0309,0.0036,0.7668,66878,Saint Joseph,MN,0,1
St Cloud Technical and Community College,www.sctcc.edu/,NA,NA,NA,12000,2808,0.352,0.6546,0.1952,0.0637,0.0164,0.0046,0.0011,0.0402,0.0064,0.0178,NA,15374,Saint Cloud,MN,1,1
Saint Cloud State University,https://www.stcloudstate.edu/,1091,0.9495,28,21058,5181,0.203,0.6093,0.1268,0.0554,0.0434,0.0025,4e-4,0.0373,0.1199,0.005,0.4758,21389,Saint Cloud,MN,1,1
Saint Johns University,https://csbsju.edu/,1220,0.9048,33,27000,1468,0.1806,0.7963,0.0443,0.077,0.0354,0.0068,0.0041,7e-4,0.0327,0.0027,0.7916,66863,Collegeville,MN,0,0
Saint Mary's University of Minnesota,www.smumn.edu/,NA,0.8881,NA,21500,1061,0.2209,0.5834,0.0763,0.115,0.0264,0.017,9e-4,0.0057,0.0226,0.1527,0.5704,54870,Winona,MN,0,0
St Olaf College,wp.stolaf.edu/,1373,0.5215,NA,26000,3049,0.2006,0.6671,0.0321,0.0931,0.0577,0.001,0,0.0453,0.0994,0.0043,0.8541,69200,Northfield,MN,0,0
Crown College,www.crown.edu/,NA,0.6281,NA,22500,789,0.2446,0.7186,0.0722,0.0913,0.0406,0.0076,0.0013,0.0317,0.0292,0.0076,0.589,44961,Saint Bonifacius,MN,0,0
The College of Saint Scholastica,www.css.edu/,1190,0.9378,NA,20000,1725,0.2322,0.7472,0.0452,0.0429,0.0249,0.011,0.0023,0.0441,0.0406,0.0417,0.6599,53069,Duluth,MN,0,1
University of St Thomas,www.stthomas.edu/,1296,0.8494,NA,23250,6014,0.1956,0.6573,0.0747,0.0963,0.056,0.002,7e-4,0.0442,0.0359,0.0329,0.7859,64684,Saint Paul,MN,0,1
Empire Beauty School-Bloomington,www.empire.edu/,NA,NA,NA,10231,157,0.5279,0.242,0.3312,0.2357,0.0191,0.0064,0,0.0701,0,0.0955,NA,NA,Bloomington,MN,0,1
St Catherine University,https://www.stkate.edu/,1190,0.9407,NA,24181,2393,0.3582,0.5002,0.1722,0.1333,0.1208,0.0038,0.0017,0.0393,0.005,0.0238,0.6131,58432,Saint Paul,MN,0,1
Rasmussen University-Minnesota,https://rasmussen.edu/,NA,NA,NA,20899,8033,0.5086,0.4413,0.2742,0.1165,0.0335,0.0108,0.0022,0.0159,1e-4,0.1053,NA,24056,St. Cloud,MN,0,1
Saint Paul College,https://www.saintpaul.edu/,NA,NA,NA,10925,3607,0.4047,0.257,0.3782,0.1001,0.1663,0.005,0.0011,0.0424,0.0369,0.013,NA,17977,Saint Paul,MN,1,1
Southwest Minnesota State University,www.smsu.edu/,1020,0.6894,NA,20500,2045,0.1081,0.7081,0.0792,0.0822,0.023,0.0049,0.0015,0.0333,0.0499,0.0181,0.4865,22399,Marshall,MN,1,0
Summit Academy Opportunities Industrialization Center,www.saoic.org/,NA,NA,NA,NA,270,0.4543,0.0889,0.5556,0.1296,0.0667,0.0148,0,0.1185,0,0.0259,NA,NA,Minneapolis,MN,0,1
Dunwoody College of Technology,www.dunwoody.edu/,1050,0.9847,NA,16000,1417,0.2929,0.6867,0.0769,0.0508,0.0656,0.0078,0.0021,0.0593,0.0042,0.0466,0.3333,34834,Minneapolis,MN,0,1
Ridgewater College,www.ridgewater.edu/,NA,NA,NA,12000,2048,0.3354,0.7612,0.0405,0.1377,0.0151,0.0054,0.001,0.0239,0.0029,0.0122,NA,16195,Willmar,MN,1,0
Minnesota State College Southeast,www.southeastmn.edu/,NA,NA,NA,12971,1198,0.2241,0.793,0.0651,0.0684,0.0209,0.005,0,0.0334,8e-4,0.0134,NA,20158,Winona,MN,1,0
Winona State University,www.winona.edu/,1119,0.6852,29,21500,5088,0.2349,0.8215,0.0305,0.0513,0.034,0.0026,6e-4,0.0377,0.0163,0.0055,0.6281,23373,Winona,MN,1,0
Century College,https://www.century.edu/,NA,NA,NA,14250,5971,0.3264,0.4678,0.1301,0.1105,0.2109,0.0044,7e-4,0.0472,0.0156,0.0129,NA,15084,White Bear Lake,MN,1,1
Alcorn State University,www.alcorn.edu/,1039,0.2466,NA,27000,2290,0.7742,0.0214,0.9585,0.0066,4e-4,0.0022,0.0039,0,0.007,0,0.4305,23937,Alcorn State,MS,1,0
Belhaven University,https://www.belhaven.edu/,1050,0.5325,NA,26333,1370,0.4454,0.3701,0.4409,0.0445,0.008,0.0109,7e-4,0.0518,0.0168,0.0562,0.5447,38359,Jackson,MS,0,1
Blue Mountain Christian University,www.bmc.edu/,1047,1,NA,18534,536,0.2623,0.666,0.1418,0.0858,0.0037,0.0131,0,0.0205,0.0578,0.0112,0.5818,32140,Blue Mountain,MS,0,0
Chris Beauty College,www.chrisbeautycollege.edu/,NA,NA,NA,NA,105,0.3333,0.581,0.3048,0.019,0.0571,0,0,0.0381,0,0,NA,NA,Gulfport,MS,0,1
Coahoma Community College,www.coahomacc.edu/,NA,NA,NA,NA,1314,0.5939,0.0388,0.9353,0.0046,0.003,0.0015,0,0.0107,0.0023,0.0038,NA,9071,Clarksdale,MS,1,0
Copiah-Lincoln Community College,www.colin.edu/,NA,NA,NA,7435,1948,0.3838,0.5277,0.4148,0.0277,0.0051,0.0031,5e-4,0.018,0,0.0031,NA,11844,Wesson,MS,1,0
Delta State University,https://www.deltastate.edu/,1091,0.9968,NA,20390,1613,0.4314,0.5239,0.3577,0.0248,0.0074,0.0012,0,0.0186,0.0465,0.0198,0.4455,22008,Cleveland,MS,1,0
East Central Community College,https://www.eccc.edu/,NA,NA,NA,5500,1584,0.4046,0.5284,0.2891,0.0562,0.0051,0.0682,0.0013,0.0278,0.012,0.012,NA,12692,Decatur,MS,1,0
East Mississippi Community College,www.eastms.edu/,NA,NA,NA,9006,2914,0.4549,0.4643,0.4657,0.0278,0.0096,0.0103,0,0.0031,0,0.0192,NA,10806,Scooba,MS,1,0
Fosters Cosmetology College,www.fosters.edu/,NA,NA,NA,NA,22,0.9322,0,1,0,0,0,0,0,0,0,NA,NA,Ripley,MS,0,0
Academy of Hair Design-Grenada,www.academyofhair.com/grenada-campus,NA,NA,NA,6786,33,0.7708,0.7576,0.2424,0,0,0,0,0,0,0,NA,NA,Grenada,MS,0,0
Hinds Community College,www.hindscc.edu/,NA,NA,NA,9371,6533,0.3822,0.2865,0.5832,0.0325,0.0058,0.004,6e-4,0.0305,0,0.0569,NA,9817,Raymond,MS,1,0
Holmes Community College,www.holmescc.edu/,NA,NA,NA,9274,3847,0.4222,0.4344,0.5077,0.0221,0.0062,0.0026,3e-4,0.025,0.001,8e-4,NA,12733,Goodman,MS,1,0
Itawamba Community College,www.iccms.edu/,NA,NA,NA,7631,4018,0.4553,0.6341,0.2899,0.0343,0.0067,0.0012,0,0.0306,0,0.003,NA,11557,Fulton,MS,1,0
Jackson State University,https://www.jsums.edu/,974,0.9103,NA,30470,4769,0.6838,0.0195,0.9486,0.0029,0.0013,0.004,0.0023,0.0061,0.0124,0.0029,0.4111,28611,Jackson,MS,1,1
Jones County Junior College,www.jcjc.edu/,NA,NA,NA,6291,3248,0.3769,0.6059,0.326,0.0212,0.0043,0.0037,0,0.0286,0.0089,0.0012,NA,14975,Ellisville,MS,1,0
Meridian Community College,www.meridiancc.edu/,NA,NA,NA,5521,2025,0.3996,0.4573,0.4617,0.0262,0.0074,0.0128,0.0015,0.0054,0,0.0277,NA,13402,Meridian,MS,1,0
Millsaps College,www.millsaps.edu/,NA,0.4903,NA,27000,580,0.3557,0.569,0.2724,0.0431,0.031,0.0086,0.0069,0.0103,0.0259,0.0328,0.6154,61025,Jackson,MS,0,1
Mississippi Delta Community College,https://www.msdelta.edu/,NA,NA,NA,NA,1490,0.486,0.2993,0.653,0.0188,0.004,0,7e-4,0,0,0.0242,NA,9270,Moorhead,MS,1,0
University of Mississippi,www.olemiss.edu/,1187,0.9778,NA,20000,18995,0.2241,0.7832,0.0974,0.0528,0.0202,0.0032,7e-4,0.0268,0.0109,0.0048,0.6964,27692,University,MS,1,0
Mississippi University for Women,https://www.muw.edu/,1050,1,NA,15000,1593,0.4159,0.5719,0.3848,0.0144,0.0082,0.0088,0.0019,0,0.01,0,0.4549,21808,Columbus,MS,1,0
Mississippi Valley State University,www.mvsu.edu/,910,0.5116,NA,28413,1326,0.5955,0.0234,0.8937,0.0158,0.0038,0.0023,0.0015,0.009,0,0.0505,0.2764,21606,Itta Bena,MS,1,0
Mississippi College,www.mc.edu/,1120,0.4887,NA,22500,2423,0.2617,0.6859,0.1841,0.0425,0.0256,0.0033,0,0.0235,0.0124,0.0227,0.629,39167,Clinton,MS,0,1
Hatfield's Mississippi College of Beauty Culture,hatfieldsinc.com/,NA,NA,NA,6500,51,0.6053,0.8431,0.1176,0.0392,0,0,0,0,0,0,NA,NA,Laurel,MS,0,0
Mississippi Gulf Coast Community College,https://www.mgccc.edu/,NA,NA,NA,10000,6231,0.4084,0.5296,0.252,0.0727,0.0228,0.0056,0.0011,0.0489,0,0.0672,NA,12908,Perkinston,MS,1,0
Mississippi State University,https://www.msstate.edu/,1220,0.7632,NA,22142,18092,0.2864,0.7406,0.1505,0.0421,0.0164,0.0048,4e-4,0.0266,0.012,0.0066,0.6132,26922,Mississippi State,MS,1,0
Northeast Mississippi Community College,https://www.nemcc.edu/,NA,NA,NA,9722,2640,0.5777,0.7239,0.2038,0.0398,0.0027,0.0023,8e-4,0.0269,0,0,NA,14779,Booneville,MS,1,0
Northwest Mississippi Community College,www.northwestms.edu/,NA,NA,NA,6500,5181,0.3256,0.5057,0.3847,0.0654,0.0112,8e-4,8e-4,0.0197,0,0.0118,NA,13156,Senatobia,MS,1,0
Pearl River Community College,www.prcc.edu/,NA,NA,NA,9750,4725,0.4747,0.6013,0.3327,0.0047,0.0061,0.0034,0,0,0,0.0519,NA,11607,Poplarville,MS,1,0
Rust College,www.rustcollege.edu/,NA,0.3469,NA,26159,428,0.6876,0.0023,0.9276,0.0047,0.0047,0.0047,0,0,0.0421,0.014,0.2468,18448,Holly Springs,MS,0,0
Southeastern Baptist College,https://www.southeasternbaptist.edu/,NA,NA,NA,NA,65,0.7054,0.6,0.3385,0.0308,0,0.0308,0,0,0,0,NA,10775,Laurel,MS,0,0
Southwest Mississippi Community College,https://www.smcc.edu/,NA,NA,NA,NA,1497,0.5525,0.485,0.4456,0.0194,0.0067,0.0013,0.0013,0.0167,7e-4,0.0234,NA,10933,Summit,MS,1,0
University of Southern Mississippi,https://www.usm.edu/,1120,0.9938,NA,22500,9899,0.4659,0.5726,0.2829,0.0471,0.0147,0.0041,7e-4,0.0409,0.0297,0.0073,0.5331,25482,Hattiesburg,MS,1,1
Tougaloo College,www.tougaloo.edu/,NA,0.5319,NA,30046,681,0.618,0.0044,0.8987,0.0191,0.0015,0.0029,0,0.0162,0.0015,0.0558,0.3506,22570,Tougaloo,MS,0,1
Vaughn Beauty College,vaughnbeauty.com/,NA,NA,NA,NA,60,0.4535,0.6333,0.35,0,0.0167,0,0,0,0,0,NA,NA,Aberdeen,MS,0,0
Wesley Biblical Seminary,https://www.wbs.edu/,NA,NA,NA,NA,27,NA,0.5185,0.2222,0.1481,0,0,0,0,0,0.1111,NA,NA,Ridgeland,MS,0,1
William Carey University,https://www.wmcarey.edu/,1120,0.5797,NA,20832,1818,0.2458,0.5974,0.28,0.0242,0.0094,0.0044,0,6e-4,0.0583,0.0259,0.607,30846,Hattiesburg,MS,0,1
Avila University,https://www.avila.edu/,942,0.5954,NA,25000,1192,0.4908,0.4329,0.281,0.1846,0.026,0.0109,0.0042,0.0201,0.021,0.0193,0.396,32863,Kansas City,MO,0,1
Mission University,www.mission.edu/,NA,NA,NA,26168,342,0.4891,0.8099,0.0673,0.0614,0.0088,0.0263,0,0.0263,0,0,0.3068,29288,Springfield,MO,0,1
House of Heavilin Beauty College-Blue Springs,kc-hair.com/,NA,NA,NA,7917,120,0.4348,0.4917,0.375,0.0917,0.025,0,0,0.0167,0,0,NA,NA,Blue Springs,MO,0,1
Cox College,https://coxcollege.edu/,NA,0.7143,NA,20000,634,0.3491,0.8297,0.0158,0.0552,0.0126,0.0079,0,0.0363,0,0.0426,0,NA,Springfield,MO,0,1
Calvary University,www.calvary.edu/,1008,0.7091,NA,20839,170,0.3584,0.7647,0.0529,0.1118,0.0176,0,0.0059,0.0353,0.0059,0.0059,0.3704,20044,Kansas City,MO,0,1
Cape Girardeau Career and Technology Center,www.capectc.org/,NA,NA,NA,8750,212,0.3777,0.7877,0.1557,0.0142,0.0047,0.0047,0,0.033,0,0,NA,NA,Cape Girardeau,MO,1,1
Central Christian College of the Bible,https://www.cccb.edu/,NA,NA,NA,17500,145,0.5316,0.6483,0.1379,0.0552,0.0276,0,0,0.0207,0,0.1103,0.5152,22288,Moberly,MO,0,0
Central Methodist University-College of Liberal Arts and Sciences,www.centralmethodist.edu/,1090,0.879,NA,17619,1015,0.3698,0.6384,0.1163,0.0837,0.0089,0.0049,0,0.0512,0.0808,0.0158,0.5018,43890,Fayette,MO,0,0
University of Central Missouri,https://www.ucmo.edu/,1090,0.6861,NA,21000,5653,0.2565,0.7569,0.0869,0.069,0.0119,0.0042,0.0012,0.0474,0.0175,0.005,0.532,22086,Warrensburg,MO,1,0
Grand River Technical School,www.grts.org/,NA,1,NA,NA,39,0.3766,0.9487,0,0.0256,0,0,0,0.0256,0,0,NA,NA,Chillicothe,MO,1,0
Cleveland University-Kansas City,www.cleveland.edu/,NA,0.8,NA,12500,79,0.5667,0.481,0.0253,0.1139,0.0127,0,0,0.3418,0,0.0253,0.6667,39040,Overland Park,KS,0,1
Columbia College,https://www.ccis.edu/,NA,NA,NA,23879,5359,0.4412,0.5288,0.2131,0.1161,0.0203,0.0043,0.0058,0.064,0.0308,0.0168,0.2814,37136,Columbia,MO,0,1
Conception Seminary College,www.conception.edu/,1250,1,28,NA,32,0.1154,0.5313,0.0938,0.3438,0.0313,0,0,0,0,0,0.3684,41161,Conception,MO,0,0
Cottey College,https://www.cottey.edu/,1190,0.6631,NA,19043,266,0.4534,0.7293,0.0677,0.1053,0.015,0.0226,0.0038,0.015,0.0414,0,0.7391,36726,Nevada,MO,0,0
Crowder College,www.crowder.edu/,NA,NA,NA,9000,2622,0.3463,0.7002,0.0172,0.1522,0.016,0.0183,0.0076,0.0534,0.0153,0.0198,NA,11561,Neosho,MO,1,0
Culver-Stockton College,https://www.culver.edu/,1020,0.98,NA,26000,884,0.3578,0.6799,0.155,0.069,0.0068,0.0124,0.0057,0.0396,0.0317,0,0.4923,43028,Canton,MO,0,0
Drury University,www.drury.edu/,1212,0.5887,35,20979,1367,0.272,0.73740000000000006,0.0315,0.03,0.0205,0.0139,0.0015,0.0351,0.0797,0.0505,0.6064,47091,Springfield,MO,0,1
East Central College,www.eastcentral.edu/,NA,NA,NA,9500,1719,0.3306,0.879,0.0111,0.0413,0.0058,0.0047,0.0017,0.0396,0.014,0.0029,NA,18191,Union,MO,1,0
Pinnacle Career Institute,pcitraining.edu/,NA,NA,NA,11605,488,0.688,0.5143,0.2152,0.1619,0.0082,0.0369,0.002,0.0512,0,0.0102,NA,NA,Kansas City,MO,0,1
Evangel University,www.evangel.edu/,NA,0.693,NA,24736,1205,0.3612,0.7502,0.0481,0.0523,0.0183,0.0124,0,0.0573,0.0349,0.0266,0.5762,38931,Springfield,MO,0,1
Fontbonne University,https://www.fontbonne.edu/,NA,0.9503,NA,25000,632,0.4795,0.606,0.2769,0.0142,0.0206,0.0063,0.0016,0.0522,0.0063,0.0158,0.618,42982,Saint Louis,MO,0,1
Four Rivers Career Center,frcc.washington.k12.mo.us/,NA,NA,NA,10623,24,0.6207,0.9167,0,0,0,0,0,0.0833,0,0,NA,27525,Washington,MO,1,0
Ozarks Technical Community College,www.otc.edu/,NA,NA,NA,10453,8194,0.3711,0.7966,0.0314,0.0779,0.0165,0.0057,0.0026,0.0607,0,0.0088,NA,12540,Springfield,MO,1,1
Hannibal-LaGrange University,www.hlg.edu/,1020,0.5874,NA,18599,381,0.2935,0.6824,0.1024,0.0709,0.0105,0,0,0.0236,0.0341,0.0761,0.3611,39296,Hannibal,MO,0,0
Harris-Stowe State University,https://www.hssu.edu/,NA,NA,NA,25930,1086,0.7288,0.0258,0.826,0.0193,0.0018,0,9e-4,0.0405,0.0479,0.0378,0.2151,19616,Saint Louis,MO,1,1
House of Heavilin Beauty College-Kansas City,kc-hair.com/,NA,NA,NA,13102,60,0.8091,0.1,0.8667,0,0,0,0,0.0333,0,0,NA,NA,Kansas City,MO,0,1
Summit Salon Academy Kansas City,www.summitsalonacademykc.com/,NA,NA,NA,11938,108,0.5892,0.5185,0.2593,0.1389,0,0,0,0.0648,0,0.0185,NA,NA,Independence,MO,0,1
Jefferson College,https://www.jeffco.edu/,NA,NA,NA,9285,2514,0.2951,0.8823,0.0255,0.0346,0.0167,0.004,0.0012,0.0298,0.006,0,NA,12965,Hillsboro,MO,1,0
Paul Mitchell the School-Missouri Columbia,missouricolumbia.paulmitchell.edu/,NA,NA,NA,9500,149,0.5419,0.7651,0.1275,0.0336,0.0134,0.0067,0,0.0537,0,0,NA,NA,Columbia,MO,0,1
Barnes-Jewish College Goldfarb School of Nursing,https://www.barnesjewishcollege.edu/,NA,NA,NA,16750,426,0.2458,0.6502,0.2019,0.0023,0.0376,0.0047,0,0.0423,0.0117,0.0493,NA,NA,Saint Louis,MO,0,1
Kansas City Art Institute,www.kcai.edu/,NA,0.6035,NA,27000,782,0.4173,0.6164,0.0806,0.1471,0.0358,0.0038,0,0.0831,0.0128,0.0205,0.6207,57779,Kansas City,MO,0,1
Lex La-Ray Technical Center,www.lexlaray.com/,NA,0.75,NA,NA,22,0.6,0.8182,0.1818,0,0,0,0,0,0,0,NA,NA,Lexington,MO,1,0
Lincoln University,https://www.lincolnu.edu/,NA,NA,NA,28875,1357,0.463,0.2837,0.5321,0.0361,0.0066,0.0037,7e-4,0.0413,0.0685,0.0273,0.2799,21265,Jefferson City,MO,1,1
Lindenwood University,https://www.lindenwood.edu/,1120,0.6586,31,26000,4748,0.2889,0.6365,0.135,0.0459,0.0177,0.0038,0.0061,0.0505,0.0701,0.0343,0.5378,33442,Saint Charles,MO,0,1
State Technical College of Missouri,https://www.statetechmo.edu/,NA,NA,NA,10986,2023,0.2987,0.9244,0.0133,0.0054,0.0049,0.0158,5e-4,0.0163,0,0.0193,NA,17385,Linn,MO,1,0
Logan University,https://www.logan.edu/,998,0.9,NA,10250,258,0.4,0.655,0.1512,0.0349,0.0465,0.0078,0.0078,0.0504,0,0.0465,NA,24276,Chesterfield,MO,0,1
Metropolitan Community College-Kansas City,www.mcckc.edu/,NA,NA,NA,10073,10412,0.304,0.5558,0.1626,0.15,0.0288,0.002,0.0029,0.0663,0.0083,0.0233,NA,14162,Kansas City,MO,1,1
Maryville University of Saint Louis,https://www.maryville.edu/,NA,0.9369,NA,22000,5988,0.3555,0.6475,0.1281,0.0877,0.0336,0.0042,0,0.0379,0.0276,0.0336,0.7402,45093,Saint Louis,MO,0,1
Missouri College of Cosmetology and Esthetics,merrelluniversity.edu/,NA,NA,NA,7671,88,0.5581,0.8182,0.1136,0.0114,0,0,0,0.0227,0,0.0341,NA,NA,Jefferson City,MO,0,1
Midwest Institute,midwestinstitute.com/,NA,0.7778,NA,9500,151,0.4167,0.5762,0.3179,0.0331,0,0,0,0.0132,0,0.0596,NA,NA,Earth City,MO,0,1
Midwestern Baptist Theological Seminary,https://www.mbts.edu/,NA,0.9433,NA,15675,791,0.3092,0.756,0.0392,0.0746,0.0329,0.0076,0.0038,0.024,0.0152,0.0468,0.3636,31765,Kansas City,MO,0,1
Mineral Area College,https://mineralarea.edu/,NA,NA,NA,10500,1530,0.308,0.8471,0.0275,0.0314,0.0052,0.0033,0,0.0229,0.0412,0.0216,NA,17328,Park Hills,MO,1,0
Missouri Baptist University,www.mobap.edu/,983,0.641,NA,22500,1452,0.1271,0.7328,0.1391,0.0041,0.011,0.0083,7e-4,0.0289,0.0441,0.031,0.4229,47370,Saint Louis,MO,0,1
Missouri Southern State University,www.mssu.edu/,1090,0.9744,27,19174,3101,0.3497,0.6933,0.0651,0.0932,0.0281,0.0445,0.0058,0.0148,0.0326,0.0226,0.3759,19194,Joplin,MO,1,1
Missouri Valley College,https://www.moval.edu/,1018,0.5269,NA,25950,1274,0.2991,0.3603,0.1484,0.1075,0.0063,0.0031,0.0157,0.0392,0.2991,0.0204,0.2477,37001,Marshall,MO,0,0
Missouri Western State University,https://www.missouriwestern.edu/,NA,NA,NA,19968,2372,0.2817,0.675,0.1395,0.0169,0.0177,0.0118,0.0021,0.0805,0.0126,0.0438,0.394,20282,Saint Joseph,MO,1,1
University of Missouri-Columbia,https://missouri.edu/,1247,0.7702,NA,20500,23118,0.201,0.7973,0.0508,0.0574,0.0278,0.0014,0.001,0.0439,0.0104,0.01,0.7331,28948,Columbia,MO,1,1
University of Missouri-Kansas City,https://www.umkc.edu/,1230,0.7499,NA,18750,6618,0.2498,0.4799,0.1369,0.1618,0.1082,0.0038,0.0012,0.0532,0.0429,0.0121,0.5639,24645,Kansas City,MO,1,1
Missouri University of Science and Technology,https://www.mst.edu/,1287,0.7307,37,23250,5467,0.2075,0.7483,0.032,0.0556,0.0441,0.0038,2e-4,0.028,0.0256,0.0624,0.6521,25653,Rolla,MO,1,0
University of Missouri-St Louis,https://www.umsl.edu/,1147,0.5716,NA,20000,5108,0.1785,0.6085,0.1854,0.0409,0.0501,0.0031,8e-4,0.0401,0.0166,0.0544,0.6028,27442,Saint Louis,MO,1,1
Moberly Area Community College,www.macc.edu/,NA,NA,NA,10658,2928,0.2187,0.7367,0.1093,0.0584,0.0195,0.0027,0.0014,0.0458,0.0034,0.0229,NA,13379,Moberly,MO,1,0
Neosho Beauty College,neoshobeautycollege.com/,NA,NA,NA,9500,62,0.5698,0.871,0.0323,0.0806,0.0161,0,0,0,0,0,NA,NA,Neosho,MO,0,0
Truman State University,https://www.truman.edu/,1249,0.7996,NA,21000,2666,0.153,0.7881,0.0203,0.0345,0.0206,0.0019,8e-4,0.0311,0.0923,0.0105,0.7253,23420,Kirksville,MO,1,0
Northwest Missouri State University,https://www.nwmissouri.edu/,1090,0.8591,NA,21500,4550,0.2732,0.8154,0.0426,0.0521,0.0051,0.0046,0.0011,0.0341,0.0251,0.02,0.5186,22906,Maryville,MO,1,0
Ozark Christian College,www.occ.edu/,NA,0.9819,NA,16772,612,0.3849,0.8317,0.0163,0.0556,0.0131,0.0196,0.0016,0.0392,0.0131,0.0098,0.6015,25475,Joplin,MO,0,1
College of the Ozarks,www.cofo.edu/,1125,0.1487,NA,NA,1415,0.4364,0.8678,0.0141,0.0473,0.012,0.0071,0,0.0269,0.0155,0.0092,0.6308,32262,Point Lookout,MO,0,0
Park University,www.park.edu/,NA,NA,NA,21685,5250,0.3863,0.4141,0.179,0.2339,0.029,0.0046,0.0091,0.0741,0.0392,0.017,0.259,23714,Parkville,MO,0,1
Stevens-The Institute of Business & Arts,www.siba.edu/,NA,0.7143,NA,27000,95,0.7614,0.3368,0.6105,0.0211,0.0211,0,0,0,0.0105,0,1,27565,Saint Louis,MO,0,1
Poplar Bluff Technical Career Center,www.poplarbluffschools.net/,NA,NA,NA,NA,14,0.7714,0.8571,0.0714,0.0714,0,0,0,0,0,0,NA,NA,Poplar Bluff,MO,1,0
Ranken Technical College,www.ranken.edu/,NA,NA,NA,12000,1695,0.4171,0.636,0.2077,0.0407,0.0183,0.0077,0.0018,0.0236,6e-4,0.0637,0.7273,28229,Saint Louis,MO,0,1
Research College of Nursing,researchcollege.edu/,NA,NA,NA,13930,249,0.1762,0.6867,0.1245,0.0321,0.0442,0,0,0.0281,0,0.0843,NA,NA,Kansas City,MO,0,1
Rockhurst University,https://www.rockhurst.edu/,1218,0.6905,NA,18250,1702,0.1933,0.6157,0.0905,0.1698,0.0358,0.0041,0.0012,0.0388,0.03,0.0141,0.7421,57712,Kansas City,MO,0,1
Saint Louis University,www.slu.edu/,1326,0.8147,NA,25000,7324,0.1537,0.5666,0.0953,0.0875,0.1427,0.001,5e-4,0.055,0.044,0.0074,0.8033,69125,Saint Louis,MO,0,1
Salem College of Hairstyling,www.centralandsalemcolleges.com/,NA,NA,NA,NA,32,0.5192,0.9063,0.0625,0.0313,0,0,0,0,0,0,NA,NA,Rolla,MO,0,0
University of Health Sciences and Pharmacy in St. Louis,www.uhsp.edu/,1150,0.7513,NA,17755,274,0.2879,0.6277,0.135,0.0146,0.0949,0.0036,0.0073,0.0219,0.0511,0.0438,0.7713,53608,Saint Louis,MO,0,1
Saint Louis Community College,https://www.stlcc.edu/,NA,NA,NA,6725,11174,0.2943,0.4794,0.3382,0.0566,0.0429,0.0027,0.001,0.0525,0.015,0.0117,NA,12053,Bridgeton,MO,1,1
Southwest Baptist University,www.sbuniv.edu/,1084,0.9972,NA,20957,1339,0.3513,0.7595,0.065,0.0358,0.0134,0.0052,0,0.0336,0.0224,0.065,0.5059,38035,Bolivar,MO,0,0
Missouri State University-West Plains,wp.missouristate.edu/,NA,NA,NA,10000,860,0.2652,0.8698,0.0326,0.0314,0.0058,0.0093,0,0.0302,0.007,0.014,NA,15761,West Plains,MO,1,0
St Louis College of Health Careers-St Louis,www.slchc.edu/,NA,NA,NA,11750,108,0.7958,0.037,0.9167,0.0185,0,0.0185,0,0.0093,0,0,NA,NA,Saint Louis,MO,0,1
State Fair Community College,https://www.sfccmo.edu/,NA,NA,NA,10500,2475,0.3335,0.7733,0.044,0.1034,0.0089,0.0053,0.0044,0.0505,0.0089,0.0012,NA,13483,Sedalia,MO,1,0
Stephens College,https://www.stephens.edu/,1104,0.9155,NA,27000,353,0.4171,0.5666,0.1048,0.0085,0.0113,0.0057,0,0.0822,0.0142,0.2068,0.5344,42694,Columbia,MO,0,1
Southeast Missouri State University,https://www.semo.edu/,1018,0.785,NA,21500,6588,0.2942,0.75,0.0845,0.0319,0.0085,0.002,3e-4,0.034,0.0477,0.0411,0.5579,23337,Cape Girardeau,MO,1,1
Missouri State University-Springfield,www.missouristate.edu/,1119,0.9105,NA,21992,13407,0.2134,0.7902,0.0351,0.0535,0.0195,0.0038,0.0013,0.0403,0.0294,0.0269,0.6073,24022,Springfield,MO,1,1
Three Rivers College,https://trcc.edu/,NA,NA,NA,10000,1909,0.4691,0.7517,0.1137,0.0367,0.0052,0.0031,0.0021,0,0.0042,0.0833,NA,17482,Poplar Bluff,MO,1,0
North Central Missouri College,www.ncmissouri.edu/,NA,NA,NA,10500,1198,0.3358,0.8689,0.0367,0.0067,0.0075,0.0017,8e-4,0.0401,0.0159,0.0217,NA,17119,Trenton,MO,1,0
Washington University in St Louis,https://wustl.edu/,1530,0.1196,42,17500,7897,0.1589,0.4147,0.0891,0.1256,0.2115,0.001,6e-4,0.0629,0.0821,0.0124,0.9348,83476,Saint Louis,MO,0,1
Webster University,www.webster.edu/,1145,0.5799,NA,23000,2180,0.2804,0.6106,0.1468,0.0642,0.028,0.0014,0.0014,0.0495,0.0706,0.0275,0.5777,49218,Saint Louis,MO,0,1
Westminster College,www.wcmo.edu/,1083,0.7758,NA,27000,592,0.3967,0.8007,0.0659,0.0507,0.0051,0.0051,0.0017,0.0422,0.022,0.0068,0.5356,49646,Fulton,MO,0,0
William Jewell College,https://www.jewell.edu/,1114,0.3429,NA,24498,868,0.2791,0.6221,0.0887,0.1175,0.0138,0.0115,0.0035,0.068,0.0472,0.0276,0.6531,34291,Liberty,MO,0,1
William Woods University,https://www.williamwoods.edu/,NA,0.7449,NA,21983,1061,0.3034,0.5919,0.1169,0.0829,0.0132,0.0094,0.0028,0.0415,0.032,0.1093,0.5526,44907,Fulton,MO,0,0
Academy of Cosmetology Inc,www.academycosmetology.com/,NA,NA,NA,NA,35,0.3696,0.9143,0.0286,0.0286,0,0,0,0.0286,0,0,NA,NA,Bozeman,MT,0,1
Blackfeet Community College,bfcc.edu/,NA,NA,NA,NA,240,0.7982,0.0667,0,0.0042,0,0.9292,0,0,0,0,NA,12168,Browning,MT,0,0
Butte Academy of Beauty Culture,butteacademyofbeauty.ipage.com/,NA,NA,NA,NA,13,0.3778,1,0,0,0,0,0,0,0,0,NA,NA,Butte,MT,0,0
Highlands College of Montana Tech,https://www.mtech.edu/,NA,NA,NA,18750,343,0.1557,0.793,0.0029,0.0496,0.0175,0.0292,0,0.0554,0,0.0525,NA,16138,Butte,MT,1,0
Crevier's Academy of Cosmetology Arts,www.crevierschool.com/,NA,NA,NA,NA,62,0.211,0.8387,0,0.0484,0,0.0968,0,0.0161,0,0,NA,NA,Kalispell,MT,0,0
Carroll College,www.carroll.edu/,1170,0.7264,32,25757,1052,0.1804,0.7842,0.0057,0.0751,0.0105,0.0048,0.0019,0.0599,0,0.058,0.677,54141,Helena,MT,0,1
Dawson Community College,www.dawson.edu/,NA,NA,NA,9450,226,0.2684,0.6504,0.0398,0.0708,0.0044,0.0708,0.0044,0.0442,0.1018,0.0133,NA,15311,Glendive,MT,1,0
Chief Dull Knife College,cdkc.edu/,NA,NA,NA,NA,226,0.3077,0.0531,0,0,0,0.9469,0,0,0,0,NA,12809,Lame Deer,MT,1,0
Montana State University Billings,www.msubillings.edu/,NA,NA,NA,18209,2710,0.2647,0.755,0.0074,0.0782,0.0107,0.0524,0.0011,0.059,0.0244,0.0118,0.2762,18473,Billings,MT,1,1
Flathead Valley Community College,www.fvcc.edu/,NA,NA,NA,10500,1169,0.1647,0.7844,0.006,0.0445,0.0163,0.0265,9e-4,0.0402,0.0163,0.065,NA,14949,Kalispell,MT,1,0
Aaniiih Nakoda College,www.ancollege.edu/,NA,NA,NA,NA,108,0.5346,0.0648,0,0,0,0.9352,0,0,0,0,NA,16133,Harlem,MT,1,0
Fort Peck Community College,www.fpcc.edu/,NA,NA,NA,NA,426,0.208,0.1385,0.007,0.007,0.007,0.838,0,0,0,0.0023,NA,11078,Poplar,MT,1,0
Great Falls College Montana State University,https://www.gfcmsu.edu/,NA,NA,NA,NA,828,0.3003,0.7536,0.006,0.0592,0.0133,0.058,0.0024,0.1014,0,0.006,NA,14341,Great Falls,MT,1,1
University of Providence,www.uprovidence.edu/,985,0.642,NA,18750,527,0.3103,0.7438,0.0493,0.038,0.0398,0.0285,0.0228,0,0.0569,0.0209,0.5521,43054,Great Falls,MT,0,1
Helena College University of Montana,https://www.helenacollege.edu/,NA,NA,NA,14580,641,0.1856,0.7691,0.0078,0.0546,0.0062,0.0203,0,0.0733,0,0.0686,NA,17493,Helena,MT,1,1
Little Big Horn College,www.lbhc.edu/,NA,NA,NA,NA,339,0.3597,0.0147,0,0.0029,0,0.9794,0,0.0029,0,0,NA,11402,Crow Agency,MT,1,0
Miles Community College,www.milescc.edu/,NA,NA,NA,11500,353,0.2367,0.7592,0.0227,0.034,0.0028,0.0283,0.0227,0.0368,0.0227,0.0708,NA,15399,Miles City,MT,1,0
Montana Technological University,https://www.mtech.edu/,1126,0.899,29,18750,1428,0.2136,0.8151,0.0126,0.0476,0.0126,0.0161,0,0.0294,0.014,0.0525,0.5909,21620,Butte,MT,1,0
Montana State University,https://www.montana.edu/,1154,0.8683,NA,22500,14472,0.1673,0.8427,0.0044,0.0576,0.0104,0.0144,7e-4,0.0554,0.0077,0.0067,0.563,23779,Bozeman,MT,1,1
The University of Montana,www.umt.edu/,1190,0.956,28,22400,7079,0.2751,0.7046,0.0072,0.0612,0.013,0.0342,6e-4,0.1468,0.0076,0.0249,0.5062,23744,Missoula,MT,1,1
Montana State University-Northern,www.msun.edu/,NA,NA,NA,18500,787,0.297,0.6861,0.0191,0.0534,0.0025,0.197,0,0.0343,0,0.0076,0.3875,17363,Havre,MT,1,0
Rocky Mountain College,https://www.rocky.edu/,1093,0.7288,28,26000,790,0.3172,0.719,0.0481,0.0747,0.0025,0.0266,0.0025,0.0684,0.057,0.0013,0.5272,44180,Billings,MT,0,1
Salish Kootenai College,www.skc.edu/,NA,NA,NA,12923,568,0.5804,0.2623,0.0018,0.0739,0.0018,0.6391,0.0106,0.0018,0,0.0088,0.4667,14562,Pablo,MT,1,0
The University of Montana-Western,umwestern.edu/,NA,0.995,NA,21000,1271,0.3539,0.8096,0.0094,0.0448,0.0055,0.059,0.0071,0.0511,0,0.0134,0.405,19414,Dillon,MT,1,0
Bellevue University,www.bellevue.edu/,NA,NA,NA,20000,10426,0.2891,0.4998,0.1635,0.152,0.033,0.0073,0.0032,0.0333,3e-4,0.1076,0.2642,33315,Bellevue,NE,0,1
Clarkson College,www.clarksoncollege.edu/,NA,0.6429,NA,23716,611,0.3043,0.6514,0.0851,0.0507,0.0393,0.0016,0.0033,0.1571,0,0.0115,0.68,23962,Omaha,NE,0,1
Bryan College of Health Sciences,https://www.bryanhealthcollege.edu/bcohs/,NA,0.6291,NA,24985,534,0.2124,0.8371,0.015,0.0824,0.0187,0,0,0.0262,0,0.0206,0.6977,28837,Lincoln,NE,0,1
Central Community College,https://www.cccneb.edu/,NA,NA,NA,7992,3206,0.1902,0.6173,0.0371,0.3175,0.0106,0.0119,0.0037,0.0019,0,0,NA,13504,Grand Island,NE,1,1
Chadron State College,www.csc.edu/,NA,NA,NA,18875,1634,0.3587,0.7632,0.0379,0.1175,0.0049,0.0153,0.0018,0.0416,0.0122,0.0055,0.4019,20672,Chadron,NE,1,0
College of Hair Design-Downtown,collegeofhairdesign.com/,NA,NA,NA,12000,72,0.5534,0.2083,0.1806,0.3611,0.0556,0.0139,0,0.125,0,0.0556,NA,NA,Lincoln,NE,0,1
Concordia University-Nebraska,www.cune.edu/,1148,0.9004,NA,25750,1270,0.1136,0.7276,0.0197,0.0543,0.0047,0.0031,0,0.0299,0.0575,0.1031,0.5937,51179,Seward,NE,0,0
Creighton University,https://www.creighton.edu/,1296,0.7231,36,25000,4231,0.0524,0.6883,0.0253,0.1004,0.0848,0.0024,0.0017,0.0671,0.0201,0.0099,0.7887,61046,Omaha,NE,0,1
Doane University,www.doane.edu/,NA,0.8953,NA,25000,981,0.2801,0.6799,0.0418,0.1019,0.0102,0.0061,0.0031,0.0347,0.0428,0.0795,0.5909,55510,Crete,NE,0,0
Hastings College,www.hastings.edu/,NA,0.6987,NA,27000,957,0.2894,0.6437,0.0564,0.1181,0.0136,0.0146,0,0.0178,0.0627,0.0731,0.4949,49051,Hastings,NE,0,0
CHI Health School of Radiologic Technology,www.chihealth.com/school-of-radiologic-technology,NA,NA,NA,NA,25,0.125,0.68,0,0.24,0.04,0,0,0.04,0,0,NA,NA,Omaha,NE,0,1
Joseph's College Cosmetology,josephscollege.edu/,NA,NA,NA,12000,98,0.6159,0.7449,0.0102,0.1633,0.0102,0,0,0.0612,0,0.0102,NA,NA,Lincoln,NE,0,1
University of Nebraska at Kearney,www.unk.edu/,1089,0.8579,NA,19500,4130,0.3354,0.7332,0.0274,0.1521,0.0077,0.0019,0.0022,0.0262,0.0448,0.0046,0.5841,24452,Kearney,NE,1,0
Nebraska Methodist College of Nursing & Allied Health,www.methodistcollege.edu/,NA,0.8829,NA,23417,752,0.323,0.742,0.0652,0.0944,0.0332,0.0066,0.004,0.0173,0,0.0372,0.7273,30659,Omaha,NE,0,1
Metropolitan Community College Area,https://www.mccneb.edu/,NA,NA,NA,8217,7629,0.1993,0.4719,0.1157,0.1909,0.0312,0.0045,0.0017,0.0519,0.0126,0.1197,NA,9684,Omaha,NE,1,1
Mid-Plains Community College,www.mpcc.edu/,NA,NA,NA,9995,923,0.1771,0.7324,0.0303,0.1073,0.0065,0.0076,0.0011,0.0347,0.0715,0.0087,NA,12030,North Platte,NE,1,0
Midland University,https://www.midlandu.edu/,1043,0.6692,NA,26134,1191,0.2806,0.5701,0.0756,0.1612,0.0168,0,0,0.0218,0.0798,0.0747,0.4531,52386,Fremont,NE,0,0
University of Nebraska at Omaha,https://www.unomaha.edu/,1120,0.869,28,19000,11573,0.331,0.606,0.0766,0.1721,0.0535,0.0034,0.001,0.0499,0.031,0.0065,0.5583,20446,Omaha,NE,1,1
Nebraska Indian Community College,www.thenicc.edu/,NA,NA,NA,NA,330,0.2954,0.0909,0,0.0212,0.0061,0.8818,0,0,0,0,NA,29812,Macy,NE,1,0
University of Nebraska Medical Center,www.unmc.edu/,NA,NA,NA,15000,861,0.2212,0.7747,0.0221,0.1231,0.029,0,0,0.0348,0.0128,0.0035,NA,NA,Omaha,NE,1,1
Nebraska Wesleyan University,https://www.nebrwesleyan.edu/,1209,0.8375,NA,26970,1514,0.296,0.7417,0.041,0.1077,0.0231,0.004,7e-4,0.0416,0.0251,0.0152,0.6629,53350,Lincoln,NE,0,1
University of Nebraska-Lincoln,www.unl.edu/,1191,0.7707,NA,21000,18887,0.2217,0.7608,0.0292,0.0909,0.0403,0.0022,7e-4,0.0367,0.0304,0.0088,0.6738,25341,Lincoln,NE,1,1
Northeast Community College,https://northeast.edu/,NA,NA,NA,11000,2464,0.1659,0.7293,0.0138,0.1631,0.0065,0.0101,4e-4,0.0231,0.0381,0.0154,NA,13845,Norfolk,NE,1,0
Peru State College,www.peru.edu/,NA,NA,NA,21875,1141,0.3376,0.7125,0.1183,0.0911,0.0061,0.0079,9e-4,0.0438,0.0149,0.0044,0.3952,20743,Peru,NE,1,0
Summit Christian College,https://www.summitcc.edu/,NA,0.1429,NA,NA,17,0.3636,0.9412,0,0.0588,0,0,0,0,0,0,1,26634,Gering,NE,0,0
College of Saint Mary,https://www.csm.edu/,1120,0.4395,NA,24250,455,0.3692,0.5692,0.0923,0.2264,0.022,0.0044,0.0044,0.0308,0.022,0.0286,0.5811,33989,Omaha,NE,0,1
Southeast Community College Area,www.southeast.edu/,NA,NA,NA,11000,6235,0.211,0.7068,0.0582,0.1301,0.035,0.0047,0.0019,0.0622,0,0.0011,NA,12319,Lincoln,NE,1,1
Union Adventist University,https://www.ucollege.edu/,NA,0.9989,NA,27000,439,0.2438,0.4829,0.0683,0.2551,0.0524,0.0023,0.0114,0.0342,0.0866,0.0068,0.5882,40586,Lincoln,NE,0,1
Nebraska College of Technical Agriculture,https://ncta.unl.edu/,NA,NA,NA,21000,228,0.3366,0.9123,0.0044,0.0614,0,0,0,0.0088,0.0044,0.0088,NA,19088,Curtis,NE,1,0
Wayne State College,https://www.wsc.edu/,NA,NA,NA,19000,3041,0.2658,0.777,0.0296,0.0993,0.0082,0.0072,3e-4,0.0283,0.047,0.003,0.5111,21310,Wayne,NE,1,0
Western Nebraska Community College,www.wncc.edu/,NA,NA,NA,9000,948,0.2476,0.5485,0.0295,0.2711,0.0137,0.0222,0.0011,0,0.0865,0.0274,NA,12550,Scottsbluff,NE,1,0
York University,www.york.edu/,988,0.4763,NA,21500,443,0.4374,0.5395,0.1084,0.1964,0.0023,0.0113,0.0023,0,0.1129,0.0271,0.3426,33136,York,NE,0,0
Academy of Hair Design-Las Vegas,www.ahdvegas.com/,NA,NA,NA,6333,213,0.5956,0.2676,0.1737,0.4366,0.0329,0.0094,0.0141,0.0563,0.0047,0.0047,NA,NA,Las Vegas,NV,0,1
College of Southern Nevada,www.csn.edu/,NA,NA,NA,8000,27790,0.2957,0.2471,0.1051,0.4117,0.0911,0.0039,0.01,0.0781,0.0056,0.0475,NA,13270,Las Vegas,NV,1,1
Las Vegas College,https://lvcollege.edu/,NA,NA,NA,8279,545,0.5016,0.1835,0.222,0.2642,0.1761,0.0037,0.0312,0.0349,0,0.0844,NA,33134,Las Vegas,NV,0,1
University of Nevada-Las Vegas,www.unlv.edu/,1091,0.9626,NA,19450,24131,0.4026,0.2252,0.091,0.3527,0.1578,0.0027,0.0077,0.1414,0.0169,0.0047,0.5253,19440,Las Vegas,NV,1,1
University of Nevada-Reno,www.unr.edu/,NA,0.8531,30,18922,15723,0.2409,0.5119,0.0326,0.2479,0.0805,0.0065,0.0043,0.0918,0.0085,0.016,0.6522,24702,Reno,NV,1,1
Great Basin College,www.gbcnv.edu/,NA,NA,NA,15750,1855,0.203,0.5817,0.0383,0.2539,0.0183,0.034,0.0086,0.0334,5e-4,0.0313,0.0408,12010,Elko,NV,1,0
Truckee Meadows Community College,www.tmcc.edu/,NA,NA,NA,11000,6752,0.149,0.4562,0.0224,0.3805,0.0547,0.013,0.0056,0.0511,0.0077,0.0089,NA,15874,Reno,NV,1,1
Western Nevada College,www.wnc.edu/,NA,NA,NA,10500,1967,0.1845,0.5165,0.0244,0.3122,0.0239,0.0234,0.0046,0.059,0,0.0361,NA,19595,Carson City,NV,1,1
Colby-Sawyer College,www.colby-sawyer.edu/,NA,0.8998,NA,27000,778,0.2298,0.7841,0.0424,0.0296,0.0103,0.0013,0,0.0116,0.0141,0.1067,0.6343,65807,New London,NH,0,0
Dartmouth College,www.dartmouth.edu/,1533,0.0623,NA,17500,4367,0.1483,0.4637,0.0623,0.0946,0.1399,0.0108,0,0.0705,0.1381,0.0202,0.9541,83802,Hanover,NH,0,0
Empire Beauty School-Laconia,www.empirebeautyschools.com/,NA,NA,NA,7942,82,0.2989,0.9512,0.0244,0.0122,0.0122,0,0,0,0,0,NA,NA,Laconia,NH,0,0
Empire Beauty School-Somersworth,www.empirebeautyschools.com/,NA,NA,NA,6333,168,0.2412,0.875,0.006,0.0476,0.0357,0.0119,0.006,0.0119,0,0.006,NA,NA,Somersworth,NH,0,1
Franklin Pierce University,https://www.franklinpierce.edu/,1030,0.9019,NA,27000,1055,0.2716,0.7024,0.0787,0.0976,0.0133,0.0047,9e-4,0.0265,0.0445,0.0313,0.4127,61955,Rindge,NH,0,0
Keene Beauty Academy,www.keenebeautyacademy.edu/,NA,NA,NA,9833,93,0.4776,0.4731,0,0,0,0,0,0,0,0.5269,NA,NA,Keene,NH,0,0
Magdalen College,www.magdalen.edu/,NA,0.4444,NA,NA,58,0.4576,1,0,0,0,0,0,0,0,0,0.5882,36856,Warner,NH,0,0
New England College,www.nec.edu/,NA,0.9574,NA,26000,980,0.419,0.5459,0.0908,0.1082,0.0194,0.0061,0.0031,0.0204,0.0337,0.1724,0.223,60896,Henniker,NH,0,0
Southern New Hampshire University,www.snhu.edu/,NA,0.9612,NA,21082,156755,0.469,0.5164,0.1806,0.1443,0.0216,0.0061,0.0038,0.0382,0.0054,0.0837,0.3794,37524,Manchester,NH,0,1
New Hampshire Institute for Therapeutic Arts,www.nhita.com/,NA,NA,NA,NA,24,0.2391,0.7083,0.0833,0.1667,0.0417,0,0,0,0,0,NA,NA,Nashua,NH,0,1
University of New Hampshire-Main Campus,www.unh.edu/,1229,0.8687,NA,26814,11230,0.1773,0.857,0.0075,0.0413,0.0263,4e-4,2e-4,0.0249,0.0107,0.0317,0.7837,34567,Durham,NH,1,0
Keene State College,www.keene.edu/,NA,0.8909,NA,25749,2680,0.2371,0.8478,0.0187,0.0493,0.0134,0.0034,4e-4,0.031,0.0022,0.034,0.6024,29524,Keene,NH,1,0
University of New Hampshire at Manchester,manchester.unh.edu/,1140,0.8733,NA,26814,486,0.32,0.6667,0.0453,0.0967,0.0617,0.0041,0,0.0391,0.0041,0.0823,0.6429,22605,Manchester,NH,1,1
Plymouth State University,www.plymouth.edu/,NA,0.9103,NA,26000,3298,0.2563,0.7878,0.0194,0.0528,0.0127,0.0024,0,0.0628,0.0161,0.0461,0.5421,29257,Plymouth,NH,1,0
NHTI-Concord's Community College,https://www.nhti.edu/,NA,NA,NA,14650,2186,0.2777,0.7228,0.0435,0.097,0.0284,0.0055,9e-4,0.0325,0,0.0695,NA,23210,Concord,NH,1,0
White Mountains Community College,www.wmcc.edu/,NA,NA,NA,11000,430,0.3556,0.7814,0.014,0.0558,0.0116,0.007,0,0.0326,0,0.0977,NA,20388,Berlin,NH,1,0
River Valley Community College,https://www.rivervalley.edu/,NA,NA,NA,16226,610,0.3237,0.8016,0.0279,0.0639,0.018,0.0049,0,0.0328,0,0.0508,NA,24442,Claremont,NH,1,0
Lakes Region Community College,www.lrcc.edu/,NA,NA,NA,18525,493,0.2822,0.7992,0.0081,0.0649,0.0101,0.0061,0,0.0223,0,0.0892,NA,22877,Laconia,NH,1,0
Manchester Community College,www.mccnh.edu/,NA,NA,NA,15060,1610,0.253,0.664,0.0559,0.1348,0.0435,0.0068,6e-4,0.0354,0,0.059,NA,17069,Manchester,NH,1,1
Nashua Community College,nashuacc.edu/,NA,NA,NA,11000,1039,0.2514,0.5929,0.0577,0.232,0.0395,0.0029,0.0029,0.0308,0,0.0414,NA,18752,Nashua,NH,1,1
Great Bay Community College,https://www.greatbay.edu/,NA,NA,NA,13828,1262,0.2636,0.7544,0.0246,0.08,0.0444,0.0055,0.0032,0.0317,0,0.0563,NA,22016,Portsmouth,NH,1,1
Paul Mitchell the School-Portsmouth,paulmitchell.edu/portsmouth,NA,NA,NA,9833,61,0.2427,0.9672,0,0.0164,0,0,0,0.0164,0,0,NA,NA,Portsmouth,NH,0,1
Rivier University,www.rivier.edu/,NA,0.8176,NA,26956,1312,0.2731,0.7172,0.1113,0.045,0.0404,0.0061,0.0053,0.0297,0,0.045,0.6145,50999,Nashua,NH,0,1
Saint Anselm College,https://www.anselm.edu/,1183,0.7832,NA,27000,2032,0.1052,0.8706,0.0148,0.0453,0.0074,0.0015,5e-4,0.0261,0.0069,0.0271,0.7746,65067,Manchester,NH,0,1
St Joseph School of Nursing,www.sjson.edu/,NA,NA,NA,16550,89,0.1185,0.5955,0.2697,0.0674,0.0225,0,0,0.0449,0,0,NA,NA,Nashua,NH,0,1
University of New Hampshire College of Professional Studies Online,https://cps.unh.edu/online,NA,NA,NA,26814,1019,0.3188,0.8312,0.0285,0.0667,0.0226,0.002,0.001,0.0216,0.0039,0.0226,0.1515,19236,Manchester,NH,1,1
Thomas More College of Liberal Arts,www.thomasmorecollege.edu/,NA,NA,NA,25000,95,0.5053,0.7368,0,0.0632,0.0211,0.0105,0,0.0421,0.0211,0.1053,0.9,38889,Merrimack,NH,0,1
Eastwick College-Hackensack,www.eastwickcollege.edu/,NA,NA,NA,13264,874,0.7633,0.4062,0.2712,0.2746,0.0183,0.0057,0.0137,0,0.0103,0,NA,38705,Hackensack,NJ,0,1
Assumption College for Sisters,www.acs350.org/,NA,NA,NA,NA,35,0,0.1714,0,0.0857,0.2286,0,0,0,0.5143,0,NA,NA,Denville,NJ,0,1
Atlantic Cape Community College,atlanticcape.edu/,NA,NA,NA,9500,3860,0.4981,0.414,0.1365,0.2909,0.0588,0.0023,0.0018,0.0409,0.0176,0.037,NA,15261,Mays Landing,NJ,1,0
Fortis Institute-Wayne,https://www.fortis.edu/,NA,NA,NA,9500,404,0.7259,0.1287,0.2203,0.5495,0.0347,0,0,0.0297,0,0.0371,NA,NA,Wayne,NJ,0,1
Bergen Community College,https://www.bergen.edu/,NA,NA,NA,12000,10597,0.3429,0.2675,0.0752,0.4301,0.0875,0.0016,0.0023,0.0167,0.0516,0.0675,NA,15317,Paramus,NJ,1,1
Berkeley College-Woodland Park,https://berkeleycollege.edu/,NA,NA,NA,23251,1798,0.5957,0.0706,0.1201,0.4116,0.0128,0.0011,6e-4,0.0083,0.0056,0.3693,0.4121,38702,Woodland Park,NJ,0,1
Beth Medrash Govoha,yeshivanotices.org/,NA,NA,NA,NA,3532,0.7274,0.9779,0,0.0017,0,0,0,0,0.0204,0,NA,NA,Lakewood,NJ,0,1
Bloomfield College,www.bloomfield.edu/,NA,0.6723,NA,26746,901,0.6892,0.0777,0.4839,0.3163,0.0355,0.0067,0.0011,0.0011,0.0344,0.0433,0.3972,44298,Bloomfield,NJ,0,1
Brookdale Community College,https://www.brookdalecc.edu/,NA,NA,NA,12000,7898,0.2339,0.5367,0.0858,0.2437,0.0377,0.0019,0.0016,0.0298,0.0258,0.0368,NA,15369,Lincroft,NJ,1,1
Rowan College at Burlington County,www.rcbc.edu/,NA,NA,NA,10500,6174,0.2862,0.5032,0.1921,0.1676,0.0515,0.0018,0.0016,0.0434,0.0165,0.0222,NA,11965,Mount Laurel,NJ,1,1
Caldwell University,www.caldwell.edu/,NA,0.654,NA,25000,1437,0.4592,0.2303,0.183,0.30620000000000003,0.0355,0,0,0.0111,0.167,0.0668,0.5964,53586,Caldwell,NJ,0,1
Camden County College,https://www.camdencc.edu/,NA,NA,NA,11851,6555,0.3906,0.3329,0.2043,0.2972,0.0471,0.005,0.0021,0.0325,0.0392,0.0397,NA,11538,Blackwood,NJ,1,1
Centenary University,www.centenaryuniversity.edu/,NA,0.9668,NA,23163,934,0.3772,0.6274,0.0771,0.1991,0.0171,0.0021,0,0,0.0011,0.076,0.6844,51351,Hackettstown,NJ,0,1
Adult and Continuing Education-BCTS,www.bergen.org/site/Default.aspx?PageID=4343,NA,NA,NA,3608,54,0.3538,0.4259,0.1667,0.3704,0.037,0,0,0,0,0,NA,NA,Hackensack,NJ,1,1
Lincoln Technical Institute-Iselin,www.lincolntech.edu/campus/edison-nj,NA,NA,NA,10521,586,0.6157,0.087,0.4727,0.3532,0.029,0.0034,0.0017,0.0256,0.0034,0.0239,NA,NA,Iselin,NJ,0,1
American Institute-Clifton,www.americaninstitute.edu/,NA,NA,NA,11979,735,0.8537,0.0667,0.2082,0.6571,0.0109,0.0041,0.0014,0.0286,0,0.0231,NA,NA,CLIFTON,NJ,0,1
County College of Morris,www.ccm.edu/,NA,NA,NA,9000,5315,0.2393,0.4453,0.0593,0.2967,0.0549,0.0028,9e-4,0.0286,0.0213,0.0901,NA,14629,Randolph,NJ,1,1
Rowan College of South Jersey-Cumberland Campus,https://rcsj.edu/,NA,NA,NA,12000,2077,0.3883,0.3519,0.1444,0.3938,0.0236,0.0029,5e-4,0.0438,0,0.039,NA,12920,Vineland,NJ,1,1
Drew University,www.drew.edu/,1247,0.6944,NA,25288,1510,0.2723,0.5914,0.1026,0.0503,0.0377,0.0046,0.0013,0.0338,0.1086,0.0695,0.7444,61378,Madison,NJ,0,1
Lincoln Technical Institute-South Plainfield,www.lincolntech.edu/campus/south-plainfield-nj,NA,NA,NA,11730,324,0.5472,0.3796,0.1914,0.3488,0.0123,0,0,0.0556,0,0.0123,NA,NA,South Plainfield,NJ,0,1
Essex County College,www.essex.edu/,NA,NA,NA,NA,5643,0.5087,0.0556,0.4533,0.2855,0.0268,0.0023,7e-4,0.0142,0.12,0.0416,NA,11821,Newark,NJ,1,1
Empire Beauty School-Union,www.empire.edu/,NA,NA,NA,13000,113,0.497,0.0177,0.4956,0.2655,0.0088,0,0,0,0,0.2124,NA,NA,Union,NJ,0,1
Fairleigh Dickinson University-Metropolitan Campus,https://www.fdu.edu/,NA,0.9591,NA,25000,2578,0.2151,0.2095,0.1125,0.3456,0.0516,0.0019,4e-4,0.019,0.1051,0.1544,0.5463,47791,Teaneck,NJ,0,1
Felician University,https://www.felician.edu/,1020,0.9401,NA,25000,1754,0.5155,0.2332,0.187,0.4208,0.0536,0.0023,0.0017,0.0251,0.0542,0.0222,0.5439,50346,Lodi,NJ,0,1
Fairleigh Dickinson University-Florham Campus,https://www.fdu.edu/,NA,0.9527,NA,25000,1958,0.3492,0.4959,0.1124,0.2671,0.0495,0.001,5e-4,0.0322,0.0046,0.0368,0.6286,52840,Madison,NJ,0,1
Hohokus School of Trade and Technical Sciences,www.hohokus.edu/,NA,NA,NA,7600,134,0.6507,0.194,0.1866,0.5821,0.0373,0,0,0,0,0,NA,NA,Paterson,NJ,0,1
Georgian Court University,https://georgian.edu/,NA,0.7052,NA,21816,1174,0.3025,0.546,0.0971,0.1593,0.0145,0.0051,0.0017,0.0358,0.0358,0.1048,0.5906,49198,Lakewood,NJ,0,1
Rowan University,https://www.rowan.edu/,1216,0.7782,NA,20500,14647,0.3129,0.6198,0.1108,0.1419,0.0604,0.001,7e-4,0.0395,0.0183,0.0076,0.708,34116,Glassboro,NJ,1,1
Rowan College of South Jersey-Gloucester Campus,rcsj.edu/,NA,NA,NA,12000,4424,0.2834,0.5762,0.1239,0.118,0.028,0.0016,0.002,0.0414,0.0088,0.1001,NA,14302,Sewell,NJ,1,1
Empire Beauty School-Cherry Hill,www.empire.edu/,NA,NA,NA,10667,125,0.574,0.104,0.44,0.208,0.032,0.008,0.016,0.048,0,0.144,NA,NA,Cherry Hill,NJ,0,1
Eastwick College-Ramsey,www.eastwickcollege.edu/,NA,NA,NA,16084,929,0.4478,0.282,0.2917,0.3251,0.0807,0.0054,0.0054,0,0.0097,0,1,33887,Ramsey,NJ,0,1
Holy Name Medical Center-Sister Claire Tynan School of Nursing,holyname.org/SchoolofNursing,NA,0.25,NA,20000,181,0.3351,0.2873,0.1271,0.2044,0.2265,0,0.011,0.1326,0,0.011,NA,24635,Englewood Cliffs,NJ,0,1
Hudson County Community College,www.hccc.edu/,NA,NA,NA,10500,6386,0.5616,0.0927,0.1328,0.5515,0.0683,0.0022,0.0019,0.0189,0.0269,0.1048,NA,13014,Jersey City,NJ,1,1
New Jersey City University,www.njcu.edu/,NA,0.8918,NA,18500,4076,0.5238,0.1597,0.2061,0.4779,0.0819,0.0037,0.0034,0.0263,0.0159,0.025,0.4244,23668,Jersey City,NJ,1,1
Kean University,https://www.kean.edu/,1150,0.7688,NA,23250,10842,0.4631,0.2524,0.2042,0.3691,0.0479,0.0013,0.0012,0.0198,0.0623,0.0419,0.506,24924,Union,NJ,1,1
Lincoln Technical Institute-Union,www.lincolntech.edu/campus/union-nj,NA,NA,NA,11730,1648,0.5385,0.1608,0.3343,0.4387,0.0261,0.0042,0.0012,0.0285,6e-4,0.0055,NA,NA,Union,NJ,0,1
Rizzieri Aveda School for Beauty and Wellness,www.rizzierischools.com/,NA,NA,NA,5500,381,0.3746,0.5669,0.1969,0.1654,0.0394,0,0.0026,0.021,0.0026,0.0052,NA,NA,Voorhees,NJ,0,1
Mercer County Community College,www.mccc.edu/,NA,NA,NA,10500,5169,0.2993,0.3001,0.1971,0.2751,0.0638,6e-4,0.0012,0.031,0.0685,0.0627,NA,12337,West Windsor,NJ,1,0
Middlesex College,www.middlesexcollege.edu/,NA,NA,NA,9750,8321,0.3488,0.2128,0.1233,0.3991,0.1423,0.003,0.0018,0.0377,0.0411,0.0388,NA,13721,Edison,NJ,1,1
Monmouth University,https://www.monmouth.edu/,1204,0.8954,NA,27000,3831,0.3036,0.6896,0.0517,0.1744,0.0217,8e-4,3e-4,0.0248,0.0159,0.0209,0.6959,60113,West Long Branch,NJ,0,1
Montclair State University,www.montclair.edu/,1080,0.8741,NA,22000,17677,0.4439,0.3333,0.1307,0.3858,0.0626,0.0015,0.0011,0.0249,0.0115,0.0487,0.6896,25926,Montclair,NJ,1,1
JFK Muhlenberg Harold B. and Dorothy A. Snyder Schools,www.jfkmuhlenbergschools.org/,NA,0.9622,NA,21000,572,0.3591,0.229,0.2622,0.2273,0.1294,0.0035,0.0087,0.0385,0.0699,0.0315,NA,39193,Plainfield,NJ,0,1
Eastwick College-Nutley,www.eastwickcollege.edu/,NA,NA,NA,11775,456,0.6361,0.1974,0.1491,0.5987,0.0307,0.0044,0.0022,0,0.0175,0,NA,22900,Nutley,NJ,0,1
Robert Fiance Beauty Schools-West New York,www.robertfiance.edu/,NA,NA,NA,6701,229,0.3912,0.3362,0.0961,0.4803,0.0218,0.0087,0,0.0044,0.048,0.0044,NA,NA,West New York,NJ,0,1
New Jersey Institute of Technology,https://www.njit.edu/,1336,0.669,NA,21000,8762,0.3897,0.304,0.1039,0.2821,0.2117,0.0011,2e-4,0.0314,0.0488,0.0167,0.7766,32228,Newark,NJ,1,1
Ocean County College,www.ocean.edu/,NA,NA,NA,11150,5566,0.2652,0.6452,0.0555,0.2181,0.0255,0.0016,0.0013,0.0332,0.0054,0.0142,NA,16424,Toms River,NJ,1,1
P B Cosmetology Education Center,www.pbbeautyschool.com/,NA,NA,NA,7667,113,0.49,0.4779,0.177,0.1858,0.0177,0,0,0.0531,0,0.0885,NA,NA,Gloucester,NJ,0,1
Parisian Beauty School,paulmitchell.edu/hackensack,NA,NA,NA,7667,464,0.6766,0.1573,0.1185,0.4159,0.0129,0.0022,0.0022,0.0259,0.0129,0.2522,NA,NA,Hackensack,NJ,0,1
Passaic County Community College,https://web.pccc.edu/,NA,NA,NA,7536,4546,0.5278,0.1401,0.1047,0.6432,0.0535,7e-4,0.002,0.0156,7e-4,0.0396,NA,14717,Paterson,NJ,1,1
Pennco Tech-Blackwood,https://www.penncotech.edu/,NA,NA,NA,8331,996,0.587,0.3243,0.2711,0.3353,0.0221,0.002,0,0.0452,0,0,NA,NA,Blackwood,NJ,0,1
Princeton University,www.princeton.edu/,1535,0.045,42,10320,5579,0.1872,0.3597,0.0859,0.098,0.2371,0.0014,0.0011,0.0701,0.1226,0.024,0.9802,80440,Princeton,NJ,0,1
Rabbinical College of America,www.rca.edu/,NA,0.8714,NA,NA,197,0.3834,0.8223,0,0,0,0,0,0,0.1777,0,0.122,25000,Morristown,NJ,0,1
Ramapo College of New Jersey,www.ramapo.edu/,1190,0.7322,NA,21000,4664,0.2672,0.545,0.062,0.2521,0.1053,0.0034,0,2e-4,0.0101,0.0219,0.7228,30176,Mahwah,NJ,1,1
Robert Fiance Beauty Schools,www.robertfiance.edu/,NA,NA,NA,7062,185,0.4599,0.3459,0.1243,0.4108,0.0108,0.0054,0,0.0324,0.0649,0.0054,NA,NA,Boynton Beach,FL,0,1
Rider University,www.rider.edu/,1219,0.794,NA,26130,3192,0.3336,0.5276,0.1385,0.1939,0.0473,0.0016,9e-4,0.0338,0.0354,0.021,0.6121,53982,Lawrenceville,NJ,0,1
Rutgers University-Camden,https://camden.rutgers.edu/,1118,0.7775,NA,21500,3819,0.4432,0.3758,0.194,0.226,0.1307,0.001,0.001,0.0359,0.0181,0.0175,0.7322,33812,Camden,NJ,1,1
Rutgers University-New Brunswick,https://newbrunswick.rutgers.edu/,1383,0.6535,NA,21500,36357,0.272,0.3145,0.0675,0.1563,0.3343,8e-4,7e-4,0.0361,0.0683,0.0215,0.8484,35232,New Brunswick,NJ,1,1
Rutgers University-Newark,https://www.newark.rutgers.edu/,NA,0.7873,NA,21500,7187,0.557,0.2072,0.192,0.3551,0.1849,0.0013,0.001,0.0241,0.0192,0.0153,0.6683,33749,Newark,NJ,1,1
Capital Health School of Radiologic Technology,www.capitalhealth.org/professionals/school-of-radiologic-technology,NA,NA,NA,NA,15,0.25,0.9333,0,0.0667,0,0,0,0,0,0,NA,NA,Trenton,NJ,0,1
Capital Health School of Nursing,www.capitalhealth.org/professionals/school-of-nursing,NA,NA,NA,NA,53,0,0.3962,0.4151,0.1132,0.0755,0,0,0,0,0,NA,NA,Trenton,NJ,0,1
Saint Peter's University,www.saintpeters.edu/,NA,0.9053,NA,20500,1939,0.5418,0.2429,0.1774,0.4059,0.0753,0.0021,5e-4,0.0015,0.0655,0.0289,0.5926,50052,Jersey City,NJ,0,1
Salem Community College,https://www.salemcc.edu/,NA,NA,NA,9500,908,0.3442,0.446,0.2588,0.1267,0.0099,0.0044,0.0033,0.0396,0.0033,0.1079,NA,16706,Carneys Point,NJ,1,1
Seton Hall University,https://www.shu.edu/,1308,0.789,NA,22750,5924,0.3026,0.437,0.1155,0.2679,0.0977,0.0012,0.0012,0.0442,0.0155,0.0198,0.7229,64996,South Orange,NJ,0,1
Shore Beauty School,https://www.shorebeautyschool.edu/,NA,NA,NA,6333,174,0.6903,0.4253,0.2644,0.2989,0,0,0,0.0057,0,0.0057,NA,NA,Egg Harbor Township,NJ,0,1
Saint Elizabeth University,www.steu.edu/,NA,0.7721,NA,24934,636,0.5414,0.1997,0.3915,0.2862,0.0189,0.011,0.0031,0.0189,0.011,0.0597,0.396,52328,Morristown,NJ,0,1
Raritan Valley Community College,https://www.raritanval.edu/,NA,NA,NA,10500,5272,0.2664,0.3957,0.1275,0.3101,0.0603,0.0021,0.0023,0.0281,0.0106,0.0634,NA,13039,Branchburg,NJ,1,0
Stevens Institute of Technology,www.stevens.edu/,1447,0.4344,NA,27000,4084,0.2047,0.4912,0.0255,0.1572,0.1991,5e-4,0,0.0419,0.0326,0.0522,0.8743,76449,Hoboken,NJ,0,1
Stockton University,https://www.stockton.edu/,1171,0.8817,NA,20500,7770,0.415,0.5793,0.1008,0.1936,0.0741,6e-4,5e-4,0.0373,0.0069,0.0068,0.769,32159,Galloway,NJ,1,0
Talmudical Academy-New Jersey,https://talmudicalacademynj.com/,NA,0.4167,NA,NA,78,0.5616,0.9487,0,0,0,0,0,0,0.0513,0,0.0588,21300,Adelphia,NJ,0,1
Aviation Institute of Maintenance-Teterboro,aviationmaintenance.edu/campuses/teterboro-nj,NA,NA,NA,14279,500,0.6821,0.148,0.15,0.578,0.046,0,0.002,0.076,0,0,NA,26064,Hasbrouck Heights,NJ,0,1
Thomas Edison State University,www.tesu.edu/,NA,NA,NA,12500,6685,0.2068,0.4507,0.1453,0.1491,0.0453,0.0037,0.0042,0.0429,0.0103,0.1484,NA,NA,Trenton,NJ,1,1
The College of New Jersey,https://www.tcnj.edu/,1247,0.6214,NA,23250,6831,0.2013,0.5905,0.058,0.1802,0.1047,3e-4,4e-4,0.0302,0.0069,0.0288,0.8766,37070,Ewing,NJ,1,1
UCNJ Union College of Union County NJ,https://www.ucc.edu/,NA,NA,NA,15091,7760,0.4377,0.136,0.284,0.4695,0.0401,0.0015,0.0022,0.0236,0.0148,0.0284,NA,13752,Cranford,NJ,1,1
William Paterson University of New Jersey,www.wpunj.edu/,NA,0.9252,NA,22334,6526,0.4447,0.3226,0.2009,0.3385,0.0709,6e-4,0.0015,0.0234,0.0218,0.0198,0.5551,26555,Wayne,NJ,1,1
Olympian Academy of Cosmetology,https://olympianacademy.edu/,NA,NA,NA,9500,538,0.6867,0.2045,0.21560000000000001,0.4796,0.0056,0.0074,0,0.0353,0,0.052,NA,NA,LAS CRUCES,NM,0,1
Central New Mexico Community College,https://www.cnm.edu/,NA,NA,NA,6612,15246,0.259,0.2416,0.0291,0.5508,0.0194,0.071,0.0024,0.0282,0.0032,0.0542,NA,10906,Albuquerque,NM,1,1
Navajo Technical University,www.navajotech.edu/,NA,NA,NA,NA,1134,0.4902,0.0035,0.0079,0.0097,0,0.9691,9e-4,0.0035,0.0035,0.0018,0.2353,11945,Crownpoint,NM,1,0
New Mexico State University-Dona Ana,dacc.nmsu.edu/,NA,NA,NA,17095,4812,0.3437,0.1866,0.0177,0.717,0.0075,0.0143,0.0012,0.016,0.0256,0.0141,NA,12541,Las Cruces,NM,1,1
Clovis Community College,www.clovis.edu/,NA,NA,NA,7250,1221,0.3139,0.3202,0.0401,0.5774,0.0139,0.0074,0.0025,0.0311,0.0016,0.0057,NA,10066,Clovis,NM,1,0
Eastern New Mexico University-Main Campus,www.enmu.edu/,965,0.5492,NA,16500,3186,0.3201,0.3672,0.0549,0.4535,0.011,0.0232,0.0038,0.0295,0.0279,0.0289,0.3693,18503,Portales,NM,1,0
Eastern New Mexico University-Roswell Campus,www.roswell.enmu.edu/,NA,NA,NA,16500,1312,0.2656,0.2835,0.0252,0.5808,0.0191,0.0137,0,0.0145,0,0.0633,NA,12220,Roswell,NM,1,0
Institute of American Indian and Alaska Native Culture and Arts Development,https://iaia.edu/,NA,1,NA,NA,307,0.2038,0.0684,0,0.1205,0,0.6612,0.0033,0.1368,0,0.0098,0.2917,23873,Santa Fe,NM,1,0
New Mexico Highlands University,www.nmhu.edu/,NA,NA,NA,11399,1561,0.4636,0.1429,0.0557,0.6099,0.0038,0.0878,0.0013,0.0263,0.0474,0.025,0.2785,21046,Las Vegas,NM,1,0
New Mexico Junior College,www.nmjc.edu/,NA,NA,NA,11313,2034,0.2585,0.267,0.0678,0.5978,0.0143,0.0079,0.0015,0.0034,0.0025,0.0379,NA,9150,Hobbs,NM,1,0
New Mexico Military Institute,https://www.nmmi.edu/,NA,0.5776,NA,5500,342,0.2571,0.1901,0.1491,0.3129,0.038,0.0234,0.0877,0.0205,0.1754,0.0029,NA,18891,Roswell,NM,1,0
University of New Mexico-Gallup Campus,www.gallup.unm.edu/,NA,NA,NA,18450,891,0.2803,0.0269,0.0011,0.1403,0.0191,0.7654,0.0011,0.0258,0.0056,0.0146,NA,11378,Gallup,NM,1,0
New Mexico Institute of Mining and Technology,www.nmt.edu/,1182,0.5396,NA,19085,1122,0.3087,0.4528,0.0071,0.4118,0.025,0.0419,0.0027,0.0276,0.0267,0.0045,0.5796,22872,Socorro,NM,1,0
University of New Mexico-Los Alamos Campus,losalamos.unm.edu/,NA,NA,NA,18450,238,0.0601,0.3277,0.0084,0.5882,0.0126,0.0378,0,0.0084,0,0.0168,NA,15550,Los Alamos,NM,1,0
University of New Mexico-Main Campus,www.unm.edu/,1047,0.9545,NA,18450,16686,0.3624,0.2867,0.0308,0.5052,0.0415,0.0602,0.0016,0.0411,0.0201,0.0128,0.5675,20973,Albuquerque,NM,1,1
New Mexico State University-Alamogordo,alamogordo.nmsu.edu/,NA,NA,NA,17095,569,0.2636,0.4288,0.0299,0.4183,0.0176,0.0281,0.0018,0.0562,0.0123,0.007,NA,13482,Alamogordo,NM,1,0
Southeast New Mexico College,senmc.edu/,NA,NA,NA,NA,426,0.10780000000000001,0.3357,0.007,0.5986,0.007,0.0094,0.007,0.0188,0.007,0.0094,NA,11794,Carlsbad,NM,1,0
New Mexico State University-Grants,grants.nmsu.edu/,NA,NA,NA,17095,351,0.2667,0.1852,0.0114,0.3846,0.0028,0.3647,0.0028,0.0256,0.0142,0.0085,NA,15593,Grants,NM,1,0
New Mexico State University-Main Campus,www.nmsu.edu/,1004,0.7573,28,17095,11561,0.403,0.2493,0.0238,0.6276,0.0119,0.0268,0.0014,0.029,0.0246,0.0057,0.5305,20930,Las Cruces,NM,1,1
University of New Mexico-Valencia County Campus,valencia.unm.edu/,NA,NA,NA,18450,505,0.1326,0.1782,0.0119,0.7168,0.004,0.0337,0.002,0.0257,0.0059,0.0218,NA,14710,Los Lunas,NM,1,0
Northern New Mexico College,https://nnmc.edu/,NA,NA,NA,6000,859,0.3553,0.1222,0.014,0.6787,0.0186,0.0885,0,0.0501,0.0093,0.0186,0.2245,17529,Espanola,NM,1,0
San Juan College,www.sanjuancollege.edu/,NA,NA,NA,9750,4228,0.3292,0.3139,0.0104,0.2124,0.0047,0.3789,0.0024,0.053,0.0116,0.0128,NA,13178,Farmington,NM,1,0
Santa Fe Community College,https://www.sfcc.edu/,NA,NA,NA,13236,2234,0.1448,0.2842,0.0197,0.5457,0.0188,0.0443,0.0013,0.0107,0.0609,0.0143,NA,15783,Santa Fe,NM,1,0
University of the Southwest,https://www.usw.edu/,NA,NA,NA,21303,337,0.5573,0.2018,0.0831,0.6261,0.003,0.0237,0.003,0.0178,0,0.0415,0.0909,30369,Hobbs,NM,0,0
Southwestern Indian Polytechnic Institute,www.sipi.edu/,NA,NA,NA,NA,233,0.342,0,0,0,0,1,0,0,0,0,NA,14221,Albuquerque,NM,1,1
University of New Mexico-Taos Campus,taos.unm.edu/,NA,NA,NA,18450,355,0.1471,0.3239,0.0141,0.5408,0.0113,0.0535,0.0028,0.0197,0,0.0338,NA,16135,Ranchos de Taos,NM,1,0
Mesalands Community College,www.mesalands.edu/,NA,NA,NA,NA,357,0.1141,0.3333,0.0252,0.4818,0,0.0672,0.0084,0,0.0196,0.0644,NA,15589,Tucumcari,NM,1,0
Vogue College of Cosmetology-Santa Fe,vogue.edu/,NA,NA,NA,6333,61,0.5922,0.4098,0,0.541,0,0.0164,0,0.0164,0.0164,0,NA,NA,Santa Fe,NM,0,1
Western New Mexico University,www.wnmu.edu/,NA,NA,NA,23000,1935,0.4186,0.2589,0.0393,0.5731,0.0052,0.0522,0.0036,0.0269,0.0331,0.0078,0.281,21649,Silver City,NM,1,0
Vaughn College of Aeronautics and Technology,www.vaughn.edu/,NA,NA,NA,21125,1104,0.5251,0.1476,0.1821,0.3134,0.1585,0.0063,0.0082,0.0199,0.0281,0.1359,0.4545,47174,Flushing,NY,0,1
Adelphi University,www.adelphi.edu/,1224,0.7751,32,25000,5077,0.2944,0.4349,0.093,0.2131,0.1286,0.0039,0.001,0.0329,0.0485,0.0441,0.719,57444,Garden City,NY,0,1
SUNY Adirondack,www.sunyacc.edu/,NA,NA,NA,14345,1959,0.4068,0.8152,0.0607,0.0694,0.0102,0.002,0.001,0.0337,0.0046,0.0031,NA,16664,Queensbury,NY,1,1
Bryant & Stratton College-Albany,https://www.bryantstratton.edu/,NA,NA,NA,21549,224,0.6531,0.2411,0.375,0.2366,0.0357,0.0089,0.0045,0.0982,0,0,1,22650,Albany,NY,0,1
Albany College of Pharmacy and Health Sciences,www.acphs.edu/,1280,0.5908,NA,25500,509,0.2928,0.4303,0.1022,0.0864,0.1906,0.002,0,0.0786,0.0472,0.0629,0.6,52317,Albany,NY,0,1
Alfred University,www.alfred.edu/,1205,0.4833,NA,26000,1401,0.3898,0.6331,0.0985,0.1106,0.0143,0.0021,0.0014,0.0264,0.0714,0.0421,0.5991,54516,Alfred,NY,0,0
Allen School-Brooklyn,www.allenschool.edu/,NA,NA,NA,9500,156,0.949,0,0.5321,0.2885,0.0128,0.0064,0,0.0256,0.0064,0.1282,NA,NA,Brooklyn,NY,0,1
The Ailey School,www.theaileyschool.edu/,NA,0.4918,NA,17500,88,0.2,0.1364,0.3295,0.0455,0.0227,0,0.0114,0.0909,0.3523,0.0114,NA,38671,New York,NY,0,1
American Academy of Dramatic Arts-New York,www.aada.edu/,NA,0.8135,NA,12000,225,0.2249,0.3956,0.0711,0.0933,0.0178,0.0089,0,0.0533,0.3289,0.0311,NA,61369,New York,NY,0,1
American Academy McAllister Institute of Funeral Service,www.funeraleducation.org/,NA,NA,NA,21150,282,0.3665,0.5035,0.2801,0.1241,0.0106,0.0071,0.0071,0,0,0.0674,NA,27025,New York,NY,0,1
American Musical and Dramatic Academy,www.amda.edu/,NA,0.2471,NA,15250,1502,0.3596,0.3276,0.1658,0.1858,0.0233,0.0033,0.0013,0.0519,0.1245,0.1165,0.6834,63779,New York,NY,0,1
Apex Technical School,www.apexschool.com/,NA,NA,NA,9500,1300,0.5935,0.0615,0.3023,0.3469,0.0469,0.0085,0,0,0,0.2338,NA,NA,Long Island City,NY,0,1
Arnot Ogden Medical Center,www.arnothealth.org/,NA,1,NA,NA,29,0.5,0.8966,0,0.1034,0,0,0,0,0,0,NA,NA,Elmira,NY,0,1
Associated Beth Rivkah Schools,https://www.bethrivkah.edu/dhl,NA,1,NA,NA,289,0.6558,0.8754,0,0,0,0,0,0,0.1246,0,NA,27111,Brooklyn,NY,0,1
Bard College,www.bard.edu/,1387,0.5229,NA,24254,2280,0.2308,0.4518,0.1351,0.1325,0.0259,0.0013,0,0.0675,0.136,0.05,0.7174,81661,Annandale-On-Hudson,NY,0,0
Barnard College,www.barnard.edu/,1500,0.0796,NA,18000,3219,0.154,0.3451,0.0556,0.1559,0.2041,6e-4,0,0.0758,0.1401,0.0227,0.9312,84023,New York,NY,0,1
Berk Trade and Business School,www.berktradeschool.com/,NA,NA,NA,6333,161,0.6276,0.1988,0.3168,0.3727,0.1118,0,0,0,0,0,NA,NA,Long Island City,NY,0,1
Berkeley College-New York,https://berkeleycollege.edu/,NA,NA,NA,30426,1514,0.5352,0.0271,0.144,0.2695,0.0159,0.002,7e-4,0.0066,0.103,0.4313,0.339,39029,New York,NY,0,1
Berkowits School of Electrolysis,estheticsschoolny.com/,NA,NA,NA,NA,107,0.1377,0.5701,0.1589,0.2617,0.0093,0,0,0,0,0,NA,NA,Forest Hills,NY,0,1
Beth Hamedrash Shaarei Yosher Institute,bhsy.edu/,NA,0.9032,NA,NA,83,0.7703,1,0,0,0,0,0,0,0,0,0,17800,Brooklyn,NY,0,1
Mount Sinai Phillips School of Nursing,www.pson.edu/,NA,NA,NA,19750,273,0.0152,0.4066,0.2051,0.1245,0.2161,0.0037,0.0073,0.0366,0,0,NA,NA,New York,NY,0,1
Brittany Beauty Academy,brittanyacademy.edu/,NA,NA,NA,6333,75,0.4713,0.1733,0.4133,0.2933,0.0133,0.0133,0,0.0267,0.0533,0.0133,NA,NA,Brooklyn,NY,0,1
Boricua College,https://www.boricuacollege.edu/,NA,NA,NA,6733,401,0.8517,0.0075,0.202,0.7905,0,0,0,0,0,0,0.5806,23338,New York,NY,0,1
Brittany Beauty Academy,https://brittanyacademy.edu/,NA,NA,NA,6333,149,0.5176,0.4027,0.1946,0.3423,0.0268,0,0,0.0336,0,0,NA,NA,Levittown,NY,0,1
American Beauty School,www.americanbeautyschool.edu/,NA,NA,NA,3500,140,0.5025,0.0429,0.3214,0.4786,0.0071,0,0,0.0571,0.0286,0.0643,NA,NA,Bronx,NY,0,1
SUNY Broome Community College,www.sunybroome.edu/,NA,NA,NA,12000,3203,0.3559,0.5985,0.1118,0.0865,0.0493,0.0012,0.0012,0.05,0.0034,0.098,NA,15541,Binghamton,NY,1,1
Bryant & Stratton College-Syracuse North,https://www.bryantstratton.edu/,NA,NA,NA,21549,454,0.6508,0.4648,0.3194,0.0859,0.0396,0.022,0.0044,0.0551,0,0.0088,NA,21955,Liverpool,NY,0,1
Bryant & Stratton College-Buffalo,https://www.bryantstratton.edu/,NA,NA,NA,21549,656,0.6579,0.3171,0.471,0.1021,0.0274,0.0076,0,0.0595,0,0.0152,NA,23942,Buffalo,NY,0,1
Bryant & Stratton College-Greece,https://www.bryantstratton.edu/,NA,NA,NA,21549,320,0.6612,0.3969,0.4219,0.0938,0.025,0,0.0031,0.0375,0.0063,0.0156,NA,23142,Rochester,NY,0,1
Canisius University,https://www.canisius.edu/,NA,0.8177,NA,24250,1768,0.2679,0.6454,0.1256,0.0554,0.0322,0.004,0,0.0356,0.0577,0.0441,0.7112,42271,Buffalo,NY,0,1
Capri Cosmetology Learning Centers,caprinow.edu/,NA,NA,NA,5827,328,0.5035,0.5305,0.128,0.2226,0.003,0,0,0.0122,0.0152,0.0884,NA,NA,Nanuet,NY,0,1
St Paul's School of Nursing-Queens,https://www.stpaulsschoolofnursing.edu/,NA,NA,NA,25730,945,0.4512,0.0783,0.4222,0.2233,0.1439,0.0042,0.0021,0.054,0,0.072,NA,38134,Rego Park,NY,0,1
Cayuga County Community College,https://www.cayuga-cc.edu/,NA,NA,NA,12000,1146,0.1716,0.7373,0.1091,0.0314,0.0096,0.0079,0.0026,0.0044,0.0209,0.0768,NA,13920,Auburn,NY,1,0
Central Yeshiva Tomchei Tmimim Lubavitz,https://cyttl.edu/,NA,0.8846,NA,NA,810,0.6445,0.8765,0,0,0,0,0,0,0.1235,0,0.3065,27589,Brooklyn,NY,0,1
Christine Valmy International School for Esthetics Skin Care & Makeup,https://www.christinevalmy.com/,NA,NA,NA,5478,728,0.3353,0.125,0.2541,0.5192,0.0261,0.0014,0.0055,0.0343,0.0288,0.0055,NA,NA,New York,NY,0,1
Circle in the Square Theatre School,www.circlesquare.org/,NA,0.0377,NA,NA,50,0.2326,0.56,0.12,0.1,0.02,0,0,0.14,0.06,0,NA,42500,New York,NY,0,1
Clarkson University,https://www.clarkson.edu/,1307,0.7716,NA,26000,2449,0.2046,0.7897,0.0318,0.067,0.0274,0.0037,0,0.0339,0.0433,0.0033,0.7598,76451,Potsdam,NY,0,0
Clinton Community College,https://www.clinton.edu/,NA,NA,NA,13250,388,0.2213,0.6778,0.0747,0.0387,0.0077,0.0129,0.0026,0.0103,0.0077,0.1675,NA,15614,Plattsburgh,NY,1,0
Cochran School of Nursing,www.cochranschoolofnursing.us/,NA,NA,NA,19625,112,0.4435,0.2321,0.2768,0.3214,0.0893,0,0.0179,0.0446,0.0089,0.0089,NA,NA,Yonkers,NY,0,1
Colgate University,https://www.colgate.edu/,1480,0.1195,NA,15000,3122,0.1268,0.647,0.0442,0.0945,0.0548,0.0013,0.0013,0.0557,0.083,0.0183,0.904,83650,Hamilton,NY,0,0
Metropolitan College of New York,https://www.mcny.edu/,NA,0.7654,NA,27688,430,0.608,0.0674,0.5419,0.2977,0.0093,0.0023,0.0023,0.0209,0.0488,0.0093,0.2553,32786,New York,NY,0,1
Columbia University in the City of New York,www.columbia.edu/,1547,0.0423,43,21500,8899,0.2254,0.2987,0.0776,0.1625,0.1842,0.003,0.0021,0.0648,0.1834,0.0236,0.9633,86042,New York,NY,0,1
Columbia-Greene Community College,https://www.sunycgcc.edu/,NA,NA,NA,12000,900,0.2951,0.5611,0.1589,0.1178,0.0333,0.0022,0,0.0467,0.0044,0.0756,NA,12441,Hudson,NY,1,0
Empire Beauty School-Queens,www.empire.edu/,NA,NA,NA,10667,147,0.6285,0.0476,0.4218,0.3401,0.0204,0.0068,0,0.0136,0,0.1497,NA,NA,Astoria,NY,0,1
Continental School of Beauty Culture-Rochester,continentalschoolofbeauty.edu/,NA,NA,NA,6333,213,0.6948,0.446,0.3474,0.1784,0.0141,0,0,0.0094,0,0.0047,NA,NA,Rochester,NY,0,1
The Cooper Union for the Advancement of Science and Art,https://www.cooper.edu/,1480,0.1905,NA,15000,891,0.2792,0.2795,0.0651,0.1268,0.3154,0.0011,0.0011,0.0483,0.1212,0.0415,0.8559,67088,New York,NY,0,1
Cornell University,www.cornell.edu/,1520,0.0816,NA,14000,15935,0.1821,0.3142,0.0748,0.1461,0.2514,0.0022,0.0015,0.0552,0.0958,0.0588,0.9483,83196,Ithaca,NY,0,1
SUNY Corning Community College,https://www.corning-cc.edu/,NA,NA,NA,12000,1249,0.1712,0.791,0.0681,0.0584,0.0152,0.0064,0.0016,0.0064,0,0.0528,NA,13917,Corning,NY,1,0
Pomeroy College of Nursing at Crouse Hospital,www.crouse.org/nursing,NA,0.4,NA,15250,179,0.3488,0.7542,0.1117,0.0279,0.0447,0,0,0.0503,0,0.0112,NA,26409,East Syracuse,NY,0,1
Culinary Institute of America,www.ciachef.edu/,1089,0.9176,NA,15750,2988,0.2789,0.4679,0.0736,0.1968,0.0703,0.0033,0.0027,0.0512,0.0994,0.0348,NA,54106,Hyde Park,NY,0,1
CUNY Bernard M Baruch College,www.baruch.cuny.edu/,1310,0.5048,NA,11512,15734,0.5533,0.1745,0.0893,0.2817,0.36,0.0022,0.001,0.0252,0.066,0,0.7589,13521,New York,NY,1,1
CUNY Borough of Manhattan Community College,www.bmcc.cuny.edu/,NA,NA,NA,7574,16850,0.5674,0.0838,0.2513,0.4539,0.1112,0.0024,0.0016,0.0266,0.0693,0,NA,12187,New York,NY,1,1
CUNY Bronx Community College,www.bcc.cuny.edu/,NA,NA,NA,8384,5766,0.5748,0.0243,0.2801,0.6155,0.034,0.0026,9e-4,0.0139,0.0288,0,NA,11987,Bronx,NY,1,1
CUNY Brooklyn College,www.brooklyn.cuny.edu/,1310,0.5366,NA,11000,10443,0.5639,0.2449,0.207,0.236,0.2451,0.0011,3e-4,0.0347,0.0308,0,0.5946,13573,Brooklyn,NY,1,1
College of Staten Island CUNY,www.csi.cuny.edu/,NA,NA,NA,14350,9387,0.4925,0.4043,0.1356,0.2745,0.1291,0.0016,0.001,0.0315,0.0224,0,0.5322,14084,Staten Island,NY,1,1
CUNY City College,www.ccny.cuny.edu/,1340,0.5807,NA,11990,11934,0.5958,0.1172,0.1583,0.4029,0.2466,0.0013,0.0014,0.0275,0.0448,0,0.6117,13514,New York,NY,1,1
CUNY Graduate School and University Center,www.gc.cuny.edu/,NA,0.3861,NA,12584,3067,0.3788,0.1829,0.2948,0.3189,0.1448,0.0042,0.0016,0.032,0.0209,0,NA,NA,New York,NY,1,1
CUNY Hostos Community College,www.hostos.cuny.edu/,NA,NA,NA,8442,4883,0.627,0.0193,0.2963,0.6023,0.0305,0.0023,8e-4,0.0109,0.0377,0,NA,12390,Bronx,NY,1,1
CUNY Hunter College,www.hunter.cuny.edu/,1350,0.5405,NA,11000,16642,0.5501,0.1791,0.1128,0.3195,0.3072,0.0022,0.0013,0.034,0.0441,0,0.6056,13310,New York,NY,1,1
CUNY John Jay College of Criminal Justice,www.jjay.cuny.edu/,1140,0.5722,NA,11000,11340,0.5919,0.1358,0.166,0.5113,0.1238,0.0034,0.0026,0.0238,0.0333,0,0.5639,13712,New York,NY,1,1
CUNY Kingsborough Community College,www.kbcc.cuny.edu/,NA,NA,NA,7100,7632,0.2893,0.2206,0.3067,0.2493,0.1361,0.0021,5e-4,0.0362,0.0483,0,NA,12998,Brooklyn,NY,1,1
CUNY LaGuardia Community College,www.lagcc.cuny.edu/,NA,NA,NA,7407,10556,0.4036,0.0725,0.1632,0.4472,0.1652,0.0038,0.0015,0.0223,0.1243,0,NA,13167,Long Island City,NY,1,1
CUNY Lehman College,www.lehman.edu/,1010,0.5543,NA,10950,10438,0.6053,0.0422,0.2683,0.5681,0.0681,0.0025,9e-4,0.0175,0.0324,0,0.5836,13456,Bronx,NY,1,1
CUNY Medgar Evers College,https://www.mec.cuny.edu/,980,0.8339,NA,10988,3404,0.5679,0.017,0.7115,0.1824,0.0311,0.0044,0.0012,0.0267,0.0256,0,0.3364,14069,Brooklyn,NY,1,1
CUNY New York City College of Technology,www.citytech.cuny.edu/,1040,0.8074,NA,10533,12950,0.5544,0.0908,0.2688,0.3646,0.2061,0.0052,0.0019,0.0209,0.0417,0,0.3363,13404,Brooklyn,NY,1,1
CUNY Queens College,https://www.qc.cuny.edu/,1210,0.6852,NA,10298,13060,0.4772,0.1871,0.0979,0.3005,0.3134,0.0046,0.0023,0.0313,0.0628,0,0.5898,13643,Queens,NY,1,1
CUNY Queensborough Community College,www.qcc.cuny.edu/,NA,NA,NA,8600,8803,0.4545,0.0835,0.2307,0.3387,0.2378,0.0116,0.0055,0.0265,0.0658,0,NA,11882,Bayside,NY,1,1
CUNY York College,www.york.cuny.edu/,1100,0.5942,NA,11000,4439,0.4343,0.0396,0.3796,0.2633,0.2187,0.0169,0.0045,0.0315,0.0457,0,0.3709,13686,Jamaica,NY,1,1
CVPH Medical Center School of Radiologic Technology,www.cvph.org/Residency-and-Education/School-of-Radiology/,NA,0.4118,NA,NA,19,0.2222,1,0,0,0,0,0,0,0,0,NA,NA,Plattsburgh,NY,0,0
D'Youville  University,www.dyu.edu/,1040,0.8235,NA,25000,1299,0.3582,0.5158,0.1701,0.067,0.0724,0.0046,0.0015,0.0346,0.0716,0.0624,0.6,42512,Buffalo,NY,0,1
Daemen University,www.daemen.edu/,NA,0.7616,NA,22091,1761,0.4167,0.732,0.0988,0.0608,0.0415,0.0097,6e-4,0.0227,0.017,0.017,0.5781,44232,Amherst,NY,0,1
Yeshiva of Far Rockaway Derech Ayson Rabbinical Seminary,https://www.yofr.org/,NA,0.88,NA,NA,57,0.1731,1,0,0,0,0,0,0,0,0,0.0909,23750,Far Rockaway,NY,0,1
Dominican University New York,www.duny.edu/,1160,0.7883,NA,25000,1083,0.4111,0.2456,0.1542,0.41,0.0609,0,0,0.0249,0.0406,0.0637,0.438,48001,Orangeburg,NY,0,1
Dutchess Community College,https://www.sunydutchess.edu/,NA,NA,NA,10039,3696,0.1877,0.4556,0.1504,0.2638,0.0211,0.0024,0.0011,0.0436,0.0179,0.0441,NA,15709,Poughkeepsie,NY,1,1
Belanger School of Nursing,www.ellismedicine.org/school-of-nursing/,NA,0.8284,NA,NA,132,0.227,0.5758,0.0909,0,0.1439,0.0455,0,0.0227,0,0.1212,NA,24233,Schenectady,NY,0,1
Elmira College,https://www.elmira.edu/,1239,0.908,NA,27000,583,0.3498,0.7187,0.0395,0.0652,0.0189,0.0051,0,0.036,0.072,0.0446,0.631,50783,Elmira,NY,0,1
Erie Community College,www.ecc.edu/,NA,NA,NA,9250,5906,0.3752,0.4832,0.1879,0.0772,0.0674,0.0047,0,0.0396,0.0164,0.1234,NA,12475,Buffalo,NY,1,1
Fashion Institute of Technology,www.fitnyc.edu/,NA,0.5761,NA,12000,7575,0.323,0.3786,0.0866,0.2335,0.1286,0.0017,0.0015,0.0474,0.1176,0.0045,NA,29732,New York,NY,1,1
Finger Lakes Community College,www.flcc.edu/,NA,NA,NA,12975,2900,0.2581,0.7324,0.0945,0.0872,0.0141,0.0021,3e-4,0.0369,0.0072,0.0252,NA,19411,Canandaigua,NY,1,0
Five Towns College,www.ftc.edu/,NA,0.7203,NA,21500,533,0.4456,0.4353,0.182,0.2814,0.0056,0.0038,0,0.0263,0.0281,0.0375,0.4272,40792,Dix Hills,NY,0,1
Fordham University,https://www.fordham.edu/,1412,0.5628,39,24300,10239,0.2086,0.4723,0.0623,0.1914,0.1424,7e-4,7e-4,0.0493,0.0718,0.0091,0.8356,77351,Bronx,NY,0,1
Fulton-Montgomery Community College,www.fmcc.edu/,NA,NA,NA,12125,953,0.277,0.6002,0.0483,0.1511,0.0094,0.0042,0,0.0346,0.0745,0.0776,NA,14219,Johnstown,NY,1,0
Gemological Institute of America-New York,www.gia.edu/gem-education,NA,NA,NA,NA,313,0.0504,0.2364,0.0288,0.0767,0.1374,0,0,0,0.3994,0.1214,NA,NA,New York,NY,0,1
Genesee Community College,https://www.genesee.edu/,NA,NA,NA,11622,1966,0.2228,0.6592,0.1465,0.0692,0.0097,0.0066,5e-4,0.0468,0.0468,0.0148,NA,15432,Batavia,NY,1,0
Hamilton College,https://www.hamilton.edu/,1487,0.1177,NA,17000,2045,0.181,0.6474,0.0289,0.0905,0.089,0,0,0.0553,0.0753,0.0137,0.9172,80380,Clinton,NY,0,1
Hartwick College,www.hartwick.edu/,1170,0.687,NA,27000,1099,0.3503,0.6106,0.1265,0.1092,0.0173,0,0,0.0291,0.03,0.0773,0.5773,66623,Oneonta,NY,0,0
Helene Fuld College of Nursing,https://www.helenefuld.edu/,NA,0.2381,NA,15250,722,0.3676,0.0789,0.6496,0.1427,0.0665,0.0055,0.0028,0.0125,0,0.0416,NA,41733,New York,NY,0,1
Herkimer County Community College,www.herkimer.edu/,NA,NA,NA,11365,1144,0.3961,0.5988,0.1713,0.1093,0.0175,0.0096,0,0.0315,0.0341,0.028,NA,17648,Herkimer,NY,1,0
Hilbert College,www.hilbert.edu/,1060,0.9802,NA,24750,922,0.4376,0.3731,0.0586,0.0358,0.0065,0.0043,0,0.0249,0.0249,0.4718,0.5302,40002,Hamburg,NY,0,1
Hobart William Smith Colleges,www.hws.edu/,1296,0.5728,NA,27000,1606,0.2412,0.6494,0.0753,0.104,0.0218,6e-4,0,0.0423,0.0716,0.0349,0.7306,80635,Geneva,NY,0,0
Hofstra University,www.hofstra.edu/,1294,0.7059,NA,23621,6155,0.243,0.4816,0.0884,0.1708,0.1478,0.0024,2e-4,0.0505,0.0366,0.0218,0.7015,68298,Hempstead,NY,0,1
Houghton University,www.houghton.edu/,1297,0.927,NA,25250,867,0.3379,0.7486,0.0634,0.015,0.0242,0.0046,0.0012,0.0381,0.0634,0.0415,0.6708,29287,Houghton,NY,0,0
Hudson Valley Community College,www.hvcc.edu/,NA,NA,NA,10625,6359,0.2852,0.6147,0.1524,0.0922,0.0802,0.0042,0.0028,0.0443,0.0049,0.0042,NA,13654,Troy,NY,1,1
Hunter Business School,hunterbusinessschool.edu/,NA,NA,NA,7937,1042,0.6483,0.3666,0.2255,0.3225,0.0345,0.001,0.001,0.0441,0,0.0048,NA,NA,Levittown,NY,0,1
Iona University,www.iona.edu/,1167,0.9114,NA,25999,2731,0.2615,0.4848,0.0879,0.3076,0.0242,7e-4,0.0022,0.0297,0.0282,0.0348,0.6272,57336,New Rochelle,NY,0,1
Isabella Graham Hart School of Practical Nursing,www.rochesterregional.org/for-healthcare-professionals/residency-training-programs/igh-school-of-practical-nursing/,NA,0.9615,NA,NA,160,0.6487,0.3188,0.4438,0.1375,0.0125,0,0,0.0875,0,0,NA,NA,Rochester,NY,0,1
Island Drafting and Technical Institute,https://www.idti.edu/,NA,NA,NA,NA,53,0.7015,0.3774,0.1132,0.283,0.0189,0,0,0.0943,0,0.1132,NA,30201,Amityville,NY,0,1
Ithaca College,www.ithaca.edu/,1285,0.6994,NA,24000,4350,0.1901,0.7225,0.0457,0.1046,0.0303,5e-4,0.0011,0.0487,0.0301,0.0163,0.7734,66162,Ithaca,NY,0,1
Jamestown Community College,https://www.sunyjcc.edu/,NA,NA,NA,10990,1692,0.2125,0.7376,0.0414,0.0875,0.0095,0.0242,0.0024,0.0337,0.0408,0.023,NA,17300,Jamestown,NY,1,0
Jamestown Business College,www.jbc.edu/,NA,0.8582,NA,14800,251,0.6864,0.6693,0.0359,0.1275,0,0.0398,0.008,0.1116,0,0.008,NA,19567,Jamestown,NY,0,0
Jefferson Community College,https://www.sunyjefferson.edu/,NA,NA,NA,12000,1523,0.3255,0.6789,0.088,0.1064,0.019,0.0112,0.0053,0.0446,0.0204,0.0263,NA,17874,Watertown,NY,1,1
Jewish Theological Seminary of America,www.jtsa.edu/,1507,0.4507,39,NA,172,0.0537,0.7965,0,0.0814,0.0058,0,0,0.0058,0.0116,0.0988,0.8718,80579,New York,NY,0,1
The Juilliard School,www.juilliard.edu/,NA,0.0896,NA,25500,460,0.1331,0.3043,0.0761,0.1043,0.1261,0,0,0.0696,0.3152,0.0043,0.8716,81090,New York,NY,0,1
Kehilath Yakov Rabbinical Seminary,kehilathyakov.com/,NA,NA,NA,NA,206,0.8717,1,0,0,0,0,0,0,0,0,0.5714,16625,Ossining,NY,0,0
Keuka College,https://www.keuka.edu/,1090,0.9388,NA,27000,920,0.4355,0.8076,0.0565,0.0739,0.0065,0.0022,0.0011,0.0337,0.0022,0.0163,0.5016,53506,Keuka Park,NY,0,0
LIM College,www.limcollege.edu/,1090,0.9875,NA,24000,1133,0.3571,0.3822,0.2198,0.2136,0.0812,0.0062,0.0018,9e-4,0.0838,0.0106,0.5481,50471,New York,NY,0,1
Le Moyne College,www.lemoyne.edu/,1260,0.7529,NA,23000,2434,0.2996,0.7247,0.0748,0.0892,0.0423,0.0016,4e-4,0.0333,0.0214,0.0123,0.7579,51033,Syracuse,NY,0,1
Long Island University,www.liu.edu/,1259,0.8977,32,23577,5478,0.1886,0.3846,0.1574,0.1661,0.1187,0.0024,0.0016,0.0298,0.0447,0.0947,0.5,52419,Brookville,NY,0,1
Long Island Beauty School-Hempstead,www.libs.edu/,NA,NA,NA,8254,47,0.4217,0.1915,0.4255,0.2979,0.0213,0,0,0.0213,0.0213,0.0213,NA,NA,Hempstead,NY,0,1
Long Island Business Institute,www.libi.edu/,NA,0.7324,NA,8750,347,0.8721,0.0029,0.1268,0.5043,0.3487,0,0,0.0144,0.0029,0,NA,19228,Flushing,NY,0,1
Machzikei Hadath Rabbinical College,https://mhrc.edu/,NA,0.95,NA,NA,129,0.838,0.9845,0,0,0,0,0,0,0.0155,0,0.2647,20375,Brooklyn,NY,0,1
Mandl School-The College of Allied Health,www.mandl.edu/,NA,NA,NA,20000,465,0.8435,0.043,0.4796,0.372,0.0839,0,0,0.0043,0,0.0172,NA,38957,New York,NY,0,1
Manhattan College,www.manhattan.edu/,1254,0.7849,NA,26000,2928,0.3121,0.4293,0.0745,0.3094,0.0557,0.0017,3e-4,0.0352,0.0338,0.0601,0.7744,62537,Riverdale,NY,0,1
Manhattan School of Music,www.msmnyc.edu/,NA,0.3994,NA,26994,535,0.1319,0.3757,0.0505,0.1047,0.071,0.0019,0,0.0355,0.3607,0,0.7321,74277,New York,NY,0,1
Manhattanville College,https://www.mville.edu/,NA,0.8466,NA,25000,1250,0.3349,0.4712,0.0944,0.3424,0.028,8e-4,0.0016,0.0208,0.028,0.0128,0.6169,55641,Purchase,NY,0,1
Maria College of Albany,www.mariacollege.edu/,1040,0.6094,NA,20528,702,0.4074,0.4972,0.1809,0.0883,0.0385,0.0028,0,0.0513,0.037,0.104,0.5714,23518,Albany,NY,0,1
Marion S Whelan School of Nursing of Geneva General Hospital,www.mswspn.com/,NA,1,NA,18955,10,0.5556,0.7,0.2,0.1,0,0,0,0,0,0,NA,14085,Geneva,NY,0,0
Marist College,www.marist.edu/,1285,0.6471,NA,25000,5039,0.1472,0.7327,0.0351,0.1334,0.0383,0.0012,6e-4,0.0331,0.0177,0.0079,0.8205,63898,Poughkeepsie,NY,0,1
Marymount Manhattan College,www.mmm.edu/,1226,0.7888,NA,25750,1627,0.2842,0.5181,0.1094,0.2047,0.0277,0.0012,0.0018,0.0627,0.0209,0.0535,0.5973,63837,New York,NY,0,1
St. Peter's Hospital College of Nursing,https://www.sphp.com/careers/schools-of-nursing/,NA,1,NA,14745,125,0.3471,0.488,0.216,0.072,0.096,0,0,0,0,0.128,NA,NA,Albany,NY,0,1
Memorial Hospital School of Radiation Therapy Technology,www.mskcc.org/mskcc/html/13431.cfm,NA,NA,NA,NA,12,0,0.25,0.1667,0.25,0.25,0,0,0,0,0.0833,NA,NA,New York,NY,0,1
Mercy University,https://www.mercy.edu/,NA,0.8547,NA,19637,5539,0.4733,0.1515,0.2392,0.4914,0.0482,0.002,0.0011,0.0206,0.0242,0.0218,0.5033,32391,Dobbs Ferry,NY,0,1
Mesivta Torah Vodaath Rabbinical Seminary,independentrabbinicalcolleges.org/index.html,NA,0.8974,NA,NA,337,0.5407,1,0,0,0,0,0,0,0,0,0.3333,22157,Brooklyn,NY,0,1
Mesivta of Eastern Parkway-Yeshiva Zichron Meilech,https://mesivtaofeasternparkway.com/,NA,0.625,NA,NA,41,0.6596,1,0,0,0,0,0,0,0,0,0,18500,Brooklyn,NY,0,1
Mesivtha Tifereth Jerusalem of America,mtj.edu/,NA,0.6087,NA,NA,45,0.3462,1,0,0,0,0,0,0,0,0,0.1053,17500,New York,NY,0,1
Mildred Elley School-Albany Campus,www.mildred-elley.edu/,NA,NA,NA,19000,385,0.8049,0.2104,0.3169,0.161,0.013,0.0078,0.0078,0.013,0,0.2701,NA,28648,Albany,NY,0,1
Mirrer Yeshiva Cent Institute,www.mirreryeshiva.com/,NA,0.7778,NA,NA,102,0.3667,0.9314,0,0,0,0,0,0,0.0686,0,0.1458,21343,Brooklyn,NY,0,1
Modern Welding School,modernwelding.com/,NA,NA,NA,NA,69,0.4719,0.7101,0.2319,0.029,0,0,0,0.029,0,0,NA,NA,Schenectady,NY,0,1
Mohawk Valley Community College,www.mvcc.edu/,NA,NA,NA,11000,2994,0.2941,0.6249,0.1059,0.1102,0.0695,0.003,0.0017,0.0357,0.0207,0.0284,NA,15981,Utica,NY,1,1
Molloy College,www.molloy.edu/,1193,0.7564,NA,27000,3185,0.2993,0.4603,0.1187,0.2725,0.0954,0.0025,0.0031,0.027,0.01,0.0104,0.7097,48251,Rockville Centre,NY,0,1
Monroe College,www.monroecollege.edu/,NA,0.6588,NA,18818,5670,0.5766,0.0259,0.421,0.3915,0.0168,0.0037,0.0032,0.0226,0.1153,0,0.7268,26306,Bronx,NY,0,1
Monroe Community College,www.monroecc.edu/,NA,NA,NA,9750,7737,0.4713,0.4882,0.2306,0.1433,0.058,0.0031,9e-4,0.0582,0.015,0.0027,NA,14196,Rochester,NY,1,1
Mount Saint Mary College,www.msmc.edu/,1160,0.8246,NA,26007,1268,0.297,0.5087,0.0938,0.2792,0.0197,8e-4,0,0.0189,0.0071,0.0718,0.6295,51810,Newburgh,NY,0,1
Montefiore School of Nursing,montefiorenewrochelle.org/school-of-nursing,NA,NA,NA,20000,115,0.3663,0.113,0.3391,0.4174,0.0348,0,0,0.0261,0,0.0696,NA,NA,Mount Vernon,NY,0,1
University of Mount Saint Vincent,www.mountsaintvincent.edu/,1110,0.8464,26,25000,2373,0.4325,0.4029,0.1403,0.3144,0.0501,0.0013,4e-4,0.0413,0.0278,0.0215,0.5701,50617,Bronx,NY,0,1
Nassau Community College,www.ncc.edu/,NA,NA,NA,10500,10817,0.3567,0.2678,0.2094,0.3645,0.0855,0.0036,0.0018,0.0141,0.0081,0.0451,NA,13907,Garden City,NY,1,1
Nazareth University,https://www2.naz.edu/,1256,0.795,NA,26038,1891,0.2592,0.7821,0.0561,0.0836,0.0233,0.0016,0,0.0264,0.0106,0.0164,0.736,56140,Rochester,NY,0,1
Neighborhood Playhouse School of the Theater,www.neighborhoodplayhouse.org/,NA,0.7059,NA,NA,71,0.125,0.3239,0.1268,0.2394,0.0423,0,0,0.0423,0.2254,0,NA,39556,New York City,NY,0,1
The New School,https://www.newschool.edu/,NA,0.6252,NA,22266,6819,0.1532,0.3138,0.0389,0.1091,0.1188,0.0013,9e-4,0.0518,0.3439,0.0216,0.7037,82757,New York,NY,0,1
New York School for Medical and Dental Assistants,nysmda.com/,NA,NA,NA,8309,281,0.8884,0.0285,0.2598,0.6584,0.0498,0.0036,0,0,0,0,NA,NA,Long Island City,NY,0,1
New York University,https://www.nyu.edu/,1527,0.0941,NA,20500,29430,0.1856,0.2148,0.0766,0.1593,0.2079,0.0018,9e-4,0.0405,0.262,0.0361,0.877,79121,New York,NY,0,1
Niagara County Community College,www.niagaracc.suny.edu/,NA,NA,NA,11039,2859,0.3348,0.6932,0.134,0.0595,0.029,0.0133,3e-4,0.0609,0.0052,0.0045,NA,13545,Sanborn,NY,1,0
Niagara University,www.niagara.edu/,1155,0.8534,NA,25475,2713,0.2591,0.5875,0.0686,0.0538,0.0188,0.0037,0.0015,0.0236,0.2263,0.0162,0.7049,50174,Niagara University,NY,0,1
Empire Beauty School-Peekskill,www.empire.edu/,NA,NA,NA,6554,42,0.3836,0.2619,0.0952,0.4524,0,0,0,0.0714,0,0.119,NA,NA,Peekskill,NY,0,1
North Country Community College,www.nccc.edu/,NA,NA,NA,12000,762,0.2799,0.7021,0.0617,0.0223,0.0026,0.0551,0.0052,0.0039,0.0052,0.1417,NA,17964,Saranac Lake,NY,1,0
New York Institute of Technology,www.nyit.edu/,1290,0.7808,NA,23334,3320,0.437,0.2075,0.1136,0.2334,0.2867,0.0045,0.0045,0.0277,0.0846,0.0373,0.561,53625,Old Westbury,NY,0,0
New York School of Interior Design,www.nysid.edu/,NA,0.6034,NA,NA,423,0.15,0.565,0.0426,0.1395,0.0496,0.0047,0,0.0307,0.0969,0.0709,1,46980,New York,NY,0,1
Ohr Hameir Theological Seminary,https://ohrhameir.com/,NA,NA,NA,NA,94,0.604,0.9681,0,0,0,0,0,0,0.0319,0,0.2,NA,Peekskill,NY,0,1
Onondaga Community College,www.sunyocc.edu/,NA,NA,NA,10000,4349,0.257,0.5647,0.1821,0.083,0.0423,0.0172,0.0021,0.0568,0.0097,0.0421,NA,14613,Syracuse,NY,1,1
Orange County Community College,https://sunyorange.edu/,NA,NA,NA,12000,3822,0.2724,0.3893,0.1575,0.2446,0.0264,0.0039,0.0026,0.0228,8e-4,0.152,NA,14396,Middletown,NY,1,1
Otsego Area BOCES-Practical Nursing Program,www.oncboces.org/,NA,NA,NA,NA,0,0.8889,0,0,0,0,0,0,0,0,0,NA,NA,Oneonta,NY,1,0
Pace University,www.pace.edu/,1232,0.7714,NA,23250,7725,0.2707,0.4586,0.1126,0.2303,0.0774,0.0016,0.0013,0.0515,0.062,0.0047,0.5997,68092,New York,NY,0,1
Paul Smiths College of Arts and Science,https://www.paulsmiths.edu/,NA,0.9073,NA,22750,582,0.3668,0.8454,0.0326,0.0052,0.0086,0.0172,0,0.0344,0.0086,0.0481,0.4975,50865,Paul Smiths,NY,0,0
Continental School of Beauty Culture-West Seneca,continentalschoolofbeauty.edu/,NA,NA,NA,6333,67,0.6376,0.6119,0.2687,0.0299,0.0149,0.0448,0,0.0299,0,0,NA,NA,West Seneca,NY,0,1
Plaza College,www.plazacollege.edu/,NA,0.3,NA,20751,829,0.8501,0.1303,0.3197,0.3293,0.1206,0,0,0.1001,0,0,NA,25190,Forest Hills,NY,0,1
Davis College,https://davisny.edu/,NA,0.3333,NA,NA,88,0.3562,0.7273,0.0795,0.0909,0,0,0,0.0341,0,0.0682,0.5652,22080,Pottersville,NY,0,0
Pratt Institute-Main,https://www.pratt.edu/,1339,0.5317,33,26000,3766,0.1741,0.3322,0.0414,0.1136,0.1678,0.0013,3e-4,0.039,0.2953,0.009,0.7304,76533,Brooklyn,NY,0,1
Rabbinical Academy Mesivta Rabbi Chaim Berlin,https://rabbinicalacademyrabbichaimberlin.com/,NA,1,NA,NA,160,0.2222,0.9938,0,0,0,0,0,0,0.0063,0,0.3871,17950,Brooklyn,NY,0,1
Rabbinical College Bobover Yeshiva Bnei Zion,rabbinicalcollegeboboveryeshiva.edu/,NA,NA,NA,NA,436,0.8794,1,0,0,0,0,0,0,0,0,0.85,19382,Brooklyn,NY,0,1
Rabbinical College Beth Shraga,https://rabbinicalcollegebethshraga.com/,NA,0.9259,NA,NA,48,0.2105,0.9375,0,0,0,0,0,0,0.0625,0,0.1429,25950,Monsey,NY,0,1
Rabbinical Seminary Mkor Chaim,https://www.mkorchaim.org/,NA,1,NA,NA,81,0.625,1,0,0,0,0,0,0,0,0,0,15450,Lakewood,NJ,0,1
Rabbinical College of Long Island,https://rabbinicalcollegelongisland.com/,NA,1,NA,NA,161,0.3041,0.9938,0,0,0,0,0,0,0.0062,0,0.3889,18300,Long Beach,NY,0,1
Rabbinical Seminary of America,www.rabbinical.org/,NA,0.9754,NA,NA,379,0.1389,1,0,0,0,0,0,0,0,0,0.4624,19700,Flushing,NY,0,1
Rensselaer Polytechnic Institute,www.rpi.edu/,1415,0.5845,NA,23750,5909,0.1865,0.4273,0.052,0.1183,0.2127,3e-4,2e-4,0.0528,0.0883,0.0481,0.8513,79934,Troy,NY,0,1
Roberts Wesleyan University,www.roberts.edu/,1205,0.7778,NA,23750,1065,0.3969,0.6545,0.1502,0.1014,0.0188,0.0038,9e-4,0.0338,0.0291,0.0075,0.6398,49621,Rochester,NY,0,1
Rochester Institute of Technology,www.rit.edu/,1378,0.714,NA,26778,13225,0.2612,0.6131,0.0526,0.0932,0.1235,0.0016,3e-4,0.0556,0.0412,0.019,0.7278,71714,Rochester,NY,0,1
University of Rochester,https://www.rochester.edu/,1480,0.3585,NA,21000,6488,0.1624,0.3869,0.0482,0.0835,0.1759,0.0012,6e-4,0.043,0.2334,0.0273,0.863,82600,Rochester,NY,0,1
Rockland Community College,www.sunyrockland.edu/,NA,NA,NA,8497,4180,0.2606,0.2701,0.1967,0.3467,0.0505,0.0029,0.0022,0.0301,0.0397,0.0612,NA,14941,Suffern,NY,1,1
Empire Beauty School-Manhattan,www.empire.edu/,NA,NA,NA,10667,342,0.5911,0.0468,0.5088,0.3363,0.0088,0.0029,0,0.0117,0,0.0848,NA,NA,New York,NY,0,1
Russell Sage College,sage.edu/,NA,0.7619,NA,22000,1075,0.4328,0.5935,0.1163,0.12,0.0493,0.0084,9e-4,0.0372,0.0037,0.0707,0.6298,50986,Troy,NY,0,1
St Bonaventure University,https://www.sbu.edu/,1181,0.8153,32,26000,1892,0.2274,0.7727,0.0418,0.065,0.027,0.0048,5e-4,0.0333,0.0476,0.0074,0.7128,55265,Saint Bonaventure,NY,0,0
St. Francis College,https://www.sfc.edu/,NA,NA,NA,23250,1931,0.4723,0.175,0.2605,0.3185,0.0259,0.0331,5e-4,0.0212,0.1248,0.0404,0.5235,42269,Brooklyn,NY,0,1
St. Joseph's College of Nursing,https://www.sjhcon.edu/,NA,0.4545,NA,12000,283,0.4034,0.7385,0.106,0.0247,0.0565,0.0035,0,0.0636,0,0.0071,NA,30466,Syracuse,NY,0,1
St Lawrence University,www.stlawu.edu/,1343,0.5847,NA,27000,2040,0.2098,0.7686,0.0211,0.0544,0.0167,0.0059,5e-4,0.023,0.0956,0.0142,0.8186,79665,Canton,NY,0,0
The College of Saint Rose,www.strose.edu/,NA,0.734,NA,24749,1238,0.3862,0.5315,0.1333,0.0347,0.0331,0.0024,0,0.164,0.0485,0.0525,0.5962,52773,Albany,NY,0,1
St. Thomas Aquinas College,www.stac.edu/,NA,0.8223,NA,23198,1009,0.184,0.4995,0.1804,0.1665,0.0208,0.005,0.003,0.0149,0.0634,0.0466,0.5588,51685,Sparkill,NY,0,1
Samaritan Hospital School of Nursing,https://www.sphp.com/careers/schools-of-nursing/,NA,NA,NA,15250,132,0.3386,0.6136,0.1742,0.0758,0.0606,0.0152,0,0.0076,0,0.053,NA,29132,Troy,NY,0,1
Sarah Lawrence College,www.sarahlawrence.edu/,1374,0.5893,NA,27000,1468,0.1265,0.6138,0.0443,0.109,0.049,7e-4,0.0014,0.0634,0.0497,0.0688,0.7734,79320,Bronxville,NY,0,1
Schenectady County Community College,sunysccc.edu/,NA,NA,NA,11049,1499,0.239,0.523,0.2015,0.0467,0.1141,0.008,0.0027,0.0781,0,0.026,NA,13169,Schenectady,NY,1,1
Sh'or Yoshuv Rabbinical College,https://www.shoryoshuv.org/,NA,NA,NA,NA,147,0.0449,0.9796,0,0,0,0,0,0,0.0204,0,0,16500,Lawrence,NY,0,1
Siena College,https://www.siena.edu/,1238,0.7057,NA,26561,3447,0.2335,0.7424,0.0403,0.0902,0.0467,0.0015,6e-4,0.0386,0.0334,0.0064,0.7806,62329,Loudonville,NY,0,1
Skidmore College,www.skidmore.edu/,1388,0.2292,38,19500,2760,0.1371,0.6413,0.0428,0.0978,0.0572,0.0011,0.0011,0.0558,0.0866,0.0163,0.8392,81890,Saratoga Springs,NY,0,1
St. Joseph's University-New York,www.sjny.edu/,1170,0.714,NA,22000,3343,0.3422,0.5414,0.0885,0.2178,0.0416,0.0021,0.0012,0.0242,0.0305,0.0526,0.712,39254,Brooklyn,NY,0,1
Saint Elizabeth College of Nursing,https://www.secon.edu/,NA,1,NA,14250,146,0.3972,0.8151,0.0411,0.0479,0.0616,0,0,0.0342,0,0,NA,28850,Utica,NY,0,1
St. John Fisher University,https://www.sjf.edu/,1207,0.678,NA,23250,2579,0.2815,0.79990000000000006,0.0527,0.0717,0.0384,0.0035,8e-4,0.0186,0.0031,0.0112,0.7337,52514,Rochester,NY,0,1
St Paul's School of Nursing-Staten Island,www.stpaulsschoolofnursing.edu/,NA,NA,NA,25729,661,0.4738,0.2859,0.354,0.2254,0.0575,0.0045,0.0015,0.0318,0.0015,0.0378,NA,46582,Staten Island,NY,0,1
St. John's University-New York,www.stjohns.edu/,1215,0.7967,NA,25000,9742,0.2367,0.3639,0.154,0.2313,0.1612,0.0011,9e-4,0.045,0.0325,0.0102,0.6972,61931,Queens,NY,0,1
Sullivan County Community College,https://www.sunysullivan.edu/,NA,NA,NA,10150,916,0.2671,0.3515,0.1856,0.3308,0.0142,0.0066,0.0011,0.0513,0.0251,0.0338,NA,16693,Loch Sheldrake,NY,1,0
SUNY College of Technology at Alfred,www.alfredstate.edu/,1059,0.8175,NA,13750,3510,0.448,0.6855,0.1225,0.1279,0.0066,0.0031,0.0011,0.0493,0.0028,0.0011,0.4372,23982,Alfred,NY,1,0
SUNY College of Technology at Canton,www.canton.edu/,NA,0.9634,NA,20000,2778,0.4723,0.6523,0.1098,0.1123,0.0277,0.0155,7e-4,0.0353,0.0194,0.027,0.4444,23169,Canton,NY,1,0
SUNY College of Technology at Delhi,www.delhi.edu/,NA,0.8841,NA,15180,2597,0.461,0.5599,0.1652,0.1898,0.0189,0.0015,0.0012,0.0312,0.0015,0.0308,0.5,26285,Delhi,NY,1,0
SUNY College of Agriculture and Technology at Cobleskill,www.cobleskill.edu/,1060,0.8325,NA,16023,1776,0.4251,0.6869,0.0878,0.1419,0.0175,0.0017,0.0011,0.0282,0.0096,0.0253,0.4795,27108,Cobleskill,NY,1,0
Farmingdale State College,www.farmingdale.edu/,1104,0.6912,NA,14718,9117,0.3575,0.4069,0.1057,0.2901,0.1302,0.0029,0.0021,0.0365,0.0223,0.0033,0.5498,17146,Farmingdale,NY,1,1
SUNY Morrisville,www.morrisville.edu/,NA,0.9123,NA,18742,1860,0.5463,0.5242,0.2887,0.1097,0.0134,0.0054,5e-4,0.0344,0.0167,0.007,0.3473,26031,Morrisville,NY,1,0
University at Albany,www.albany.edu/,NA,0.6987,NA,19500,12100,0.4212,0.387,0.2342,0.1912,0.0973,0.0023,0.0014,0.0401,0.0336,0.0129,0.6716,28490,Albany,NY,1,1
Binghamton University,www.binghamton.edu/,1415,0.3773,NA,18500,14401,0.2747,0.5273,0.0492,0.1343,0.1839,3e-4,3e-4,0.0408,0.0395,0.0243,0.8451,29657,Vestal,NY,1,1
University at Buffalo,https://www.buffalo.edu/,1298,0.693,NA,19000,20284,0.3226,0.4503,0.0901,0.0883,0.1779,0.0049,6e-4,0.0331,0.1217,0.0331,0.7463,29043,Buffalo,NY,1,1
Stony Brook University,https://www.stonybrook.edu/,1410,0.4901,38,18228,17420,0.3837,0.2681,0.0604,0.1533,0.3577,6e-4,5e-4,0.0312,0.0817,0.0466,0.7893,29174,Stony Brook,NY,1,1
SUNY College of Environmental Science and Forestry,www.esf.edu/,NA,0.8294,NA,11000,1725,0.2566,0.7478,0.0261,0.1084,0.0284,0.0017,6e-4,0.0406,0.0238,0.0226,0.7547,27958,Syracuse,NY,1,1
SUNY Polytechnic Institute,www.sunypoly.edu/,1248,0.7844,NA,17250,1773,0.3673,0.6616,0.097,0.1083,0.0801,0.0034,0,0.0333,0.0141,0.0023,0.6599,23018,Utica,NY,1,1
SUNY Brockport,https://www.brockport.edu/,1147,0.7129,NA,20000,5381,0.3873,0.6815,0.1195,0.1002,0.0264,0.0035,0,0.0251,0.0078,0.0361,0.6424,25635,Brockport,NY,1,0
SUNY Buffalo State University,https://suny.buffalostate.edu/,1080,0.7587,NA,21028,5358,0.5333,0.4522,0.3044,0.1252,0.0651,0.0052,4e-4,0.0424,0.0045,6e-4,0.4223,23171,Buffalo,NY,1,1
State University of New York at Cortland,www2.cortland.edu/,NA,0.5071,NA,21500,5896,0.2685,0.761,0.0405,0.123,0.0117,0.0015,5e-4,0.0219,0.0083,0.0315,0.6565,26413,Cortland,NY,1,0
SUNY at Fredonia,https://www.fredonia.edu/,1213,0.792,NA,24250,2860,0.3745,0.7395,0.072,0.1087,0.0147,0.0045,0,0.0357,0.0143,0.0105,0.6296,25331,Fredonia,NY,1,0
SUNY College at Geneseo,https://www.geneseo.edu/,1296,0.6353,NA,19500,3855,0.2541,0.8169,0.0363,0.0669,0.0296,0.0044,8e-4,0.006,0.0088,0.0304,0.7687,26461,Geneseo,NY,1,0
State University of New York at New Paltz,www.newpaltz.edu/,1267,0.587,33,18750,6022,0.3287,0.586,0.0734,0.23,0.0443,2e-4,0.001,0.0309,0.01,0.0242,0.7428,27034,New Paltz,NY,1,0
SUNY Oneonta,https://suny.oneonta.edu/,1181,0.7015,NA,19812,4820,0.3334,0.7002,0.0579,0.1716,0.0212,0.0019,6e-4,0.0247,0.0012,0.0207,0.7442,27258,Oneonta,NY,1,0
State University of New York at Oswego,https://www.oswego.edu/,1177,0.8039,NA,20880,5618,0.387,0.6515,0.1082,0.1401,0.0279,0.0018,5e-4,0.036,0.0315,0.0025,0.6712,27155,Oswego,NY,1,0
SUNY College at Potsdam,www.potsdam.edu/,NA,0.8548,NA,24250,1951,0.4265,0.7309,0.0748,0.0984,0.0169,0.0154,0.001,0.0292,0.0108,0.0226,0.5035,24489,Potsdam,NY,1,0
SUNY at Purchase College,www.purchase.edu/,1277,0.7283,NA,21067,3110,0.3563,0.5042,0.1209,0.2502,0.0383,3e-4,0.001,0.063,0.0151,0.0071,0.6478,28541,Purchase,NY,1,1
SUNY Old Westbury,www.oldwestbury.edu/,NA,0.8458,NA,14997,3945,0.4738,0.239,0.2454,0.3202,0.1163,0.002,0.002,0.0297,0.0375,0.0079,0.5027,19934,Old Westbury,NY,1,1
SUNY College at Plattsburgh,https://www.plattsburgh.edu/,1180,0.7518,NA,21196,3789,0.3854,0.639,0.113,0.1362,0.0261,0.0034,0.0016,0.0272,0.0346,0.019,0.6497,27415,Plattsburgh,NY,1,0
SUNY Downstate Health Sciences University,https://www.downstate.edu/,NA,NA,NA,12500,286,0.078,0.3112,0.2098,0.1748,0.2238,0,0,0.0315,0.0105,0.0385,NA,NA,Brooklyn,NY,1,1
Empire State University,www.sunyempire.edu/,NA,NA,NA,18730,7046,0.35,0.4919,0.1537,0.1541,0.0302,0.0047,0.002,0.0298,0.0043,0.1293,0.1954,18221,Saratoga Springs,NY,1,1
SUNY Maritime College,www.sunymaritime.edu/,1199,0.7851,NA,23250,1242,0.2062,0.6546,0.058,0.1586,0.0386,8e-4,8e-4,0.0266,0.0266,0.0354,0.7508,28880,Throggs Neck,NY,1,1
Upstate Medical University,www.upstate.edu/,NA,NA,NA,15000,117,0.2468,0.7094,0.0855,0.0256,0.0342,0,0,0.0085,0.0171,0.1197,NA,NA,Syracuse,NY,1,1
Swedish Institute a College of Health Sciences,www.swedishinstitute.edu/,NA,NA,NA,22146,1157,0.8575,0.0363,0.4347,0.2498,0.0458,0,0,0.0475,0.0043,0.1815,NA,37403,New York,NY,0,1
Syracuse University,https://www.syracuse.edu/,1351,0.4169,37,26000,15245,0.1622,0.5532,0.0764,0.1153,0.0733,0.0056,6e-4,0.0439,0.1156,0.0162,0.8337,80396,Syracuse,NY,0,1
Talmudical Seminary Oholei Torah,www.tsot.edu/,NA,0.7808,NA,NA,353,0.6006,0.8867,0,0,0,0,0,0,0.1133,0,0.0455,19724,Brooklyn,NY,0,1
Talmudical Institute of Upstate New York,https://www.tiuny.org/,NA,1,NA,NA,16,0.6429,0.9375,0,0,0,0,0,0,0.0625,0,NA,14550,Rochester,NY,0,1
Tompkins Cortland Community College,www.tompkinscortland.edu/,NA,NA,NA,15750,1456,0.1718,0.6305,0.0755,0.1051,0.0247,7e-4,0,0.0488,0.022,0.0927,NA,19349,Dryden,NY,1,0
Torah Temimah Talmudical Seminary,https://torahtemimahtalmudicalseminary.com/,NA,0.6471,NA,NA,73,0.5821,0.9315,0,0,0,0,0,0,0.0685,0,0.0952,32440,Staten Island,NY,0,1
Touro University,https://www.touro.edu/,1365,0.6301,NA,15547,4004,0.3232,0.541,0.1336,0.1134,0.0257,0.0015,0.0015,0.0137,0.0325,0.1371,0.7226,37824,New York,NY,0,1
Trocaire College,https://trocaire.edu/,NA,0.8301,NA,20000,962,0.5,0.4844,0.3035,0.0728,0.0343,0.0104,0.0021,0.0052,0.0031,0.0842,NA,29500,Buffalo,NY,0,1
Excelsior University,www.excelsior.edu/,NA,NA,NA,13769,12701,0.2491,0.5766,0.189,0.134,0.0304,0.0054,0.0061,0.0387,0.0114,0.0083,NA,NA,Albany,NY,0,1
Ulster County Community College,https://www.sunyulster.edu/,NA,NA,NA,10000,1265,0.1587,0.5818,0.0719,0.2174,0.0182,8e-4,0,0.0451,0.0111,0.0538,NA,12927,Stone Ridge,NY,1,0
Union College,www.union.edu/,1410,0.4379,NA,25337,2070,0.1315,0.6614,0.0401,0.0908,0.0686,0.0014,0.001,0.0338,0.101,0.0019,0.8504,81627,Schenectady,NY,0,1
United Talmudical Seminary,utsny.edu/,NA,NA,NA,NA,2006,0.856,0.9696,0,0.001,0,0,0,0,0.0294,0,0.5084,21624,Brooklyn,NY,0,1
United States Merchant Marine Academy,https://www.usmma.edu/,1226,0.3247,NA,8833,947,0.073,0.7719,0.0201,0.0855,0.0454,0.0011,0.0053,0.0686,0,0.0021,0.8118,9547,Kings Point,NY,1,1
United States Military Academy,www.westpoint.edu/,1355,0.1398,39,NA,4439,NA,0.6303,0.1063,0.1104,0.1104,0.0083,0.007,0.0137,0.0128,7e-4,0.838,NA,West  Point,NY,1,0
Utica University,https://www.utica.edu/,1130,0.8719,NA,22500,2477,0.2961,0.6649,0.0945,0.0945,0.0355,0.0061,0.0016,0.0315,0.0077,0.0638,0.6016,36845,Utica,NY,0,1
Vassar College,www.vassar.edu/,1513,0.1773,NA,18625,2430,0.2086,0.5506,0.0387,0.1189,0.1181,4e-4,0,0.0831,0.0671,0.023,0.925,83573,Poughkeepsie,NY,0,1
Villa Maria College,https://www.villa.edu/,NA,0.8668,NA,21250,536,0.6086,0.4254,0.3657,0.0746,0.0466,0.0075,0,0.0784,0,0.0019,0.3689,33719,Buffalo,NY,0,1
School of Visual Arts,www.sva.edu/,1337,0.9132,NA,27000,3432,0.1472,0.1367,0.0288,0.0941,0.1489,6e-4,0,0.0082,0.5204,0.0624,0.751,75016,New York,NY,0,1
Wagner College,www.wagner.edu/,1234,0.8346,NA,25000,1579,0.227,0.5687,0.0709,0.1564,0.0424,0.0019,0.0013,0.0336,0.0754,0.0494,0.7174,63007,Staten Island,NY,0,1
Webb Institute,www.webb.edu/,1480,0.2,41,NA,105,0.0882,0.7905,0,0.0762,0.0286,0,0,0.0476,0,0.0571,0.7692,78140,Glen Cove,NY,0,1
Wells College,www.wells.edu/,NA,0.6965,NA,26000,355,0.4678,0.5887,0.1465,0.1211,0.0282,0.0056,0,0.0394,0.0056,0.0648,0.5503,51012,Aurora,NY,0,0
The College of Westchester,www.cw.edu/,NA,0.9457,NA,26967,760,0.6667,0.0579,0.3395,0.4776,0.0237,0,0,0.0658,0,0.0355,0.4815,30087,White Plains,NY,0,1
SUNY Westchester Community College,www.sunywcc.edu/,NA,NA,NA,10400,7788,0.3513,0.2228,0.1721,0.494,0.0374,0.0024,0.0013,0.024,0.0209,0.0252,NA,15172,Valhalla,NY,1,1
Westchester School of Beauty Culture,westchesterschoolofbeautycultureny.com/,NA,NA,NA,NA,55,0.5914,0.1273,0.3818,0.3636,0.0182,0,0,0,0.1091,0,NA,NA,Mount Vernon,NY,0,1
Word of Life Bible Institute,www.wordoflife.edu/,NA,NA,NA,12000,549,0.386,0.6922,0.0328,0.0546,0.0146,0.0036,0,0.0036,0.1293,0.0692,NA,21300,Pottersville,NY,0,0
Yeshiva Karlin Stolin,https://yeshivakarlinstolin.org/,NA,NA,NA,NA,136,0.7869,1,0,0,0,0,0,0,0,0,0.5,17595,Brooklyn,NY,0,1
Yeshiva Derech Chaim,https://ydc.edu/,NA,0.7021,NA,NA,119,0.3964,0.916,0,0,0,0,0,0,0.084,0,0.1818,21071,Brooklyn,NY,0,1
Yeshiva of Nitra Rabbinical College,yeshivaofnitra.org/,NA,NA,NA,NA,249,0.7788,1,0,0,0,0,0,0,0,0,0.2069,22800,Chester,NY,0,0
Yeshivath Shaar Hatorah,shaarhatorah.edu/,NA,0.9184,NA,NA,84,0.1408,1,0,0,0,0,0,0,0,0,0.5172,21870,Kew Gardens,NY,0,1
Yeshiva University,www.yu.edu/,1410,0.6375,NA,18250,2942,0.1406,0.5965,0.0017,0.0204,0.001,3e-4,0,0.0058,0.0629,0.3114,0.8228,69117,New York,NY,0,1
Yeshivath Viznitz,https://yeshivathviznitz.com/,NA,0.9373,NA,NA,921,0.8095,0.9946,0,0,0,0,0,0,0.0054,0,0.757,16896,Monsey,NY,0,1
Yeshivath Zichron Moshe,https://yeshivathzichronmoshe.com/,NA,0.5217,NA,NA,176,0.5031,0.9375,0,0,0,0,0,0,0.0625,0,0,22100,South Fallsburg,NY,0,0
College of the Albemarle,www.albemarle.edu/,NA,NA,NA,NA,1271,0.1876,0.6145,0.1471,0.0787,0.0063,0.0016,8e-4,0.0315,0.074,0.0456,NA,13202,Elizabeth City,NC,1,0
South Piedmont Community College,https://www.spcc.edu/,NA,NA,NA,NA,1555,0.1774,0.492,0.2032,0.2,0.0167,0.0051,6e-4,0.0354,0.009,0.0379,NA,12511,Polkton,NC,1,0
Appalachian State University,https://www.appstate.edu/,1187,0.8864,32,20231,19304,0.257,0.8068,0.0306,0.088,0.0178,0.0017,2e-4,0.0463,0.0028,0.0058,0.7415,22654,Boone,NC,1,0
Asheville-Buncombe Technical Community College,www.abtech.edu/,NA,NA,NA,15528,4909,0.2941,0.6944,0.054,0.1499,0.0171,0.0067,0.0026,0.0293,0.0139,0.032,NA,16063,Asheville,NC,1,1
Barton College,https://www.barton.edu/,NA,0.9587,NA,25877,1020,0.369,0.5471,0.2706,0.1127,0.0039,0.0049,0,0.0098,0.049,0.002,0.5229,48055,Wilson,NC,0,0
Beaufort County Community College,www.beaufortccc.edu/,NA,NA,NA,NA,1560,0.3111,0.4737,0.3045,0.1404,0.0032,0.0013,0,0.0269,0.0013,0.0487,NA,15189,Washington,NC,1,0
Belmont Abbey College,www.belmontabbeycollege.edu/,1082,0.9038,NA,26000,1454,0.2542,0.6396,0.0839,0.086,0.0151,0.0014,0.0034,0.0241,0.0406,0.1059,0.4578,32494,Belmont,NC,0,1
Bennett College,https://www.bennett.edu/,890,0.3361,NA,28130,191,0.75,0.0052,0.5393,0.0262,0.0052,0.0052,0,0.2042,0.0524,0.1623,0.223,39900,Greensboro,NC,0,1
Bladen Community College,https://www.bladencc.edu/,NA,NA,NA,NA,880,0.6708,0.3989,0.2557,0.1398,0,0.1352,0.0045,0.042,0.0023,0.0216,NA,11271,Dublin,NC,1,0
Blue Ridge Community College,www.blueridge.edu/,NA,NA,NA,12000,1788,0.3281,0.7097,0.0531,0.1544,0.0157,0.0073,0,0,0.0157,0.0442,NA,13097,Flat Rock,NC,1,1
Brevard College,https://www.brevard.edu/,1064,0.395,NA,25000,760,0.3769,0.6408,0.1342,0.0816,0.0105,0.0092,0,0.0645,0.0579,0.0013,0.3252,45413,Brevard,NC,0,0
Brunswick Community College,www.brunswickcc.edu/,NA,NA,NA,NA,1124,0.3212,0.6931,0.129,0.0925,0.0018,0.0142,0.0018,0.0454,0,0.0222,NA,12767,Bolivia,NC,1,0
Cabarrus College of Health Sciences,https://cabarruscollege.edu/,1020,0.4921,27,16000,602,0.2772,0.5631,0.2591,0.0831,0.0316,0.0033,0.0017,0.0581,0,0,NA,24764,Concord,NC,0,1
Caldwell Community College and Technical Institute,https://www.cccti.edu/,NA,NA,NA,8750,2331,0.2914,0.7645,0.0571,0.0922,0.015,0.0069,9e-4,0.0193,0.009,0.0352,NA,15625,Hudson,NC,1,1
Campbell University,https://www.campbell.edu/,NA,0.9429,NA,22500,2790,0.3332,0.5817,0.1552,0.128,0.0186,0.0061,0.0014,0.0462,0.0233,0.0394,0.5572,58752,Buies Creek,NC,0,0
Cape Fear Community College,www.cfcc.edu/,NA,NA,NA,9500,9497,0.1766,0.6751,0.1005,0.1167,0.0128,0.0094,0.0019,0.032,0.0035,0.0482,NA,13977,Wilmington,NC,1,1
Carteret Community College,www.carteret.edu/,NA,NA,NA,NA,1144,0.3771,0.7395,0.0935,0.0892,0.014,0.0044,9e-4,0.0367,0.0052,0.0166,NA,21009,Morehead City,NC,1,0
Catawba College,www.catawba.edu/,1136,0.777,NA,25000,1127,0.3942,0.5528,0.2103,0.0976,0.0124,0.0035,0.0018,0.0319,0.0577,0.0319,0.5981,47866,Salisbury,NC,0,1
Catawba Valley Community College,www.cvcc.edu/,NA,NA,NA,4938,3517,0.3253,0.615,0.062,0.1862,0.0708,0.0028,0.002,0.0367,0.0102,0.0142,NA,18703,Hickory,NC,1,1
Central Carolina Community College,www.cccc.edu/,NA,NA,NA,NA,3255,0.2474,0.4879,0.1859,0.2341,0.0132,0.0083,0.0015,0.0384,0.0015,0.0292,NA,10451,Sanford,NC,1,0
Central Piedmont Community College,www.cpcc.edu/,NA,NA,NA,7925,13640,0.3868,0.34,0.2893,0.1968,0.0438,0.0045,0.0012,0.0328,0.0676,0.024,NA,10951,Charlotte,NC,1,1
Chowan University,https://www.chowan.edu/,970,0.7237,NA,29491,638,0.6075,0.2806,0.4984,0.0455,0,0.0078,0.0031,0.0361,0.069,0.0596,0.2862,37837,Murfreesboro,NC,0,0
Cleveland Community College,www.clevelandcc.edu/,NA,NA,NA,NA,1236,0.4784,0.682,0.1837,0.0542,0.0073,0.0024,0.0024,0.0364,0.0073,0.0243,NA,5477,Shelby,NC,1,0
Coastal Carolina Community College,www.coastalcarolina.edu/,NA,NA,NA,NA,2682,0.3066,0.5559,0.1879,0.1801,0.0362,0.0164,0.0075,0,0.016,0,NA,15130,Jacksonville,NC,1,1
Craven Community College,https://cravencc.edu/,NA,NA,NA,NA,1877,0.3426,0.5466,0.1854,0.114,0.0384,0.0064,0.0021,0.0597,0.0107,0.0368,NA,12205,New Bern,NC,1,0
Davidson-Davie Community College,www.davidsondavie.edu/,NA,NA,NA,10500,2454,0.3025,0.6385,0.1728,0.1218,0.0175,0.0045,0,0.0208,0,0.024,NA,14779,Thomasville,NC,1,0
Davidson College,https://davidson.edu/,1448,0.1448,NA,18688,1901,0.1655,0.6118,0.0679,0.101,0.0589,0.0026,5e-4,0.0484,0.0968,0.0121,0.9,75865,Davidson,NC,0,1
Duke University,www.duke.edu/,1539,0.0678,43,13000,6417,0.1274,0.3611,0.0849,0.1077,0.2317,0.0017,6e-4,0.075,0.0974,0.0399,0.9628,82749,Durham,NC,0,1
Durham Technical Community College,www.durhamtech.edu/,NA,NA,NA,14750,3195,0.3073,0.2604,0.3318,0.2291,0.0476,0.0022,0.0013,0.0272,0.0679,0.0326,NA,10745,Durham,NC,1,1
East Carolina University,https://www.ecu.edu/,1143,0.9006,NA,22750,19857,0.3134,0.6329,0.1593,0.0991,0.0259,0.0047,8e-4,0.04,0.0064,0.0308,0.6701,23689,Greenville,NC,1,1
Edgecombe Community College,www.edgecombe.edu/,NA,NA,NA,15917,938,0.4702,0.3038,0.5469,0.081,0.0064,0.0085,0.0011,0.0171,0.0064,0.0288,NA,12607,Tarboro,NC,1,0
Elizabeth City State University,https://www.ecsu.edu/,NA,0.7049,NA,21463,1863,0.5253,0.1691,0.6849,0.0478,0.0059,0.0064,5e-4,0.059,0.014,0.0123,0.4091,18837,Elizabeth City,NC,1,0
Elon University,www.elon.edu/,1222,0.6731,NA,20500,6402,0.0915,0.7843,0.053,0.0683,0.0231,0.0011,2e-4,0.0261,0.0222,0.0219,0.8366,59369,Elon,NC,0,1
Fayetteville Technical Community College,https://www.faytechcc.edu/,NA,NA,NA,11500,8814,0.3436,0.3303,0.398,0.1459,0.0192,0.0307,0.005,0.0405,0.0073,0.0231,NA,11845,Fayetteville,NC,1,1
Fayetteville State University,https://www.uncfsu.edu/,972,0.7989,23,22987,5493,0.5259,0.1538,0.6328,0.0999,0.0118,0.012,9e-4,0.0577,0.0095,0.0215,0.3892,16098,Fayetteville,NC,1,1
Forsyth Technical Community College,https://www.forsythtech.edu/,NA,NA,NA,10000,6939,0.411,0.3965,0.2732,0.208,0.0179,0.0043,0.0014,0.0382,0.0147,0.0458,NA,11617,Winston-Salem,NC,1,1
Gardner-Webb University,www.gardner-webb.edu/,1146,0.8702,28,24222,1836,0.2682,0.4984,0.158,0.0403,0.0098,0.0054,0.0016,0.0202,0.0016,0.2647,0.4592,48813,Boiling Springs,NC,0,0
Gaston College,www.gaston.edu/,NA,NA,NA,NA,3359,0.2611,0.5061,0.187,0.109,0.0095,0.0027,0.0012,0.0339,0.0095,0.1411,NA,16008,Dallas,NC,1,1
Greensboro College,https://www.greensboro.edu/,NA,0.9205,NA,25607,656,0.4507,0.4482,0.3369,0.1006,0.0076,0.003,0.0015,0.061,0,0.0412,0.3009,34729,Greensboro,NC,0,1
Guilford College,https://www.guilford.edu/,1120,0.8376,NA,26000,1011,0.4358,0.4619,0.272,0.1592,0.0227,0.003,0.001,0.0554,0.0188,0.0059,0.5498,55495,Greensboro,NC,0,1
Guilford Technical Community College,www.gtcc.edu/,NA,NA,NA,14901,8179,0.4136,0.3447,0.3618,0.1543,0.0477,0.0065,0.001,0.0347,0.0161,0.0333,NA,18425,Jamestown,NC,1,1
Halifax Community College,www.halifaxcc.edu/,NA,NA,NA,NA,540,0.3106,0.3537,0.4704,0.0556,0.0037,0.0389,0.0019,0.013,0.0074,0.0556,NA,11481,Weldon,NC,1,0
Haywood Community College,https://www.haywood.edu/,NA,NA,NA,NA,793,0.31,0.7932,0.0567,0.0757,0.0063,0.0126,0.0013,0.0164,0,0.0378,NA,13546,Clyde,NC,1,0
Heritage Bible College,www.heritagebiblecollege.edu/,NA,NA,NA,NA,28,0.7692,0.4643,0.5,0.0357,0,0,0,0,0,0,0.25,18027,Dunn,NC,0,0
High Point University,www.highpoint.edu/,1242,0.7683,NA,24575,4970,0.105,0.762,0.074,0.0801,0.0213,0.0042,6e-4,0.0058,0.0028,0.0491,0.7033,61582,High Point,NC,0,1
Isothermal Community College,https://www.isothermal.edu/,NA,NA,NA,NA,1056,0.3433,0.715,0.1127,0.09,0.0038,0.0047,0,0.0407,0.0076,0.0256,NA,13601,Spindale,NC,1,0
James Sprunt Community College,www.jamessprunt.edu/,NA,NA,NA,NA,761,0.3833,0.4192,0.2904,0.2326,0.0026,0.0053,0.0013,0.021,0.0118,0.0158,NA,12530,Kenansville,NC,1,0
Johnson C Smith University,https://www.jcsu.edu/,NA,0.4287,NA,30000,1047,0.6778,0.0057,0.7765,0.0038,0.0019,0.0057,0.001,0.0019,0.0105,0.1929,0.4114,34228,Charlotte,NC,0,1
Johnston Community College,www.johnstoncc.edu/,NA,NA,NA,NA,2998,0.2317,0.568,0.1591,0.2115,0.0073,0.005,0.001,0.0243,0.0037,0.02,NA,12582,Smithfield,NC,1,0
Lees-McRae College,www.lmc.edu/,NA,0.8075,NA,17375,817,0.3743,0.7405,0.0832,0.0526,0.0171,0.0086,0.0024,0.0147,0.0404,0.0404,0.404,45886,Banner Elk,NC,0,0
Lenoir Community College,https://www.lenoircc.edu/,NA,NA,NA,NA,1311,0.4156,0.4889,0.3471,0.119,0.0076,0.0046,0.0023,0.0305,0,0,NA,15604,Kinston,NC,1,0
Lenoir-Rhyne University,www.lr.edu/,NA,0.8068,NA,26000,1348,0.3976,0.6046,0.138,0.0875,0.0215,0.0059,7e-4,0.0512,0.069,0.0215,0.4865,57649,Hickory,NC,0,1
Leons Beauty School Inc,www.leonsbeauty.com/,NA,NA,NA,NA,129,0.5455,0.6434,0.1395,0.1783,0,0.0078,0,0.0155,0,0.0155,NA,NA,Greensboro,NC,0,1
Livingstone College,livingstone.edu/,NA,0.7409,NA,31125,798,0.8393,0.0138,0.891,0.005,0.0013,0.005,0.0013,0.0451,0.0301,0.0075,0.2375,28227,Salisbury,NC,0,1
Louisburg College,www.louisburg.edu/,NA,0.3205,NA,12000,413,0.6437,0.23,0.6586,0.0702,0.0048,0,0.0024,0.0242,0.0097,0,NA,36813,Louisburg,NC,0,0
Mars Hill University,www.mhu.edu/,NA,0.7789,NA,26000,995,0.4225,0.6302,0.1799,0.0985,0.0131,0.008,0.002,0.007,0.0422,0.0191,0.3377,48794,Mars Hill,NC,0,0
Martin Community College,www.martincc.edu/,NA,NA,NA,NA,302,0.2494,0.5265,0.4338,0.0066,0,0.0066,0,0.0066,0.0033,0.0166,NA,11800,Williamston,NC,1,0
Mayland Community College,https://www.mayland.edu/,NA,NA,NA,NA,371,0.2558,0.8814,0.0081,0.0566,0,0.0135,0.0054,0.0081,0,0.027,NA,14101,Spruce Pine,NC,1,0
McDowell Technical Community College,https://www.mcdowelltech.edu/,NA,NA,NA,NA,614,0.3673,0.7052,0.0326,0.0961,0.013,0.0016,0,0.1254,0,0.0261,NA,16949,Marion,NC,1,0
Meredith College,www.meredith.edu/,1224,0.7466,NA,25000,1288,0.3276,0.6227,0.0901,0.1677,0.0481,0.0031,0.0016,0.0326,0.0225,0.0116,0.6872,55557,Raleigh,NC,0,1
Methodist University,www.methodist.edu/,1201,0.752,30,27000,1425,0.3867,0.4639,0.2196,0.1018,0.0112,0.0112,0.0021,0.0267,0.0632,0.1004,0.3901,53585,Fayetteville,NC,0,1
Miller-Motte College-Wilmington,https://www.miller-motte.edu/,NA,NA,NA,15917,152,0.6488,0.3158,0.5658,0.0592,0.0066,0.0132,0,0.0329,0,0.0066,0.202,NA,Wilmington,NC,0,1
Mitchell Community College,https://www.mitchellcc.edu/,NA,NA,NA,NA,1692,0.2141,0.6365,0.1271,0.1566,0.026,0.0065,0,0.0461,0,0.0012,NA,15679,Statesville,NC,1,0
Mitchells Academy,www.mitchells.edu/,NA,NA,NA,4144,33,0.6222,0.7879,0.1818,0,0,0,0,0.0303,0,0,NA,NA,Raleigh,NC,0,1
Montgomery Community College,www.montgomery.edu/,NA,NA,NA,NA,854,0.2829,0.5094,0.1651,0.2635,0.0211,0.007,0,0.0176,0,0.0164,NA,14100,Troy,NC,1,0
Montreat College,https://www.montreat.edu/,NA,0.6555,NA,25813,750,0.4037,0.608,0.12,0.012,0.0107,0.0227,0.0213,0.0093,0.0093,0.1867,0.3145,45829,Montreat,NC,0,1
University of Mount Olive,https://umo.edu/,1020,0.7775,NA,27209,1754,0.4695,0.5205,0.2491,0.1049,0.0063,0.0068,6e-4,0.0582,0.041,0.0125,0.4853,35362,Mount Olive,NC,0,0
College of Wilmington,www.collegeofwilmington.edu/,NA,NA,NA,9423,154,0.5882,0.5195,0.1494,0.0779,0.0065,0,0,0.013,0,0.2338,NA,NA,Wilmington,NC,0,1
Nash Community College,https://www.nashcc.edu/,NA,NA,NA,11500,1422,0.2934,0.4578,0.3502,0.1146,0.0091,0.019,7e-4,0.0239,0.0077,0.0169,NA,11198,Rocky Mount,NC,1,0
North Carolina A & T State University,www.ncat.edu/,1048,0.4617,NA,27000,11925,0.5066,0.0336,0.8558,0.0458,0.0042,0.002,2e-4,0.0424,0.0052,0.0107,0.5498,19180,Greensboro,NC,1,1
University of North Carolina Asheville,https://unca.edu/,1247,0.9389,NA,20500,2790,0.3133,0.743,0.0545,0.0968,0.0143,0.0022,0,0.048,0.0154,0.0258,0.6544,21061,Asheville,NC,1,1
University of North Carolina at Chapel Hill,https://www.unc.edu/,1454,0.1874,34,14000,20556,0.2026,0.5407,0.0818,0.0979,0.1483,0.0032,4e-4,0.0515,0.0531,0.0232,0.9222,25181,Chapel Hill,NC,1,1
University of North Carolina at Charlotte,https://www.charlotte.edu/,1202,0.8021,31,21500,23567,0.3378,0.4853,0.1697,0.1473,0.104,0.0029,6e-4,0.0506,0.0217,0.0179,0.6774,22034,Charlotte,NC,1,1
University of North Carolina at Greensboro,www.uncg.edu/,1187,0.8983,30,22858,13848,0.471,0.3902,0.3067,0.1661,0.0579,0.0023,7e-4,0.0526,0.0121,0.0114,0.5911,19628,Greensboro,NC,1,1
North Carolina Central University,https://www.nccu.edu/,1023,0.9049,NA,28250,5400,0.5664,0.04,0.8354,0.0541,0.0098,0.0024,4e-4,0.045,0.0031,0.0098,0.5223,25618,Durham,NC,1,1
University of North Carolina School of the Arts,www.uncsa.edu/,1250,0.331,NA,23870,902,0.2478,0.5965,0.1098,0.1486,0.0277,0.0033,0.0022,0.0599,0.0299,0.0222,0.7222,25553,Winston Salem,NC,1,1
North Carolina State University at Raleigh,www.ncsu.edu/,1380,0.3985,37,20121,26389,0.191,0.6746,0.0579,0.0851,0.0958,0.0037,7e-4,0.048,0.0233,0.0108,0.8588,25613,Raleigh,NC,1,1
North Carolina Wesleyan University,www.ncwc.edu/,NA,0.7795,NA,25000,1169,0.4692,0.2395,0.4286,0.0325,0.0051,0.0103,9e-4,0.0445,0.1403,0.0984,0.4026,48263,Rocky Mount,NC,0,1
University of North Carolina Wilmington,www.uncw.edu/,1262,0.7401,33,19500,14176,0.2381,0.7894,0.0425,0.0862,0.0187,0.0039,9e-4,0.0347,0.0116,0.0121,0.7288,25913,Wilmington,NC,1,1
Pamlico Community College,www.pamlicocc.edu/,NA,NA,NA,NA,240,0.3193,0.4458,0.3875,0.0583,0.0208,0.0208,0.0042,0.025,0,0.0375,NA,14125,Grantsboro,NC,1,0
William Peace University,www.peace.edu/,1198,0.9736,NA,22250,661,0.345,0.5356,0.1967,0.1301,0.0227,0.0045,0,0.0756,0.0045,0.0303,0.4206,49103,Raleigh,NC,0,1
University of North Carolina at Pembroke,https://www.uncp.edu/,NA,0.9236,NA,25000,5386,0.4763,0.3528,0.2739,0.1058,0.0095,0.1426,0.0019,0.0719,0.0291,0.0126,0.449,16854,Pembroke,NC,1,0
Pfeiffer University,www.pfeiffer.edu/,NA,0.953,NA,26163,654,0.5564,0.5933,0.2064,0.1086,0.0015,0.0015,0.0015,0.0596,0.0275,0,0.3439,46700,Misenheimer,NC,0,0
Piedmont Community College,www.piedmontcc.edu/,NA,NA,NA,NA,707,0.2861,0.5658,0.2984,0.0707,0.0057,0.0085,0.0014,0.0311,0.0042,0.0141,NA,16067,Roxboro,NC,1,0
Pitt Community College,https://pittcc.edu/,NA,NA,NA,11977,5175,0.3754,0.4375,0.3681,0.103,0.01,0.0068,0.0017,0.0313,0.005,0.0365,NA,15807,Winterville,NC,1,1
Queens University of Charlotte,www.queens.edu/,1223,0.6768,NA,25000,1362,0.2172,0.5176,0.1432,0.1307,0.0308,0.0015,0.0029,0.0015,0.127,0.0448,0.6536,56944,Charlotte,NC,0,1
Randolph Community College,https://www.randolph.edu/,NA,NA,NA,NA,1446,0.3179,0.6252,0.0685,0.2089,0.0076,0.0062,0.0014,0.0194,0.0076,0.0553,NA,15688,Asheboro,NC,1,0
Richmond Community College,https://www.richmondcc.edu/,NA,NA,NA,NA,1279,0.3057,0.4027,0.3315,0.0641,0.0047,0.1353,0.0016,0.0281,8e-4,0.0313,NA,15715,Hamlet,NC,1,0
Mid-Atlantic Christian University,www.macuniversity.edu/,NA,0.7621,23,27000,161,0.4662,0.4907,0.354,0.0621,0.0062,0.0124,0,0.0683,0.0062,0,0.4615,31429,Elizabeth City,NC,0,0
Roanoke-Chowan Community College,www.roanokechowan.edu/,NA,NA,NA,NA,265,0.3392,0.1925,0.7396,0.0113,0.0151,0.0075,0.0075,0.0075,0.0075,0.0113,NA,11560,Ahoskie,NC,1,0
Robeson Community College,www.robeson.edu/,NA,NA,NA,NA,1454,0.4724,0.1905,0.218,0.1162,0.0028,0.4113,0,0,0,0.0612,NA,15753,Lumberton,NC,1,0
Rockingham Community College,https://www.rockinghamcc.edu/,NA,NA,NA,NA,1071,0.44,0.6359,0.1681,0.0896,0.0037,0.0047,0,0.043,0.0093,0.0458,NA,10236,Wentworth,NC,1,0
Rowan-Cabarrus Community College,https://www.rccc.edu/,NA,NA,NA,9458,4073,0.2806,0.509,0.218,0.164,0.015,0.0039,2e-4,0.0358,0.0268,0.0273,NA,14666,Salisbury,NC,1,1
Saint Augustine's University,www.st-aug.edu/,NA,0.5873,NA,29669,766,0.5244,0.017,0.846,0.03,0.0117,0.0209,0.0013,0,0.0731,0,0.2308,30324,Raleigh,NC,0,1
Salem College,www.salem.edu/,1168,0.8703,NA,26649,390,0.4876,0.4564,0.2,0.1872,0.0154,0.0077,0,0.0872,0.0205,0.0256,0.6739,47947,Winston-Salem,NC,0,1
Sampson Community College,www.sampsoncc.edu/,NA,NA,NA,NA,941,0.5013,0.3688,0.2582,0.2763,0.0032,0.0244,0.0021,0.0425,0.0138,0.0106,NA,14337,Clinton,NC,1,0
Sandhills Community College,https://www.sandhills.edu/,NA,NA,NA,NA,2375,0.3245,0.5255,0.1785,0.1339,0.0156,0.0286,8e-4,0.0476,0.0034,0.0661,NA,18596,Pinehurst,NC,1,0
Shaw University,www.shawu.edu/,NA,0.3048,NA,32500,839,0.6515,0.0274,0.6317,0.0381,0.006,0.0024,0.0024,0.0501,0.1049,0.1371,0.1805,29659,Raleigh,NC,0,1
Paul Mitchell the School-Fayetteville,paulmitchell.edu/fayetteville,NA,NA,NA,11740,179,0.657,0.4078,0.4246,0.095,0.0056,0.0223,0.0056,0.0168,0.0056,0.0168,NA,NA,Fayetteville,NC,0,1
St. Andrews University,www.sa.edu/,NA,NA,NA,25250,806,0.4769,0.2605,0.1787,0.0931,0.0087,0.0248,0,0.0335,0.036,0.3648,0.4167,49709,Laurinburg,NC,0,0
Southeastern Community College,www.sccnc.edu/,NA,NA,NA,NA,821,0.4535,0.5652,0.257,0.0646,0.0024,0.0426,0,0.0572,0,0.011,NA,14567,Whiteville,NC,1,0
Southwestern Community College,https://www.southwesterncc.edu/,NA,NA,NA,10500,1304,0.301,0.7124,0.0238,0.0989,0.01,0.102,8e-4,0.0314,0.0061,0.0146,NA,14429,Sylva,NC,1,0
Stanly Community College,www.stanly.edu/,NA,NA,NA,NA,1430,0.3131,0.6336,0.2077,0.0462,0.0224,0.0035,7e-4,0.0287,0.0077,0.0497,NA,12847,Albemarle,NC,1,0
Southeastern Baptist Theological Seminary,www.sebts.edu/,1090,0.7661,NA,NA,466,0.1826,0.7854,0.0343,0.0601,0.0258,0.0043,0,0,0.0021,0.088,0.5882,20909,Wake Forest,NC,0,1
Surry Community College,https://surry.edu/,NA,NA,NA,NA,1445,0.2517,0.7488,0.0339,0.173,0.0028,0.0021,7e-4,0.0263,0.0014,0.0111,NA,14199,Dobson,NC,1,0
Alamance Community College,www.alamancecc.edu/,NA,NA,NA,NA,2393,0.246,0.4605,0.1864,0.2081,0.0196,0.005,0,0.0251,0.0422,0.0531,NA,22570,Graham,NC,1,1
Tri-County Community College,https://www.tricountycc.edu/,NA,NA,NA,NA,435,0.2984,0.8322,0.0276,0.0782,0.0092,0.0161,0.0023,0.0161,0,0.0184,NA,14581,Murphy,NC,1,0
Vance-Granville Community College,www.vgcc.edu/,NA,NA,NA,NA,1613,0.3138,0.4371,0.3887,0.0942,0.0087,0.0056,0.0012,0.0223,0.0062,0.036,NA,13525,Henderson,NC,1,0
Wake Forest University,www.wfu.edu/,1469,0.21560000000000001,NA,21500,5471,0.0949,0.6427,0.0658,0.096,0.0528,5e-4,2e-4,0.0561,0.0757,0.0102,0.9072,82818,Winston-Salem,NC,0,1
Wake Technical Community College,www.waketech.edu/,NA,NA,NA,12000,18605,0.2731,0.4456,0.2196,0.1818,0.0493,0.0044,0.0013,0.0408,0.0233,0.0339,NA,16798,Raleigh,NC,1,1
Warren Wilson College,https://www.warren-wilson.edu/,1290,0.7762,NA,25000,720,0.3707,0.7778,0.0472,0.0722,0.0139,0.0042,0,0.0431,0.0292,0.0125,0.3949,53576,Swannanoa,NC,0,0
Watts College of Nursing,wattscollegeofnursing.edu/,NA,NA,NA,NA,134,0.2454,0.5522,0.2537,0.0299,0.0522,0.0075,0,0.0224,0,0.0821,NA,NA,Durham,NC,0,1
Wayne Community College,www.waynecc.edu/,NA,NA,NA,6500,1998,0.3748,0.512,0.2337,0.2117,0.0105,0.0055,0.001,0.0165,0.0035,0.0055,NA,11311,Goldsboro,NC,1,1
Western Piedmont Community College,https://www.wpcc.edu/,NA,NA,NA,NA,1332,0.3305,0.7012,0.0518,0.1547,0.0728,0.003,0.003,0.006,0.0053,0.0023,NA,15451,Morganton,NC,1,1
Wilkes Community College,www.wilkescc.edu/,NA,NA,NA,7625,1881,0.2913,0.7842,0.0276,0.1361,0.008,0.0021,5e-4,0.0255,0.0027,0.0133,NA,10494,Wilkesboro,NC,1,0
Wilson Community College,www.wilsoncc.edu/,NA,NA,NA,10500,807,0.2507,0.461,0.3755,0.0905,0.0211,0.0062,0,0.0099,0,0.0359,NA,13807,Wilson,NC,1,0
Wingate University,https://www.wingate.edu/,1083,0.8499,NA,25000,2462,0.4143,0.4139,0.2478,0.1007,0.0191,0.0032,0.0016,0.0849,0.0967,0.0321,0.619,57780,Wingate,NC,0,1
Carolina Christian College,www.carolina.edu/,NA,NA,NA,NA,53,1,0.0189,0.7547,0.1509,0,0,0,0.0755,0,0,NA,18252,Winston Salem,NC,0,1
Winston Salem Barber School,www.wsbarberschool.com/,NA,NA,NA,NA,36,0.7065,0.0278,0.8056,0.1389,0,0,0,0,0,0.0278,NA,NA,Winston-Salem,NC,0,1
Winston-Salem State University,www.wssu.edu/,946,0.6855,NA,25000,4244,0.6149,0.054,0.8308,0.0483,0.0071,0.0038,7e-4,0.0379,0.0054,0.012,0.4705,22345,Winston-Salem,NC,1,1
Western Carolina University,www.wcu.edu/,1151,0.8666,NA,21868,9867,0.3285,0.7619,0.0657,0.0866,0.0126,0.0087,0.0014,0.0396,0.015,0.0085,0.6204,19057,Cullowhee,NC,1,0
Rasmussen University-North Dakota,https://rasmussen.edu/,NA,NA,NA,20899,44,0.4614,0.5455,0.1591,0.1136,0.0455,0,0,0.0455,0,0.0909,NA,24675,Fargo,ND,0,1
Bismarck State College,https://bismarckstate.edu/,NA,NA,NA,11533,2629,0.1403,0.8136,0.0312,0.0563,0.0065,0.0175,0.0015,0.0521,0.0114,0.0099,NA,15274,Bismarck,ND,1,1
Dickinson State University,www.dickinsonstate.edu/,NA,0.6005,NA,18442,1108,0.2176,0.769,0.0244,0.0857,0.0072,0.0153,0.0063,0.0397,0.0325,0.0199,0.3681,20155,Dickinson,ND,1,0
Nueta Hidatsa Sahnish College,www.nhsc.edu/,NA,NA,NA,NA,139,0.3081,0.0791,0.0144,0.0576,0,0.777,0.0072,0.0647,0,0,0,10361,New Town,ND,1,0
Josef's School of Hair Skin & Body-Grand Forks,www.josefsschoolofhairdesign.com/,NA,NA,NA,7917,44,0.5139,0.75,0,0.1364,0,0.0909,0,0,0,0.0227,NA,NA,Grand Forks,ND,0,1
University of Jamestown,www.uj.edu/,NA,0.9351,NA,27000,947,0.2607,0.68,0.0253,0.0834,0.0042,0.0032,0.0021,0.0306,0.0623,0.1088,0.5565,36960,Jamestown,ND,0,0
Lake Region State College,www.lrsc.edu/,NA,NA,NA,10293,599,0.1054,0.6795,0.0417,0.0952,0.005,0.0267,0.0033,0.0618,0.0651,0.0217,NA,15890,Devils Lake,ND,1,0
Cankdeska Cikana Community College,www.littlehoop.edu/,NA,NA,NA,NA,278,0.5475,0.0863,0,0.018,0.0036,0.8669,0,0.0216,0,0.0036,NA,13745,Fort Totten,ND,1,0
University of Mary,https://www.umary.edu/,NA,0.7825,NA,24000,2280,0.178,0.7952,0.0232,0,0.0149,0.0171,0.0053,0.0254,0.0285,0.0904,0.6501,32879,Bismarck,ND,0,0
Mayville State University,www.mayvillestate.edu/,NA,NA,NA,18585,704,0.2442,0.7259,0.0582,0.0682,0.0071,0.0199,0.0028,0.0866,0.0227,0.0085,0.3228,21042,Mayville,ND,1,0
Minot State University,www.minotstateu.edu/,1084,0.7221,NA,19609,2072,0.2411,0.6404,0.0454,0.0951,0.013,0.0193,0.0039,0.0652,0.1052,0.0125,0.4936,18141,Minot,ND,1,1
University of North Dakota,https://und.edu/,NA,0.7709,NA,22057,9296,0.1648,0.786,0.0253,0.0572,0.0227,0.0106,0.0012,0.046,0.0381,0.0128,0.6376,24580,Grand Forks,ND,1,1
North Dakota State College of Science,https://www.ndscs.edu/,NA,NA,NA,12000,1733,0.1666,0.7998,0.06,0.0433,0.0098,0.0127,0.0012,0.0479,0.0052,0.0202,NA,16291,Wahpeton,ND,1,0
Dakota College at Bottineau,www.dakotacollege.edu/,NA,NA,NA,10507,417,0.1222,0.6091,0.0552,0.0791,0.0072,0.0288,0,0.0791,0.1319,0.0096,NA,17270,Bottineau,ND,1,0
North Dakota State University-Main Campus,https://www.ndsu.edu/,1120,0.9581,NA,23199,9567,0.1872,0.8539,0.0318,0.0306,0.0164,0.0065,3e-4,0.0437,0.0075,0.0093,0.6644,23391,Fargo,ND,1,1
Williston State College,https://willistonstate.edu/,NA,NA,NA,10099,686,0.2037,0.5335,0.0496,0.1939,0.016,0.0219,0.0015,0.0816,0.086,0.016,NA,18119,Williston,ND,1,0
Sitting Bull College,https://www.sittingbull.edu/,NA,NA,NA,NA,226,0.6883,0.0708,0,0.0133,0,0.9159,0,0,0,0,NA,9847,Fort Yates,ND,1,0
Trinity Bible College and Graduate School,trinitybiblecollege.edu/,1120,0.3622,NA,22531,138,0.5,0.7246,0.0435,0.0942,0.029,0.0217,0,0.0725,0,0.0145,0.5,29953,Ellendale,ND,0,0
Turtle Mountain Community College,www.tm.edu/,NA,NA,NA,NA,613,0.5826,0.0228,0,0.0033,0,0.9739,0,0,0,0,0.2727,14760,Belcourt,ND,0,0
United Tribes Technical College,https://uttc.edu/,NA,NA,NA,NA,532,0.751,0.0188,0.0056,0.0019,0.0019,0.9643,0,0.0075,0,0,NA,12498,Bismarck,ND,0,1
Valley City State University,www.vcsu.edu/,1090,0.6931,NA,20369,918,0.1729,0.7985,0.0327,0.0588,0.0065,0.0087,0.0087,0.0566,0.024,0.0054,0.5376,20713,Valley City,ND,1,0
ETI Technical College,https://eticollege.edu/,NA,NA,NA,13805,182,0.7303,0.6154,0.3242,0.011,0.011,0.0055,0,0.0275,0,0.0055,NA,20701,Niles,OH,0,1
Herzing University-Akron,https://www.herzing.edu/,NA,0.9403,NA,21500,378,0.7832,0.5212,0.3704,0.037,0.0106,0,0,0.045,0,0.0159,0,26588,Akron,OH,0,1
University of Akron Main Campus,www.uakron.edu/,1088,0.7091,NA,23250,10011,0.2886,0.6899,0.1308,0.0393,0.0452,0.0018,8e-4,0.0502,0.0199,0.0222,0.5082,24555,Akron,OH,1,1
University of Akron Wayne College,https://wayne.uakron.edu/,1049,0.8053,NA,23250,489,0.141,0.8569,0.0307,0.047,0.0184,0,0,0.0286,0.002,0.0164,NA,16603,Orrville,OH,1,0
Allegheny Wesleyan College,awc.edu/,NA,NA,NA,NA,54,0.4535,0.9074,0,0,0,0.0926,0,0,0,0,0.4167,13885,Salem,OH,0,0
Apollo Career Center,https://www.apollocareercenter.com/adult-education/,NA,NA,NA,8107,527,0.098,0.6964,0.1708,0.0664,0.0095,0.0038,0.0076,0.0455,0,0,NA,NA,Lima,OH,1,1
Art Academy of Cincinnati,https://www.artacademy.edu/,NA,0.3314,NA,27000,254,0.4803,0.6378,0.1811,0.0591,0.0079,0,0,0.0827,0.0039,0.0276,0.3793,48176,Cincinnati,OH,0,1
Ashland County-West Holmes Career Center,www.acwhcc.org/,NA,NA,NA,NA,35,0.4286,0.9714,0.0286,0,0,0,0,0,0,0,NA,NA,Ashland,OH,1,0
Ashland University,https://www.ashland.edu/,1119,0.8057,NA,25000,2250,0.276,0.7716,0.0884,0.036,0.0129,0.0067,0,0.0333,0.0227,0.0284,0.6763,40519,Ashland,OH,0,0
Ashtabula County Technical and Career Campus,www.atech.edu/,NA,NA,NA,NA,161,0.2575,0.8882,0.0311,0.0186,0.0124,0.0062,0,0.0248,0,0.0186,NA,NA,Jefferson,OH,1,0
Athenaeum of Ohio,https://www.athenaeum.edu/,NA,NA,NA,NA,29,0,0.931,0,0,0,0,0,0,0,0.069,NA,NA,Cincinnati,OH,0,1
Auburn Career Center,https://www.auburncc.org/,NA,NA,NA,6365,234,0.122,0.8376,0.0684,0.0641,0.0043,0.0043,0,0.0171,0,0.0043,NA,NA,Concord Twp,OH,1,1
Aultman College of Nursing and Health Sciences,https://www.aultmancollege.edu/,1020,0.4127,25,20000,232,0.372,0.8491,0.0733,0.0043,0.0043,0,0,0.0345,0,0.0345,NA,27792,Canton,OH,0,1
Baldwin Wallace University,https://www.bw.edu/,1176,0.7685,NA,27000,2775,0.285,0.7733,0.0638,0.0724,0.0187,0.0014,7e-4,0.0602,0.0029,0.0065,0.6697,54200,Berea,OH,0,1
Belmont College,www.belmontcollege.edu/,NA,NA,NA,8747,484,0.3098,0.9339,0.0145,0.0124,0.0062,0,0,0.0331,0,0,NA,10553,St Clairsville,OH,1,0
Bluffton University,www.bluffton.edu/,1020,0.6116,NA,27000,595,0.3735,0.6672,0.1866,0.0336,0.0084,0.0017,0,0.0286,0.0134,0.0605,0.53,50579,Bluffton,OH,0,0
Bowling Green State University-Firelands,https://www.firelands.bgsu.edu/,NA,NA,NA,25000,1134,0.2618,0.7037,0.1296,0.0811,0.0062,0.0018,0,0.0556,0,0.022,NA,21387,Huron,OH,1,0
Bowling Green State University-Main Campus,www.bgsu.edu/,1118,0.8061,NA,25000,12255,0.227,0.798,0.0654,0.0515,0.0113,9e-4,6e-4,0.0358,0.013,0.0236,0.6232,29238,Bowling Green,OH,1,0
Bryant & Stratton College-Parma,https://www.bryantstratton.edu/,NA,NA,NA,21549,522,0.6827,0.454,0.3582,0.0766,0.023,0.0038,0.0038,0.0556,0.0019,0.023,0,23695,Parma,OH,0,1
Buckeye Hills Career Center,www.buckeyehills.net/,NA,NA,NA,8250,163,0.4444,0.9325,0,0,0,0,0,0.0491,0,0.0184,NA,NA,Rio Grande,OH,1,0
Butler Technology and Career Development Schools,www.butlertech.org/,NA,NA,NA,6396,483,0.2408,0.7122,0.1532,0.0393,0.0331,0.0041,0.0021,0.0414,0,0.0145,NA,NA,Monroe,OH,1,1
Canton City Schools Adult Career and Technical Education,https://www.ccsdistrict.org/site/default.aspx?PageID=189,NA,0.6296,NA,9500,87,0.5825,0.5287,0.3103,0,0.0115,0,0,0.1494,0,0,NA,NA,Canton,OH,1,1
Capital University,https://www.capital.edu/,1118,0.7317,NA,26889,1709,0.3101,0.6776,0.1205,0.0702,0.0263,0.0029,0,0.0696,0.014,0.0187,0.6168,54086,Columbus,OH,0,1
Case Western Reserve University,www.case.edu/,1501,0.2868,42,24000,6108,0.1708,0.3461,0.064,0.118,0.2734,5e-4,5e-4,0.0521,0.1343,0.0111,0.8476,81533,Cleveland,OH,0,1
Cedarville University,https://www.cedarville.edu/,1246,0.6282,NA,20937,3815,0.154,0.8613,0.0139,0.0325,0.028,0.0016,5e-4,0.0299,0.0278,0.0045,0.7408,46994,Cedarville,OH,0,0
Central Ohio Technical College,www.cotc.edu/,NA,NA,NA,12072,1549,0.26,0.6488,0.1498,0.0316,0.0594,0.0019,0.0013,0.0839,6e-4,0.0226,NA,14344,Newark,OH,1,1
Central School of Practical Nursing,https://www.cspnohio.edu/,NA,NA,NA,9500,56,0.5439,0.2321,0.7143,0.0536,0,0,0,0,0,0,NA,NA,Independence,OH,0,1
Central State University,https://www.centralstate.edu/,NA,0.46,NA,30739,3412,0.4218,0.177,0.4927,0.0938,0.0155,0.0026,0,0.0495,0.0487,0.1202,0.2505,22435,Wilberforce,OH,1,0
Choffin Career  and Technical Center,www.choffinctcadulted.com/,NA,NA,NA,5500,73,0.9118,0.3562,0.5753,0.0548,0,0,0,0.0137,0,0,NA,19673,Youngstown,OH,1,1
The Christ College of Nursing and Health Sciences,https://www.thechristcollege.edu/,972,0.5018,NA,24250,762,0.343,0.7244,0.1667,0.0315,0.0381,0,0.0013,0.0039,0,0.0341,0.5294,28126,Cincinnati,OH,0,1
Cincinnati College of Mortuary Science,www.ccms.edu/,NA,NA,NA,15000,101,0.2418,0.802,0.0891,0.0495,0,0,0.0099,0.0495,0,0,NA,NA,Cincinnati,OH,0,1
University of Cincinnati-Main Campus,www.uc.edu/,1281,0.8767,35,21250,29094,0.1761,0.7055,0.0842,0.0462,0.0547,0.0011,5e-4,0.0455,0.0491,0.0131,0.7387,28783,Cincinnati,OH,1,1
Cincinnati State Technical and Community College,www.cincinnatistate.edu/,NA,NA,NA,14715,5283,0.3007,0.5012,0.268,0.035,0.0292,0.0021,0.0011,0.0399,0.0216,0.1018,NA,13830,Cincinnati,OH,1,1
University of Cincinnati-Clermont College,www.ucclermont.edu/,NA,NA,NA,21250,2606,0.1126,0.7172,0.1105,0.0664,0.0249,0.0023,0.0023,0.0361,0.0046,0.0357,NA,14280,Batavia,OH,1,1
University of Cincinnati-Blue Ash College,www.ucblueash.edu/,NA,NA,NA,21250,4104,0.2219,0.5775,0.2169,0.085,0.0436,0.0024,0.0012,0.0548,0.0115,0.0071,NA,13881,Blue Ash,OH,1,1
Ohio Christian University,www.ohiochristian.edu/,910,0.399,NA,29579,816,0.3384,0.674,0.1777,0.0441,0.0074,0.0037,0.0049,0.0331,0,0.0551,0.4385,33472,Circleville,OH,0,0
Clark State College,https://www.clarkstate.edu/,NA,NA,NA,14490,3134,0.3608,0.6487,0.1994,0.0479,0.0077,0.0048,6e-4,0.0587,0.0105,0.0217,NA,13395,Springfield,OH,1,1
Cleveland Institute of Art,www.cia.edu/,1156,0.5628,NA,27000,560,0.3784,0.6536,0.1339,0.1054,0.0321,0,0,0.0679,0.0036,0.0036,0.5636,62966,Cleveland,OH,0,1
Cleveland Institute of Music,www.cim.edu/,NA,0.3818,NA,24968,193,0.1457,0.4715,0.0363,0.0622,0.1762,0.0104,0.0052,0.0363,0.1917,0.0104,0.7121,58843,Cleveland,OH,0,1
Cleveland State University,www.csuohio.edu/,980,0.9548,28,21797,9077,0.3901,0.5783,0.164,0.0907,0.0398,0.0025,8e-4,0.0486,0.0597,0.0156,0.5203,26310,Cleveland,OH,1,1
Columbiana County Career and Technical Center,www.ccctc.k12.oh.us/,NA,NA,NA,12109,114,0.6784,0.8421,0.1053,0.0263,0,0,0,0.0263,0,0,NA,NA,Lisbon,OH,1,0
Columbus College of Art & Design,www.ccad.edu/,NA,0.7174,NA,27000,891,0.3975,0.6655,0.1089,0.0853,0.0393,0,0.0011,0.0438,0.0123,0.0438,0.6008,52581,Columbus,OH,0,1
Columbus State Community College,https://www.cscc.edu/,NA,NA,NA,8749,17128,0.2588,0.4291,0.2421,0.0819,0.0457,0.0043,0.0014,0.034,0.024,0.1376,NA,11788,Columbus,OH,1,1
Cuyahoga Community College District,www.tri-c.edu/,NA,NA,NA,8150,12641,0.3221,0.5208,0.2531,0.0887,0.0307,0.0025,6e-4,0.0356,0.0339,0.0341,NA,11098,Cleveland,OH,1,1
Davis College,www.daviscollege.edu/,NA,NA,NA,21277,95,0.6091,0.2526,0.2632,0.0211,0.0211,0,0,0.0421,0.4,0,NA,28901,Toledo,OH,0,1
Dayton Barber College,www.daytonbarbercollege.edu/,NA,NA,NA,NA,60,0.7196,0.4167,0.4833,0.0667,0,0,0,0,0,0.0333,NA,NA,Miamisburg,OH,0,1
University of Dayton,https://udayton.edu/,1313,0.6165,NA,23250,8099,0.1552,0.7954,0.052,0.0662,0.017,0.001,7e-4,0.034,0.0261,0.0077,0.8007,64310,Dayton,OH,0,1
Defiance College,www.defiance.edu/,NA,0.4243,NA,26813,454,0.4795,0.6278,0.2599,0.0793,0.0066,0.0022,0,0.0154,0,0.0088,0.5,49447,Defiance,OH,0,0
Denison University,https://www.denison.edu/,1395,0.1693,NA,26000,2398,0.128,0.6034,0.0542,0.0713,0.0425,4e-4,4e-4,0.0425,0.171,0.0142,0.8162,76900,Granville,OH,0,1
Edison State Community College,www.edisonohio.edu/,NA,NA,NA,16250,1502,0.1657,0.8449,0.0499,0.032,0.014,0.004,7e-4,0.0393,0.0013,0.014,NA,14142,Piqua,OH,1,0
EHOVE Career Center,www.ehove.net/,NA,NA,NA,7672,375,0.3542,0.7653,0.128,0.0347,0,0,0,0.072,0,0,NA,NA,Milan,OH,1,0
The University of Findlay,findlay.edu/,NA,0.8633,NA,25439,2240,0.1386,0.7455,0.0429,0.0397,0.0121,0.0013,9e-4,0.029,0.0272,0.1013,0.6316,52096,Findlay,OH,0,0
Franklin University,www.franklin.edu/,NA,NA,NA,20836,5111,0.3343,0.5539,0.1884,0.0787,0.0247,0.0063,0.0012,0.0401,0.0027,0.1041,0.2544,29433,Columbus,OH,0,1
Gerbers Akron Beauty School,akronbeautyschool.com/,NA,NA,NA,NA,59,0.1189,0.339,0.4915,0,0.1695,0,0,0,0,0,NA,NA,Akron,OH,0,1
Gods Bible School and College,www.gbs.edu/,NA,0.6403,NA,4522,285,0.2339,0.7333,0.0491,0.0281,0.0035,0.007,0.0105,0.0351,0.1333,0,0.6,16574,Cincinnati,OH,0,1
Good Samaritan College of Nursing and Health Science,www.gscollege.edu/,NA,0.1693,NA,20625,455,0.4324,0.5275,0.2813,0.0637,0.0198,0.0022,0,0,0,0.1055,NA,26345,Cincinnati,OH,0,1
Great Oaks Career Campuses,www.greatoaks.com/,NA,NA,NA,5500,138,0.3066,0.7029,0.1522,0.0217,0.0362,0,0,0.0507,0,0.0362,NA,NA,Cincinnati,OH,1,1
Hannah E Mullins School of Practical Nursing,https://hemspn.edu/,NA,0.5,NA,13000,30,0.5532,0.5333,0.3667,0,0,0,0,0.1,0,0,NA,NA,Salem,OH,1,0
Adult and Community Education-Hudson,https://www.ccsoh.us/site/Default.aspx?PageID=334,NA,1,NA,14750,37,0.7222,0.0811,0.8919,0.027,0,0,0,0,0,0,NA,NA,Columbus,OH,1,1
Heidelberg University,https://www.heidelberg.edu/,NA,0.6773,NA,27000,884,0.2851,0.8213,0.1097,0.0271,0.0045,0.0023,0,0.0215,0,0.0136,0.5846,46640,Tiffin,OH,0,0
Hiram College,www.hiram.edu/,NA,0.9339,NA,27000,731,0.3194,0.4624,0.0588,0.0821,0.0055,0.0027,0,0.0178,0.0082,0.3625,0.5375,38952,Hiram,OH,0,0
Hobart Institute of Welding Technology,www.welding.org/,NA,NA,NA,5500,327,0.2271,0.9083,0.0153,0.0398,0.0031,0.0031,0,0.0306,0,0,NA,NA,Troy,OH,0,0
Hocking College,www.hocking.edu/,NA,NA,NA,11584,1648,0.4649,0.7658,0.1208,0.0249,0.0024,0.0018,0.0012,0.0461,0.0212,0.0158,NA,17575,Nelsonville,OH,1,0
Ross Medical Education Center-Cincinnati,https://rosseducation.edu/,NA,NA,NA,9500,91,0.8824,0.0769,0.1868,0.033,0,0,0,0.022,0.011,0.6703,NA,NA,Cincinnati,OH,0,1
International College of Broadcasting,www.icb.edu/,NA,NA,NA,26250,44,0.7429,0.6136,0.3409,0.0227,0,0,0,0.0227,0,0,NA,24177,Dayton,OH,0,1
Eastern Gateway Community College,www.egcc.edu/,NA,NA,NA,4250,13293,0.2968,0.5131,0.2158,0.1652,0.0268,0.0068,0.0032,0.0553,1e-4,0.0138,NA,8388,Steubenville,OH,1,1
John Carroll University,jcu.edu/,1295,0.811,34,26000,2228,0.1978,0.8299,0.0435,0.0471,0.0292,0.0018,0,0.0296,0.0157,0.0031,0.7589,62943,University Heights,OH,0,1
Hondros College of Nursing,www.hondros.edu/,NA,0.6853,NA,15833,3091,0.7009,0.297,0.5607,0.0181,0.0175,0.0019,0.0013,0,0,0.1035,NA,34050,Westerville,OH,0,1
Casal Aveda Institute,www.casalaveda.com/,NA,NA,NA,7917,93,0.5053,0.7204,0.1613,0.0215,0,0.0108,0,0.0645,0,0.0215,NA,NA,Niles,OH,0,1
Kent State University at Ashtabula,www.kent.edu/ashtabula,NA,NA,NA,24500,1314,0.3444,0.7725,0.0913,0.0472,0.0129,0.0038,0.0023,0.0381,0.0068,0.0251,0.0097,15897,Ashtabula,OH,1,0
Kent State University at East Liverpool,www.kent.edu/columbiana,NA,NA,NA,24500,705,0.2378,0.8128,0.0638,0.0454,0.0099,0.0014,0,0.0454,0.0071,0.0142,0,15070,East Liverpool,OH,1,0
Kent State University at Stark,www.kent.edu/stark,NA,NA,NA,24500,2626,0.2903,0.7909,0.0819,0.043,0.0141,8e-4,8e-4,0.0453,0.0065,0.0168,0.0058,15418,North Canton,OH,1,1
Kent State University at Trumbull,www.kent.edu/trumbull,NA,NA,NA,24500,1648,0.3654,0.7998,0.0856,0.0419,0.0097,0.0012,6e-4,0.037,0.0042,0.02,0.011,16159,Warren,OH,1,0
Kent State University at Tuscarawas,www.kent.edu/tusc,NA,NA,NA,24500,1502,0.3077,0.8302,0.0632,0.0399,0.0126,0.002,0,0.03,0.0047,0.0173,0.0551,16391,New Philadelphia,OH,1,0
Kent State University at Salem,www.kent.edu/columbiana,NA,NA,NA,24500,1127,0.3109,0.819,0.0728,0.0399,0.0089,9e-4,9e-4,0.0337,0,0.024,0.0368,15357,Salem,OH,1,0
Kent State University at Kent,www.kent.edu/,1095,0.8665,28,24500,19134,0.2737,0.746,0.0914,0.0454,0.0233,0.0016,7e-4,0.0407,0.0321,0.0188,0.6877,29345,Kent,OH,1,1
Kent State University at Geauga,www.kent.edu/geauga,NA,NA,NA,24500,1547,0.2669,0.7169,0.1416,0.0556,0.0246,0.0019,0,0.0356,0.0045,0.0194,0.0154,15225,Burton,OH,1,0
Kenyon College,https://www.kenyon.edu/,1440,0.3071,39,18527,1753,0.1008,0.6669,0.0245,0.0759,0.0473,0,6e-4,0.0588,0.1147,0.0114,0.8689,83800,Gambier,OH,0,0
Kettering College,kc.edu/,1120,0.8286,NA,23500,543,0.2419,0.6722,0.0884,0.0387,0.0387,0.0018,0.0037,0.0203,0.1087,0.0276,0.4727,26365,Kettering,OH,0,1
Lake Erie College,www.lec.edu/,1114,0.6412,NA,26000,678,0.29,0.5516,0.1401,0.0885,0.0029,0.0192,0,0.0236,0.0428,0.1313,0.4528,48278,Painesville,OH,0,1
Lakeland Community College,www.lakelandcc.edu/,NA,NA,NA,14751,3143,0.2243,0.6694,0.1476,0.0655,0.0169,0.0038,3e-4,0.0395,0.0016,0.0554,NA,11495,Kirtland,OH,1,1
Collins Career Technical Center,www.collins-cc.edu/,NA,NA,NA,13887,427,0.6818,0.9602,0.0328,0.0047,0,0,0,0.0023,0,0,NA,NA,Chesapeake,OH,1,0
James A. Rhodes State College,www.rhodesstate.edu/,NA,NA,NA,12000,1545,0.1486,0.8155,0.0699,0.0071,0.0078,0.0026,0.0013,0.0395,0,0.0563,NA,13569,Lima,OH,1,0
Ohio Business College-Sheffield,www.ohiobusinesscollege.edu/,NA,NA,NA,12416,165,0.8456,0.3818,0.297,0.2182,0.0061,0,0,0.0061,0,0.0909,NA,26223,Sheffield Village,OH,0,1
Ohio Business College-Sandusky,www.ohiobusinesscollege.edu/,NA,NA,NA,12416,24,0.8372,0.4583,0.25,0.1667,0,0,0,0.0417,0,0.0833,NA,34459,Sandusky,OH,0,1
Lorain County Community College,https://www.lorainccc.edu/,NA,NA,NA,13680,5394,0.2691,0.6787,0.1085,0.1287,0.0117,0.0041,0.002,0.051,0.005,0.0104,NA,9915,Elyria,OH,1,1
Lourdes University,www.lourdes.edu/,NA,0.741,27,27000,668,0.2728,0.7275,0.1287,0.024,0.0105,0,0.003,0.0509,0.0195,0.0359,0.604,42796,Sylvania,OH,0,1
Malone University,https://www.malone.edu/,1089,0.7558,NA,26289,777,0.3052,0.7593,0.0669,0.0335,0.0116,0.0026,0,0.0296,0.0206,0.0759,0.5967,48017,Canton,OH,0,1
Marietta College,https://www.marietta.edu/,1103,0.7862,NA,27000,1035,0.2714,0.8338,0.0444,0.0329,0.0039,0,0,0.0483,0.0232,0.0135,0.5159,52360,Marietta,OH,0,0
Marion Technical College,www.mtc.edu/,NA,NA,NA,8300,1351,0.1984,0.7639,0.1303,0.0318,0.0104,0.0059,0,0.0415,0,0.0163,NA,11796,Marion,OH,1,0
Medina County Career Center,https://mcjvs.edu/,NA,NA,NA,NA,52,0.3871,0.9038,0.0385,0.0192,0,0.0192,0,0.0192,0,0,NA,NA,Medina,OH,1,0
Mercy College of Ohio,www.mercycollege.edu/,961,0.4276,NA,20834,982,0.3643,0.6823,0.168,0.0845,0.0173,0.0041,0,0.0438,0,0,0.5833,26491,Toledo,OH,0,1
Miami University-Hamilton,miamioh.edu/regionals/,NA,NA,NA,23000,2025,0.3025,0.7017,0.08,0.0602,0.036,0.0035,5e-4,0.041,0.0553,0.0217,0.1851,16692,Hamilton,OH,1,1
Miami University-Middletown,miamioh.edu/regionals/,NA,NA,NA,23000,871,0.2325,0.7658,0.0712,0.0471,0.0126,0.0011,0.0011,0.0344,0.0482,0.0184,0.1923,16559,Middletown,OH,1,1
Miami University-Oxford,miamioh.edu/,1313,0.8209,NA,23000,16361,0.1129,0.8158,0.0292,0.0454,0.0257,0.0021,5e-4,0.0364,0.0364,0.0087,0.8345,37218,Oxford,OH,1,0
Moler Hollywood Beauty Academy,www.molerhollywood.com/,NA,NA,NA,6333,76,0.9067,0.3553,0.5395,0.0658,0.0132,0,0,0.0263,0,0,NA,NA,Cincinnati,OH,0,1
Miami Valley Career Technology Center,www.mvctc.com/ae,NA,NA,NA,9569,84,0.375,0.4643,0.4048,0.0238,0,0,0,0.0833,0,0.0238,NA,NA,Englewood,OH,1,1
Mount Carmel College of Nursing,www.mccn.edu/,1020,0.5739,NA,22082,573,0.3041,0.6056,0.2339,0.0436,0.0663,0.0017,0.0035,0.0366,0,0.0087,0.8068,19807,Columbus,OH,0,1
University of Mount Union,www.mountunion.edu/,1227,0.801,NA,27000,1785,0.2871,0.8134,0.0784,0.0291,0.0123,0.005,0,0.0151,0.0207,0.0258,0.6853,46890,Alliance,OH,0,0
Mount Vernon Nazarene University,www.mvnu.edu/,1119,0.843,NA,25000,1346,0.2893,0.8685,0.0186,0.0342,0.0082,0.0022,0.0015,0.0297,0.0059,0.0312,0.608,48975,Mount Vernon,OH,0,0
Mount St. Joseph University,www.msj.edu/,1068,0.5652,NA,26827,1100,0.2734,0.7418,0.1245,0.0482,0.0064,0,9e-4,0.07,0,0.0082,0.5323,43932,Cincinnati,OH,0,1
Zane State College,www.zanestate.edu/,NA,NA,NA,6834,717,0.1837,0.8661,0.0432,0.0195,0.0056,0.0014,0.0014,0.0446,0,0.0181,NA,12790,Zanesville,OH,1,0
Muskingum University,www.muskingum.edu/,1016,0.8166,NA,25369,1407,0.4111,0.8237,0.0732,0.0277,0.0064,0.0028,0,0.0462,0.0071,0.0128,0.5182,44615,New Concord,OH,0,0
National Beauty College,www.nationalbc.com/,NA,NA,NA,6333,149,0.4959,0.6846,0.2483,0,0.0268,0,0,0.0403,0,0,NA,NA,Canton,OH,0,1
North Central State College,https://www.ncstatecollege.edu/,NA,NA,NA,8252,1187,0.2394,0.8408,0.0581,0.0455,0.0084,0,0,0.0371,0,0.0101,NA,9278,Mansfield,OH,1,0
Northern Institute of Cosmetology,www.nicosmetology.com/,NA,NA,NA,NA,41,0.2609,0.2683,0.2439,0.3902,0.0244,0,0,0.0488,0,0.0244,NA,NA,Lorain,OH,0,1
Northwest State Community College,https://northweststate.edu/,NA,NA,NA,9750,1037,0.1122,0.7146,0.0174,0.1244,0.0058,0,0,0.0174,0,0.1205,NA,17668,Archbold,OH,1,0
Toledo Public Schools Adult and Continuing Education,www.tps.org/,NA,NA,NA,8848,33,0.7632,0.1818,0.6667,0.0909,0,0,0,0.0606,0,0,NA,NA,Toledo,OH,1,1
Notre Dame College,www.notredamecollege.edu/,NA,0.8035,NA,27000,1049,0.389,0.4194,0.3108,0.0553,0.0067,0.001,0.001,0.0667,0.081,0.0582,0.3936,46641,Cleveland,OH,0,1
University of Northwestern Ohio,https://www.unoh.edu/,NA,NA,NA,17084,2572,0.3207,0.7943,0.0451,0.0583,0.0113,0.0086,0.0019,0,0.0451,0.0354,0.3913,24568,Lima,OH,0,1
Oberlin College,www.oberlin.edu/,1440,0.3298,NA,26000,2950,0.0884,0.6197,0.0441,0.0824,0.0529,0,3e-4,0.0932,0.0949,0.0125,0.8295,84230,Oberlin,OH,0,0
Ohio Technical College,www.ohiotech.edu/,NA,NA,NA,12000,331,0.4787,0.6798,0.1329,0.1057,0.003,0.0121,0.003,0.0151,0,0.0483,NA,NA,Cleveland,OH,0,1
Ohio Dominican University,https://www.ohiodominican.edu/,1150,0.8525,NA,26000,785,0.3901,0.5299,0.2752,0.0611,0.0166,0.0038,0,0.0446,0.0382,0.0306,0.5388,45660,Columbus,OH,0,1
Ohio Northern University,www.onu.edu/,1290,0.7335,NA,27000,2386,0.1896,0.7997,0.0285,0.0432,0.018,0.0017,0.0013,0.0486,0.0134,0.0457,0.7314,52484,Ada,OH,0,0
Ohio State University Agricultural Technical Institute,ati.osu.edu/,NA,NA,NA,19976,431,0.2578,0.9142,0.0255,0.0162,0.0046,0,0,0.0186,0,0.0209,NA,22942,Wooster,OH,1,0
Ohio State University-Lima Campus,lima.osu.edu/,NA,NA,NA,19976,656,0.3117,0.7652,0.0595,0.061,0.0427,0,0.0015,0.0427,0,0.0274,0.1441,18404,Lima,OH,1,0
Ohio State University-Mansfield Campus,mansfield.osu.edu/,NA,NA,NA,19976,726,0.3132,0.7135,0.1047,0.0661,0.0372,0,0,0.0565,0.0014,0.0207,0.0739,22206,Mansfield,OH,1,0
Ohio State University-Marion Campus,osumarion.osu.edu/,NA,NA,NA,19976,842,0.2578,0.7375,0.0511,0.0499,0.0831,0.0024,0.0012,0.0439,0.0036,0.0273,0.1037,18369,Marion,OH,1,0
Ohio State University-Newark Campus,newark.osu.edu/,NA,NA,NA,19976,2302,0.3411,0.5773,0.2042,0.0621,0.0752,0.0022,0.0013,0.0526,0.0013,0.0239,0.0558,20875,Newark,OH,1,1
Ohio State Beauty Academy,https://www.ohiostatebeauty.com/,NA,NA,NA,8498,96,0.5333,0.8229,0.0729,0.0104,0.0104,0,0,0.0833,0,0,NA,NA,Lima,OH,0,1
Ohio State College of Barber Styling,www.osbc.edu/,NA,NA,NA,10061,323,0.4583,0.2786,0.5944,0.0279,0,0,0,0.0743,0,0.0248,NA,NA,Columbus,OH,0,1
The Spa School,https://salonschools.ohiostate.edu/,NA,NA,NA,7916,117,0.3649,0.5299,0.265,0.0171,0.0342,0,0.0085,0.094,0,0.0513,NA,NA,Columbus,OH,0,1
Ohio State School of Cosmetology-Canal Winchester,https://salonschools.ohiostate.edu/,NA,NA,NA,9833,50,0.5366,0.62,0.28,0,0.02,0,0,0,0,0.08,NA,NA,CANAL WINCHESTER,OH,0,1
Ohio State University-Main Campus,www.osu.edu/,1407,0.5082,38,19976,44617,0.1945,0.6189,0.0789,0.057,0.0978,5e-4,4e-4,0.0459,0.0707,0.0298,0.8887,29320,Columbus,OH,1,1
Ohio University-Eastern Campus,https://www.ohio.edu/eastern/,NA,NA,NA,21056,305,0.0919,0.8426,0.0262,0.0066,0.0098,0.0066,0,0.0361,0.0098,0.0623,0.178,10263,Saint Clairsville,OH,1,0
Ohio University-Chillicothe Campus,https://www.ohio.edu/chillicothe/,NA,NA,NA,21056,777,0.1618,0.8584,0.0257,0.0257,0.0051,0.0013,0.0013,0.0425,0.0026,0.0373,0.1407,10876,Chillicothe,OH,1,0
Ohio University-Southern Campus,https://www.ohio.edu/southern/,NA,NA,NA,21056,461,0.1226,0.8547,0.0217,0.0043,0,0.0022,0.0022,0.0347,0.0043,0.0759,0.16,10397,Ironton,OH,1,1
Ohio University-Lancaster Campus,https://www.ohio.edu/lancaster/,NA,NA,NA,21056,657,0.0948,0.8584,0.0289,0.0365,0.0015,0.0015,0.0015,0.0365,0.0015,0.0335,0.1188,10267,Lancaster,OH,1,0
Ohio University-Main Campus,https://www.ohio.edu/,1212,0.8476,31,21056,18456,0.2037,0.8184,0.0504,0.0451,0.0156,8e-4,8e-4,0.0396,0.0108,0.0185,0.6784,28529,Athens,OH,1,0
Ohio University-Zanesville Campus,https://www.ohio.edu/zanesville/,NA,NA,NA,21056,526,0.1045,0.8327,0.0323,0.0323,0.0057,0.0038,0.0038,0.0532,0.0019,0.0342,0.1857,10960,Zanesville,OH,1,0
East Ohio College,eastohio.edu/,NA,NA,NA,12000,149,0.7584,0.8121,0.1275,0.0201,0.0067,0,0.0067,0.0201,0,0.0067,NA,22939,East Liverpool,OH,0,0
Trinity Health System School of Nursing,https://trinityson.com/,NA,1,NA,13625,25,0.3721,0.96,0,0,0,0.04,0,0,0,0,NA,15377,Steubenville,OH,0,1
Ohio Wesleyan University,https://www.owu.edu/,1311,0.5067,NA,27000,1450,0.2461,0.7366,0.0717,0.0503,0.0297,0,7e-4,0.0469,0.0538,0.0103,0.6434,66399,Delaware,OH,0,1
Otterbein University,https://www.otterbein.edu/,1220,0.833,30,26000,2055,0.2908,0.6954,0.1114,0.0599,0.038,0.001,0.0058,0.0545,0.0063,0.0277,0.6975,47865,Westerville,OH,0,1
Owens Community College,https://www.owens.edu/,NA,NA,NA,16667,4184,0.2241,0.7,0.1142,0.1104,0.01,0.0031,0.001,0.0399,0.0115,0.0098,NA,14019,Perrysburg,OH,1,1
Paramount Beauty Academy,www.paramountbeautyacademy.com/,NA,NA,NA,9833,53,0.5821,0.9811,0.0189,0,0,0,0,0,0,0,NA,NA,Portsmouth,OH,0,0
Cuyahoga Valley Career Center,www.cvccworks.edu/,NA,NA,NA,12964,90,0.2917,0.4444,0.4556,0.0556,0,0,0,0.0333,0,0.0111,NA,NA,Brecksville,OH,1,1
Pontifical College Josephinum,www.pcj.edu/,NA,0.8333,NA,NA,45,0.0882,0.8444,0.0222,0.1111,0.0222,0,0,0,0,0,0.1875,NA,Columbus,OH,0,1
Professional Skills Institute,www.proskills.edu/,NA,0.7143,NA,17813,402,0.7302,0.2637,0.6343,0.0323,0.01,0.0025,0,0.0547,0,0.0025,NA,25499,Maumee,OH,0,1
Firelands Regional Medical Center School of Nursing,https://www.firelands.com/schoolofnursing,NA,NA,NA,11750,71,0.3824,0.831,0.0563,0.0563,0,0.0141,0,0.0423,0,0,NA,NA,Sandusky,OH,0,1
Rabbinical College Telshe,independentrabbinicalcolleges.org/index.html,NA,0.8056,NA,NA,57,0.3636,1,0,0,0,0,0,0,0,0,0.625,21900,Wickliffe,OH,0,1
Raphael's School of Beauty Culture Inc-Niles,www.raphaelsbeautyschool.edu/,NA,NA,NA,7538,145,0.5935,0.5448,0.3931,0.0276,0,0,0,0.0345,0,0,NA,NA,Niles,OH,0,1
Fortis College-Centerville,https://www.fortiscollege.edu/,NA,NA,NA,13000,460,0.7067,0.5174,0.3913,0.0217,0.0022,0.0109,0,0.0478,0,0.0087,NA,31120,Centerville,OH,0,1
University of Rio Grande,https://www.rio.edu/,NA,NA,NA,17750,795,0.3585,0.6415,0.0478,0.0101,0.0038,0.0025,0.0038,0.0025,0.0818,0.2063,0.2629,33032,Rio Grande,OH,0,0
The Modern College of Design,https://themodern.edu/,NA,0.9183,NA,12000,189,0.4719,0.7619,0.0582,0.0688,0.0106,0,0,0.0635,0,0.037,NA,45336,Kettering,OH,0,1
Shawnee State University,https://www.shawnee.edu/,NA,NA,NA,23000,2300,0.351,0.4987,0.0383,9e-4,0.0083,0.0139,0.2061,0.0161,0.0252,0.1926,0.5051,22190,Portsmouth,OH,1,0
Sinclair Community College,www.sinclair.edu/,NA,NA,NA,12000,12585,0.2661,0.6212,0.1727,0.0538,0.0218,0.0122,0.0014,0.05,0.0265,0.0404,NA,10381,Dayton,OH,1,1
Stark State College,www.starkstate.edu/,NA,NA,NA,13786,5803,0.2706,0.7263,0.1565,0.0143,0.0388,0.0036,0.0016,0.0515,0,0.0074,NA,11165,North Canton,OH,1,1
Stautzenberger College-Maumee,https://www.sctoday.edu/,NA,NA,NA,14302,520,0.7543,0.5038,0.3346,0.0462,0.0019,0.0038,0,0.0346,0,0.075,NA,25129,Maumee,OH,0,1
Franciscan University of Steubenville,www.franciscan.edu/,1218,0.7223,NA,23384,2775,0.2101,0.7387,0.0123,0.1658,0.027,0.0029,0.004,0.0191,0.0097,0.0205,0.717,42955,Steubenville,OH,0,1
Southern State Community College,https://www.sscc.edu/,NA,NA,NA,11457,751,0.208,0.9108,0.0266,0.0133,0.0027,0,0,0.032,0,0.0146,NA,15715,Hillsboro,OH,1,0
Terra State Community College,www.terra.edu/,NA,NA,NA,17500,1120,0.2488,0.7991,0.092,0.025,0.0045,0.0045,9e-4,0.025,0.0036,0.0455,NA,16522,Fremont,OH,1,0
Tiffin Academy of Hair Design,tiffinacademy.com/,NA,NA,NA,NA,46,0.8125,0.913,0.0217,0.0652,0,0,0,0,0,0,NA,NA,Tiffin,OH,0,0
Tiffin University,www.tiffin.edu/,989,0.7977,NA,27000,1938,0.3553,0.5217,0.1692,0.0093,0.0201,0.0015,5e-4,0.0356,0.0583,0.1837,0.4561,45150,Tiffin,OH,0,0
University of Toledo,www.utoledo.edu/,1209,0.9483,31,22250,10244,0.257,0.6584,0.0971,0.0639,0.0346,0.0011,8e-4,0.0384,0.0825,0.0232,0.5791,26190,Toledo,OH,1,1
Tri-State Bible College,https://tsbc.edu/,NA,NA,NA,NA,14,0.5238,0.8571,0.1429,0,0,0,0,0,0,0,NA,NA,South Point,OH,0,1
Tri-County Adult Career Center,www.tricountyhightech.com/,NA,NA,NA,NA,24,0.1412,0.8333,0.0833,0,0,0,0,0.0833,0,0,NA,NA,Nelsonville,OH,1,0
Tri-Rivers Career Center,www.tririvers.com/,NA,NA,NA,10665,162,0.227,0.8395,0.037,0.0432,0.0123,0,0,0.0432,0,0.0247,NA,NA,Marion,OH,1,0
Upper Valley Career Center,https://www.uppervalleycc.org/o/adult-division,NA,NA,NA,8793,113,0.5752,0.7522,0.1593,0.0354,0.0177,0,0,0.0354,0,0,NA,NA,Piqua,OH,1,0
Ursuline College,www.ursuline.edu/,1140,0.8401,29,26250,630,0.3904,0.4968,0.2794,0.019,0.0333,0.0032,0.0048,0.0873,0.0444,0.0317,0.4912,49537,Pepper Pike,OH,0,1
The North Coast College,https://www.thencc.edu/,NA,NA,NA,42785,0,NA,0,0,0,0,0,0,0,0,0,NA,NA,Lakewood,OH,0,1
Walsh University,https://www.walsh.edu/,1210,0.7818,NA,27000,1294,0.233,0.5966,0.0572,0.0317,0.0155,8e-4,0,0.0317,0.0981,0.1685,0.6856,45817,North Canton,OH,0,1
Washington State Community College,www.wscc.edu/,NA,NA,NA,11000,1002,0.2716,0.9032,0.017,0.013,0.002,0.006,0,0.021,0,0.0379,NA,13539,Marietta,OH,1,0
Wilberforce University,www.wilberforce.edu/,980,0.5273,NA,26468,602,0.7436,0.005,0.7924,0.0017,0,0,0,0,0,0.201,0.2,23450,Wilberforce,OH,0,0
Wilmington College,https://www.wilmington.edu/,1042,0.846,NA,24208,924,0.3734,0.7543,0.079,0.0346,0.0043,0.0043,0.0054,0.0411,0.0152,0.0617,0.5307,41751,Wilmington,OH,0,0
Wittenberg University,www.wittenberg.edu/,1153,0.9104,NA,27000,1269,0.2941,0.725,0.1056,0.0536,0.011,0.0016,0,0.0623,0.0071,0.0339,0.6504,56353,Springfield,OH,0,1
The College of Wooster,https://wooster.edu/,1370,0.5432,36,26500,1876,0.1952,0.6071,0.0912,0.0645,0.0416,5e-4,0.0011,0.0384,0.1418,0.0139,0.7686,73075,Wooster,OH,0,0
Wright State University-Main Campus,www.wright.edu/,1086,0.9515,28,22750,6330,0.3276,0.7082,0.1175,0.0422,0.03,0.0017,5e-4,0.0627,0.0267,0.0104,0.4519,23255,Dayton,OH,1,1
Wright State University-Lake Campus,https://lake.wright.edu/,NA,NA,29,22750,984,0.1584,0.877,0.0488,0.0234,0.0102,0.001,0.001,0.0346,0.002,0.002,0.3396,17116,Celina,OH,1,0
Xavier University,https://www.xavier.edu/,1224,0.8773,NA,23250,4723,0.1449,0.7292,0.1247,0.062,0.0205,6e-4,4e-4,0.0366,0.0131,0.0127,0.7581,62293,Cincinnati,OH,0,1
Youngstown State University,https://ysu.edu/,1055,0.8032,NA,24000,7340,0.3319,0.7162,0.0741,0.0465,0.0168,0.0016,1e-4,0.0369,0.0677,0.0401,0.5008,20028,Youngstown,OH,1,1
Bacone College,www.bacone.edu/,NA,NA,NA,26187,106,0.5296,0.0849,0.1226,0.0755,0,0.5377,0,0.066,0.0189,0.0943,0.0652,30407,Muskogee,OK,0,0
Oklahoma Wesleyan University,www.okwu.edu/,NA,0.7703,NA,24813,663,0.3934,0.5505,0.0769,0.1071,0.0151,0.0528,0.003,0.0875,0.0694,0.0377,0.3333,43617,Bartlesville,OK,0,0
Southern Nazarene University,https://www.snu.edu/,NA,NA,NA,21900,1459,0.4544,0.5024,0.1371,0.1775,0.0137,0.0446,0.0062,0.085,0.024,0.0096,0.4783,41972,Bethany,OK,0,1
Pontotoc Technology Center,www.pontotoctech.edu/,NA,NA,NA,NA,68,0.1344,0.3676,0.0147,0.0441,0,0.2794,0,0.2941,0,0,NA,NA,Ada,OK,1,0
Cameron University,https://www.cameron.edu/,NA,NA,NA,21500,2534,0.4124,0.4672,0.1046,0.1697,0.0221,0.0533,0.0055,0.1081,0.0284,0.041,0.3582,18742,Lawton,OK,1,1
Carl Albert State College,https://www.carlalbert.edu/,NA,NA,NA,9362,1215,0.4853,0.4971,0.0198,0.107,0.0107,0.1868,8e-4,0.1481,0,0.0296,NA,14477,Poteau,OK,1,0
Central Oklahoma College,centraloc.edu/,NA,NA,NA,7883,467,0.6995,0.3576,0.2912,0.1606,0.015,0.0321,0,0.1028,0.0021,0.0385,NA,NA,Oklahoma City,OK,0,1
University of Central Oklahoma,https://www.uco.edu/,1050,0.8176,NA,21000,10132,0.3546,0.5192,0.0823,0.1527,0.0469,0.0366,0.0012,0.1174,0.0309,0.0128,0.3899,25913,Edmond,OK,1,1
Connors State College,connorsstate.edu/,NA,NA,NA,11500,1672,0.4739,0.4211,0.052,0.0161,0.0054,0.1657,0.0012,0.2799,0.0478,0.0108,NA,18630,Warner,OK,1,0
East Central University,https://www.ecok.edu/,1019,0.6555,NA,17671,2157,0.3982,0.5063,0.0858,0.0779,0.0593,0.1905,0.0028,0.0241,0.007,0.0464,0.3185,17559,Ada,OK,1,0
Eastern Oklahoma State College,www.eosc.edu/,NA,NA,NA,11900,950,0.4176,0.5526,0.0621,0.0568,0.0063,0.2789,0.0011,0.0042,0,0.0379,NA,18166,Wilburton,OK,1,0
Redlands Community College,www.redlandscc.edu/,NA,NA,NA,6750,857,0.2179,0.5834,0.0712,0.1529,0.0082,0.0933,0.0023,0.0782,0,0.0105,NA,15366,El Reno,OK,1,0
Formations Institute,www.formationsinstitute.edu/,NA,NA,NA,NA,48,0.5965,0.4583,0.1458,0.2917,0,0,0,0.1042,0,0,NA,NA,Enid,OK,0,1
Eves College of Hairstyling,www.eliteacademyok.com/,NA,NA,NA,7147,83,0.7293,0.3253,0.1928,0.1446,0.012,0.0964,0.012,0.2048,0,0.012,NA,NA,Lawton,OK,0,1
Randall University,www.ru.edu/,1020,0.4481,NA,22626,262,0.3941,0.4198,0.0382,0.271,0.0038,0.0649,0,0.0992,0.0725,0.0305,0.1778,28287,Moore,OK,0,1
Langston University,www.langston.edu/,NA,NA,NA,26000,1743,0.6843,0.0373,0.7613,0.0465,0.0029,0.0631,0.0011,0.0327,0.0402,0.0149,0.3045,21012,Langston,OK,1,0
Murray State College,https://www.mscok.edu/,NA,NA,NA,13387,1517,0.2866,0.6374,0.029,0.1325,0.0046,0.0382,0.0046,0.147,0,0.0066,NA,22189,Tishomingo,OK,1,0
Spartan College of Aeronautics and Technology,www.spartan.edu/,NA,NA,NA,16750,744,0.1268,0.4798,0.0914,0.086,0.0255,0.0605,0.0081,0.0578,0.0349,0.1559,0.3494,37463,Tulsa,OK,0,1
Northeastern State University,https://www.nsuok.edu/,1050,0.9921,NA,17367,4636,0.4243,0.4411,0.0481,0.0809,0.0255,0.2211,0.0011,0.1486,0.016,0.0177,0.4169,19274,Tahlequah,OK,1,0
Northern Oklahoma College,www.noc.edu/,NA,NA,NA,11000,1865,0.2993,0.5866,0.0499,0.126,0.0123,0.1421,0.0107,0.0257,0.0139,0.0327,NA,14956,Tonkawa,OK,1,0
Northeastern Oklahoma A&M College,www.neo.edu/,NA,NA,NA,11000,1583,0.5172,0.4681,0.1301,0.0985,0.0038,0.1611,0.0019,0.1011,0.0335,0.0019,NA,18065,Miami,OK,1,0
Northwestern Oklahoma State University,www.nwosu.edu/,1015,0.6643,NA,17355,1468,0.4068,0.6022,0.079,0.1574,0.0075,0.0824,0.0027,0.03,0.015,0.0238,0.3121,20993,Alva,OK,1,0
Oklahoma Christian University,www.oc.edu/,1117,0.9707,28,26000,1897,0.3015,0.6162,0.1281,0.1065,0.0279,0.0269,5e-4,0.0854,0,0.0084,0.5695,38029,Edmond,OK,0,1
University of Oklahoma-Health Sciences Center,ouhsc.edu/,NA,NA,NA,20654,1143,0,0.608,0.0481,0.1172,0.077,0.0394,9e-4,0.0087,0.0052,0.0954,NA,NA,Oklahoma City,OK,1,1
Oklahoma Panhandle State University,www.opsu.edu/,NA,NA,NA,12500,997,0.4356,0.4945,0.1274,0.2187,0.007,0.0632,0,0.0261,0.0572,0.006,0.3711,14356,Goodwell,OK,1,0
Oklahoma State University-Main Campus,www.okstate.edu/,1145,0.7093,NA,20500,20814,0.2604,0.6647,0.0424,0.0969,0.0213,0.0479,0.0014,0.1084,0.0157,0.0013,0.6708,25915,Stillwater,OK,1,0
Oklahoma State University-Oklahoma City,www.osuokc.edu/,NA,NA,NA,14250,3424,0.3009,0.5298,0.1127,0.1951,0.0234,0.045,9e-4,0.0859,0,0.0073,NA,12096,Oklahoma City,OK,1,1
Oklahoma Baptist University,https://www.okbu.edu/,1173,0.5568,NA,24801,1292,0.3068,0.6277,0.0681,0.0201,0.0124,0.0658,8e-4,0.1672,0.0132,0.0248,0.5423,46950,Shawnee,OK,0,0
Oklahoma City Community College,www.occc.edu/,NA,NA,NA,10388,9578,0.2783,0.419,0.1089,0.2356,0.0518,0.0406,0.0019,0.0744,0.0174,0.0503,NA,11439,Oklahoma City,OK,1,1
Oklahoma City University,www.okcu.edu/,1150,0.7039,31,20835,1433,0.2256,0.626,0.0628,0.1298,0.0258,0.0167,0.0014,0.083,0.0482,0.0063,0.65,46144,Oklahoma City,OK,0,1
University of Oklahoma-Norman Campus,www.ou.edu/,1239,0.7654,NA,20654,21496,0.2376,0.5652,0.0488,0.1421,0.0709,0.0334,7e-4,0.0993,0.0264,0.0132,0.7735,28833,Norman,OK,1,1
Oklahoma State University Institute of Technology,https://osuit.edu/,NA,NA,NA,11334,2131,0.4005,0.5542,0.0455,0.091,0.0117,0.1323,0.0019,0.1534,0.0075,0.0023,NA,16778,Okmulgee,OK,1,0
Oral Roberts University,https://oru.edu/,1183,0.986,NA,27000,3322,0.3353,0.3573,0.1309,0.1613,0.0427,0.0241,0,0.0421,0.1779,0.0635,0.6061,47367,Tulsa,OK,0,1
Rogers State University,https://www.rsu.edu/,NA,NA,NA,20500,2552,0.3782,0.4765,0.0368,0.0835,0.0216,0.1936,0.0016,0.134,0.0286,0.0239,0.3867,21023,Claremore,OK,1,0
Rose State College,https://www.rose.edu/,NA,NA,NA,10453,4546,0.2885,0.4197,0.1353,0.1366,0.0183,0.0403,0.0026,0.1192,4e-4,0.1276,NA,17151,Midwest City,OK,1,1
Jenks Beauty College,https://jenksbeautycollege.edu/,NA,NA,NA,5852,167,0.5287,0.4431,0.1437,0.1737,0.0479,0.1198,0.006,0.0479,0.006,0.012,NA,NA,Jenks,OK,0,1
University of Science and Arts of Oklahoma,https://usao.edu/,1143,0.5577,NA,21750,896,0.4703,0.6328,0.0435,0.0391,0.01,0.0525,0,0.1105,0.0737,0.0379,0.3922,21258,Chickasha,OK,1,0
Seminole State College,www.sscok.edu/,NA,NA,NA,11000,1076,0.3604,0.539,0.052,0.0697,0.0056,0.289,0.0037,0.0149,0.0139,0.0121,NA,22868,Seminole,OK,1,0
Southern School of Beauty Inc,www.southernschoolbeauty.com/,NA,NA,NA,NA,22,0.8,0.7727,0,0.0909,0,0.1364,0,0,0,0,NA,NA,Durant,OK,0,0
Southeastern Oklahoma State University,www.se.edu/,1084,0.8034,NA,17000,3031,0.401,0.5061,0.0584,0.0947,0.0079,0.1241,7e-4,0.1881,0.0191,0.001,0.3371,17393,Durant,OK,1,0
Southwestern Christian University,www.swcu.edu/,NA,NA,NA,20715,351,0.4109,0.4501,0.1311,0.0883,0.0114,0.0798,0.0028,0.0684,0.1481,0.0199,0.2321,32625,Bethany,OK,0,1
Southwestern Oklahoma State University,https://www.swosu.edu/,1050,1,NA,15954,3469,0.3846,0.6201,0.051,0.1444,0.0104,0.0392,9e-4,0.1003,0.0167,0.017,0.4396,22973,Weatherford,OK,1,0
Tulsa Community College,www.tulsacc.edu/,NA,NA,NA,12223,11397,0.3572,0.4549,0.0832,0.1618,0.0462,0.0667,0.002,0.1199,0.0268,0.0386,NA,12522,Tulsa,OK,1,1
Tulsa Welding School-Tulsa,https://www.tws.edu/,NA,NA,NA,9500,934,0.6761,0.4358,0.1595,0.1852,0.0182,0.1916,0.0043,0.0011,0,0.0043,NA,NA,Tulsa,OK,0,1
University of Tulsa,https://utulsa.edu/,1325,0.5799,NA,21500,2447,0.2614,0.4888,0.0776,0.1291,0.0793,0.0302,0.0016,0.0944,0.0454,0.0535,0.7397,63093,Tulsa,OK,0,1
Western Oklahoma State College,www.wosc.edu/,NA,NA,NA,9500,774,0.3318,0.4612,0.0814,0.2377,0.0065,0.0168,0.0013,0.1034,0.0543,0.0375,NA,16367,Altus,OK,1,0
Formations Institute of Cosmetology & Barbering,formationsinstitute.edu/,NA,NA,NA,NA,31,0.6567,0.7097,0.0323,0.1935,0,0.0323,0,0.0323,0,0,NA,NA,Woodward,OK,0,0
High Plains Technology Center,https://www.hptc.edu/,NA,NA,NA,NA,123,0.072,0.4715,0,0.1463,0.0081,0.0488,0.0163,0.3089,0,0,NA,NA,Woodward,OK,1,0
Blue Mountain Community College,https://www.bluecc.edu/,NA,NA,NA,12000,977,0.3716,0.4299,0.0154,0.2989,0.0102,0.045,0.0041,0.0235,0,0.173,NA,18425,Pendleton,OR,1,0
Central Oregon Community College,www.cocc.edu/,NA,NA,NA,12000,3577,0.2416,0.6774,0.0098,0.1476,0.0162,0.0182,0.0034,0.0498,0,0.0777,NA,17222,Bend,OR,1,1
Chemeketa Community College,www.chemeketa.edu/,NA,NA,NA,12822,6457,0.3393,0.5074,0.0136,0.3359,0.0206,0.0183,0.0091,0.0437,0.002,0.0494,NA,15427,Salem,OR,1,1
Clackamas Community College,www.clackamas.edu/,NA,NA,NA,11992,4575,0.243,0.6024,0.0269,0.1989,0.0358,0.0107,0.0046,0.0566,0.0037,0.0603,NA,10725,Oregon City,OR,1,1
Clatsop Community College,www.clatsopcc.edu/,NA,NA,NA,11602,506,0.3782,0.4822,0.0119,0.2411,0.004,0.0059,0.0059,0.0158,0,0.2332,NA,20922,Astoria,OR,1,0
College of Hair Design Careers,www.collegeofhairdesigncareers.com/,NA,NA,NA,10750,66,0.4215,0.6818,0.0152,0.2576,0.0152,0,0.0152,0.0152,0,0,NA,NA,Salem,OR,0,1
Concorde Career College-Portland,https://www.concorde.edu/campus/portland-oregon,NA,0.9552,NA,9500,186,0.5531,0.2849,0.1129,0.3548,0.0538,0.0054,0.0054,0.0161,0,0.1667,NA,NA,Portland,OR,0,1
Sumner College,sumnercollege.edu/,NA,0.8667,NA,16500,514,0.392,0.214,0.1401,0.0759,0.0097,0.0117,0.035,0.5019,0,0.0117,NA,NA,Portland,OR,0,1
East West College of the Healing Arts,www.eastwestcollege.edu/,NA,NA,NA,12667,232,0.3811,0.7629,0.0259,0.0905,0.0302,0.0216,0.0086,0.056,0,0.0043,NA,NA,Portland,OR,0,1
Eastern Oregon University,www.eou.edu/,NA,0.9876,NA,20500,2201,0.3598,0.6888,0.0218,0.1368,0.0082,0.0159,0.0259,0.0536,0.0073,0.0418,0.4078,24602,La Grande,OR,1,0
New Hope Christian College-Eugene,www.newhope.edu/,NA,0.6563,NA,27000,45,0.775,0.5111,0,0.1778,0.0667,0.0444,0.0444,0.1111,0.0444,0,0.4444,27333,Eugene,OR,0,1
George Fox University,https://www.georgefox.edu/,1170,0.9641,30,24250,2505,0.2675,0.6551,0.0164,0.1609,0.0515,0.006,0.0084,0.079,8e-4,0.022,0.6979,55456,Newberg,OR,0,0
Phagans Grants Pass College of Beauty,www.phagans-schools.com/,NA,NA,NA,NA,43,0.6389,0.8372,0,0.0698,0,0.0233,0,0.0465,0,0.0233,NA,NA,Grants Pass,OR,0,1
Lane Community College,https://www.lanecc.edu/,NA,NA,NA,14761,5861,0.2944,0.6403,0.0215,0.1703,0.0254,0.0125,0.0027,0.0828,0.0188,0.0258,NA,17149,Eugene,OR,1,1
Lewis & Clark College,www.lclark.edu/,1321,0.7453,NA,19500,2167,0.1928,0.6553,0.0268,0.1246,0.0461,0,0.0023,0.0858,0.0512,0.0078,0.7458,76690,Portland,OR,0,1
Linfield University,https://www.linfield.edu/,NA,0.8793,NA,25000,1642,0.2831,0.6041,0.0158,0.2168,0.0579,0.0055,0.0079,0.0767,0.0049,0.0104,0.6878,63825,McMinnville,OR,0,0
Linn-Benton Community College,https://www.linnbenton.edu/,NA,NA,NA,11961,4807,0.2786,0.5929,0.0108,0.1333,0.0229,0.0119,0.0033,0.0526,0.0079,0.1643,NA,17864,Albany,OR,1,1
Northwest College-Beaverton,www.nwcollege.edu/,NA,NA,NA,7564,53,0.5238,0.3019,0.0189,0.3774,0.0377,0,0.0566,0.2075,0,0,NA,NA,Beaverton,OR,0,1
Phagans Medford Beauty School,www.phagans-schools.com/,NA,NA,NA,NA,32,0.7377,0.5313,0.0313,0.3438,0.0313,0.0313,0,0.0313,0,0,NA,NA,Medford,OR,0,1
Northwest College-Clackamas,www.nwcollege.edu/,NA,NA,NA,7564,31,0.5946,0.6774,0,0.1613,0.0323,0.0323,0,0.0968,0,0,NA,NA,Happy Valley,OR,0,1
Mount Angel Seminary,https://www.mountangelabbey.org/seminary,NA,1,NA,NA,28,0.2121,0.3571,0.0357,0.4643,0.0357,0,0.0357,0.0357,0.0357,0,0.5385,NA,Saint Benedict,OR,0,0
Mt Hood Community College,www.mhcc.edu/,NA,NA,NA,13667,3540,0.2136,0.5336,0.0528,0.2093,0.0771,0.0045,0.0056,0.0805,0.0169,0.0195,NA,14032,Gresham,OR,1,1
Multnomah University,https://www.multnomah.edu/,NA,0.4984,NA,20250,329,0.4735,0.3678,0.1459,0.1884,0.0456,0.0152,0.0122,0.0912,0.1125,0.0213,0.5536,41851,Portland,OR,0,1
National University of Natural Medicine,https://www.nunm.edu/,NA,NA,NA,NA,28,0.75,0.4643,0.0714,0.0714,0,0,0,0.1071,0,0.2857,NA,NA,Portland,OR,0,1
Bushnell University,www.bushnell.edu/,1120,0.6636,NA,23500,533,0.3438,0.621,0.0281,0.1407,0.0394,0.0094,0.0188,0.0807,0.03,0.0319,0.6024,45535,Eugene,OR,0,1
Oregon Health & Science University,www.ohsu.edu/,NA,NA,NA,16625,788,0.2806,0.6231,0.0254,0.2132,0.0635,0.0013,0.0051,0.0558,0.0063,0.0063,NA,NA,Portland,OR,1,1
Oregon Institute of Technology,https://www.oit.edu/,1165,0.9167,NA,22500,2913,0.1922,0.6426,0.0179,0.1699,0.0649,0.0103,0.0055,0.0669,0.0096,0.0124,0.5617,26675,Klamath Falls,OR,1,0
Oregon State University,https://oregonstate.edu/,NA,0.7885,32,21221,29557,0.2236,0.6372,0.0211,0.126,0.083,0.0061,0.0033,0.0705,0.0287,0.0241,0.7007,29926,Corvallis,OR,1,1
University of Oregon,https://www.uoregon.edu/,1257,0.8511,NA,20139,19758,0.2198,0.6181,0.0266,0.1576,0.0682,0.0051,0.0038,0.0953,0.0144,0.011,0.7536,32636,Eugene,OR,1,1
Pacific Northwest College of Art,willamette.edu/pnca/index.html,NA,0.6854,NA,25000,412,0.4415,0.6189,0.0461,0.1165,0.034,0.0049,0.0073,0.0874,0.0194,0.0655,0.3571,67040,Portland,OR,0,1
Pacific University,https://www.pacificu.edu/,1123,0.9176,NA,23223,1556,0.2672,0.4396,0.0244,0.1909,0.135,0.0026,0.0257,0.1324,0.0077,0.0418,0.7182,69330,Forest Grove,OR,0,1
Phagans Beauty College,www.phagans-schools.com/,NA,NA,NA,8974,59,0.4286,0.6271,0,0.1356,0.0169,0,0,0.2203,0,0,NA,NA,Corvallis,OR,0,1
Phagans Central Oregon Beauty College,www.phagans-schools.com/,NA,NA,NA,7435,101,0.5275,0.6634,0,0.1782,0,0.0297,0,0.0792,0,0.0495,NA,NA,Bend,OR,0,1
Phagans School of Beauty,www.phagans-schools.com/,NA,NA,NA,8656,38,0.6543,0.4737,0.0789,0.2368,0,0.0526,0,0.1053,0,0.0526,NA,NA,Salem,OR,0,1
Phagans School of Hair Design,https://www.phagans.com/,NA,NA,NA,8297,203,0.5427,0.6355,0.1133,0.1724,0.0296,0.0345,0.0148,0,0,0,NA,NA,Happy Valley,OR,0,1
Summit Salon Academy-Portland,www.summitsalonacademyportland.com/,NA,NA,NA,10512,77,0.6154,0.6104,0.0909,0.2597,0.039,0,0,0,0,0,NA,NA,Tigard,OR,0,1
Portland Community College,www.pcc.edu/,NA,NA,NA,12999,18365,0.3056,0.5031,0.0569,0.2244,0.079,0.0072,0.0071,0.0671,0.0079,0.0472,NA,17271,Portland,OR,1,1
Portland State University,www.pdx.edu/,NA,0.9091,NA,20500,13619,0.3956,0.4812,0.0512,0.2278,0.0957,0.0059,0.0073,0.0817,0.0247,0.0245,0.5696,22449,Portland,OR,1,1
University of Portland,https://www.up.edu/,1277,0.9539,NA,21370,3104,0.1858,0.4175,0.0274,0.1836,0.2126,0.0035,0.0142,0.0966,0.0332,0.0113,0.8108,69183,Portland,OR,0,1
Reed College,https://www.reed.edu/,1420,0.2716,NA,21500,1407,0.1228,0.5977,0.0135,0.1201,0.0846,0.0043,0,0.1002,0.0718,0.0078,0.7458,83310,Portland,OR,0,1
Rogue Community College,www.roguecc.edu/,NA,NA,NA,17042,3395,0.4321,0.6371,0.0121,0.2436,0.015,0.01,0.0074,0.0507,3e-4,0.0239,NA,15685,Grants Pass,OR,1,1
Southern Oregon University,www.sou.edu/,NA,0.8266,NA,20332,2911,0.2434,0.5476,0.0189,0.1384,0.0196,0.0148,0.0151,0.1013,0.0117,0.1326,0.4295,25950,Ashland,OR,1,1
Southwestern Oregon Community College,www.socc.edu/,NA,NA,NA,12000,1199,0.3612,0.6597,0.015,0.1376,0.0158,0.0275,0.0125,0.0742,0.04,0.0175,NA,16303,Coos Bay,OR,1,0
Treasure Valley Community College,https://www.tvcc.cc/,NA,NA,NA,12000,928,0.4447,0.569,0.0108,0.2554,0.0065,0.0054,0.0054,0.0075,0.0065,0.1336,NA,13643,Ontario,OR,1,0
Umpqua Community College,https://www.umpqua.edu/,NA,NA,NA,9000,1974,0.317,0.7072,0.0208,0.1358,0.0218,0.0132,0.0056,0.0694,0.002,0.0243,NA,17613,Roseburg,OR,1,0
Warner Pacific University,https://www.warnerpacific.edu/,NA,0.5855,NA,25000,344,0.464,0.3401,0.1221,0.3198,0.1366,0.0174,0.0203,0.0349,0.0029,0.0058,0.3553,32975,Portland,OR,0,1
Corban University,https://www.corban.edu/,NA,0.8974,NA,22625,636,0.281,0.6085,0.0236,0.1509,0.022,0.0047,0.0079,0.0786,0.0063,0.0975,0.6606,50556,Salem,OR,0,1
Willamette University,www.willamette.edu/,1339,0.7911,NA,21500,1525,0.218,0.6616,0.0243,0.1416,0.0393,0.0052,0.0072,0.0859,0.0131,0.0216,0.7198,62112,Salem,OR,0,1
Western Oregon University,https://wou.edu/,1057,0.9869,NA,20609,3211,0.4,0.5746,0.0336,0.2516,0.0258,0.0103,0.0149,0.066,0.0072,0.0159,0.5033,23975,Monmouth,OR,1,0
University of Western States,https://www.uws.edu/,NA,NA,NA,NA,0,0,0,0,0,0,0,0,0,0,0,NA,NA,Portland,OR,0,1
Bryn Athyn College of the New Church,www.brynathyn.edu/,1174,0.742,NA,22250,273,0.4632,0.5971,0.1575,0.0623,0.0403,0,0,0.0293,0.0256,0.0879,0.3881,39685,Bryn Athyn,PA,0,1
Albright College,www.albright.edu/home/,NA,0.8615,NA,27000,1296,0.5039,0.4529,0.2215,0.2037,0.027,0.0015,0,0.0671,0.0154,0.0108,0.4745,44381,Reading,PA,0,1
All-State Career School,www.allstatecareer.edu/,NA,NA,NA,6333,831,0.6713,0.0734,0.8014,0.0578,0.0156,0.0048,0,0.0325,0,0.0144,NA,NA,Essington,PA,0,1
Community College of Allegheny County,https://www.ccac.edu/,NA,NA,NA,12680,9305,0.2925,0.6017,0.1772,0.0457,0.047,0.0025,9e-4,0.0464,1e-4,0.0786,NA,13905,Pittsburgh,PA,1,1
Allegheny College,https://allegheny.edu/,1292,0.5853,NA,27000,1209,0.2515,0.6956,0.0802,0.0794,0.0289,8e-4,0,0.0422,0.0505,0.0223,0.7495,70614,Meadville,PA,0,0
The  Beauty Institute,https://www.thebeautyinstituteskp.edu/,NA,NA,NA,10763,61,0.8108,0.2951,0.2459,0.3607,0,0,0,0.0492,0,0.0492,NA,NA,Whitehall,PA,0,1
DeSales University,www.desales.edu/,1199,0.7858,NA,25788,2113,0.2288,0.7042,0.0568,0.1458,0.0487,0,9e-4,0.0208,5e-4,0.0222,0.6979,59409,Center Valley,PA,0,1
Altoona Beauty School Inc,www.altoonabeautyschool.com/,NA,NA,NA,4750,80,0.1296,0.8375,0.05,0.05,0,0,0.025,0.0125,0,0.025,NA,NA,Altoona,PA,0,1
Alvernia University,https://www.alvernia.edu/,1160,0.6232,NA,27000,2042,0.337,0.6107,0.1043,0.1533,0.0152,0.0015,0,0.0323,0.0431,0.0397,0.6658,54650,Reading,PA,0,1
The Beauty Institute-Ambler,ambler.thebeautyinstituteskp.edu/,NA,NA,NA,9583,152,0.8247,0.3355,0.3618,0.1645,0.0066,0,0,0.0658,0,0.0658,NA,NA,Ambler,PA,0,1
American College of Financial Services,https://www.theamericancollege.edu/,NA,NA,NA,NA,3963,0,0.3967,0.0298,0.0131,0.0262,0.0025,0.0015,0.0129,0,0.5173,NA,NA,King of Prussia,PA,0,1
Automotive Training Center-Exton,www.autotraining.edu/,NA,NA,NA,15665,364,0.5448,0.4835,0.1044,0.3874,0.0055,0,0.0027,0.0165,0,0,NA,NA,Exton,PA,0,1
Clarks Summit University,https://www.clarkssummitu.edu/,NA,0.901,NA,18034,331,0.4851,0.8006,0.0514,0.0816,0.0181,0.003,0,0.0211,0.0211,0.003,0.4308,41062,Clarks Summit,PA,0,1
Community College of Beaver County,https://www.ccbc.edu/,NA,NA,NA,14923,1092,0.2531,0.794,0.0797,0.0385,0.0064,0.0064,9e-4,0.0467,9e-4,0.0266,NA,11329,Monaca,PA,1,1
Arcadia University,https://www.arcadia.edu/,1210,0.7919,NA,27000,1799,0.2765,0.5598,0.1451,0.1001,0.0506,0.0056,6e-4,0.0195,0.0812,0.0378,0.6248,61240,Glenside,PA,0,1
Bryn Mawr College,www.brynmawr.edu/,1404,0.3106,NA,25000,1346,0.1434,0.5015,0.0505,0.1018,0.1144,7e-4,0,0.0713,0.1315,0.0282,0.8701,79380,Bryn Mawr,PA,0,1
Bucknell University,www.bucknell.edu/,1389,0.3201,40,27000,3818,0.111,0.7462,0.0437,0.0796,0.0453,3e-4,3e-4,0.0398,0.0443,5e-4,0.8838,79956,Lewisburg,PA,0,0
Bucks County Community College,www.bucks.edu/,NA,NA,NA,12000,5199,0.2209,0.67490000000000006,0.0723,0.1264,0.0598,0.0052,8e-4,0.0279,0.0021,0.0306,NA,12901,Newtown,PA,1,0
Bucks County School of Beauty Culture Inc,www.bcsbc.edu/,NA,NA,NA,NA,112,0.2878,0.6786,0.1518,0.0982,0.0179,0,0,0.0357,0.0089,0.0089,NA,NA,Feasterville,PA,0,1
Butler Beauty Academy,beautyacademies.net/,NA,NA,NA,7500,14,0.2195,0.8571,0.0714,0,0.0714,0,0,0,0,0,NA,NA,Butler,PA,0,0
Butler County Community College,https://www.bc3.edu/,NA,NA,NA,10020,1882,0.3477,0.8629,0.0271,0.0244,0.0149,5e-4,5e-4,0.0409,0.0043,0.0244,NA,11152,Butler,PA,1,0
Cabrini University,www.cabrini.edu/,1145,0.6919,NA,26000,645,0.3702,0.5039,0.2512,0.1411,0.0295,0.0031,0,0.0264,0.0062,0.0388,0.5282,49764,Radnor,PA,0,1
Carlow University,www.carlow.edu/,NA,0.871,NA,25500,1336,0.4122,0.6692,0.1916,0.0412,0.0352,0.0045,7e-4,0.0389,0.0097,0.009,0.5367,46864,Pittsburgh,PA,0,1
Carnegie Mellon University,www.cmu.edu/,1545,0.114,NA,21750,7187,0.1521,0.2162,0.0424,0.108,0.3356,3e-4,4e-4,0.0541,0.1913,0.0516,0.9405,80514,Pittsburgh,PA,0,1
Cedar Crest College,www.cedarcrest.edu/,1070,0.9913,NA,27000,857,0.3861,0.4959,0.0922,0.1715,0.0303,0.0012,0,0.0268,0.0642,0.1179,0.6369,56240,Allentown,PA,0,1
Central Penn College,https://www.centralpenn.edu/,NA,0.2593,NA,23194,721,0.4266,0.5312,0.1734,0.104,0.0319,0.0028,0,0.0666,0.0361,0.0541,0.5128,28251,Summerdale,PA,0,1
Chatham University,www.chatham.edu/,1205,0.7011,NA,23250,1252,0.2108,0.7508,0.0767,0.0583,0.0375,0.0024,0,0,0.0312,0.0431,0.6429,56981,Pittsburgh,PA,0,1
Chestnut Hill College,www.chc.edu/,NA,0.7913,NA,26389,931,0.4732,0.3018,0.2997,0.1321,0.0183,0,0,0.0258,0.0247,0.1976,0.6262,57980,Philadelphia,PA,0,1
Cheyney University of Pennsylvania,https://www.cheyney.edu/,NA,NA,NA,21785,721,0.4103,0.0097,0.8585,0.025,0.0097,0.0042,0,0.0735,0.0028,0.0166,0.42,24881,Cheyney,PA,1,0
Citizens School of Nursing,https://www.ahn.org/education/citizens-school-nursing,NA,1,NA,15250,115,0.3448,0.8696,0.0783,0.0087,0,0,0,0.0261,0.0087,0.0087,NA,NA,Tarentum,PA,0,1
DLP Conemaugh Memorial Medical Center,www.conemaugh.org/education,1040,0.4333,NA,12000,108,0.2346,0.963,0.0185,0,0,0,0,0.0185,0,0,NA,NA,Johnstown,PA,0,1
Curtis Institute of Music,www.curtis.edu/,NA,0.0695,NA,NA,106,0.0097,0.283,0.0283,0.0472,0.1132,0.0094,0,0.0755,0.4434,0,1,NA,Philadelphia,PA,0,1
Delaware County Community College,www.dccc.edu/,NA,NA,NA,13250,7065,0.398,0.4268,0.3237,0.0882,0.0545,0.0027,8e-4,0.0524,0.0127,0.0382,NA,12957,Media,PA,1,1
Delaware Valley University,www.delval.edu/,1180,0.92490000000000006,33,25000,1644,0.2921,0.7184,0.0852,0.101,0.014,0.0012,6e-4,0.0328,0.0036,0.0432,0.5574,58661,Doylestown,PA,0,1
Dickinson College,https://www.dickinson.edu/,NA,0.4308,NA,19000,2157,0.1365,0.6504,0.0385,0.0746,0.051,0,9e-4,0.0427,0.1326,0.0093,0.8242,80329,Carlisle,PA,0,1
Douglas Education Center,www.dec.edu/,NA,NA,NA,12000,200,0.4798,0.8,0.055,0.08,0,0.01,0,0.05,0.005,0,NA,32224,Monessen,PA,0,0
Drexel University,https://drexel.edu/,1337,0.7753,NA,25325,13509,0.2516,0.4287,0.0918,0.0862,0.2382,9e-4,4e-4,0.0437,0.0866,0.0236,0.7919,75167,Philadelphia,PA,0,1
Duquesne University,www.duq.edu/,1257,0.7885,NA,26244,5216,0.1814,0.7937,0.05,0.0472,0.0357,0.0015,4e-4,0.0347,0.0263,0.0105,0.7765,63042,Pittsburgh,PA,0,1
East Stroudsburg University of Pennsylvania,https://www.esu.edu/,1078,0.9288,NA,24218,4611,0.3987,0.5272,0.2073,0.1787,0.0178,0.0013,0.0017,0.039,0.0069,0.02,0.4945,24369,East Stroudsburg,PA,1,0
Eastern University,https://www.eastern.edu/about/student-consumer-information,NA,0.9362,NA,25000,1978,0.3566,0.3943,0.2821,0.1517,0.0217,5e-4,5e-4,0.0369,0.047,0.0652,0.6338,53293,Saint Davids,PA,0,1
Elizabethtown College,www.etown.edu/,1190,0.7677,NA,27000,1815,0.1917,0.8298,0.0353,0.0623,0.0198,0,6e-4,0.0231,0.0187,0.0105,0.759,49318,Elizabethtown,PA,0,1
Empire Beauty School-Lebanon,www.empire.edu/,NA,NA,NA,10667,33,0.4727,0.3939,0.1515,0.3636,0.0303,0,0,0,0,0.0606,NA,NA,Lebanon,PA,0,1
Empire Beauty School-York,www.empire.edu/,NA,NA,NA,10667,95,0.5,0.3263,0.2211,0.2211,0,0,0,0.0842,0,0.1474,NA,NA,York,PA,0,1
Empire Beauty School-Lancaster,www.empire.edu/,NA,NA,NA,13000,87,0.4959,0.4023,0.1149,0.3563,0.0345,0,0,0.0805,0,0.0115,NA,NA,Lancaster,PA,0,1
Empire Beauty School-Shamokin Dam,www.empire.edu/,NA,NA,NA,13000,75,0.4537,0.5733,0.04,0.12,0,0,0,0,0,0.2667,NA,NA,Shamokin Dam,PA,0,0
Empire Beauty School-Pottsville,www.empire.edu/,NA,NA,NA,10231,56,0.549,0.625,0.0714,0.2143,0,0,0,0.0179,0,0.0714,NA,NA,Pottsville,PA,0,0
Empire Beauty  School-Lehigh Valley,www.empire.edu/,NA,NA,NA,13000,133,0.5802,0.1654,0.1353,0.3534,0.0075,0,0,0.0902,0,0.2481,NA,NA,Whitehall,PA,0,1
Empire Beauty School-Gwinnett,www.empire.edu/,NA,NA,NA,10231,75,0.5926,0.0267,0.7733,0.1333,0.0133,0.0133,0,0.0267,0,0.0133,NA,NA,Lawrenceville,GA,0,1
Empire Beauty School-Wyoming Valley,www.empire.edu/,NA,NA,NA,10667,137,0.512,0.6204,0.1679,0.1314,0.0073,0,0,0.0511,0,0.0219,NA,NA,Moosic,PA,0,1
Empire Beauty School-Harrisburg,www.empire.edu/,NA,NA,NA,10667,150,0.5302,0.1333,0.24,0.2067,0.0733,0,0,0.06,0,0.2867,NA,NA,Harrisburg,PA,0,1
Empire Beauty School-Reading,www.empire.edu/,NA,NA,NA,10667,76,0.5699,0.2632,0.0789,0.4342,0,0,0,0.0658,0,0.1579,NA,NA,Reading,PA,0,1
Erie Institute of Technology Inc,www.erieit.edu/,NA,NA,NA,10738,183,0.5071,0.8415,0.1038,0.0219,0.0219,0,0,0.0109,0,0,NA,25406,Erie,PA,0,1
Franklin and Marshall College,www.fandm.edu/,1394,0.3183,NA,19000,1904,0.1668,0.5809,0.0509,0.1014,0.0494,0.0021,0,0.0362,0.1717,0.0074,0.8345,83184,Lancaster,PA,0,1
Gannon University,www.gannon.edu/,NA,0.767,NA,27000,2467,0.22,0.6542,0.058,0.053900000000000003,0.0263,4e-4,4e-4,0.0353,0.1411,0.0304,0.6774,51236,Erie,PA,0,1
Geneva College,www.geneva.edu/,NA,NA,NA,25198,1000,0.3179,0.808,0.049,0.041,0.011,0.001,0.001,0.031,0.028,0.03,0.7082,43064,Beaver Falls,PA,0,1
Gettysburg College,https://www.gettysburg.edu/,1350,0.4751,NA,26999,2209,0.2099,0.6388,0.0498,0.1114,0.0272,0.0014,9e-4,0.029,0.1163,0.0254,0.8212,80400,Gettysburg,PA,0,0
Empire Beauty School-NE Philadelphia,www.empire.edu/,NA,NA,NA,13583,119,0.4615,0.2269,0.2773,0.2773,0.0168,0,0,0.084,0,0.1176,NA,NA,Philadelphia,PA,0,1
Gratz College,https://www.gratz.edu/,NA,NA,NA,NA,158,0.0079,0.8797,0,0,0,0,0,0,0.057,0.0633,NA,NA,Melrose Park,PA,0,1
Grove City College,www.gcc.edu/,1261,0.734,NA,NA,2221,0,0.9045,0.0045,0.0068,0.0207,0,0,0.0504,0.0131,0,0.8752,NA,Grove City,PA,0,0
Gwynedd Mercy University,https://www.gmercyu.edu/,1110,0.9361,NA,25000,1141,0.2996,0.6205,0.1481,0.0868,0.0596,9e-4,0.0018,0.0193,0,0.0631,0.6849,53359,Gwynedd Valley,PA,0,1
Harcum College,https://www.harcum.edu/s/1044/edu/start.aspx,NA,NA,NA,18440,904,0.5341,0.2843,0.4281,0.1704,0.0254,0,0.0022,0.0277,0.0531,0.0088,NA,42113,Bryn Mawr,PA,0,1
Harrisburg Area Community College,www.hacc.edu/,NA,NA,NA,17500,9802,0.3288,0.5812,0.118,0.1523,0.0569,0.0022,0.001,0.0419,0.025,0.0213,NA,16636,Harrisburg,PA,1,1
Haverford College,https://www.haverford.edu/,1498,0.1291,NA,13621,1421,0.1407,0.4863,0.0521,0.1232,0.1232,0,0,0.0992,0.1084,0.0077,0.9041,84605,Haverford,PA,0,1
Commonwealth Technical Institute,www.dli.pa.gov/Individuals/Disability-Services/CTI-HGAC/Pages/Home.aspx,NA,NA,NA,NA,132,0.4681,0.6364,0.1288,0.0152,0.0076,0,0,0.0152,0,0.197,NA,20826,Johnstown,PA,0,1
Holy Family University,https://www.holyfamily.edu/,1030,0.7422,NA,25125,2298,0.3971,0.5387,0.1445,0.1684,0.0753,0.0013,0.0048,0.0109,0.0139,0.0422,0.5693,38965,Philadelphia,PA,0,1
Immaculata University,www.immaculata.edu/,1163,0.7845,NA,27000,1265,0.2139,0.6996,0.1036,0.1233,0.0269,0,0.0016,0.0182,0.0095,0.0174,0.6898,45416,Immaculata,PA,0,1
Indiana University of Pennsylvania-Main Campus,www.iup.edu/,1052,0.912,NA,26798,6893,0.3576,0.7524,0.1039,0.0527,0.0131,0.0084,4e-4,0.0413,0.0104,0.0174,0.5762,26405,Indiana,PA,1,0
UPMC Jameson School of Nursing,www.upmc.com/healthcare-professionals/education/schools-of-nursing/campuses/jameson,NA,0.7414,NA,12000,332,0.3275,0.5934,0.1295,0.0482,0.003,0.006,0,0.0572,0,0.1627,NA,28667,New Castle,PA,0,0
Great Lakes Institute of Technology,www.glit.edu/,NA,NA,NA,11250,303,0.6813,0.7624,0.1155,0.0726,0.0099,0,0.0033,0.0165,0,0.0198,NA,NA,Erie,PA,0,1
Johnson College,www.johnson.edu/,1020,0.965,NA,12000,549,0.4573,0.7122,0.0546,0.0765,0.0073,0.0055,0.0018,0.0182,0,0.1239,NA,24902,Scranton,PA,0,1
Juniata College,www.juniata.edu/,1185,0.7165,NA,27000,1175,0.2621,0.6877,0.0485,0.0766,0.0213,9e-4,9e-4,0.0366,0.0936,0.034,0.7584,69241,Huntingdon,PA,0,0
Keystone College,https://www.keystone.edu/,1030,0.796,NA,26000,870,0.4481,0.6701,0.1471,0.0782,0.0069,0.0092,0.0011,0.0322,0.0092,0.046,0.4626,31742,La Plume,PA,0,1
King's College,www.kings.edu/,1150,0.932,NA,27000,1519,0.2729,0.7426,0.0553,0.1231,0.029,0.0013,0,0.027,0.0125,0.0092,0.675,56991,Wilkes-Barre,PA,0,1
Butler Beauty Academy-Kittanning Beauty Academy,beautyacademies.net/,NA,NA,NA,7500,39,0.1429,0.9231,0.0256,0.0256,0.0256,0,0,0,0,0,NA,NA,Kittanning,PA,0,0
Kutztown University of Pennsylvania,https://www.kutztown.edu/,1170,0.9483,NA,26000,6348,0.3063,0.7135,0.0712,0.1292,0.0211,9e-4,8e-4,0.0372,0.0123,0.0139,0.5465,28876,Kutztown,PA,1,0
La Roche University,www.laroche.edu/,1140,0.7761,28,25000,786,0.1386,0.6183,0.0611,0.0547,0.014,0,0,0.0407,0.1705,0.0407,0.5162,45623,Pittsburgh,PA,0,1
La Salle University,www.lasalle.edu/,NA,0.8619,NA,25000,1966,0.3264,0.3983,0.2457,0.203,0.0514,0.001,0,0.0346,0.056,0.0102,0.6011,45046,Philadelphia,PA,0,1
Lackawanna College,https://www.lackawanna.edu/,NA,NA,NA,18075,1837,0.5814,0.5139,0.1606,0.1911,0.0125,0.0038,0.0016,0.0289,0.0049,0.0827,NA,28849,Scranton,PA,0,1
Lafayette College,https://www.lafayette.edu/,1419,0.3147,39,16000,2746,0.103,0.6828,0.0564,0.0885,0.0371,0.0015,0,0.0455,0.0681,0.02,0.8836,78854,Easton,PA,0,1
Lancaster Bible College,https://www.lbc.edu/,1161,0.9519,NA,20500,1511,0.3047,0.6453,0.2396,0.0225,0.0113,0.0053,0.0026,0.0357,0,0.0377,0.5899,40813,Lancaster,PA,0,1
Lancaster School of Cosmetology & Therapeutic Bodywork,lancasterschoolofcosmetology.com/,NA,NA,NA,3167,393,0.2553,0.4529,0.0712,0.2494,0.0407,0.0025,0,0.0763,0,0.1069,NA,NA,Lancaster,PA,0,1
Lansdale School of Business,www.lsb.edu/,NA,NA,NA,13492,87,0.6222,0.4253,0.4138,0.1494,0.0115,0,0,0,0,0,NA,28997,North Wales,PA,0,1
Lansdale School of Cosmetology Inc,www.lansdalecosmetology.com/,NA,NA,NA,NA,40,0.0435,0.65,0.075,0.15,0.075,0,0,0.025,0,0.025,NA,NA,Lansdale,PA,0,1
Lebanon Valley College,www.lvc.edu/,1190,0.7453,NA,27000,1670,0.2193,0.8347,0.0263,0.0647,0.0216,0.0012,6e-4,0.0329,0.0096,0.0084,0.6835,63990,Annville,PA,0,1
Lehigh Carbon Community College,www.lccc.edu/,NA,NA,NA,11000,4465,0.3306,0.4878,0.0882,0.3272,0.0267,0.0049,0.0016,0.0267,0.0029,0.034,NA,15075,Schnecksville,PA,1,0
Miller-Motte College-Berks Technical Institute,https://www.berks.edu/,NA,NA,NA,15917,433,0.5345,0.2818,0.1386,0.4965,0.0139,0,0,0.0647,0,0.0046,NA,NA,Wyomissing,PA,0,1
Lehigh University,www.lehigh.edu/,1432,0.2926,NA,21960,5803,0.178,0.588,0.0514,0.1086,0.108,0.0012,3e-4,0.0431,0.0755,0.024,0.879,77515,Bethlehem,PA,0,1
Lincoln Technical Institute-Allentown,www.lincolntech.edu/campus/allentown-pa,NA,NA,NA,11250,529,0.6402,0.2287,0.2231,0.4272,0.0095,0.0019,0.0019,0.0548,0,0.0529,NA,NA,Allentown,PA,0,1
Lincoln Technical Institute-Philadelphia,www.lincolntech.edu/campus/philadelphia-pa,NA,NA,NA,11250,374,0.7267,0.1497,0.4278,0.2513,0.0241,0,0.0027,0.0374,0,0.107,NA,NA,Philadelphia,PA,0,1
Lincoln University,www.lincoln.edu/,984,0.7837,NA,28250,1712,0.663,0.0064,0.8324,0.0648,0.0012,0.0029,6e-4,0.0438,0.0269,0.021,0.5033,27358,Lincoln University,PA,1,1
UPMC St. Margaret School of Nursing,https://www.upmc.com/stmargson,NA,0.8571,NA,15667,91,0.3125,0.6703,0.1099,0.011,0,0,0.011,0.0879,0,0.1099,NA,25446,Pittsburgh,PA,0,1
Luzerne County Community College,www.luzerne.edu/,NA,NA,NA,11000,3241,0.3543,0.4983,0.0858,0.2222,0.0179,0.004,0.0015,0.0068,3e-4,0.1632,NA,14995,Nanticoke,PA,1,1
Lycoming College,https://www.lycoming.edu/,1169,0.6788,NA,27000,1049,0.4013,0.6463,0.1087,0.122,0.0153,0.001,0,0.0372,0.0238,0.0458,0.6734,61526,Williamsport,PA,0,1
Manor College,www.manor.edu/,820,0.9576,NA,19000,462,0.4871,0.3528,0.342,0.2403,0.0303,0.0022,0.0022,0.0152,0.0065,0.0087,NA,27178,Jenkintown,PA,0,1
Marywood University,https://www.marywood.edu/,1153,0.8371,NA,26186,1821,0.2919,0.7853,0.0264,0.1032,0.0253,0.0033,5e-4,0.0247,0.0077,0.0236,0.7057,52673,Scranton,PA,0,1
Vet Tech Institute,vti.edu/,NA,0.7282,NA,13623,199,0.5442,0.8342,0.0603,0.0151,0.005,0.005,0,0.0503,0,0.0302,NA,23551,Pittsburgh,PA,0,1
Roxborough Memorial Hospital School of Nursing,www.roxboroughmemorial.com/,NA,NA,NA,20000,144,0.477,0.4722,0.3542,0.0833,0.0486,0,0,0.0208,0,0.0208,NA,NA,Philadelphia,PA,0,1
Mercyhurst University,www.mercyhurst.edu/,NA,0.8323,NA,25305,2217,0.2989,0.7515,0.0559,0.0546,0.014,0.0027,5e-4,0.0068,0.0537,0.0604,0.6555,57948,Erie,PA,0,1
Messiah University,www.messiah.edu/,1214,0.7848,NA,25621,2318,0.2,0.761,0.0393,0.088,0.0397,4e-4,0.0013,0.0362,0.0263,0.0078,0.771,53939,Mechanicsburg,PA,0,1
ASPIRA City College,https://aspiracitycollege.edu/,NA,1,NA,NA,12,0.7273,0,0.0833,0.9167,0,0,0,0,0,0,NA,25145,Philadelphia,PA,0,1
Millersville University of Pennsylvania,www.millersville.edu/,1120,0.8941,NA,23507,5610,0.2669,0.734,0.0895,0.1055,0.033,0.003,0.0012,0.013,0.0155,0.0052,0.5826,27086,Millersville,PA,1,1
Misericordia University,www.misericordia.edu/,NA,0.8489,NA,26973,1632,0.1903,0.81,0.0496,0.0656,0.0135,6e-4,6e-4,0.0251,0.0018,0.0331,0.7143,51023,Dallas,PA,0,1
Montgomery County Community College,www.mc3.edu/,NA,NA,NA,12349,7181,0.288,0.5148,0.1681,0.1244,0.06,0.001,0.0015,0.0646,0.0192,0.0464,NA,14571,Blue Bell,PA,1,1
Moore College of Art and Design,www.moore.edu/,1303,0.6051,NA,26000,390,0.4085,0.5154,0.1641,0.0769,0.041,0.0051,0,0.0923,0,0.1051,0.5745,68583,Philadelphia,PA,0,1
Moravian University,www.moravian.edu/,1154,0.54,NA,26793,1970,0.2679,0.6574,0.0569,0.1792,0.0239,0.0015,0.001,0.0213,0.0041,0.0548,0.6756,64260,Bethlehem,PA,0,1
Mount Aloysius College,www.mtaloy.edu/,1034,0.9041,NA,24287,1123,0.1599,0.7418,0.0365,0.0053,0.0107,0.0045,9e-4,0,0.0703,0.13,0.494,38533,Cresson,PA,0,0
Muhlenberg College,www.muhlenberg.edu/,1327,0.6401,NA,25455,1777,0.2098,0.7169,0.0501,0.1131,0.0355,0,0,0.04,0.0129,0.0315,0.8213,73782,Allentown,PA,0,1
Neumann University,www.neumann.edu/,NA,0.764,NA,27000,1574,0.4233,0.493,0.3291,0.0845,0.0235,0.0013,0.0013,0.0311,0.014,0.0222,0.505,56670,Aston,PA,0,1
New Castle School of Trades,https://www.ncstrades.edu/,NA,NA,NA,9567,623,0.6205,0.7961,0.1461,0.0225,0.0032,0.0016,0,0.0257,0,0.0048,NA,NA,New Castle,PA,0,0
Northampton County Area Community College,www.northampton.edu/,NA,NA,NA,15495,7512,0.3843,0.4249,0.1319,0.283,0.025,0.0037,9e-4,0.0373,0.0055,0.0877,NA,16211,Bethlehem,PA,1,1
Heritage Valley Health System School of Nursing,www.heritagevalley.org/,NA,0.4128,NA,NA,52,0.0256,0.8077,0.1923,0,0,0,0,0,0,0,NA,NA,McKees Rocks,PA,0,1
Orleans Technical College,https://www.orleanstech.edu/,NA,0.5039,NA,7521,245,0.4887,0.151,0.5306,0.249,0.0204,0.0245,0.0041,0,0,0.0204,NA,NA,Philadelphia,PA,0,1
Pennsylvania Institute of Technology,www.pit.edu/,NA,NA,NA,16500,661,0.7834,0.2042,0.6021,0.0333,0.0076,0.0091,0.0045,0.0469,0.0015,0.0908,NA,22163,Media,PA,0,1
Pennsylvania State University-Penn State Erie-Behrend College,https://behrend.psu.edu/,1213,0.9571,NA,25000,3172,0.2666,0.7673,0.0369,0.0445,0.0501,9e-4,6e-4,0.0309,0.0536,0.0151,0.4746,32038,Erie,PA,1,1
Pennsylvania State University-Penn State New Kensington,https://newkensington.psu.edu/,1133,0.9331,NA,25000,423,0.3152,0.7943,0.0591,0.0615,0.0189,0.0024,0,0.0402,0.0095,0.0142,0.2387,27036,New Kensington,PA,1,0
Pennsylvania State University-Penn State Shenango,https://shenango.psu.edu/,1170,0.9091,NA,25000,261,0.4057,0.7931,0.1188,0.0383,0.0038,0,0,0.0383,0.0038,0.0038,0.1667,26545,Sharon,PA,1,0
Pennsylvania State University-Penn State Wilkes-Barre,https://wilkesbarre.psu.edu/,1145,0.9453,NA,25000,338,0.3829,0.7959,0.0769,0.0651,0.0089,0,0.003,0.0355,0.0089,0.0059,0.1866,24604,Dallas,PA,1,0
Pennsylvania State University-Penn State Scranton,https://scranton.psu.edu/,1190,0.9487,NA,25000,821,0.4331,0.6748,0.0572,0.1218,0.0999,0.0037,0,0.0256,0.0049,0.0122,0.3136,27126,Dunmore,PA,1,1
Pennsylvania State University-Penn State Lehigh Valley,https://lehighvalley.psu.edu/,1212,0.9421,NA,25000,902,0.3311,0.5144,0.0798,0.2162,0.1186,0.0022,0,0.0366,0.0089,0.0233,0.17,26918,Center Valley,PA,1,1
Pennsylvania State University-Penn State Altoona,https://altoona.psu.edu/,1163,0.9731,NA,25000,2412,0.2584,0.7235,0.0638,0.0775,0.0431,8e-4,8e-4,0.0352,0.046,0.0091,0.1387,31725,Altoona,PA,1,1
Pennsylvania State University-Penn State Beaver,https://beaver.psu.edu/,1191,0.922,NA,25000,491,0.3352,0.6986,0.0855,0.0692,0.053,0.002,0.002,0.0489,0.0326,0.0081,0.1827,27587,Monaca,PA,1,1
Pennsylvania State University-Penn State Berks,https://berks.psu.edu/,1219,0.9713,NA,25000,1887,0.2873,0.5994,0.0821,0.1457,0.0911,0.0011,0,0.0307,0.0323,0.0175,0.276,31853,Reading,PA,1,1
Pennsylvania State University-Penn State Harrisburg,https://harrisburg.psu.edu/,1218,0.9639,NA,25000,4154,0.2609,0.4651,0.0985,0.0828,0.1353,7e-4,0,0.0392,0.1627,0.0156,0.3016,32029,Middletown,PA,1,1
Pennsylvania State University-Penn State Brandywine,https://www.brandywine.psu.edu/,1211,0.9533,NA,25000,1218,0.3478,0.5016,0.1757,0.0895,0.1379,0,0,0.0452,0.0279,0.0222,0.2665,30201,Media,PA,1,1
Pennsylvania State University-Penn State DuBois,https://dubois.psu.edu/,1130,0.9252,NA,25000,316,0.2541,0.9272,0.0285,0.019,0.0063,0,0.0032,0.0127,0,0.0032,0.1111,28775,DuBois,PA,1,0
Pennsylvania State University-Penn State Fayette- Eberly,https://fayette.psu.edu/,1160,0.9166,NA,25000,415,0.3538,0.8916,0.041,0.0289,0.012,0,0.0024,0.0217,0,0.0024,0.3452,26727,Lemont Furnace,PA,1,0
Pennsylvania State University-Penn State Hazleton,https://hazleton.psu.edu/,1200,0.9104,NA,25000,508,0.4778,0.5472,0.1024,0.2165,0.0335,0.002,0,0.0512,0.0236,0.0236,0.1818,29977,Hazleton,PA,1,1
Pennsylvania State University-Main Campus,https://www.psu.edu/,1316,0.5422,NA,25000,41862,0.1327,0.6295,0.047,0.0916,0.0714,0.0014,7e-4,0.0385,0.0979,0.022,0.865,39160,University Park,PA,1,1
Pennsylvania State University-Penn State Greater Allegheny,https://greaterallegheny.psu.edu/,1125,0.9466,NA,25000,360,0.4353,0.5861,0.1917,0.0417,0.0722,0.0056,0,0.0639,0.0278,0.0111,0.1709,26295,McKeesport,PA,1,1
Pennsylvania State University-Penn State Mont Alto,https://montalto.psu.edu/,1170,0.903,NA,25000,547,0.2612,0.7751,0.0457,0.075,0.042,0.0018,0,0.0366,0.0146,0.0091,0.1795,28851,Mont Alto,PA,1,0
Pennsylvania State University-Penn State Abington,https://www.abington.psu.edu/,1179,0.9203,NA,25000,3074,0.3835,0.4362,0.1243,0.1259,0.1949,0.002,3e-4,0.0371,0.0644,0.015,0.2593,27516,Abington,PA,1,1
Pennsylvania State University-Penn State Schuylkill,https://schuylkill.psu.edu/,1060,0.9105,NA,25000,617,0.3756,0.6856,0.1345,0.1037,0.0292,0.0032,0.0032,0.0211,0.0081,0.0113,0.162,29057,Schuylkill Haven,PA,1,0
Pennsylvania State University-Penn State York,https://www.york.psu.edu/,1170,0.922,NA,25000,668,0.2785,0.6272,0.0853,0.1153,0.0659,0,0,0.0374,0.0509,0.018,0.1561,26812,York,PA,1,1
Peirce College,https://www.peirce.edu/,NA,NA,NA,31250,789,0.5236,0.1926,0.5361,0.1242,0.0279,0.0089,0.0013,0.0139,0,0.0951,0.5,18260,Philadelphia,PA,0,1
Penn Commercial Business/Technical School,www.penncommercial.edu/,NA,0.7333,NA,11638,223,0.4486,0.7803,0.139,0.0045,0.0179,0.009,0,0.0359,0,0.0135,NA,22653,Washington,PA,0,1
Pennco Tech-Bristol,https://www.penncotech.edu/,NA,NA,NA,7917,603,0.555,0.4378,0.2272,0.2687,0.0216,0.0017,0,0.0415,0,0.0017,NA,NA,Bristol,PA,0,1
Pennsylvania Academy of the Fine Arts,https://www.pafa.org/,NA,0.875,NA,22309,99,0.3246,0.5758,0.1515,0.0505,0.0505,0.0202,0,0.0505,0.0808,0.0202,0.4722,64035,Philadelphia,PA,0,1
Pennsylvania Gunsmith School,https://pagunsmith.edu/,NA,NA,NA,NA,68,0.3778,0.8824,0.0147,0.0147,0,0,0,0.0735,0.0147,0,NA,NA,Pittsburgh,PA,0,1
Cortiva Institute,www.cortiva.edu/,NA,NA,NA,8677,137,0.2688,0.3431,0.3723,0.1387,0.0219,0,0.0073,0.073,0,0.0438,NA,NA,King of Prussia,PA,0,1
Pennsylvania College of Art and Design,pcad.edu/,NA,0.4594,NA,27000,312,0.4612,0.6442,0.141,0.0096,0.0609,0.0064,0.0064,0.0545,0,0.0769,0.5775,41394,Lancaster,PA,0,1
University of Pennsylvania,www.upenn.edu/,1545,0.0587,43,15715,10768,0.1572,0.2992,0.0862,0.1091,0.278,0.0013,2e-4,0.0528,0.122,0.0512,0.9731,85738,Philadelphia,PA,0,1
University of the Arts,https://www.uarts.edu/,NA,0.782,NA,27000,1064,0.3342,0.5179,0.1945,0.1541,0.0432,0.0028,0.0028,0.0207,0.0179,0.0461,0.6807,70834,Philadelphia,PA,0,1
Cairn University-Langhorne,www.cairn.edu/,1154,0.8356,NA,26926,782,0.3024,0.6113,0.078,0.0332,0.0371,0,0,0.0793,0.0614,0.0997,0.6122,45473,Langhorne,PA,0,1
Community College of Philadelphia,www.ccp.edu/,NA,NA,NA,10750,11312,0.5325,0.1815,0.4402,0.1819,0.0915,0.0034,0.0022,0.04,0.0387,0.0206,NA,19070,Philadelphia,PA,1,1
University of Pittsburgh-Bradford,https://www.upb.pitt.edu/,1168,0.9081,29,24250,980,0.46,0.6673,0.1163,0.0735,0.0398,0.0031,0.001,0.0357,0.0367,0.0265,0.3874,29488,Bradford,PA,1,0
University of Pittsburgh-Greensburg,www.greensburg.pitt.edu/,1172,0.9792,28,24250,1322,0.3788,0.7481,0.0651,0.0477,0.0507,8e-4,0,0.0393,0.0197,0.0287,0.3514,28514,Greensburg,PA,1,1
University of Pittsburgh-Johnstown,www.upj.pitt.edu/,1158,0.959,31,24250,1934,0.2912,0.7265,0.0502,0.0424,0.0372,5e-4,0,0.0253,0.0207,0.0972,0.4944,28501,Johnstown,PA,1,1
University of Pittsburgh-Pittsburgh Campus,www.pitt.edu/,1371,0.497,39,24250,20189,0.1378,0.6104,0.0546,0.0675,0.1489,2e-4,1e-4,0.0475,0.0493,0.0215,0.8481,36707,Pittsburgh,PA,1,1
University of Pittsburgh-Titusville,www.titusville.pitt.edu/home,NA,0.4464,NA,24250,28,0.5217,0.7143,0.0357,0,0.0357,0,0,0.1071,0,0.1071,NA,24265,Titusville,PA,1,0
Pittsburgh Institute of Aeronautics,www.pia.edu/,NA,NA,NA,12230,591,0.3771,0.8054,0.0626,0.0558,0.0321,0.0051,0.0017,0.0305,0,0.0068,NA,35447,West Mifflin,PA,0,1
Pittsburgh Institute of Mortuary Science Inc,www.pims.edu/,NA,0.4898,NA,19295,369,0.2518,0.8482,0.0921,0.0271,0.0054,0,0,0.0271,0,0,NA,NA,Pittsburgh,PA,0,1
Pittsburgh Technical College,www.ptcollege.edu/,NA,NA,NA,17416,822,0.4531,0.8212,0.1034,0.0146,0.0073,0.0073,0.0036,0.0328,0.0024,0.0073,NA,33969,Oakdale,PA,0,1
Point Park University,www.pointpark.edu/,1142,0.9788,NA,27000,2320,0.3707,0.647,0.1371,0.1013,0.0194,0.0017,9e-4,0.0414,0.0397,0.0116,0.6156,50133,Pittsburgh,PA,0,1
Joseph F McCloskey School of Nursing,www.lvhn.org/education/joseph-f-mccloskey-school-nursing,NA,NA,NA,14400,55,0.4219,0.9091,0.0364,0.0364,0.0182,0,0,0,0,0,NA,NA,Pottsville,PA,0,0
The Salon Professional Academy-Altoona,www.tspaaltoona.com/,NA,NA,NA,6333,66,0.3571,1,0,0,0,0,0,0,0,0,NA,NA,Altoona,PA,0,1
Reading Area Community College,https://www.racc.edu/,NA,NA,NA,8750,3338,0.4269,0.337,0.1007,0.4946,0.0159,0.0012,9e-4,0.0431,0.0045,0.0021,NA,14368,Reading,PA,1,1
Reading Hospital School of Health Sciences,https://reading.towerhealth.org/academics/health-sciences/,NA,0.2041,NA,20885,270,0.3822,0.6667,0.0778,0.163,0.037,0.0037,0,0.0407,0,0.0111,NA,22775,Reading,PA,0,1
Walnut Hill College,https://www.walnuthillcollege.edu/,NA,0.95,NA,18765,127,0.3315,0.4331,0.2205,0.1339,0.0394,0,0,0.1024,0,0.0709,NA,35489,Philadelphia,PA,0,1
Robert Morris University,www.rmu.edu/,NA,0.9057,NA,26950,2866,0.2209,0.7282,0.0841,0.0293,0.0161,0.0017,7e-4,0.0527,0.082,0.0052,0.652,51075,Moon Township,PA,0,1
Rosedale Technical College,www.rosedaletech.org/,NA,0.7698,NA,12000,405,0.5588,0.7827,0.1407,0.0247,0.0049,0.0025,0.0025,0.042,0,0,NA,28485,Pittsburgh,PA,0,1
Rosemont College,www.rosemont.edu/,NA,0.7452,NA,27000,466,0.3857,0.2747,0.2339,0.118,0.0107,0,0,0.0258,0.015,0.3219,0.4228,36860,Rosemont,PA,0,1
Saint Francis University,www.francis.edu/,1151,0.7689,NA,27000,1525,0.1784,0.8026,0.0636,0.0236,0.0216,0.0052,7e-4,0.0315,0,0.0511,0.7403,57515,Loretto,PA,0,0
Saint Joseph's University,https://www.sju.edu/,1256,0.8639,NA,25500,4742,0.1815,0.6786,0.0616,0.0934,0.1023,4e-4,4e-4,0.0306,0.02,0.0127,0.8207,65513,Philadelphia,PA,0,1
Saint Vincent College,https://www.stvincent.edu/,1120,0.591,NA,27000,1264,0.2686,0.803,0.0585,0.0506,0.0142,0,0.0016,0.0332,0.0158,0.0229,0.7342,55082,Latrobe,PA,0,1
Schuylkill Technology Center,www.stcenters.org/,NA,NA,NA,15275,74,0.3898,0.7432,0.1081,0.0946,0,0,0,0.0541,0,0,NA,NA,Frackville,PA,1,0
University of Scranton,www.scranton.edu/,1237,0.8435,NA,27000,3589,0.2229,0.742,0.0357,0.1257,0.034,0.0011,0.0011,0.0267,0.0045,0.0293,0.7916,67795,Scranton,PA,0,1
Seton Hill University,www.setonhill.edu/,1186,0.7579,NA,27000,1581,0.295,0.8172,0.0626,0.0392,0.0234,0.0013,0,0.0291,0,0.0272,0.6684,54634,Greensburg,PA,0,1
UPMC Shadyside School of Nursing,https://www.upmc.com/shyson,NA,0.6515,NA,19666,594,0.2749,0.5875,0.2138,0.0606,0.0337,0.0034,0,0.064,0,0.037,NA,26534,Pittsburgh,PA,0,1
Sharon Regional School of Nursing,https://www.sharonregionalmedical.org/school-nursing-sharon,NA,NA,NA,10990,37,0.4063,0.973,0.027,0,0,0,0,0,0,0,NA,NA,Sharon,PA,0,0
Laurel Technical Institute,www.laurel.edu/,NA,0.9328,NA,10706,160,0.6271,0.7,0.1688,0.0375,0.0063,0.0063,0,0.0625,0,0.0188,NA,15122,Hermitage,PA,0,0
Shippensburg University of Pennsylvania,www.ship.edu/,1090,0.8555,NA,25000,4179,0.296,0.7346,0.1199,0.0706,0.0158,0.0012,2e-4,0.0428,0.0072,0.0077,0.586,29480,Shippensburg,PA,1,0
Slippery Rock University of Pennsylvania,https://www.sru.edu/,1086,0.7462,NA,25000,6728,0.2809,0.8377,0.0421,0.0339,0.01,0.0016,6e-4,0.034,0.0291,0.011,0.6884,24781,Slippery Rock,PA,1,0
Saint Charles Borromeo Seminary-Overbrook,www.scs.edu/,NA,1,NA,NA,41,0.125,0.6829,0.0244,0.2195,0.0244,0,0,0.0488,0,0,0.5652,44853,Wynnewood,PA,0,1
South Hills Beauty Academy,www.shnhbeauty.com/,NA,NA,NA,3431,282,0.0952,0.4645,0.0284,0,0.0035,0,0,0.2943,0,0.2092,NA,NA,Pittsburgh,PA,0,1
South Hills School of Business & Technology,www.southhills.edu/,NA,0.992,NA,16000,241,0.4816,0.9295,0.0083,0.053900000000000003,0,0,0,0.0083,0,0,NA,32080,State College,PA,0,1
St Lukes Hospital School of Nursing,https://www.slhn.org/bethlehem,NA,NA,NA,14000,340,0.4184,0.6853,0.1088,0.1971,0.0088,0,0,0,0,0,NA,NA,Bethlehem,PA,0,1
The Beauty Institute,www.thebeautyinstituteskp.edu/,NA,NA,NA,10830,51,0.675,0.2941,0.2549,0.3137,0,0,0,0.0784,0,0.0588,NA,NA,Stroudsburg,PA,0,0
Susquehanna University,www.susqu.edu/,1211,0.7871,NA,27000,2120,0.2388,0.7731,0.0656,0.0741,0.0165,9e-4,9e-4,0.0316,0.0132,0.0241,0.7447,72563,Selinsgrove,PA,0,0
Swarthmore College,www.swarthmore.edu/,1527,0.0694,42,17500,1627,0.2001,0.295,0.094,0.1512,0.1758,0.0043,6e-4,0.1106,0.142,0.0264,0.9458,80014,Swarthmore,PA,0,1
Thaddeus Stevens College of Technology,stevenscollege.edu/,1120,0.5294,NA,9990,1449,0.4053,0.6384,0.1228,0.158,0.011,0.0055,7e-4,0.0455,0.0166,0.0014,NA,17066,Lancaster,PA,1,1
Talmudical Yeshiva of Philadelphia,https://www.meterware.com/typ/Talmudical_Yeshiva_of_Philadelphia/?C=N;O=D,NA,0.7551,NA,NA,120,0.2764,0.95,0,0,0,0,0,0,0.05,0,0.4722,21600,Philadelphia,PA,0,1
Temple University,www.temple.edu/,NA,0.8292,NA,24395,21249,0.3007,0.4628,0.1724,0.0994,0.1525,0.0021,7e-4,0.0448,0.0342,0.0311,0.7651,39799,Philadelphia,PA,1,1
Thiel College,https://www.thiel.edu/,NA,0.706,NA,27000,773,0.3905,0.7995,0.1061,0.022,0.0091,0.0026,0.0026,0.0362,0,0.022,0.4686,51346,Greenville,PA,0,0
Thomas Jefferson University,www.jefferson.edu/,1259,0.8614,NA,14744,3708,0.3386,0.4523,0.154,0.1313,0.1672,0.0016,3e-4,0.0512,0.0216,0.0205,0.7179,62110,Philadelphia,PA,0,1
Triangle Tech Inc-Pittsburgh,www.triangle-tech.edu/,NA,NA,NA,18084,90,0.6,0.6111,0.2667,0.0222,0,0.0333,0,0.0556,0,0.0111,NA,27803,Pittsburgh,PA,0,1
Triangle Tech Inc-Greensburg,https://triangle-tech.edu/,NA,NA,NA,12000,100,0.4059,0.89,0.05,0.02,0,0,0,0.04,0,0,NA,27387,Greensburg,PA,0,1
Triangle Tech Inc-Dubois,https://www.triangle-tech.edu/,NA,NA,NA,12000,79,0.5616,0.9114,0.0127,0.0506,0,0,0,0.0253,0,0,NA,27266,Falls Creek,PA,0,0
Ursinus College,www.ursinus.edu/,1304,0.8737,NA,27000,1477,0.1984,0.7488,0.0779,0.0691,0.0332,0.0027,0,0.0447,0.0027,0.021,0.7273,75378,Collegeville,PA,0,1
University of Valley Forge,https://www.valleyforge.edu/,NA,0.7816,NA,27000,471,0.5079,0.4926,0.1507,0.2484,0.0255,0.0085,0.0021,0.0255,0.0382,0.0085,0.553,43134,Phoenixville,PA,0,1
Valley Forge Military College,https://www.vfmac.edu/,NA,NA,NA,9500,83,0.3049,0.6145,0.0602,0.0964,0.0964,0,0.0241,0.0964,0,0.012,NA,51175,Wayne,PA,0,1
Venus Beauty Academy,www.venusbeautyacademy.com/,NA,NA,NA,7388,71,0.4361,0.6479,0.338,0.0141,0,0,0,0,0,0,NA,NA,Sharon Hill,PA,0,1
Villanova University,www.villanova.edu/,1466,0.2512,NA,25874,7005,0.1155,0.6795,0.061,0.1088,0.0739,3e-4,0.001,0.0407,0.0188,0.016,0.9147,80866,Villanova,PA,0,1
Washington Health System School of Nursing,www.whs.org/,NA,NA,NA,14750,39,0.3611,0.9487,0,0,0.0513,0,0,0,0,0,NA,NA,Washington,PA,0,1
Washington & Jefferson College,www.washjeff.edu/,NA,0.8154,NA,27000,1154,0.2942,0.7669,0.0693,0.0589,0.0199,0.0035,0.0017,0.0667,0.013,0,0.7609,65117,Washington,PA,0,1
Waynesburg University,www.waynesburg.edu/,1114,0.9169,NA,27000,1081,0.31,0.8196,0.0786,0.0463,0.0019,0.0019,0.0083,0.0361,0.0046,0.0028,0.6657,42526,Waynesburg,PA,0,0
Welder Training and Testing Institute,www.wtti.edu/,NA,NA,NA,NA,51,0.314,0.7843,0.0392,0.1569,0.0196,0,0,0,0,0,NA,NA,Allentown,PA,0,1
West Chester University of Pennsylvania,https://www.wcupa.edu/,1184,0.792,NA,23500,14067,0.245,0.7388,0.1056,0.0763,0.0319,7e-4,1e-4,0.036,0.0023,0.0083,0.738,27559,West Chester,PA,1,1
Western Pennsylvania Hospital School of Nursing,https://www.ahn.org/health-care-professionals/education/nursing/schools/west-penn-hospital,NA,0.9643,NA,13838,145,0.3774,0.6621,0.2276,0.0345,0.0276,0,0,0.0276,0,0.0207,NA,25326,Pittsburgh,PA,0,1
Westminster College,www.westminster.edu/,NA,0.8551,NA,26060,1051,0.2474,0.7973,0.058,0.0419,0.0095,0.0048,0.001,0.0447,0.001,0.0419,0.7279,51808,New Wilmington,PA,0,0
Westmoreland County Community College,https://westmoreland.edu/,NA,NA,NA,11000,2628,0.2779,0.7964,0.0415,0.0263,0.0076,0.0034,8e-4,0.0323,0.0057,0.086,NA,10592,Youngwood,PA,1,1
Widener University,https://www.widener.edu/,1170,0.8402,NA,27000,2765,0.2485,0.5866,0.2318,0.0803,0.0405,0.0025,0.0011,0.013,0.0159,0.0282,0.6868,68305,Chester,PA,0,1
Wilkes University,https://www.wilkes.edu/,1134,0.9146,NA,26000,1893,0.2975,0.7021,0.0581,0.1141,0.0275,0.0011,5e-4,0.0359,0.0576,0.0032,0.6235,56956,Wilkes-Barre,PA,0,1
Williamson College of the Trades,https://www.williamson.edu/,NA,0.2992,NA,NA,313,0.5863,0.6581,0.2109,0.0671,0.0032,0.0032,0,0.0575,0,0,NA,37921,Media,PA,0,1
Wilson College,www.wilson.edu/,1020,0.8998,NA,26328,745,0.266,0.7772,0.0779,0.0913,0.0054,0.0027,0.0027,0.0242,0.0107,0.0081,0.5345,38932,Chambersburg,PA,0,1
Yeshivath Beth Moshe,https://yeshivabethmoshe.com/,NA,1,NA,NA,39,0.3714,1,0,0,0,0,0,0,0,0,0.1053,18100,Scranton,PA,0,1
York College of Pennsylvania,https://www.ycp.edu/,1135,0.942,NA,26000,3187,0.2522,0.7254,0.0775,0.1013,0.0217,0.0022,6e-4,0.0414,0.0088,0.021,0.6599,35806,York,PA,0,1
YTI Career Institute-York,www.yti.edu/,NA,NA,NA,13426,497,0.6494,0.5614,0.1087,0.1308,0.0282,0.002,0,0.0543,0,0.1147,NA,NA,York,PA,0,1
Brown University,www.brown.edu/,1546,0.0523,NA,11428,7273,0.1327,0.3584,0.0869,0.1218,0.2045,0.0027,0.0014,0.0808,0.1218,0.0216,0.9689,84986,Providence,RI,0,1
Bryant University,https://www.bryant.edu/,1263,0.6565,NA,26849,3236,0.1076,0.7389,0.0445,0.081,0.0392,0.0015,9e-4,0.0287,0.0535,0.0117,0.837,67926,Smithfield,RI,0,1
Johnson & Wales University-Providence,https://www.jwu.edu/campuses/providence/,1107,0.837,NA,26000,3913,0.3018,0.5998,0.1086,0.1472,0.0396,0.0049,0,0.0189,0.0345,0.0465,0.5792,58330,Providence,RI,0,1
New England Institute of Technology,https://www.neit.edu/,NA,0.7273,NA,16668,1712,0.4448,0.5496,0.104,0.1443,0.0315,0.0047,6e-4,0.0374,0,0.1279,NA,48445,East Greenwich,RI,0,1
New England Tractor Trailer Training School of Rhode Island,nettts.com/,NA,NA,NA,6333,487,0.7709,0.3101,0.2485,0.4148,0.0103,0.0041,0,0.0041,0,0.0082,NA,NA,Pawtucket,RI,0,1
Providence College,www.providence.edu/,1342,0.4872,NA,27000,4170,0.1324,0.7942,0.0317,0.0844,0.0153,2e-4,7e-4,0.0264,0.0151,0.0319,0.8934,76667,Providence,RI,0,1
Rhode Island College,www.ric.edu/,1010,0.8109,NA,20500,4630,0.4147,0.4881,0.1168,0.2618,0.0341,0.0069,9e-4,0.0199,0.0024,0.0691,0.4982,18490,Providence,RI,1,1
Community College of Rhode Island,www.ccri.edu/,NA,NA,NA,10920,11455,0.4298,0.4625,0.1163,0.286,0.027,0.0026,8e-4,0.0673,9e-4,0.0367,NA,11358,Warwick,RI,1,1
University of Rhode Island,https://web.uri.edu/,1176,0.7707,NA,22250,13822,0.2115,0.7387,0.048,0.1147,0.0319,0.0014,4e-4,0.0376,0.0094,0.0178,0.7059,32584,Kingston,RI,1,1
Rhode Island School of Design,www.risd.edu/,1480,0.1381,NA,27000,2090,0.1404,0.2211,0.0464,0.0876,0.2474,0.0014,0,0.0488,0.3349,0.0124,0.9071,78857,Providence,RI,0,1
Roger Williams University,https://www.rwu.edu/,1228,0.8778,NA,26940,3957,0.1633,0.7187,0.0344,0.1094,0.0197,0.0033,5e-4,0.0275,0.0101,0.0763,0.7107,60180,Bristol,RI,0,1
Salve Regina University,www.salve.edu/,1236,0.6991,NA,27000,2102,0.1548,0.7693,0.0138,0.1004,0.0181,0.001,0.0014,0.0328,0.0285,0.0347,0.7338,67612,Newport,RI,0,1
Empire Beauty School-Warwick,www.empire.edu/,NA,NA,NA,10231,132,0.5118,0.2121,0.1364,0.4167,0.0152,0.0076,0,0.0682,0,0.1439,NA,NA,Providence,RI,0,1
Northpoint Bible College,www.northpoint.edu/,NA,NA,NA,25000,89,0.6319,0.5506,0.1798,0.1798,0,0,0,0.0337,0.0562,0,0.5294,34411,Haverhill,MA,0,1
Aiken Technical College,https://www.atc.edu/,NA,NA,NA,12250,1911,0.454,0.4704,0.3721,0.1015,0.011,0.0058,0.0021,0.0272,0,0.0099,NA,12798,Graniteville,SC,1,1
Allen University,https://www.allenuniversity.edu/,NA,0.3212,NA,34290,635,0.7977,0.0031,0.9024,0.0331,0,0.0094,0,0.0252,0.0157,0.011,0.2267,24804,Columbia,SC,0,1
Anderson University,www.andersonuniversity.edu/,1190,0.5281,NA,26700,3080,0.2166,0.8315,0.049,0.0526,0.0162,6e-4,3e-4,0.0302,0.0143,0.0052,0.6355,47724,Anderson,SC,0,1
Charleston Southern University,https://www.charlestonsouthern.edu/,1056,0.7609,NA,26471,2716,0.3456,0.5574,0.1753,0.0781,0.0118,0.0011,0.0029,0.0387,0.0247,0.1101,0.5074,43989,Charleston,SC,0,1
Technical College of the Lowcountry,tcl.edu/,NA,NA,NA,10000,1697,0.337,0.4378,0.2864,0.2086,0.0088,0.0029,0.0018,0.0436,0,0.01,NA,15086,Beaufort,SC,1,1
Benedict College,www.benedict.edu/,910,0.673,NA,32500,1573,0.6348,0.0089,0.7718,0.0235,0.0045,0.0095,6e-4,0,0.1316,0.0496,0.2485,29921,Columbia,SC,0,1
Bob Jones University,www.bju.edu/,NA,NA,NA,16585,2209,0.2923,0.7442,0.0163,0.0851,0.0389,0.0023,0.0032,0.0118,0.0801,0.0181,0.6631,34770,Greenville,SC,0,1
Southern Wesleyan University,www.swu.edu/,1106,1,NA,26000,771,0.2902,0.6926,0.166,0.0817,0.0065,0.0013,0,0.0324,0.0026,0.0169,0.5241,38739,Central,SC,0,1
Charleston Cosmetology Institute,www.charlestoncosmetology.com/,NA,NA,NA,5655,89,0.3556,0.2472,0.5955,0.1011,0,0,0,0.0449,0,0.0112,NA,NA,Charleston,SC,0,1
College of Charleston,https://www.cofc.edu/,1238,0.72,NA,23250,10366,0.1947,0.7845,0.054,0.0705,0.0204,7e-4,6e-4,0.04,0.0084,0.0209,0.6745,30731,Charleston,SC,1,1
Charzanne Beauty College,https://charzannebeautycollege.com/,NA,NA,NA,9000,32,0.7,0.2813,0.6563,0.0313,0.0313,0,0,0,0,0,NA,NA,Greenwood,SC,0,0
Northeastern Technical College,www.netc.edu/,NA,NA,NA,NA,849,0.3295,0.3899,0.5065,0.0365,0.0012,0.02,0.0012,0.0353,0,0.0094,NA,15290,Cheraw,SC,1,0
Citadel Military College of South Carolina,https://citadel.edu/,1184,0.9809,NA,21096,2624,0.1918,0.7443,0.0743,0.0899,0.0206,0.0027,0.0038,0.0473,0.0091,0.008,0.7496,31943,Charleston,SC,1,1
Claflin University,www.claflin.edu/,NA,0.7255,NA,29000,1727,0.7261,0.0116,0.9004,0.0087,0.0017,0.0058,6e-4,6e-4,0.0232,0.0475,0.5201,33538,Orangeburg,SC,0,0
Clemson University,www.clemson.edu/,1341,0.3805,NA,21500,22778,0.1453,0.7606,0.0543,0.0871,0.0284,0.0021,9e-4,0.0396,0.0076,0.0192,0.8623,34494,Clemson,SC,1,1
Clinton College,www.clintoncollege.edu/,NA,NA,NA,28987,94,0.7614,0.0106,0.9043,0.0319,0,0,0.0106,0.0213,0,0.0213,0.8,23222,Rock Hill,SC,0,1
Coker University,https://coker.edu/,NA,0.9723,NA,26000,807,0.2949,0.5465,0.2503,0.0074,0.0112,0.005,0.0025,0.0867,0.0781,0.0124,0.3661,44355,Hartsville,SC,0,0
Columbia International University,www.ciu.edu/,NA,0.9758,NA,20000,690,0.2827,0.6246,0.1957,0.013,0.0246,0.0014,0,0.0435,0.0478,0.0493,0.6264,40183,Columbia,SC,0,1
Columbia College,www.columbiasc.edu/,NA,0.9579,NA,22750,1245,0.5313,0.3815,0.3751,0.11,0.0233,0.0104,8e-4,0.0048,0.0072,0.0867,0.5054,37840,Columbia,SC,0,1
Converse University,https://www.converse.edu/,1124,0.64,NA,27000,845,0.4066,0.4899,0.1183,0.1302,0.0284,0.0201,0.0012,0.0343,0.0734,0.1041,0.5753,35669,Spartanburg,SC,0,1
Denmark Technical College,www.denmarktech.edu/,NA,NA,NA,15250,539,0.3959,0.1484,0.7941,0.0408,0.0037,0.0037,0.0019,0.0037,0,0.0037,NA,25892,Denmark,SC,1,0
Erskine College,www.erskine.edu/,NA,0.6056,NA,27000,821,0.4014,0.3886,0.179,0.0499,0.011,0.0037,0.0012,0,0,0.3666,0.4055,54484,Due West,SC,0,0
Florence-Darlington Technical College,https://www.fdtc.edu/,NA,NA,NA,12250,2890,0.451,0.3841,0.4602,0.0093,0.0111,0.0128,3e-4,0.0242,0,0.0979,NA,10497,Florence,SC,1,0
Francis Marion University,www.fmarion.edu/,1039,0.8223,NA,27000,2640,0.3884,0.4742,0.375,0.0545,0.0144,0.003,4e-4,0.0383,0.0303,0.0098,0.4552,22944,Florence,SC,1,0
Furman University,www.furman.edu/,1364,0.5257,NA,23250,2322,0.1121,0.7321,0.068,0.0711,0.0336,0.0026,4e-4,0.0379,0.0487,0.0056,0.8189,73760,Greenville,SC,0,1
Greenville Technical College,www.gvltec.edu/,NA,NA,NA,15392,8171,0.3253,0.5546,0.1953,0.1552,0.0262,0.0032,0.001,0.0421,0.0043,0.0181,NA,13925,Greenville,SC,1,1
Horry-Georgetown Technical College,www.hgtc.edu/,NA,NA,NA,14250,5962,0.3907,0.6193,0.2065,0.101,0.0114,0.0035,0.0012,0.0428,0.0015,0.0129,NA,12391,Conway,SC,1,1
Kenneth Shuler School of Cosmetology-North Augusta,www.kennethshuler.com/,NA,NA,NA,8661,125,0.743,0.368,0.6,0.032,0,0,0,0,0,0,NA,NA,North Augusta,SC,0,1
Kenneth Shuler School of Cosmetology and Nails-Columbia,www.kennethshuler.com/,NA,NA,NA,5858,124,0.8294,0.3306,0.6452,0.0242,0,0,0,0,0,0,NA,NA,Columbia,SC,0,1
Lander University,https://www.lander.edu/,1057,0.6792,27,25000,3384,0.3974,0.6486,0.2376,0.0165,0.0027,0.0062,0.008,0.0502,0.0272,0.003,0.5474,26069,Greenwood,SC,1,0
Limestone University,www.limestone.edu/,NA,0.9828,NA,27639,1528,0.4345,0.3881,0.1918,0.1315,0.0085,0.0052,0,0.0144,0.0065,0.2539,0.3108,40944,Gaffney,SC,0,0
Medical University of South Carolina,https://web.musc.edu/,NA,NA,NA,15000,281,0.1167,0.7367,0.1068,0.0641,0.032,0.0036,0,0.0463,0,0.0107,NA,NA,Charleston,SC,1,1
Midlands Technical College,https://www.midlandstech.edu/,NA,NA,NA,12000,7731,0.3883,0.4095,0.3671,0.0891,0.0199,0.004,0.0021,0.06,0,0.0482,NA,12709,West Columbia,SC,1,1
Morris College,https://www.morris.edu/,NA,NA,NA,31400,421,0.8177,0.0119,0.9335,0.0095,0,0,0,0.0214,0,0.0238,0.2582,29585,Sumter,SC,0,1
Newberry College,www.newberry.edu/,1008,0.748,NA,26805,1462,0.4892,0.4877,0.3338,0.0328,0.0075,0.0144,0.0021,0.0274,0.0397,0.0547,0.5356,44240,Newberry,SC,0,0
North Greenville University,www.ngu.edu/,1176,0.6278,28,23082,1719,0.3197,0.669,0.0931,0.0535,0.0087,0.0017,6e-4,0.0297,0.018,0.1257,0.5806,40599,Tigerville,SC,0,0
Orangeburg Calhoun Technical College,www.octech.edu/,NA,NA,NA,10562,1564,0.4344,0.3318,0.5908,0.0332,0.0102,0.0038,0,0.0294,0,6e-4,NA,14964,Orangeburg,SC,1,0
Piedmont Technical College,https://www.ptc.edu/,NA,NA,NA,15000,3988,0.4832,0.4942,0.3786,0.077,0.0048,0.002,8e-4,0.0323,0,0.0103,NA,20438,Greenwood,SC,1,0
Presbyterian College,https://www.presby.edu/,1214,0.7234,NA,26000,862,0.2785,0.6148,0.1787,0.0847,0.0116,0.0012,0,0.058,0.0499,0.0012,0.6069,57271,Clinton,SC,0,0
University of South Carolina Aiken,www.usca.edu/,1063,0.7972,NA,24275,2805,0.3692,0.5975,0.2232,0.0838,0.0132,0.0014,4e-4,0.0599,0.0157,0.005,0.4528,20922,Aiken,SC,1,1
University of South Carolina Beaufort,www.uscb.edu/,NA,0.6918,NA,24000,1958,0.4028,0.5914,0.2022,0.1144,0.0087,0.0036,0.001,0.0516,0.0199,0.0072,0.3028,23796,Bluffton,SC,1,0
University of South Carolina-Columbia,www.sc.edu/,1297,0.6149,NA,21500,28113,0.1899,0.7341,0.0921,0.0593,0.0446,0.0011,7e-4,0.0422,0.0151,0.0108,0.7847,32840,Columbia,SC,1,1
University of South Carolina-Lancaster,www.sc.edu/about/system_and_campuses/lancaster/index.php,NA,0.7585,NA,9616,649,0.1422,0.6256,0.1356,0.1263,0.0231,0.0031,0.0015,0.0401,0.0354,0.0092,NA,18467,Lancaster,SC,1,0
University of South Carolina-Salkehatchie,sc.edu/about/system_and_campuses/salkehatchie/index.php,NA,0.7629,NA,11000,290,0.204,0.4345,0.3172,0.0897,0.0069,0,0.0034,0.0379,0.0759,0.0345,NA,20402,Allendale,SC,1,0
University of South Carolina-Sumter,www.sc.edu/about/system_and_campuses/sumter/index.php,NA,0.7626,NA,9250,631,0.1614,0.5388,0.2361,0.0887,0.0206,0.0016,0.0032,0.0634,0.038,0.0095,NA,18335,Sumter,SC,1,1
University of South Carolina-Union,www.sc.edu/about/system_and_campuses/union/index.php,NA,0.6989,NA,11000,267,0.112,0.6667,0.161,0.0412,0.0075,0,0,0.0487,0.0599,0.015,NA,19480,Union,SC,1,0
Coastal Carolina University,https://www.coastal.edu/,1128,0.8019,NA,23750,9909,0.2676,0.6629,0.1052,0.0587,0.0085,0.0021,9e-4,0.0354,0.0077,0.1186,0.5208,26050,Conway,SC,1,1
South Carolina State University,https://scsu.edu/,NA,0.8173,NA,31000,2757,0.6849,0.0138,0.9278,0.0015,0.0018,0.0018,0.0011,0.0261,0,0.0261,0.3224,29957,Orangeburg,SC,1,0
University of South Carolina-Upstate,www.uscupstate.edu/,1082,0.6961,NA,22310,4008,0.4546,0.4676,0.3353,0.0911,0.0287,0.0015,0.0017,0.0492,0.015,0.01,0.4862,24565,Spartanburg,SC,1,1
Spartanburg Methodist College,https://www.smcsc.edu/,NA,0.814,NA,12000,1029,0.6007,0.4363,0.3246,0.1613,0.0117,0.0019,0,0.0573,0.0068,0,NA,32965,Spartanburg,SC,0,1
Spartanburg Community College,https://www.sccsc.edu/,NA,NA,NA,6500,5063,0.3838,0.5432,0.254,0.1132,0.0286,0.001,0.0016,0.0464,0,0.012,NA,15031,Spartanburg,SC,1,1
Central Carolina Technical College,www.cctech.edu/,NA,NA,NA,9977,2388,0.4384,0.4204,0.482,0.0482,0.008,0,0.013,0.0281,0,4e-4,NA,13295,Sumter,SC,1,1
Tri-County Technical College,https://www.tctc.edu/,NA,NA,NA,9000,4960,0.4036,0.7425,0.1014,0.0784,0.0139,0.002,4e-4,0.049,0,0.0123,NA,16879,Pendleton,SC,1,1
Trident Technical College,https://www.tridenttech.edu/,NA,NA,NA,13029,11091,0.2725,0.4931,0.3027,0.0945,0.0182,0.0032,0.0014,0.0601,0,0.0268,NA,11453,Charleston,SC,1,1
Voorhees University,www.voorhees.edu/,NA,NA,NA,26700,460,0.7749,0.0391,0.8087,0.0348,0,0,0.0022,0.0326,0.0826,0,0.3173,25793,Denmark,SC,0,0
Williamsburg Technical College,https://www.wiltech.edu/,NA,NA,NA,NA,376,0.3967,0.3245,0.6489,0.008,0.0027,0.0053,0.0027,0,0,0.008,NA,14074,Kingstree,SC,1,0
Winthrop University,www.winthrop.edu/,1132,0.7506,NA,26975,3424,0.3863,0.5091,0.3189,0.0768,0.0202,0.0026,9e-4,0.0555,0.0155,6e-4,0.5897,30275,Rock Hill,SC,1,1
Wofford College,www.wofford.edu/,1297,0.5859,36,25732,1873,0.1509,0.8009,0.0641,0.053900000000000003,0.023,0.0027,0,0.0342,0.0214,0,0.805,69601,Spartanburg,SC,0,1
York Technical College,www.yorktech.edu/,NA,NA,NA,7000,3813,0.3243,0.5111,0.2623,0.10780000000000001,0.0165,0.0073,0.0016,0.0779,0,0.0155,NA,15399,Rock Hill,SC,1,1
Augustana University,www.augie.edu/,1187,0.5925,NA,25000,1818,0.16,0.7514,0.0347,0.0484,0.0209,0.0055,0.0017,0.0314,0.1045,0.0017,0.7112,53169,Sioux Falls,SD,0,1
The Salon Professional Academy,www.tsparapidcity.com/,NA,NA,NA,8500,65,0.5,0.7385,0,0.0154,0,0.0923,0,0.1077,0,0.0462,NA,NA,Rapid City,SD,0,1
Black Hills State University,www.bhsu.edu/,1050,0.9443,NA,26000,1935,0.1849,0.8,0.0165,0.0434,0.0057,0.0419,0.001,0.016,0.015,0.0605,0.4384,21343,Spearfish,SD,1,0
Dakota State University,https://dsu.edu/,1129,0.9787,NA,23500,1969,0.1596,0.7643,0.0406,0.0523,0.0249,0.0178,0.0046,0.035,0.0325,0.0279,0.4594,24447,Madison,SD,1,0
Dakota Wesleyan University,www.dwu.edu/,NA,0.7277,NA,27000,661,0.2628,0.8018,0.0166,0.0908,0.0061,0.0151,0,0.0439,0.0227,0.003,0.503,42473,Mitchell,SD,0,0
Paul Mitchell the School-Rapid City,paulmitchell.edu/rapidcity,NA,NA,NA,7917,79,0.6364,0.49370000000000003,0.0127,0.0253,0.0127,0.1139,0,0.0506,0,0.2911,NA,NA,Rapid City,SD,0,1
Lake Area Technical College,www.lakeareatech.edu/,NA,NA,NA,12000,1710,0.2605,0.9064,0.0135,0.0257,0.0146,0.0251,0.0047,6e-4,0.0012,0.0082,NA,18239,Watertown,SD,1,0
Avera McKennan Hospital School of Radiologic Technology,www.avera.org/,NA,NA,NA,NA,0,NA,0,0,0,0,0,0,0,0,0,NA,NA,Sioux Falls,SD,0,1
Mitchell Technical College,https://mitchelltech.edu/,NA,NA,NA,12000,953,0.2976,0.8951,0.0052,0.0262,0.0105,0.0283,0,0.0273,0.001,0.0063,NA,16241,Mitchell,SD,1,0
Mount Marty University,www.mountmarty.edu/,1120,0.4814,NA,26396,702,0.1935,0.6581,0.0726,0.0883,0.0085,0.0313,0.0014,0.0427,0.057,0.0399,0.61,45209,Yankton,SD,0,0
National American University-Rapid City,www.national.edu/locations/campuses/rapid-city/,NA,NA,NA,29020,832,0.5705,0.4255,0.2608,0.1587,0.0132,0.03,0.0072,0.0276,0,0.0769,0.125,29232,Rapid City,SD,0,1
Kairos University,www.kairos.edu/,NA,0.7429,NA,NA,36,0,0.9167,0.0833,0,0,0,0,0,0,0,NA,NA,Sioux Falls,SD,0,1
Northern State University,www.northern.edu/,1090,0.9279,NA,22320,1239,0.1196,0.799,0.0412,0.0517,0.0218,0.0242,8e-4,0.0363,0.021,0.004,0.5857,22223,Aberdeen,SD,1,0
Oglala Lakota College,www.olc.edu/,NA,NA,NA,NA,1156,0.469,0.0173,0,0.0035,9e-4,0.9697,0,0.0087,0,0,0.082,9841,Kyle,SD,1,0
Avera Sacred Heart Hospital,www.averasacredheart.org/,NA,NA,NA,NA,0,NA,0,0,0,0,0,0,0,0,0,NA,NA,Yankton,SD,0,0
South Dakota School of Mines and Technology,https://www.sdsmt.edu/,1245,0.8525,NA,27000,2042,0.1595,0.8266,0.0147,0.0563,0.0162,0.0098,5e-4,0.024,0.0127,0.0392,0.5616,24865,Rapid City,SD,1,1
South Dakota State University,https://www.sdstate.edu/,1121,0.9871,NA,23250,8798,0.161,0.8567,0.0128,0.029,0.0122,0.0076,9e-4,0.0208,0.0341,0.0259,0.602,22761,Brookings,SD,1,0
Sinte Gleska University,www.sintegleska.edu/,NA,NA,NA,NA,579,0.5245,0.0708,0,0,0,0.9292,0,0,0,0,0,15533,Mission,SD,1,0
University of Sioux Falls,www.usiouxfalls.edu/,NA,0.8208,NA,23249,1258,0.2898,0.7814,0.0469,0.0652,0.0127,0.0095,0.0016,0.0636,0.0056,0.0135,0.5766,32728,Sioux Falls,SD,0,1
Sanford Medical Center,www.sanfordhealth.org/,NA,NA,NA,NA,27,0,0.9259,0,0,0,0.037,0,0.037,0,0,NA,NA,Sioux Falls,SD,0,1
Sisseton Wahpeton College,https://www.swcollege.edu/,NA,NA,NA,NA,209,0.5812,0.0335,0.0287,0,0.0048,0.9282,0,0,0,0.0048,NA,9887,Sisseton,SD,1,0
Southeast Technical College,www.southeasttech.edu/,NA,NA,NA,12000,2164,0.3229,0.811,0.061,0.0384,0.0203,0.0282,0.0023,0.025,9e-4,0.0129,NA,20880,Sioux Falls,SD,1,1
Stewart School,www.stewartschool.com/,NA,NA,NA,6864,148,0.2947,0.777,0.027,0.0473,0.0135,0.0743,0,0.0473,0,0.0135,NA,NA,Sioux Falls,SD,0,1
University of South Dakota,https://www.usd.edu/,1122,0.9895,NA,23592,5239,0.1799,0.7967,0.0376,0.0573,0.0134,0.0164,2e-4,0.03,0.0365,0.012,0.6137,23544,Vermillion,SD,1,0
Western Dakota Technical College,https://www.wdt.edu/,NA,NA,NA,15000,733,0.2786,0.7531,0.0164,0.0614,0.0191,0.1282,0.0041,0.0082,0.0027,0.0068,NA,20885,Rapid City,SD,1,1
American Baptist College,www.abcnash.edu/,NA,NA,NA,NA,48,0.6792,0,0.9583,0,0,0,0,0,0.0417,0,0.1,27241,Nashville,TN,0,1
Arnolds Beauty School,arnoldsbeautyschool.com/,NA,NA,NA,NA,63,0.5895,0.8889,0.0159,0.0476,0,0,0,0.0476,0,0,NA,NA,Milan,TN,0,0
Tennessee College of Applied Technology-Athens,www.tcatathens.edu/,NA,NA,NA,NA,365,0.3232,0.8219,0.0329,0.0767,0,0.0055,0,0.0384,0.0027,0.0219,NA,NA,Athens,TN,1,0
Austin Peay State University,www.apsu.edu/,1050,0.9595,NA,20547,7365,0.456,0.5173,0.2153,0.1147,0.0229,0.0033,0.0027,0.0631,0.0087,0.0519,0.4137,26790,Clarksville,TN,1,1
Baptist Health Sciences University,www.baptistu.edu/,1050,0.6776,NA,29500,673,0.4698,0.3893,0.4651,0.0713,0.0223,0.0059,0,0.0134,0,0.0327,0.5862,21438,Memphis,TN,0,1
Belmont University,https://www.belmont.edu/,1277,0.9636,NA,20500,7306,0.1852,0.7492,0.0531,0.095,0.0331,0.003,0.001,0.0442,0.0093,0.012,0.6859,60480,Nashville,TN,0,1
Bethel University,www.bethelu.edu/,1035,0.9717,24,27249,1671,0.3114,0.5021,0.3004,0.0521,0.0048,0.0042,0.0012,0.0419,0.0551,0.0383,0.3526,32270,McKenzie,TN,0,0
Bryan College-Dayton,www.bryan.edu/,NA,NA,NA,23000,815,0.224,0.8172,0.0503,0.0429,0.0098,0,0.0012,0.0123,0.0258,0.0405,0.604,29541,Dayton,TN,0,0
Carson-Newman University,www.cn.edu/,1111,0.6827,NA,21500,1374,0.3917,0.7118,0.1063,0.0604,0.0095,0.0058,0.0044,0.0335,0.0553,0.0131,0.5598,46345,Jefferson City,TN,0,1
Chattanooga State Community College,https://www.chattanoogastate.edu/,NA,NA,NA,10419,4689,0.3496,0.6509,0.155,0.109,0.0168,0.0023,6e-4,0.0508,0.0051,0.0094,NA,13214,Chattanooga,TN,1,1
Christian Brothers University,https://www.cbu.edu/,1069,0.8842,NA,27000,953,0.3057,0.256,0.2151,0.1889,0.0189,0.0094,0.001,0.0944,0.0756,0.1406,0.6065,45919,Memphis,TN,0,1
Pentecostal Theological Seminary,www.ptseminary.edu/,NA,NA,NA,NA,0,0,0,0,0,0,0,0,0,0,0,NA,NA,Cleveland,TN,0,1
Austin's Beauty College Inc,www.austinbeautycollege.com/,NA,NA,NA,7917,98,0.7738,0.5306,0.2653,0.1224,0,0,0.0102,0.0714,0,0,NA,NA,Clarksville,TN,0,1
Cleveland State Community College,www.clevelandstatecc.edu/,NA,NA,NA,7954,1967,0.2896,0.7773,0.0696,0.1002,0.0153,0.0107,0,0.0086,0.001,0.0173,NA,14003,Cleveland,TN,1,1
Columbia State Community College,https://www.columbiastate.edu/,NA,NA,NA,8500,3679,0.2999,0.717,0.0764,0.1085,0.0207,0.003,5e-4,0.0516,0.0038,0.0185,NA,12668,Columbia,TN,1,0
Concorde Career College-Memphis,https://www.concorde.edu/campus/memphis-tennessee,NA,0.7337,NA,9500,420,0.7389,0.0548,0.5333,0.0738,0.0071,0,0,0.0024,0,0.3286,NA,NA,Memphis,TN,0,1
Cumberland University,www.cumberland.edu/,NA,0.67,NA,17952,2053,0.3254,0.5558,0.1091,0.0891,0.0146,0.0068,0.0019,0.0312,0.055,0.1364,0.5303,41657,Lebanon,TN,0,0
Lipscomb University,https://www.lipscomb.edu/,1248,0.6664,NA,19500,3021,0.2118,0.6796,0.0702,0.1185,0.0328,0.002,0.0013,0.0314,0.0324,0.0318,0.7171,53549,Nashville,TN,0,1
Tennessee College of Applied Technology-Dickson,https://www.tcatdickson.edu/,NA,NA,NA,NA,622,0.4009,0.6752,0.1511,0.0884,0.0048,0.0032,0.0032,0.0498,0.0048,0.0193,NA,NA,Dickson,TN,1,0
Dyersburg State Community College,www.dscc.edu/,NA,NA,NA,6900,1923,0.3718,0.6641,0.2205,0.0499,0.0057,0.0021,5e-4,0.0374,5e-4,0.0192,NA,13028,Dyersburg,TN,1,0
East Tennessee State University,https://www.etsu.edu/,1114,0.8706,NA,19442,9807,0.3519,0.7344,0.0631,0.0428,0.021,5e-4,1e-4,0.0272,0.016,0.0948,0.5291,25947,Johnson City,TN,1,1
Chattanooga College Medical Dental and & Technical Careers,www.chattanoogacollege.edu/,NA,NA,NA,7891,311,0.9,0.4469,0.3441,0.1801,0.0289,0,0,0,0,0,NA,34726,Chattanooga,TN,0,1
Tennessee College of Applied Technology-Elizabethton,www.tcatelizabethton.edu/,NA,NA,NA,NA,497,0.4938,0.8431,0.0503,0.0523,0.004,0.004,0,0.0322,0.004,0.0101,NA,NA,Elizabethton,TN,1,1
The Hair Academy LLC,https://www.thehairacademy.net/,NA,NA,NA,7917,79,0.6122,0.8608,0.0633,0.0759,0,0,0,0,0,0,NA,NA,Fayetteville,TN,0,0
Fisk University,www.fisk.edu/,1236,0.5791,NA,27000,950,0.4827,0,0.8337,0.0063,0.0116,0,0,0.0105,0.0653,0.0726,0.4519,37653,Nashville,TN,0,1
Welch College,www.welch.edu/,NA,NA,NA,19500,261,0.2725,0.7586,0.0421,0.0843,0.0077,0,0,0.023,0.0077,0.0766,0.4878,35131,Gallatin,TN,0,1
Freed-Hardeman University,www.fhu.edu/,1109,0.9062,NA,21500,1244,0.2249,0.8762,0.0426,0.0016,0.0105,0.0064,8e-4,0.0209,0,0.041,0.6473,36972,Henderson,TN,0,0
Tennessee College of Applied Technology-Harriman,www.tcatharriman.edu/,NA,NA,NA,NA,265,0.207,0.8604,0.0075,0.0566,0.0075,0,0,0.0453,0,0.0226,NA,NA,Harriman,TN,1,0
Tennessee College of Applied Technology-Hartsville,www.tcathartsville.edu/,NA,NA,NA,NA,221,0.1893,0.8009,0.0814,0.0498,0,0.0045,0,0.0452,0,0.0181,NA,NA,Hartsville,TN,1,0
Tennessee College of Applied Technology-Hohenwald,www.tcathohenwald.edu/,NA,NA,NA,NA,322,0.2486,0.8137,0.0497,0.059,0.0093,0.0093,0.0093,0.028,0,0.0217,NA,NA,Hohenwald,TN,1,0
Tennessee College of Applied Technology-Jacksboro,https://www.tcatjacksboro.edu/,NA,NA,NA,NA,216,0.472,0.9491,0.0046,0.0093,0,0.0046,0.0046,0.0139,0,0.0139,NA,NA,Jacksboro,TN,1,0
Jackson State Community College,www.jscc.edu/,NA,NA,NA,NA,2211,0.4062,0.6635,0.2171,0.047,0.009,0.0018,0.0014,0.0398,0.0014,0.019,NA,15304,Jackson,TN,1,1
John A Gupton College,www.guptoncollege.edu/,1050,0.8387,NA,12610,160,0.3622,0.8313,0.1188,0.0188,0.0125,0,0,0.0188,0,0,NA,29705,Nashville,TN,0,1
Johnson University,johnsonu.edu/,1072,0.5377,NA,21500,703,0.3827,0.7809,0.0526,0.0455,0.0114,0.0028,0,0.0213,0.0413,0.0441,0.673,30424,Knoxville,TN,0,0
Paul Mitchell the School-Murfreesboro,www.paulmitchelltheschool.com/,NA,NA,NA,7917,231,0.4362,0.4762,0.303,0.0909,0.0346,0,0,0.0043,0.0043,0.0866,NA,NA,Murfreesboro,TN,0,1
King University,https://www.king.edu/,NA,0.5439,NA,22750,975,0.4188,0.7354,0.0656,0.079,0.0051,0.0051,0.0031,0.0379,0.0492,0.0195,0.4595,47469,Bristol,TN,0,1
South College,www.south.edu/,NA,NA,NA,18668,6323,0.4976,0.4537,0.3781,0.0267,0.0182,0.0114,0.004,0.0639,0.0343,0.0096,0.4865,30181,Knoxville,TN,0,1
Lane College,www.lanecollege.edu/,NA,NA,NA,30500,822,0.7941,0.0182,0.7944,0.0328,0.0024,0,0.0012,0.0097,0.0207,0.1204,0.259,23608,Jackson,TN,0,1
Le Moyne-Owen College,www.loc.edu/,NA,0.9717,NA,28070,571,0.7126,0.0053,0.9457,0.0088,0,0.0035,0,0,0.0368,0,0.2114,19270,Memphis,TN,0,1
Lee University,www.leeuniversity.edu/,1144,0.7219,NA,25750,2712,0.2673,0.8182,0.045,0.0133,0.0133,0.0037,0.0022,0.052,0.0265,0.0258,0.586,34299,Cleveland,TN,0,1
Lincoln Memorial University,www.lmunet.edu/,1093,0.5927,NA,20000,1487,0.3635,0.7727,0.0451,0.0511,0.0235,0.0128,0.0013,0,0.0726,0.0208,0.5721,39096,Harrogate,TN,0,0
Tennessee College of Applied Technology-Livingston,www.tcatlivingston.edu/,NA,NA,NA,NA,333,0.18,0.8288,0.012,0.0631,0.012,0.003,0,0.0511,0.003,0.027,NA,NA,Livingston,TN,1,0
The University of Tennessee Southern,https://www.utsouthern.edu/,1088,0.8271,NA,21500,827,0.3304,0.7654,0.052,0.0435,0.0097,0.0024,0,0.0242,0.0774,0.0254,0.3204,25827,Pulaski,TN,1,0
Maryville College,www.maryvillecollege.edu/,1181,0.6568,NA,25375,1028,0.3536,0.6984,0.0982,0.0632,0.0088,0.0058,0.001,0.0613,0.0632,0,0.5592,53162,Maryville,TN,0,1
Tennessee College of Applied Technology-McKenzie,www.tcatmckenzie.edu/,NA,NA,NA,NA,114,0.5025,0.8421,0.0789,0.0439,0,0,0,0.0351,0,0,NA,NA,McKenzie,TN,1,0
Genesis Career College-Cookeville,www.genesiscareer.edu/,NA,NA,NA,6343,329,0.8291,0.4529,0.3343,0.1307,0.0122,0,0,0.0304,0,0.0395,NA,NA,Cookeville,TN,0,0
Tennessee College of Applied Technology-Memphis,www.tcatmemphis.edu/,NA,NA,NA,NA,1078,0.4389,0.1883,0.6679,0.0696,0.0167,0.0037,0,0.0362,0.0074,0.0102,NA,NA,Memphis,TN,1,1
University of Memphis,https://www.memphis.edu/,1051,0.9338,NA,23300,13645,0.3996,0.3681,0.406,0.1102,0.0465,0.0021,5e-4,0.0421,0.0152,0.0092,0.5656,25164,Memphis,TN,1,1
Middle Tennessee State University,www.mtsu.edu/,1119,0.68,NA,20000,16115,0.3137,0.6417,0.1407,0.0972,0.0427,0.0024,9e-4,0.0401,0.0199,0.0144,0.5521,22754,Murfreesboro,TN,1,1
Tennessee College of Applied Technology-Morristown,www.tcatmorristown.edu/,NA,NA,NA,NA,613,0.4035,0.8711,0.0212,0.0669,0.0049,0,0.0016,0.0294,0.0049,0,NA,NA,Morristown,TN,1,1
Motlow State Community College,www.mscc.edu/,NA,NA,NA,NA,4055,0.2877,0.6501,0.1129,0.1307,0.0303,0.0025,7e-4,0.0434,0.0064,0.0229,NA,18272,Tullahoma,TN,1,0
Tennessee College of Applied Technology-Murfreesboro,www.tcatmurfreesboro.edu/,NA,NA,NA,NA,601,0.4617,0.6173,0.1364,0.1414,0.0449,0.005,0,0.0416,0.005,0.0083,NA,NA,Murfreesboro,TN,1,1
Lincoln College of Technology-Nashville,www.lincolntech.edu/campus/nashville-tn,NA,NA,NA,11730,1062,0.5385,0.5169,0.2863,0.1365,0.0028,0.0028,9e-4,0.0395,0,0.0141,NA,NA,Nashville,TN,0,1
Nashville State Community College,https://www.nscc.edu/,NA,NA,NA,9595,4931,0.3293,0.4405,0.306,0.1383,0.0371,0.0016,0.0016,0.0513,0.0079,0.0156,NA,13214,Nashville,TN,1,1
Tennessee College of Applied Technology Northwest,https://www.tcatnorthwest.edu/,NA,NA,NA,NA,681,0.324,0.5698,0.3128,0.0558,0.0015,0.0029,0,0.0382,0.0015,0.0176,NA,NA,Newbern,TN,1,0
Tennessee College of Applied Technology-Henry/Carroll,https://www.tcathenrycarroll.edu/,NA,NA,NA,NA,203,0.5308,0.798,0.0985,0.0394,0,0,0,0.0394,0.0099,0.0148,NA,NA,Paris,TN,1,0
Tennessee College of Applied Technology-Pulaski,www.tcatpulaski.edu/,NA,NA,NA,NA,264,0.2518,0.8144,0.0833,0.0379,0.0152,0.0076,0,0.0379,0.0038,0,NA,NA,Pulaski,TN,1,0
Rhodes College,www.rhodes.edu/,1385,0.4968,NA,21761,1931,0.1508,0.6204,0.0974,0.0699,0.0875,0,5e-4,0.0523,0.028,0.044,0.8577,68055,Memphis,TN,0,1
Roane State Community College,www.roanestate.edu/,NA,NA,NA,8454,3203,0.2626,0.8523,0.0312,0.0471,0.0091,0.0031,9e-4,0.0347,0.0047,0.0169,NA,11021,Harriman,TN,1,0
Tennessee College of Applied Technology-Crump,www.tcatcrump.edu/,NA,NA,NA,NA,353,0.146,0.8697,0.0368,0.0198,0.0028,0.0198,0,0.034,0.0057,0.0113,NA,NA,Crump,TN,1,0
Southwest Tennessee Community College,www.southwest.tn.edu/,NA,NA,NA,NA,5207,0.4226,0.2178,0.627,0.0926,0.0192,0.0025,2e-4,0.0271,0.0071,0.0065,NA,12649,Memphis,TN,1,1
Tennessee College of Applied Technology-Shelbyville,www.tcatshelbyville.edu/,NA,NA,NA,NA,366,0.4163,0.7732,0.0683,0.1011,0.0027,0,0,0.0301,0.0055,0.0191,NA,NA,Shelbyville,TN,1,0
The University of the South,www.sewanee.edu/,1336,0.509,NA,22855,1598,0.1488,0.8091,0.0394,0.0645,0.0088,0.0019,0,0.0263,0.0451,0.005,0.8034,68704,Sewanee,TN,0,0
Tennessee College of Applied Technology-Oneida-Huntsville,https://tcatoneida.edu/,NA,NA,NA,NA,181,0.3096,0.9061,0,0.011,0,0,0,0.0055,0,0.0773,NA,NA,Huntsville,TN,1,0
Tennessee College of Applied Technology-Crossville,www.tcatcrossville.edu/,NA,NA,NA,NA,346,0.419,0.9017,0.0087,0.052,0,0.0058,0,0.0202,0,0.0116,NA,NA,Crossville,TN,1,0
Tennessee College of Applied Technology-McMinnville,tcatmcminnville.edu/,NA,NA,NA,NA,289,0.2967,0.8201,0.0415,0.0969,0.0069,0,0,0.0104,0.0035,0.0208,NA,NA,McMinnville,TN,1,0
Tennessee College of Applied Technology-Jackson,www.tcatjackson.edu/,NA,NA,NA,NA,543,0.1547,0.5267,0.361,0.0552,0.0055,0.0018,0,0.0276,0.0018,0.0203,NA,NA,Jackson,TN,1,0
Tennessee College of Applied Technology-Knoxville,https://www.tcatknoxville.edu/,NA,NA,NA,NA,730,0.3003,0.7055,0.1466,0.0658,0.0055,0.0014,0.0014,0.0466,0.0055,0.0219,NA,NA,Knoxville,TN,1,1
Pellissippi State Community College,www.pstcc.edu/,NA,NA,NA,8725,6391,0.2507,0.7475,0.0681,0.0972,0.023,0.002,5e-4,0.0397,0.0075,0.0146,NA,13280,Knoxville,TN,1,1
Southern Adventist University,www.southern.edu/,1116,0.6661,NA,24500,2673,0.3092,0.3876,0.064,0.2611,0.1373,0.0011,0.0019,0.0651,0.0677,0.0142,0.5913,37875,Collegedale,TN,0,1
Tennessee Wesleyan University,www.tnwesleyan.edu/,1051,0.5941,NA,20000,832,0.3843,0.7476,0.0577,0.0577,0.0084,0,0,0.0228,0.0745,0.0313,0.5167,36828,Athens,TN,0,0
The University of Tennessee-Chattanooga,utc.edu/,1117,0.7702,NA,19500,9878,0.3247,0.6902,0.0879,0.057,0.0285,0.002,9e-4,0.035,0.0061,0.0923,0.5551,23563,Chattanooga,TN,1,1
The University of Tennessee-Knoxville,www.utk.edu/,1304,0.4599,NA,20500,28763,0.2068,0.7925,0.0379,0.06,0.0361,0.0012,5e-4,0.052,0.0087,0.011,0.7279,32658,Knoxville,TN,1,1
The University of Tennessee-Martin,https://www.utm.edu/,1090,0.8732,NA,21024,4600,0.3429,0.7696,0.1324,0.047,0.0076,0.0015,7e-4,0.037,0.0041,2e-4,0.5337,21628,Martin,TN,1,0
Tennessee School of Beauty of Knoxville Inc,www.tennesseeschoolofbeauty.edu/,NA,NA,NA,6803,337,0.2598,0.8902,0.0445,0.0593,0.003,0,0.003,0,0,0,NA,NA,Knoxville,TN,0,1
Tennessee State University,www.tnstate.edu/,1017,0.9263,NA,27000,6498,0.518,0.0456,0.8503,0.0266,0.008,6e-4,2e-4,0.0268,0.0172,0.0248,0.3096,23828,Nashville,TN,1,1
Tennessee Technological University,www.tntech.edu/,1148,0.8316,NA,15650,8495,0.3103,0.7978,0.0453,0.0518,0.0246,0.0019,0.0012,0.0275,0.019,0.031,0.6246,25338,Cookeville,TN,1,0
Trevecca Nazarene University,https://www.trevecca.edu/,1090,0.7002,NA,18744,1697,0.3049,0.5321,0.1019,0.152,0.0206,0.0047,0.0024,0.0418,0.1143,0.0301,0.5032,38726,Nashville,TN,0,1
Northeast State Community College,https://www.northeaststate.edu/,NA,NA,NA,6827,4214,0.3758,0.8536,0.0263,0.0527,0.0062,0.0031,2e-4,0.0358,9e-4,0.0211,NA,14129,Blountville,TN,1,0
Tusculum University,https://www.tusculum.edu/,NA,0.6042,NA,23250,903,0.4518,0.5493,0.1783,0.0443,0.0033,0.0044,0.0022,0.0266,0.0842,0.1074,0.395,43172,Greeneville,TN,0,0
Union University,www.uu.edu/,1243,0.4718,NA,20714,1637,0.2521,0.6946,0.1411,0.022,0.022,0.0012,6e-4,0.0476,0.0202,0.0507,0.6862,55790,Jackson,TN,0,1
Vanderbilt University,www.vanderbilt.edu/,1550,0.0628,42,14000,7143,0.1851,0.3888,0.1043,0.1196,0.1856,0.0045,0.0031,0.0588,0.1002,0.0351,0.937,84412,Nashville,TN,0,1
Volunteer State Community College,www.volstate.edu/,NA,NA,NA,7550,5139,0.3054,0.7095,0.1016,0.1031,0.0115,0.0027,0.0016,0.045,0.0053,0.0198,NA,16077,Gallatin,TN,1,1
Walters State Community College,www.ws.edu/,NA,NA,NA,NA,3781,0.2801,0.8149,0.0294,0.0923,0.0151,0.0045,0.0013,0.0283,0.0048,0.0095,NA,12827,Morristown,TN,1,1
William R Moore College of Technology,www.mooretech.edu/,NA,NA,NA,NA,459,0.3601,0.366,0.3747,0.1786,0.037,0,0,0.0327,0,0.0109,NA,21697,Memphis,TN,0,1
Abilene Christian University,www.acu.edu/,1189,0.6388,31,24250,3129,0.2202,0.6258,0.0678,0.1799,0.0195,0.0048,0,0.0447,0.0441,0.0134,0.6051,56121,Abilene,TX,0,1
Alvin Community College,www.alvincollege.edu/,NA,NA,NA,4519,3451,0.2312,0.3251,0.1608,0.4121,0.0623,0.007,0.0029,0,0.0113,0.0185,NA,11329,Alvin,TX,1,1
Amarillo College,www.actx.edu/,NA,NA,NA,15000,7347,0.4395,0.3498,0.0697,0.4965,0.0275,0.008,7e-4,0.0241,0,0.0237,NA,11411,Amarillo,TX,1,1
Amberton University,www.amberton.edu/,NA,NA,NA,NA,110,0.2276,0.2455,0.3182,0.1545,0.1,0.0182,0.0091,0,0.1364,0.0182,NA,NA,Garland,TX,0,1
Angelina College,www.angelina.edu/,NA,NA,NA,NA,2355,0.3938,0.4323,0.1558,0.3257,0.0042,0.011,0,0.0268,0.0306,0.0136,NA,15213,Lufkin,TX,1,0
Angelo State University,www.angelo.edu/,1049,0.7923,NA,20000,5515,0.2707,0.4341,0.0618,0.4178,0.0132,0.0022,0.0015,0.0359,0.0281,0.0054,0.462,21625,San Angelo,TX,1,1
Arlington Baptist University,https://abu.edu/,NA,NA,NA,27000,268,0.5509,0.3843,0.2201,0.3657,0.0037,0.0075,0.0037,0.0075,0.0037,0.0037,0.2286,32374,Arlington,TX,0,1
Arlington Career Institute,www.arlingtoncareerinstitute.edu/,NA,NA,NA,8347,439,0.573,0.3576,0.2779,0.3508,0.0091,0.0023,0,0,0.0023,0,NA,NA,Grand Prairie,TX,0,1
Austin College,www.austincollege.edu/,1272,0.4666,NA,24500,1125,0.3042,0.5031,0.072,0.2507,0.1084,0.008,9e-4,0.0427,0.0116,0.0027,0.6827,59654,Sherman,TX,0,1
Austin Community College District,www.austincc.edu/,NA,NA,NA,10499,25969,0.2309,0.3632,0.0903,0.4259,0.0601,0.0035,0.0027,0.0325,0.0167,0.0053,NA,11156,Austin,TX,1,1
Baldwin Beauty School-South Austin,baldwinbeautyschools.com/,NA,NA,NA,6980,46,0.5309,0.3696,0.0217,0.3043,0.0217,0.0435,0.0217,0.1739,0,0.0435,NA,NA,Austin,TX,0,1
Baptist Health System School of Health Professions,www.bshp.edu/,NA,0,NA,18592,524,0.5182,0.126,0.0668,0.3206,0.0344,0.0038,0,0.3817,0,0.0668,NA,NA,San Antonio,TX,0,1
Baptist Missionary Association Theological Seminary,www.bmats.edu/,NA,0.2308,NA,NA,49,0.339,0.4082,0.1633,0.4082,0.0204,0,0,0,0,0,1,NA,Jacksonville,TX,0,0
Baylor University,www.baylor.edu/,1313,0.5099,35,23000,15007,0.1298,0.6086,0.0501,0.1642,0.0868,0.0029,0.0016,0.0501,0.0296,0.0061,0.8192,70130,Waco,TX,0,1
Coastal Bend College,www.coastalbend.edu/,NA,NA,NA,NA,1793,0.2769,0.1729,0.0284,0.7418,0.0117,0.0033,0.0011,0.0028,0,0.0379,NA,11044,Beeville,TX,1,0
Blinn College District,www.blinn.edu/,NA,NA,NA,11500,16156,0.1987,0.5706,0.0786,0.2444,0.0353,0.0069,5e-4,0.039,0.0062,0.0185,NA,19233,Brenham,TX,1,0
Remington College-Dallas Campus,https://www.remingtoncollege.edu/locations/dallas/,NA,NA,NA,13271,208,0.9204,0.1154,0.4856,0.3365,0.0144,0.0048,0,0.0288,0.0048,0.0096,0.7,34438,Dallas,TX,0,1
Vet Tech Institute of Houston,www.vti.edu/,NA,0.8269,NA,12000,190,0.5371,0.2842,0.1632,0.4737,0.0105,0,0.0053,0.0421,0,0.0211,NA,19784,Houston,TX,0,1
Brazosport College,www.brazosport.edu/,NA,NA,NA,5641,2827,0.1763,0.3587,0.0775,0.4846,0.0092,0.005,0.0014,0.0216,0,0.0421,NA,8423,Lake Jackson,TX,1,1
Central Texas College,https://www.ctcd.edu/,NA,NA,NA,6750,5985,0.3112,0.3026,0.263,0.3046,0.0456,0.0055,0.0135,0.0297,0.001,0.0344,NA,11792,Killeen,TX,1,1
Charles and Sues School of Hair Design,www.charlesandsues.com/,NA,NA,NA,9500,58,0.4078,0.8621,0.0862,0,0,0.0172,0,0.0172,0,0.0172,NA,NA,Bryan,TX,0,1
Cisco College,https://www.cisco.edu/,NA,NA,NA,9500,2913,0.2419,0.574,0.0783,0.2777,0.0151,0.0038,0.0055,0.0426,0.0027,3e-4,NA,16346,Cisco,TX,1,0
Clarendon College,www.clarendoncollege.edu/,NA,NA,NA,11000,1380,0.2093,0.5442,0.0775,0.2761,0.0058,0.0167,7e-4,0.0036,0.0239,0.0514,NA,15253,Clarendon,TX,1,0
Concordia University Texas,https://www.concordia.edu/,988,0.9106,NA,21852,1388,0.3978,0.3494,0.1318,0.3869,0.0476,0.0043,0,0.0331,0,0.0468,0.3819,52098,Austin,TX,0,1
BK Cosmo College of Cosmetology,www.bkcosmo.com/,NA,NA,NA,NA,39,0.7206,0.641,0.0513,0.3077,0,0,0,0,0,0,NA,NA,Kerrville,TX,0,0
North Central Texas College,https://www.nctc.edu/,NA,NA,NA,11250,5703,0.2001,0.4797,0.1071,0.2767,0.0345,0.0096,0.0011,0.0379,0.0312,0.0221,NA,10212,Gainesville,TX,1,0
Texas A & M University-Corpus Christi,https://www.tamucc.edu/,1086,0.8947,28,23000,7804,0.3965,0.3343,0.04,0.5346,0.0275,0.0027,0.0012,0.0313,0.0186,0.0099,0.3826,24562,Corpus Christi,TX,1,1
Paul Mitchell the School-Dallas,https://paulmitchell.edu/dallas,NA,NA,NA,8505,322,0.3653,0.2143,0.1988,0.1398,0.0062,0.0062,0.0031,0.0559,0,0.3758,NA,NA,Carrollton,TX,0,1
Dallas Baptist University,https://www.dbu.edu/,1109,0.9108,NA,21591,2526,0.239,0.5356,0.0954,0.1568,0.0269,0.0123,0.0032,0.0071,0.0503,0.1124,0.613,49343,Dallas,TX,0,1
Dallas Christian College,www.dallas.edu/,1022,0.8403,NA,24912,272,0.5219,0.3934,0.1544,0.1949,0,0.011,0.011,0.2243,0.0074,0.0037,0.193,32916,Dallas,TX,0,1
Dallas Institute of Funeral Service,https://www.dallasinstitute.edu/,NA,NA,NA,12820,483,0.4674,0.5921,0.1656,0.1615,0.0166,0.0104,0,0.0331,0.0021,0.0186,NA,21593,Dallas,TX,0,1
University of Dallas,https://udallas.edu/,1284,0.542,33,23117,1403,0.2636,0.5638,0.0306,0.2794,0.0727,0.0036,7e-4,0.0178,0.0171,0.0143,0.7252,64752,Irving,TX,0,1
Del Mar College,www.delmar.edu/,NA,NA,NA,5500,9038,0.3323,0.1867,0.0191,0.7134,0.0232,0.0025,9e-4,0.0071,0.033,0.0141,NA,12022,Corpus Christi,TX,1,1
East Texas Baptist University,https://www.etbu.edu/,NA,0.601,NA,23250,1364,0.3141,0.6356,0.162,0.132,0.011,0.033,0.0029,0.0015,0.0117,0.0103,0.45,41833,Marshall,TX,0,0
Texas A&M University-Texarkana,www.tamut.edu/,1006,0.8019,12,18953,1748,0.5126,0.4897,0.1796,0.1934,0.0114,0.0029,0.0011,0.0521,0.0566,0.0132,0.2564,22143,Texarkana,TX,1,1
Texas A & M University-Commerce,www.tamuc.edu/,1067,0.9259,NA,20500,8249,0.405,0.395,0.193,0.2611,0.0233,0.0035,0.0012,0.0513,0.0127,0.0589,0.4314,23663,Commerce,TX,1,0
Dallas College,www.dallascollege.edu/pages/default.aspx,NA,NA,NA,9500,41815,0.2291,0.1381,0.2033,0.4965,0.059,0.0037,4e-4,0.0117,0.0497,0.0377,NA,9641,Dallas,TX,1,1
El Paso Community College,www.epcc.edu/,NA,NA,NA,6566,22893,0.3646,0.0467,0.0164,0.8302,0.0065,0.003,0.0012,0.0025,0.0113,0.0823,NA,12741,El Paso,TX,1,1
Western Technical College,www.westerntech.edu/,NA,NA,NA,17277,619,0.4672,0.2036,0.0614,0.6139,0.0097,0.0048,0.0065,0.0953,0,0.0048,NA,NA,El Paso,TX,0,1
Western Technical College,www.westerntech.edu/,NA,NA,NA,17277,1148,0.1606,0.149,0.0366,0.7204,0.0052,0.0148,0.0061,0.0662,0,0.0017,NA,NA,El Paso,TX,0,1
Exposito School of Hair Design,expositoschoolofhair.com/,NA,NA,NA,NA,25,0.6889,0.52,0.04,0.36,0,0,0.04,0.04,0,0,NA,NA,Amarillo,TX,0,1
Fort Worth Beauty School,www.fortworthbeautyschoolinc.com/,NA,NA,NA,4767,41,0.4945,0.6829,0.0244,0.0488,0,0,0,0.2439,0,0,NA,NA,Benbrook,TX,0,1
Frank Phillips College,www.fpctx.edu/,NA,NA,NA,9500,749,0.2356,0.3899,0.0227,0.4566,0.0053,0.024,0,0.0093,0.0401,0.0521,NA,14727,Borger,TX,1,0
Galveston College,https://www.gc.edu/,NA,NA,NA,10311,1524,0.4181,0.2986,0.1857,0.4331,0.0171,0.0052,0.002,0.0276,0.0039,0.0269,NA,14555,Galveston,TX,1,1
Graham's Barber College,grahamsbarbercollege.com/,NA,NA,NA,NA,8,0.5417,0,0.875,0.125,0,0,0,0,0,0,NA,NA,DALLAS,TX,0,1
Grayson College,grayson.edu/,NA,NA,NA,12250,2890,0.3136,0.5796,0.1215,0.2308,0.0215,0.0443,0.0024,0,0,0,NA,12290,Denison,TX,1,0
Hallmark University,https://www.hallmarkuniversity.edu/,NA,0.9823,NA,25438,781,0.4963,0.2676,0.1255,0.4725,0.0384,0.0064,0.0064,0.0679,0,0.0154,0.5833,NA,San Antonio,TX,0,1
Hardin-Simmons University,https://www.hsutx.edu/,1064,0.9653,27,24711,1275,0.3838,0.5427,0.1067,0.2635,0.0125,0.0047,0.0016,0.0361,0.029,0.0031,0.5182,45059,Abilene,TX,0,1
Trinity Valley Community College,www.tvcc.edu/,NA,NA,NA,10426,4793,0.3013,0.5176,0.1273,0.2852,0.0086,0.0079,0.0015,0.0171,0.0136,0.0213,NA,13707,Athens,TX,1,0
Hill College,https://www.hillcollege.edu/,NA,NA,NA,10000,2269,0.2963,0.4487,0.0688,0.2896,0.0106,0.0145,0.0018,0.019,0.0185,0.1287,NA,13230,Hillsboro,TX,1,0
Houston Christian University,https://www.hc.edu/,1092,0.8515,NA,22642,2777,0.5395,0.1844,0.2359,0.3976,0.063,0.0025,0.0029,0.0353,0.0349,0.0436,0.454,47605,Houston,TX,0,1
University of Houston-Clear Lake,www.uhcl.edu/,1105,0.753,NA,17831,6082,0.438,0.2992,0.0663,0.4977,0.0755,0.0013,3e-4,0.0321,0.015,0.0127,0.5746,23788,Houston,TX,1,1
Houston Community College,www.hccs.edu/,NA,NA,NA,13921,37970,0.3654,0.1066,0.2758,0.3708,0.0968,0.0015,7e-4,0.0235,0.0978,0.0265,NA,12065,Houston,TX,1,1
University of Houston-Downtown,www.uhd.edu/,1041,0.9064,NA,18750,12812,0.5162,0.1095,0.1691,0.5856,0.0821,9e-4,9e-4,0.0243,0.019,0.0087,0.343,23017,Houston,TX,1,1
University of Houston-Victoria,uhv.edu/,1085,0.7671,NA,18973,2630,0.4396,0.2673,0.1316,0.4532,0.0711,0.0015,4e-4,0.0335,0.0297,0.0118,0.2456,21179,Victoria,TX,1,1
University of Houston,www.uh.edu/,1229,0.6953,NA,18194,37175,0.4089,0.1724,0.1142,0.3752,0.2381,0.001,8e-4,0.0317,0.0525,0.0141,0.6506,25056,Houston,TX,1,1
Howard College,https://www.howardcollege.edu/,NA,NA,NA,9500,1588,0.1932,0.381,0.0309,0.5202,0.0088,0.0044,6e-4,0.0353,0.0189,0,NA,14227,Big Spring,TX,1,0
Howard Payne University,www.hputx.edu/,1019,0.6769,NA,26793,716,0.4217,0.5307,0.0992,0.2723,0.0084,0.0056,0.0028,0.0489,0.0014,0.0307,0.3574,44579,Brownwood,TX,0,0
Huston-Tillotson University,www.htu.edu/,NA,NA,NA,30750,982,0.6236,0.0316,0.7587,0.1629,0.0051,0.0041,0.001,0,0.0041,0.0326,0.3517,25336,Austin,TX,0,1
University of the Incarnate Word,www.uiw.edu/,1042,0.9336,NA,27000,4545,0.4293,0.152,0.0741,0.6596,0.024,0.0031,0.0026,0.0255,0.0317,0.0273,0.587,45850,San Antonio,TX,0,1
Jacksonville College-Main Campus,jacksonvillecollege.edu/,NA,NA,NA,NA,197,0.2357,0.203,0.198,0.2792,0.0051,0.0051,0.0051,0.0305,0.0051,0.269,NA,18510,Jacksonville,TX,0,0
Jarvis Christian University,www.jarvis.edu/,NA,NA,NA,27000,730,0.5226,0.0247,0.6247,0.189,0.0014,0.0205,0.0014,0.0151,0.0384,0.0849,0.36,25054,Hawkins,TX,0,0
KD Conservatory College of Film and Dramatic Arts,https://www.kdstudio.com/,NA,0.6203,NA,12750,87,0.598,0.2989,0.4023,0.2184,0.0345,0,0.0115,0.0345,0,0,NA,28717,Dallas,TX,0,1
Kilgore College,https://www.kilgore.edu/,NA,NA,NA,14967,3133,0.3719,0.4657,0.2071,0.2343,0.0118,0.0045,0.0022,0.0351,0.0185,0.0207,NA,14924,Kilgore,TX,1,0
Lamar University,www.lamar.edu/,1040,0.8573,NA,21250,7945,0.438,0.3872,0.2876,0.2389,0.0512,0.0029,8e-4,0.016,0.0102,0.0053,0.4146,21626,Beaumont,TX,1,1
Lamar State College-Orange,https://www.lsco.edu/,NA,NA,NA,10959,1426,0.2427,0.6613,0.19,0.1108,0.007,0.0042,0,0.0175,0,0.0091,NA,7609,Orange,TX,1,0
Lamar State College-Port Arthur,www.lamarpa.edu/,NA,NA,NA,13250,1455,0.2869,0.2756,0.2921,0.367,0.0323,0.0048,0,0.0144,7e-4,0.0131,NA,11281,Port Arthur,TX,1,1
Laredo College,www.laredo.edu/,NA,NA,NA,2959,5086,0.3847,0.0222,0.0016,0.9536,0.0026,8e-4,0,0,0.0012,0.0181,NA,11323,Laredo,TX,1,1
Texas A & M International University,www.tamiu.edu/,1008,0.4596,NA,15000,6502,0.6333,0.0192,0.0055,0.9173,0.0032,6e-4,0,0.0018,0.0501,0.0022,0.5244,14767,Laredo,TX,1,1
Lee College,www.lee.edu/,NA,NA,NA,7500,5118,0.3157,0.312,0.1706,0.4543,0.0135,0.0031,0,0.0254,0.0055,0.0156,NA,12050,Baytown,TX,1,1
LeTourneau University,www.letu.edu/,1262,0.4068,NA,26000,1510,0.134,0.7185,0.0517,0.053,0.0219,0.0126,7e-4,0.0583,0.0497,0.0338,0.6484,48206,Longview,TX,0,1
Lincoln College of Technology-Grand Prairie,www.lincolntech.edu/campus/grand-prairie-tx,NA,NA,NA,11730,1330,0.5938,0.2053,0.2263,0.4985,0.0128,0.003,0.0023,0.0278,0,0.0241,NA,NA,Grand Prairie,TX,0,1
Lubbock Christian University,https://www.lcu.edu/,1086,0.7319,NA,20948,1210,0.3306,0.595,0.0512,0.2595,0.0074,0.0041,0.0017,0.0149,0.0421,0.024,0.44,40493,Lubbock,TX,0,1
College of the Mainland,www.com.edu/,NA,NA,NA,5960,3342,0.2764,0.3471,0.1691,0.4037,0.0221,0.0048,9e-4,0.0302,6e-4,0.0215,NA,8014,Texas City,TX,1,1
University of Mary Hardin-Baylor,https://go.umhb.edu/,1098,0.9512,NA,26000,2959,0.3685,0.5049,0.1352,0.2761,0.0152,0.003,0.0027,0.023,0.0084,0.0314,0.5352,45235,Belton,TX,0,1
McLennan Community College,www.mclennan.edu/,NA,NA,NA,10500,4997,0.3904,0.4032,0.1463,0.3796,0.0162,0.004,0.002,0.0334,0.0022,0.013,NA,13382,Waco,TX,1,1
McMurry University,https://mcm.edu/,1072,0.5765,NA,27000,1108,0.4492,0.4332,0.1426,0.3457,0.0126,0.0135,0.0018,0.0099,0.0199,0.0208,0.3165,43087,Abilene,TX,0,1
Covenant School of Nursing and Allied Health,https://covenanthealth.org/cson,NA,NA,NA,12969,333,0.4187,0.4084,0.0511,0.3514,0.0541,0,0.003,0.021,0,0.1111,NA,NA,Lubbock,TX,0,1
Midland College,www.midland.edu/,NA,NA,NA,10670,5020,0.1919,0.2616,0.0556,0.5984,0.0177,0.003,4e-4,0.0179,0.0259,0.0195,NA,12519,Midland,TX,1,1
Midwestern State University,www.msutexas.edu/,NA,0.8738,NA,21030,4043,0.4004,0.4316,0.1551,0.2582,0.0349,0.0111,0.0017,0.0416,0.0433,0.0225,0.4902,22411,Wichita Falls,TX,1,1
William Edge Institute,williamedgeinstitute.com/,NA,NA,NA,NA,40,0.274,0.525,0,0.425,0.025,0.025,0,0,0,0,NA,NA,New Braunfels,TX,0,1
Wade College,https://www.wadecollege.edu/,NA,NA,NA,22938,205,0.6815,0.2293,0.3659,0.3073,0.0537,0.0049,0.0049,0.0146,0,0.0195,NA,28347,Dallas,TX,0,1
Southern Careers Institute-Austin,www.scitexas.edu/,NA,NA,NA,8708,1079,0.6536,0.2892,0.2363,0.3781,0.0083,0.0056,0.0046,0.038,0,0.0399,NA,NA,Austin,TX,0,1
Tint School of Makeup & Cosmetology,https://tintcosmetologyschools.com/,NA,NA,NA,6333,108,0.5584,0.0833,0.4167,0.3426,0.1111,0,0,0,0.037,0.0093,NA,NA,Irving,TX,0,1
Navarro College,www.navarrocollege.edu/,NA,NA,NA,11000,3959,0.3177,0.4991,0.2021,0.2316,0.0086,0.0043,0.0048,0.0356,0.0109,0.003,NA,17659,Corsicana,TX,1,0
Lone Star College System,www.lonestar.edu/,NA,NA,NA,8600,47486,0.2308,0.237,0.1431,0.4534,0.0656,0.002,0,0.0357,0.0434,0.0197,NA,14637,The Woodlands,TX,1,1
University of North Texas,www.unt.edu/,1109,0.7246,NA,19250,33680,0.3608,0.3591,0.1617,0.2988,0.0808,0.0031,9e-4,0.0445,0.0387,0.0125,0.6215,25470,Denton,TX,1,1
Northeast Texas Community College,www.ntcc.edu/,NA,NA,NA,10946,1964,0.4936,0.4542,0.1415,0.3422,0.0087,0.0061,5e-4,0.0234,0.0193,0.0041,NA,14594,Mount Pleasant,TX,1,0
Ocean Corporation,www.oceancorp.com/,NA,NA,NA,9500,195,0.4701,0.5795,0.1436,0.1897,0.0051,0,0,0.0821,0,0,NA,NA,Houston,TX,0,1
Odessa College,www.odessa.edu/,NA,NA,NA,7750,4176,0.2553,0.2021,0.0601,0.6928,0.0108,0.0043,5e-4,0,0.0012,0.0283,NA,12315,Odessa,TX,1,1
Ogle School Hair Skin Nails-Arlington,ogleschool.edu/,NA,NA,NA,7917,319,0.691,0.2038,0.4326,0.2884,0.0031,0.0031,0,0.0564,0,0.0125,NA,NA,Arlington,TX,0,1
Ogle School Hair Skin Nails-Ft Worth,www.ogleschool.edu/,NA,NA,NA,7917,447,0.671,0.3624,0.2237,0.3378,0.0067,0.0045,0.0045,0.0425,0,0.0179,NA,NA,Fort Worth,TX,0,1
Our Lady of the Lake University,https://www.ollusa.edu/,NA,NA,NA,24999,1110,0.5749,0.0775,0.0694,0.7432,0.0045,0,0,0,0.0315,0.0739,0.3529,42137,San Antonio,TX,0,1
The University of Texas Rio Grande Valley,www.utrgv.edu/,1020,0.8482,NA,12950,27026,0.6376,0.0192,0.005,0.9375,0.0108,4e-4,2e-4,0.0015,0.0167,0.0087,0.5617,18343,Edinburg,TX,1,1
Texas Southmost College,www.tsc.edu/,NA,NA,NA,9000,3453,0.3138,0.0243,9e-4,0.9354,0.0026,6e-4,0,0.0012,0.0035,0.0316,NA,11487,Brownsville,TX,1,1
Panola College,www.panola.edu/,NA,NA,NA,10500,1378,0.3198,0.5435,0.1945,0.1996,0.0073,0.0051,0,0.0261,0.0239,0,NA,12950,Carthage,TX,1,0
Paris Junior College,www.parisjc.edu/,NA,NA,NA,5342,2265,0.2259,0.5974,0.1015,0.223,0.0084,0.0146,0.0013,0.0389,0.0093,0.0057,NA,12951,Paris,TX,1,0
Paul Quinn College,www.pqc.edu/,NA,0.3381,NA,23373,600,0.6976,0.0617,0.6867,0.1583,0.0083,0,0.0083,0.0567,0.0083,0.0117,0.2651,24912,Dallas,TX,0,1
Prairie View A & M University,www.pvamu.edu/,949,0.753,23,27000,8527,0.6244,0.0124,0.8519,0.0742,0.0081,0.0014,7e-4,0.0349,0.0077,0.0086,0.4492,25958,Prairie View,TX,1,0
Ranger College,https://www.rangercollege.edu/,NA,NA,NA,9500,935,0.1766,0.4567,0.077,0.3658,0.0032,0.0021,0,0.0406,0.0524,0.0021,NA,14685,Ranger,TX,1,0
Aviation Institute of Maintenance-Houston,https://aviationmaintenance.edu/campuses/houston-tx,NA,NA,NA,31875,281,0.664,0.2135,0.1922,0.3843,0.1708,0,0,0.0356,0,0.0036,NA,28108,Houston,TX,0,1
Rice University,www.rice.edu/,1553,0.0788,43,11000,4562,0.1607,0.2648,0.0824,0.1611,0.295,0.0013,9e-4,0.052,0.1247,0.0178,0.9306,74110,Houston,TX,0,1
Saint Edward's University,https://www.stedwards.edu/,1135,0.8369,NA,24803,2729,0.3947,0.284,0.0322,0.5526,0.0238,0.004,7e-4,0.0257,0.066,0.011,0.6693,64975,Austin,TX,0,1
St Philip's College,www.alamo.edu/spc/,NA,NA,NA,9500,10772,0.2137,0.1503,0.1002,0.6842,0.0224,0.0022,0.0011,0.0335,0.0014,0.0047,NA,11406,San Antonio,TX,1,1
University of St Thomas,https://www.stthom.edu/,1204,0.9334,29,19928,2826,0.3792,0.172,0.1196,0.5354,0.1001,0.0014,0.0014,0.0156,0.0389,0.0156,0.6371,44151,Houston,TX,0,1
Sam Houston State University,www.shsu.edu/,1055,0.8539,NA,21983,18138,0.3985,0.4621,0.1743,0.281,0.0213,0.0077,0.001,0.0342,0.0076,0.011,0.5927,24517,Huntsville,TX,1,0
San Antonio College,www.alamo.edu/sac,NA,NA,NA,10500,16067,0.3369,0.1656,0.074,0.6953,0.0248,0.0022,8e-4,0.0311,0.0049,0.0013,NA,11576,San Antonio,TX,1,1
San Jacinto Community College,www.sanjac.edu/,NA,NA,NA,9500,23071,0.303,0.1698,0.0869,0.6369,0.0472,0.0017,8e-4,0.0199,0.024,0.0128,NA,14990,Pasadena,TX,1,1
Schreiner University,www.schreiner.edu/,NA,0.8797,27,23250,1028,0.4381,0.4874,0.0564,0.3988,0.0107,0.0039,0.0029,0.0311,0.0088,0,0.4602,46294,Kerrville,TX,0,0
Seguin Beauty School-Seguin,seguinbeautyschool.net/,NA,NA,NA,9995,26,0.4507,0.3846,0,0.5769,0.0385,0,0,0,0,0,NA,NA,Seguin,TX,0,0
St. Mary's University,www.stmarytx.edu/,989,0.8895,NA,25563,1911,0.4203,0.1183,0.0235,0.5484,0.0167,0.0078,0.0026,0.012,0.0853,0.1852,0.5942,46368,San Antonio,TX,0,1
South Plains College,www.southplainscollege.edu/,NA,NA,NA,10500,6124,0.4002,0.3444,0.0735,0.542,0.0206,0.0134,0.0023,0,0.0026,0.0013,NA,12880,Levelland,TX,1,0
South Texas Barber College Inc,www.southtexasbarbercollege.net/,NA,NA,NA,NA,23,0.8214,0,0,0,0,0,0,0,1,0,NA,NA,Corpus Christi,TX,0,1
South Texas Vocational Technical Institute-Weslaco,https://www.stvt.edu/,NA,NA,NA,15917,263,0.8413,0.0114,0.0152,0.9316,0.0038,0.0038,0.0266,0.0076,0,0,NA,NA,Weslaco,TX,0,1
Miller-Motte College-STVT-McAllen,https://www.stvt.edu/,NA,NA,NA,15917,496,0.7439,0.1956,0.002,0.7722,0,0,0,0.0282,0,0.002,NA,NA,McAllen,TX,0,1
Southern Methodist University,https://www.smu.edu/,1424,0.6122,40,19500,7106,0.1186,0.5835,0.0536,0.1637,0.0813,0.0037,0.0011,0.0474,0.0362,0.0296,0.8285,82532,Dallas,TX,0,1
Southwest School of Business and Technical Careers-San Antonio,www.sws.edu/,NA,NA,NA,7273,22,0.9535,0,0.0455,0.9545,0,0,0,0,0,0,NA,NA,San Antonio,TX,0,1
Southwest Texas Junior College,https://www.swtjc.edu/,NA,NA,NA,6200,3170,0.3563,0.0558,0.0038,0.9199,0.006,0.0073,6e-4,0.0016,0,0.005,NA,13579,Uvalde,TX,1,0
Southwestern Assemblies of God University,www.sagu.edu/,1014,0.8423,NA,24725,1366,0.495,0.5117,0.1186,0.2679,0.011,0.0278,0.0037,0.0461,0.0124,7e-4,0.5232,32765,Waxahachie,TX,0,1
Southwestern University,https://www.southwestern.edu/,1269,0.3907,NA,25000,1454,0.2313,0.5406,0.0591,0.2834,0.0413,0.0021,0.0014,0.0475,0.0193,0.0055,0.73740000000000006,63645,Georgetown,TX,0,1
Stephen F Austin State University,https://www.sfasu.edu/,1074,0.8825,NA,23409,8746,0.3679,0.5659,0.1199,0.2323,0.0126,0.0049,3e-4,0.0418,0.0072,0.015,0.5386,24231,Nacogdoches,TX,1,0
Texas State University,https://www.txst.edu/,1093,0.8948,27,21000,34547,0.3615,0.3917,0.0942,0.422,0.027,0.0027,9e-4,0.0319,0.0082,0.0214,0.5953,26348,San Marcos,TX,1,1
Southwestern Adventist University,www.swau.edu/,1031,0.5552,NA,26998,574,0.3885,0.2073,0.1115,0.5209,0.054,0.0052,0.0105,0.0418,0.0436,0.0052,0.4452,35804,Keene,TX,0,0
Southwestern Christian College,www.swcc.edu/,NA,NA,NA,NA,128,0.9057,0,0.9063,0.0313,0,0.0078,0.0078,0.0469,0,0,0,21900,Terrell,TX,0,0
Sul Ross State University,www.sulross.edu/,984,0.9562,23,15900,1378,0.5161,0.2003,0.066,0.6945,0.0044,0.0051,0.0015,0.0167,0.0022,0.0094,0.3131,23759,Alpine,TX,1,0
Tarleton State University,www.tarleton.edu/,1068,0.942,27,19606,12263,0.3711,0.6374,0.0616,0.2344,0.0104,0.0072,0.0011,0.0323,0.0066,0.009,0.5128,22981,Stephenville,TX,1,0
Tarrant County College District,www.tccd.edu/,NA,NA,NA,9104,40214,0.2749,0.2591,0.165,0.3655,0.0662,0.0033,0.0014,0.037,0.0126,0.0899,NA,11720,Fort Worth,TX,1,1
Temple College,www.templejc.edu/,NA,NA,NA,12813,3168,0.4047,0.3744,0.1714,0.3333,0.0199,0.0035,0.0051,0.0603,0,0.0322,NA,11400,Temple,TX,1,1
The University of Texas Health Science Center at San Antonio,www.uthscsa.edu/,NA,NA,NA,15000,864,0.3516,0.2234,0.0556,0.5984,0.0822,0.0035,0.0023,0.0255,0.0035,0.0058,NA,NA,San Antonio,TX,1,1
The University of Texas Medical Branch at Galveston,https://www.utmb.edu/,NA,NA,NA,13396,559,0.2051,0.2826,0.1002,0.288,0.2308,0.0018,0.0036,0.0698,0.0089,0.0143,NA,NA,Galveston,TX,1,1
Texarkana College,https://www.texarkanacollege.edu/,NA,NA,NA,10500,1609,0.2826,0.5301,0.3033,0.0932,0.0081,0.0044,0.0025,0.0354,0.0162,0.0068,NA,13580,Texarkana,TX,1,1
Texas A & M University-Kingsville,https://www.tamuk.edu/,1030,0.9229,NA,22934,4622,0.5455,0.1534,0.0409,0.7648,0.0058,0.0015,0.0013,0.0106,0.0203,0.0013,0.4632,22262,Kingsville,TX,1,0
Texas A & M University-College Station,https://www.tamu.edu/,1272,0.6325,34,17804,59099,0.1923,0.5408,0.0233,0.2543,0.1259,0.0023,3e-4,0.0381,0.0111,0.0039,0.842,32085,College Station,TX,1,1
The University of Texas at Arlington,https://www.uta.edu/,1116,0.8129,29,17527,30834,0.3958,0.2316,0.1449,0.3945,0.1432,0.0015,5e-4,0.0375,0.0383,0.008,0.5415,25265,Arlington,TX,1,1
The University of Texas at Austin,https://www.utexas.edu/,1380,0.2912,39,20500,42100,0.2511,0.3157,0.0467,0.2828,0.2537,0.0012,7e-4,0.0409,0.043,0.0154,0.8896,29842,Austin,TX,1,1
The University of Texas at Dallas,www.utdallas.edu/,1300,0.6546,NA,18000,21317,0.2973,0.2234,0.0576,0.1807,0.422,0.0015,4e-4,0.0397,0.0437,0.0311,0.7319,28210,Richardson,TX,1,1
The University of Texas at El Paso,https://www.utep.edu/,982,0.999,NA,18000,20547,0.606,0.0375,0.0181,0.8774,0.0068,0.0016,0.001,0.0068,0.0373,0.0135,0.5166,19327,El Paso,TX,1,1
The University of Texas at Tyler,https://www.uttyler.edu/,1113,0.9154,29,17137,7009,0.3796,0.5025,0.1131,0.2679,0.0407,0.0043,4e-4,0.0387,0.0198,0.0126,0.4321,23669,Tyler,TX,1,1
Texas Christian University,https://www.tcu.edu/,1303,0.426,NA,21500,10919,0.1347,0.6413,0.0408,0.1811,0.0242,0.0023,0.0012,0.0436,0.0452,0.0204,0.8308,72778,Fort Worth,TX,0,1
Texas College,www.texascollege.edu/,NA,NA,NA,31000,644,0.8536,0.0311,0.823,0.1009,0.0031,0.0016,0,0,0.0248,0.0155,0.1687,20832,Tyler,TX,0,1
University of North Texas Health Science Center,www.unthsc.edu/,NA,NA,NA,NA,17,NA,0.1765,0.2353,0.2941,0.1176,0,0,0.1765,0,0,NA,NA,Fort Worth,TX,1,1
Texas Lutheran University,www.tlu.edu/,1124,0.9479,NA,25000,1260,0.3763,0.3905,0.1254,0.4103,0.019,0.0032,8e-4,0.0405,0.0032,0.0071,0.5482,47548,Seguin,TX,0,0
The University of Texas Permian Basin,https://www.utpb.edu/,1031,0.8446,NA,17750,4122,0.356,0.2579,0.0767,0.5378,0.0175,0.0032,0.0022,0.0243,0.0665,0.0141,0.444,21727,Odessa,TX,1,1
The University of Texas at San Antonio,www.utsa.edu/,1102,0.8846,33,20500,29675,0.4225,0.1882,0.0801,0.6123,0.0579,0.0011,0.0016,0.0345,0.0125,0.0119,0.5324,21474,San Antonio,TX,1,1
Texas Southern University,www.tsu.edu/,913,0.9335,27,29000,6619,0.713,0.0079,0.8583,0.0733,0.0079,0.0018,5e-4,0.0338,0.0118,0.0048,0.2624,24899,Houston,TX,1,1
Texas Tech University,www.ttu.edu/,1182,0.7089,32,21500,32446,0.2575,0.5323,0.0607,0.2965,0.0331,0.0035,9e-4,0.0437,0.0178,0.0116,0.6432,27472,Lubbock,TX,1,1
Texas Wesleyan University,www.txwes.edu/,1051,0.6239,NA,23125,1671,0.4114,0.3285,0.2256,0.2753,0.015,0.015,6e-4,0.0467,0.0802,0.0132,0.2932,50619,Fort Worth,TX,0,1
Texas Woman's University,www.twu.edu/,NA,0.9499,27,19218,8804,0.4045,0.2719,0.1878,0.3827,0.0927,0.0032,7e-4,0.035,0.0123,0.0139,0.5274,20399,Denton,TX,1,1
Trinity University,https://new.trinity.edu/,1407,0.2816,NA,22954,2518,0.164,0.5238,0.0429,0.247,0.077,0.0012,4e-4,0.052,0.0469,0.0087,0.804,65774,San Antonio,TX,0,1
The University of Texas Health Science Center at Houston,www.uth.edu/,NA,NA,NA,13063,460,0.426,0.187,0.1239,0.3326,0.2913,0,0.0022,0.037,0.013,0.013,NA,NA,Houston,TX,1,1
Texas Tech University Health Sciences Center,https://www.ttuhsc.edu/,NA,NA,NA,12268,1374,0.143,0.4985,0.0888,0.3319,0.0633,0.0116,0,0,7e-4,0.0051,NA,NA,Lubbock,TX,1,1
Tyler Junior College,www.tjc.edu/,NA,NA,NA,11995,9065,0.3562,0.4484,0.1724,0.2757,0.0116,0.0038,9e-4,0.0499,0.0185,0.0189,NA,15881,Tyler,TX,1,1
Universal Technical Institute of Texas Inc.,www.uti.edu/,NA,NA,NA,14267,1823,0.5586,0.2046,0.1574,0.5112,0.0176,0.006,5e-4,0.0455,0.0011,0.056,NA,NA,Houston,TX,0,1
UCAS University of Cosmetology Arts & Sciences-McAllen,www.ucastx.com/,NA,NA,NA,6447,92,0.9386,0.0217,0,0.9674,0,0,0.0109,0,0,0,NA,NA,McAllen,TX,0,1
Vernon College,www.vernoncollege.edu/,NA,NA,NA,11000,1656,0.3824,0.5302,0.0707,0.2935,0.0242,0.0079,0.0036,0.035,0.0042,0.0308,NA,13676,Vernon,TX,1,0
Victoria Beauty & Barber College,www.victoriabeautyandbarbercollege.com/,NA,NA,NA,9500,64,0.6276,0.25,0.125,0.4688,0,0.0156,0,0.1406,0,0,NA,NA,Victoria,TX,0,1
Victoria College,www.victoriacollege.edu/,NA,NA,NA,10500,2385,0.3342,0.2994,0.0616,0.5841,0.0184,0.0029,4e-4,0.0159,0.0055,0.0117,NA,11112,Victoria,TX,1,1
Vogue College of Cosmetology-McAllen,https://vogue.edu/,NA,NA,NA,7917,336,0.7402,0.1042,0.0446,0.8185,0,0,0,0.0208,0.0089,0.003,NA,NA,McAllen,TX,0,1
Wayland Baptist University,www.wbu.edu/,NA,0.5405,NA,23106,2090,0.3952,0.3081,0.1809,0.3215,0.0321,0.0115,0.0263,0.0258,0.0244,0.0694,0.2604,34762,Plainview,TX,0,0
Weatherford College,https://www.wc.edu/,NA,NA,NA,9948,3961,0.1943,0.6122,0.0318,0.2366,0.0151,0.0061,0.002,0.0321,5e-4,0.0636,NA,15148,Weatherford,TX,1,0
West Texas A & M University,https://www.wtamu.edu/,1072,0.9735,NA,19500,6771,0.3933,0.5131,0.0393,0.3438,0.0182,0.0062,0.0016,0.0253,0.0167,0.0359,0.4732,23383,Canyon,TX,1,0
Western Texas College,www.wtc.edu/,NA,NA,NA,7515,486,0.0783,0.2901,0.0761,0.4835,0.0062,0.0041,0,0.0247,0.1152,0,NA,12444,Snyder,TX,1,0
Wharton County Junior College,https://www.wcjc.edu/,NA,NA,NA,7703,4832,0.2652,0.2461,0.1269,0.4599,0.1496,0.0023,0.0012,0.013,0,0.001,NA,10406,Wharton,TX,1,0
Wiley University,wileyc.edu/,NA,NA,NA,24989,636,0.7708,0.0645,0.8428,0.0377,0.0031,0.0079,0.0079,0,0.022,0.0142,0.2848,20322,Marshall,TX,0,0
Bridgerland Technical College,www.btech.edu/,NA,NA,NA,NA,1441,0.1004,0.8119,0.0097,0.1312,0.0076,0.0042,0.0035,0.0153,0,0.0167,NA,NA,Logan,UT,1,1
Brigham Young University,https://byu.edu/,1376,0.6919,NA,11069,32221,0.3229,0.8068,0.0039,0.08,0.0167,0.0019,0.0061,0.0435,0.0279,0.0132,0.8204,20879,Provo,UT,0,1
Brigham Young University-Hawaii,www.byuh.edu/,1104,0.3787,NA,9413,2812,0.2969,0.2027,0.0032,0.0697,0.0846,0.0018,0.058,0.0935,0.4822,0.0043,0.5102,22970,Laie,HI,0,0
Cameo College of Essential Beauty,www.cameocollege.com/,NA,NA,NA,5500,277,0.3248,0.4693,0.0289,0.426,0.0433,0.0108,0.0072,0,0.0036,0.0108,NA,NA,Murray,UT,0,1
Collectiv Academy,www.collectivacademy.com/,NA,NA,NA,10540,81,0.5221,0.6914,0.0123,0.2099,0.0123,0.0123,0,0.0617,0,0,NA,NA,Sandy,UT,0,1
Davis Technical College,https://www.davistech.edu/,NA,NA,NA,NA,2617,0.0929,0.7165,0.0153,0.1739,0.0141,0.0138,0.0065,0.0287,0,0.0313,NA,NA,Kaysville,UT,1,1
Utah Tech University,utahtech.edu/,NA,NA,NA,15000,8320,0.223,0.7452,0.0172,0.1371,0.0125,0.0073,0.0114,0.0458,0.0184,0.005,0.262,19660,Saint George,UT,1,1
Evans Hairstyling College-Cedar City,evanshairstylingcollegecedar.com/,NA,NA,NA,NA,64,0.3333,0.8281,0,0.1094,0,0.0156,0.0156,0.0313,0,0,NA,NA,Cedar City,UT,0,0
Evans Hairstyling College-St George,evanscollege.com/,NA,NA,NA,NA,57,0.2759,0.9123,0.0175,0.0702,0,0,0,0,0,0,NA,NA,Saint George,UT,0,1
Paul Mitchell the School-Salt Lake City,paulmitchell.edu/saltlakecity,NA,NA,NA,9500,289,0.4218,0.6263,0.0277,0.2249,0.0104,0.0035,0.0138,0.0311,0.0035,0.0588,NA,NA,Holladay,UT,0,1
Eagle Gate College-Murray,eaglegatecollege.edu/,NA,NA,NA,43021,252,0.4828,0.4762,0.0635,0.2024,0.0476,0.0198,0.0278,0.0119,0,0.1508,0.3571,33925,Murray,UT,0,1
Ensign College,www.ensign.edu/,NA,NA,NA,NA,5969,0.1134,0.1124,0.0034,0.0163,0.0023,5e-4,0.0018,0.0064,0.1345,0.7224,NA,13892,Salt Lake City,UT,0,1
Ogden-Weber Technical College,www.otech.edu/,NA,NA,NA,NA,2053,0.1053,0.6391,0.018,0.2898,0.0132,0.0039,0.0029,0.0253,0,0.0078,NA,NA,Ogden,UT,1,1
Snow College,https://www.snow.edu/,NA,NA,NA,7000,3552,0.2088,0.7117,0.0296,0.1312,0.0034,0.0053,0.0107,0.0282,0.0777,0.0023,1,12190,Ephraim,UT,1,0
Southern Utah University,https://www.suu.edu/,NA,0.8047,30,12500,9533,0.2421,0.7344,0.0199,0.0865,0.0138,0.0095,0.0086,0.0097,0.0517,0.0658,0.4934,19512,Cedar City,UT,1,0
Uintah Basin Technical College,www.ubtech.edu/,NA,NA,NA,NA,324,0.0101,0.8117,0.0093,0.108,0.0062,0.0617,0,0.0031,0,0,NA,NA,Roosevelt,UT,1,0
Utah State University,https://www.usu.edu/,1189,0.9362,NA,14340,20342,0.2569,0.8172,0.0068,0.066,0.0078,0.0148,0.0032,0.0272,0.0065,0.0504,0.5744,21050,Logan,UT,1,1
Utah Valley University,www.uvu.edu/,NA,NA,NA,14750,27481,0.2337,0.7701,0.0107,0.1334,0.0144,0.0042,0.0077,0.0369,0.0114,0.0113,0.3943,15172,Orem,UT,1,1
Salt Lake Community College,www.slcc.edu/,NA,NA,NA,8003,17247,0.162,0.5867,0.03,0.2555,0.0379,0.0076,0.011,0.0409,0.0171,0.0135,NA,12884,Salt Lake City,UT,1,1
University of Utah,www.utah.edu/,1231,0.8717,33,19000,26041,0.201,0.6318,0.0129,0.1409,0.0616,0.0036,0.004,0.0605,0.0588,0.0258,0.7292,21799,Salt Lake City,UT,1,1
Weber State University,https://www.weber.edu/,NA,NA,NA,15113,15619,0.1642,0.7163,0.0209,0.1417,0.0192,0.0055,0.006,0.0389,0.0229,0.0286,0.4773,16172,Ogden,UT,1,1
Westminster University,www.westminstercollege.edu/,1249,0.6883,NA,22250,882,0.2508,0.6723,0.0204,0.1406,0.0329,0.0023,0.0159,0.0408,0.0476,0.0272,0.6398,56801,Salt Lake City,UT,0,1
Bennington College,https://www.bennington.edu/,1358,0.4804,NA,26000,759,0.2124,0.6311,0.0343,0.1054,0.0171,0.0026,0,0.0514,0.1357,0.0224,0.6776,82968,Bennington,VT,0,0
Champlain College,www.champlain.edu/,1262,0.6672,NA,26814,2870,0.2314,0.6944,0.0631,0.0965,0.0408,0.0038,3e-4,0.0425,0.0021,0.0564,0.6892,63000,Burlington,VT,0,1
Community College of Vermont,www.ccv.edu/,NA,NA,NA,10491,3093,0.2818,0.8277,0.0336,0.0404,0.0213,0.0045,6e-4,0.0459,0.0045,0.0213,NA,16717,Montpelier,VT,1,0
Goddard College,www.goddard.edu/,NA,0.1951,NA,18750,113,0.5268,0.5929,0.0796,0.0354,0,0.0177,0,0.115,0,0.1593,0.5,36263,Plainfield,VT,0,0
Middlebury College,https://www.middlebury.edu/college/,1500,0.1037,NA,13857,2785,0.1673,0.5555,0.0564,0.1174,0.0783,4e-4,0,0.0747,0.1095,0.0079,0.9134,82260,Middlebury,VT,0,0
Norwich University,www.norwich.edu/,1190,0.7361,NA,25000,2490,0.2445,0.6763,0.045,0.1004,0.0273,0.0044,0.0012,0.0594,0.0574,0.0285,0.6296,65098,Northfield,VT,0,0
O'Briens Aveda Institute,www.obriensavedainstitute.org/,NA,NA,NA,6333,85,0.3286,0.9412,0.0118,0.0118,0.0118,0,0,0.0235,0,0,NA,NA,Williston,VT,0,1
Saint Michael's College,www.smcvt.edu/,1241,0.9185,NA,26922,1157,0.177,0.8168,0.0346,0.0622,0.0138,0.0035,0,0.0285,0.0389,0.0017,0.7883,67174,Colchester,VT,0,1
SIT Graduate Institute,https://www.sit.edu/,NA,NA,NA,NA,0,NA,0,0,0,0,0,0,0,0,0,NA,NA,Brattleboro,VT,0,0
Sterling College,www.sterlingcollege.edu/,NA,0.9231,NA,23000,66,0.3465,0.7273,0,0.0455,0.0303,0,0,0.1061,0.0606,0.0303,0.4,52300,Craftsbury Common,VT,0,0
Vermont State University,vermontstate.edu/,NA,0.8323,NA,15000,3567,0.3148,0.7796,0.0449,0.0479,0.0151,0.0042,8e-4,0.0348,0.0297,0.0429,0.4601,30074,Randolph,VT,1,0
University of Vermont,www.uvm.edu/,1357,0.6002,38,20951,11614,0.1283,0.8353,0.0081,0.0536,0.0266,4e-4,1e-4,0.0401,0.0094,0.0264,0.7783,35116,Burlington,VT,1,1
Paul Mitchell the School-Roanoke,paulmitchell.edu/roanoke,NA,NA,NA,9833,73,0.589,0.4932,0.2192,0.0137,0.0274,0,0,0.1233,0,0.1233,NA,NA,Roanoke,VA,0,1
Advanced Technology Institute,www.auto.edu/,NA,0.6096,NA,14873,377,0.3551,0.443,0.3316,0.1273,0.0159,0.0106,0.008,0.0531,0.0027,0.008,NA,25540,Virginia Beach,VA,0,1
Averett University,https://www.averett.edu/,1054,0.478,NA,25000,1162,0.3904,0.4897,0.2728,0.0542,0.012,0.006,0.0034,0.0499,0.0904,0.0215,0.4173,51456,Danville,VA,0,0
Blue Ridge Community College,https://www.brcc.edu/,NA,NA,NA,10409,2677,0.3346,0.6477,0.0616,0.1547,0.025,0.0037,4e-4,0.0355,0.0187,0.0527,NA,15437,Weyers Cave,VA,1,0
Bluefield University,www.bluefield.edu/,NA,0.6272,NA,21855,683,0.4567,0.593,0.1977,0.06,0.0059,0.0073,0.0015,0.0176,0.0176,0.0996,0.3557,41806,Bluefield,VA,0,0
Bridgewater College,https://www.bridgewater.edu/,1225,0.9081,NA,26000,1388,0.2939,0.6664,0.116,0.0785,0.013,0.0036,7e-4,0.0512,0.0331,0.0375,0.6227,56195,Bridgewater,VA,0,1
William & Mary,https://www.wm.edu/,1458,0.3272,NA,18500,6949,0.1208,0.6074,0.0587,0.0888,0.1163,7e-4,4e-4,0.0668,0.0389,0.022,0.9189,41118,Williamsburg,VA,1,1
Regent University,https://www.regent.edu/,1169,0.4118,NA,24534,4282,0.48,0.4435,0.2522,0.1177,0.0161,0.0072,0.0054,0.0432,0.0056,0.1091,0.6414,30550,Virginia Beach,VA,0,1
Central School of Practical Nursing,https://www.npsk12.com/domain/980,NA,NA,NA,NA,24,0.2973,0.2917,0.625,0.0833,0,0,0,0,0,0,NA,NA,Norfolk,VA,1,1
Central Virginia Community College,www.centralvirginia.edu/,NA,NA,NA,8625,2144,0.3312,0.5798,0.2402,0.0583,0.0135,0.0056,5e-4,0.0714,0.0075,0.0233,NA,11638,Lynchburg,VA,1,1
Christopher Newport University,https://cnu.edu/,1207,0.8796,NA,25000,4402,0.1457,0.7213,0.0852,0.0822,0.0416,0.0011,9e-4,0.0545,0.0025,0.0107,0.7514,32242,Newport News,VA,1,1
Bryant & Stratton College-Virginia Beach,https://www.bryantstratton.edu/,NA,NA,NA,21549,1327,0.6187,0.2555,0.5712,0.0708,0.0188,0.0023,0.0038,0.0648,8e-4,0.0121,0,22769,Virginia Beach,VA,0,1
Mountain Gateway Community College,www.mgcc.edu/,NA,NA,NA,9182,457,0.2442,0.7746,0.0722,0.0569,0.0066,0.0153,0,0.0503,0,0.0241,NA,13076,Clifton Forge,VA,1,0
Danville Community College,https://www.danville.edu/,NA,NA,NA,9000,1371,0.3659,0.515,0.3611,0.0686,0.0051,7e-4,7e-4,0.0284,0.0036,0.0168,NA,14060,Danville,VA,1,0
Centura College-Virginia Beach,https://www.centuracollege.edu/campuses/virginia-beach,NA,NA,NA,14750,8,0.7064,0.375,0.5,0,0,0,0,0.125,0,0,NA,32123,Virginia Beach,VA,0,1
Emory & Henry University,www.ehc.edu/,1171,0.963,NA,26332,1107,0.4085,0.6784,0.121,0.0361,0.0099,0.0045,0.0027,0.0352,0.0343,0.0777,0.5164,52311,Emory,VA,0,0
Eastern Mennonite University,https://emu.edu/,NA,0.9975,NA,24813,800,0.2691,0.5625,0.1325,0.1175,0.0275,0.0013,0.0013,0.0388,0.0538,0.065,0.563,54378,Harrisonburg,VA,0,1
Eastern Shore Community College,www.es.vccs.edu/,NA,NA,NA,NA,433,0.3663,0.3649,0.3233,0.1986,0.0069,0.0046,0.0023,0.037,0.0277,0.0346,NA,11859,Melfa,VA,1,0
Ferrum College,www.ferrum.edu/,990,1,NA,27000,745,0.4651,0.4792,0.2148,0.0698,0.0054,0.0013,0,0.0497,0.0121,0.1678,0.335,54506,Ferrum,VA,0,0
George Mason University,https://www2.gmu.edu/,1247,0.8883,NA,19500,27083,0.2951,0.3295,0.1234,0.1744,0.2357,0.0011,9e-4,0.0561,0.0473,0.0316,0.7276,26972,Fairfax,VA,1,1
Germanna Community College,www.germanna.edu/,NA,NA,NA,8400,5469,0.2512,0.484,0.1867,0.1781,0.043,0.0027,0.0015,0.0653,0.0073,0.0314,NA,12278,Locust Grove,VA,1,0
Hampden-Sydney College,www.hsc.edu/,1168,0.5013,NA,26000,876,0.22,0.7785,0.0822,0.0639,0.008,0.0011,0.0011,0.0491,0.0057,0.0103,0.6555,67129,Hampden-Sydney,VA,0,0
Hampton University,www.hamptonu.edu/,1062,0.4827,NA,25442,3254,0.3806,0.0037,0.9757,0.0046,6e-4,0.0015,3e-4,0,0.012,0.0015,0.5796,45968,Hampton,VA,0,1
Hollins University,www.hollins.edu/,1256,0.7086,NA,27000,673,0.3314,0.6048,0.1486,0.1025,0.0208,0.003,0.0015,0.049,0.0624,0.0074,0.5867,57481,Roanoke,VA,0,1
J Sargeant Reynolds Community College,www.reynolds.edu/,NA,NA,NA,10500,5284,0.3004,0.4101,0.31,0.1026,0.0659,0.0032,0.0025,0.0484,0.0335,0.0238,NA,11919,Richmond,VA,1,1
James Madison University,www.jmu.edu/,1247,0.7625,NA,20093,20497,0.1683,0.7455,0.0447,0.0787,0.0494,0.0012,0.0013,0.0513,0.0071,0.0208,0.823,30213,Harrisonburg,VA,1,1
Brightpoint Community College,https://www.brightpoint.edu/,NA,NA,NA,9500,5548,0.2138,0.4771,0.2385,0.1518,0.036,0.0036,9e-4,0.0506,0.0119,0.0296,NA,11686,Chester,VA,1,1
Liberty University,https://www.liberty.edu/,NA,0.9932,NA,24500,50059,0.3908,0.576,0.0983,0.0744,0.0173,0.004,0.0023,0.0414,0.0085,0.1777,0.6744,41707,Lynchburg,VA,0,1
Longwood University,www.longwood.edu/,1117,0.848,NA,25000,2957,0.26,0.7169,0.1038,0.0727,0.0162,0.0017,3e-4,0.0524,0.0169,0.0189,0.6558,32870,Farmville,VA,1,0
Laurel Ridge Community College,https://www.laurelridge.edu/,NA,NA,NA,9750,3167,0.1788,0.6435,0.0619,0.1696,0.0221,0.0038,3e-4,0.0445,0.0155,0.0388,NA,11552,Middletown,VA,1,0
University of Lynchburg,www.lynchburg.edu/,1100,0.8219,NA,27000,1599,0.2731,0.5891,0.0932,0.0744,0.0163,0.0025,0.0019,0.0463,0.0694,0.1069,0.6641,48300,Lynchburg,VA,0,1
Centra College,https://www.centrahealth.com/college,NA,1,NA,15250,212,0.4367,0.6698,0.1321,0.0236,0.0142,0,0,0.066,0,0.0943,NA,31771,Lynchburg,VA,0,1
Mary Baldwin University,https://www.marybaldwin.edu/,NA,NA,NA,26586,1188,0.4833,0.4966,0.2626,0.0842,0.0168,0.0025,8e-4,0.0564,0.0101,0.0699,0.4894,44435,Staunton,VA,0,1
University of Mary Washington,https://www.umw.edu/,1241,0.8626,NA,20500,3504,0.2024,0.5976,0.0799,0.1333,0.0479,0.0017,0,0.0519,0.0217,0.0659,0.6898,29234,Fredericksburg,VA,1,1
Marymount University,https://www.marymount.edu/,NA,0.8052,NA,25000,1795,0.2211,0.2969,0.1471,0.2641,0.0719,0,0.0011,0.0479,0.1192,0.0518,0.6392,55748,Arlington,VA,0,1
Sovah School of Health Professions,https://www.sovahhealth.com/sohp,NA,NA,NA,NA,20,0.3043,0.9,0,0.1,0,0,0,0,0,0,NA,NA,Danville,VA,0,0
Mountain Empire Community College,www.mecc.edu/,NA,NA,NA,NA,1240,0.4149,0.9185,0.0226,0.0258,0.0032,8e-4,0,0.0234,0,0.0056,NA,14516,Big Stone Gap,VA,1,0
American National University,https://www.an.edu/locations/,NA,NA,NA,12814,643,0.7147,0.437,0.3841,0.0218,0.0886,0.0187,0.0047,0.0311,0,0.014,NA,24065,Salem,VA,0,1
New River Community College,www.nr.edu/,NA,NA,NA,9000,1917,0.2085,0.8039,0.0522,0.0496,0.0115,0.0037,0,0.0339,0.0172,0.0282,NA,13477,Dublin,VA,1,0
Sentara College of Health Sciences,www.sentara.edu/,NA,NA,NA,19450,239,0.3449,0.6234,0.1297,0.0711,0.1088,0,0.0042,0.0544,0,0.0084,NA,NA,Chesapeake,VA,0,1
Tidewater Tech-Trades,tidewatertechtrades.edu/,NA,NA,NA,9500,514,0.6872,0.2607,0.5409,0.0895,0.0156,0.0136,0.0058,0.0739,0,0,NA,29882,Norfolk,VA,0,1
Norfolk State University,www.nsu.edu/,980,0.8746,NA,29000,5495,0.6219,0.0198,0.8422,0.0508,0.002,0.0015,0,0.0575,0.0153,0.0109,0.3899,26093,Norfolk,VA,1,1
Northern Virginia Community College,https://www.nvcc.edu/,NA,NA,NA,11000,31737,0.1986,0.263,0.1523,0.2947,0.1505,0.002,0.0021,0.0435,0.0512,0.0408,NA,15821,Annandale,VA,1,1
Old Dominion University,www.odu.edu/,1190,0.9052,NA,24000,17521,0.3694,0.4136,0.3225,0.1064,0.0536,0.0021,0.0027,0.0697,0.0118,0.0178,0.5085,27180,Norfolk,VA,1,1
Patrick & Henry Community College,www.patrickhenry.edu/,NA,NA,NA,NA,1411,0.4584,0.5322,0.2459,0.1269,0.0064,7e-4,7e-4,0.0461,0.0184,0.0227,NA,11242,Martinsville,VA,1,0
Paul D Camp Community College,www.pdc.edu/,NA,NA,NA,6880,605,0.2727,0.4231,0.4744,0.0413,0.0066,0.0066,0.0017,0.0248,0.0033,0.0182,NA,11678,Franklin,VA,1,0
Southside College of Health Sciences,https://www.schs.edu/,NA,NA,NA,13758,91,0.3107,0.6703,0.2198,0.011,0.022,0.044,0,0.022,0,0.011,NA,NA,Colonial Heights,VA,0,1
Piedmont Virginia Community College,www.pvcc.edu/,NA,NA,NA,8750,3032,0.2539,0.5577,0.16,0.1247,0.0445,0.0033,0.0013,0.0524,0.0122,0.0439,NA,12435,Charlottesville,VA,1,1
Radford University,https://www.radford.edu/,1061,0.9064,NA,24000,5609,0.3537,0.6641,0.1433,0.0838,0.0164,0.0023,9e-4,0.0533,0.0082,0.0276,0.5472,26681,Radford,VA,1,0
Sylvain Melloul International Hair Academy,smiha.edu/,NA,NA,NA,9500,153,0.6083,0.4902,0.4052,0.085,0.0131,0,0,0.0065,0,0,NA,NA,Lynchburg,VA,0,1
Randolph-Macon College,https://www.rmc.edu/,1148,0.834,NA,27000,1489,0.202,0.7448,0.0873,0.0551,0.0255,0.0013,7e-4,0.0598,0.0114,0.0141,0.7203,61174,Ashland,VA,0,1
Randolph College,www.randolphcollege.edu/,1109,0.9494,NA,26950,520,0.4059,0.5712,0.2115,0.1077,0.0269,0.0058,0.0038,0.0346,0.0385,0,0.5598,43838,Lynchburg,VA,0,1
Rappahannock Community College,www.rappahannock.edu/,NA,NA,NA,NA,1318,0.2489,0.6062,0.22,0.0622,0.0114,0.0076,8e-4,0.0615,0.0068,0.0235,NA,12149,Glenns,VA,1,0
Fortis College-Norfolk,https://www.fortis.edu/,NA,NA,NA,9500,431,0.6619,0.0835,0.7935,0.0325,0.0186,0.0046,0.007,0.0464,0,0.0139,NA,35941,Norfolk,VA,0,1
Richard Bland College,www.rbc.edu/,NA,0.7189,NA,11000,799,0.1437,0.3805,0.3905,0.0613,0.0075,0.01,0,0.0989,0.035,0.0163,NA,19405,South Prince George,VA,1,0
Bon Secours Memorial College of Nursing,https://www.bsmcon.edu/,NA,NA,NA,26500,527,0.2058,0.63,0.2543,0.0095,0.0626,0.0076,0,0.0361,0,0,NA,NA,Richmond,VA,0,1
University of Richmond,https://www.richmond.edu/,1474,0.2331,NA,21000,3002,0.1755,0.6103,0.0626,0.1009,0.0613,0.001,3e-4,0.0436,0.1066,0.0133,0.897,77290,University of Richmond,VA,0,1
Riverside College of Health Careers,https://www.riversideonline.com/careers/college-of-health-careers,NA,0.1667,NA,14787,325,0.4792,0.5631,0.2585,0.0585,0.0338,0.0031,0.0031,0.0769,0,0.0031,NA,29743,Newport News,VA,0,1
Roanoke College,https://www.roanoke.edu/,1193,0.8007,30,27000,1801,0.2432,0.7735,0.0639,0.0655,0.0183,0.0033,0.0011,0.0383,0.0361,0,0.7002,54059,Salem,VA,0,1
Bon Secours St Mary's Hospital School of Medical Imaging,https://smhsomi.edu/,NA,NA,NA,NA,31,0.2222,0.8065,0.1613,0,0.0323,0,0,0,0,0,NA,NA,Richmond,VA,0,1
Shenandoah University,www.su.edu/,NA,0.7784,NA,25000,2127,0.1865,0.6027,0.0874,0.1086,0.0306,0.0108,0.0038,0.0324,0.0028,0.1208,0.6485,50500,Winchester,VA,0,1
Southeastern Free Will Baptist Bible College,www.sfwbc.edu/,NA,NA,NA,NA,74,0.3649,0.9189,0,0.0405,0.0135,0.0135,0,0.0135,0,0,0.5,20643,Wendell,NC,0,0
Southern Virginia University,https://svu.edu/,1099,0.9964,29,24224,967,0.4329,0.7601,0.0527,0.0693,0.0083,0.0052,0.031,0.0527,0.0196,0.001,0.4478,33066,Buena Vista,VA,0,0
Southside Virginia Community College,https://www.southside.edu/,NA,NA,NA,NA,1835,0.3419,0.4632,0.4158,0.0501,0.0071,0.0022,5e-4,0.036,0.0054,0.0196,NA,13401,Alberta,VA,1,0
Southwest Virginia Community College,sw.edu/,NA,NA,NA,NA,1600,0.4508,0.9019,0.0313,0.0188,0.0044,0.0031,0,0.0231,0.0094,0.0081,NA,15885,Cedar Bluff,VA,1,0
Staunton School of Cosmetology,hairstylingschool.com/,NA,NA,NA,NA,25,0.5313,0.76,0.16,0.08,0,0,0,0,0,0,NA,NA,Staunton,VA,0,1
Strayer University-Virginia,www.strayer.edu/campus-locations/virginia/arlington,NA,NA,NA,40621,2010,0.5469,0.2483,0.5338,0.0975,0.0433,0.0055,0.003,0.0493,0.004,0.0154,0.2727,NA,Arlington,VA,0,1
Sweet Briar College,www.sbc.edu/,1227,0.7174,NA,27000,463,0.3129,0.6803,0.0907,0.0475,0.0281,0.0108,0.0022,0.0086,0.095,0.0367,0.4167,41832,Sweet Briar,VA,0,0
Virginia Peninsula Community College,https://vpcc.edu/,NA,NA,NA,9500,3901,0.2876,0.4301,0.2953,0.1187,0.0349,0.0038,0.0031,0.0774,0.0064,0.0302,NA,12945,Hampton,VA,1,1
Tidewater Community College,www.tcc.edu/,NA,NA,NA,10000,11797,0.2905,0.4085,0.3107,0.1208,0.0484,0.004,0.0042,0.0702,0.0092,0.024,NA,15291,Norfolk,VA,1,1
University of Virginia's College at Wise,https://www.uvawise.edu/,1104,0.9392,NA,16750,1214,0.3298,0.5025,0.0931,0.0132,0.0181,0.0016,0,0.0107,0,0.3608,0.4097,24315,Wise,VA,1,0
Virginia Highlands Community College,www.vhcc.edu/,NA,NA,NA,NA,1335,0.4197,0.8861,0.0315,0.0375,0.006,0.0022,7e-4,0.0255,7e-4,0.0097,NA,11985,Abingdon,VA,1,1
Virginia Polytechnic Institute and State University,www.vt.edu/,1337,0.5703,NA,21500,30435,0.1501,0.5818,0.0616,0.1031,0.1276,0.001,9e-4,0.055,0.0438,0.0252,0.8778,32040,Blacksburg,VA,1,1
Virginia Western Community College,virginiawestern.edu/,NA,NA,NA,11000,3777,0.2974,0.6635,0.1337,0.0781,0.0349,0.0029,0.0013,0.0537,0.0106,0.0212,NA,11892,Roanoke,VA,1,1
Virginia Commonwealth University,https://www.vcu.edu/,1168,0.9306,NA,21500,20797,0.2971,0.4058,0.2165,0.1166,0.142,0.0025,0.0014,0.0803,0.0175,0.0174,0.6975,34346,Richmond,VA,1,1
University of Virginia-Main Campus,https://www.virginia.edu/,1488,0.1686,42,17500,17315,0.1371,0.5045,0.0757,0.0736,0.1912,0.0013,5e-4,0.0579,0.0459,0.0494,0.9422,38132,Charlottesville,VA,1,1
Virginia Military Institute,www.vmi.edu/,1183,0.8173,NA,22996,1560,0.1647,0.7173,0.0712,0.0936,0.05,0.0038,0.0071,0.0391,0.0154,0.0026,0.7436,33738,Lexington,VA,1,0
Asher Institute of Hampton,www.aiofhampton.edu/,NA,NA,NA,NA,118,0.368,0.0508,0.8898,0.0254,0,0,0,0.0169,0,0.0169,NA,NA,Hampton,VA,0,1
Virginia University of Lynchburg,www.vul.edu/,NA,NA,NA,24250,170,0.7853,0.0059,0.9059,0.0059,0,0,0,0,0,0.0824,0.25,25548,Lynchburg,VA,0,1
Virginia State University,www.vsu.edu/,917,0.891,NA,26500,4787,0.71,0.0257,0.9294,2e-4,0.0031,0.0025,0,0,0.0063,0.0328,0.4922,24173,Petersburg,VA,1,1
Virginia Union University,www.vuu.edu/,860,0.9773,NA,29000,1153,0.5064,0.0113,0.889,0.0243,0,0.0017,0.0052,0.0338,0.0104,0.0243,0.4352,34960,Richmond,VA,0,1
Virginia Wesleyan University,https://www.vwu.edu/,1281,0.7129,NA,27000,1243,0.2617,0.5012,0.2277,0.103,0.0257,0.0177,0,0.0603,0.0314,0.033,0.4711,51192,Virginia Beach,VA,0,1
Washington and Lee University,www.wlu.edu/,1504,0.1736,NA,19500,1884,0.1109,0.7006,0.0441,0.0844,0.043,0.0016,0.0016,0.0451,0.0706,0.009,0.9383,82990,Lexington,VA,0,0
Wytheville Community College,www.wcc.vccs.edu/,NA,NA,NA,7500,1229,0.3247,0.8617,0.0358,0.0618,0.0065,0.0024,0,0.022,8e-4,0.009,NA,11952,Wytheville,VA,1,0
Bellevue College,https://bellevuecollege.edu/,NA,NA,NA,12375,6901,0.0977,0.3236,0.053,0.1336,0.1969,0.0014,0.0016,0.0794,0.1069,0.1035,NA,19798,Bellevue,WA,1,1
Bellingham Technical College,https://www.btc.edu/,NA,NA,NA,17459,1523,0.3113,0.5883,0.0151,0.1733,0.0552,0.0085,0.0013,0.0716,7e-4,0.086,NA,14885,Bellingham,WA,1,1
Big Bend Community College,https://www.bigbend.edu/,NA,NA,NA,9166,1281,0.2944,0.3825,0.0148,0.4926,0.0078,0.0023,8e-4,0.0351,0,0.064,NA,19691,Moses Lake,WA,1,0
Central Washington University,www.cwu.edu/,NA,0.9022,NA,19500,8081,0.3114,0.5569,0.0501,0.2175,0.0408,0.0057,0.0085,0.0797,0.0243,0.0165,0.5438,25148,Ellensburg,WA,1,0
Centralia College,www.centralia.edu/,NA,NA,NA,NA,1476,0.209,0.5942,0.0325,0.1944,0.0149,0.0102,0.0034,0.0745,0.0014,0.0745,NA,17550,Centralia,WA,1,0
City University of Seattle,www.cityu.edu/,NA,NA,NA,25000,1091,0.1284,0.2081,0.0651,0.1201,0.0577,0,0.0064,0.0266,0.0229,0.4931,NA,35049,Seattle,WA,0,1
Paul Mitchell the School-Richland,paulmitchell.edu/richland,NA,NA,NA,9917,288,0.6291,0.3854,0.0104,0.4792,0.0069,0.0208,0.0035,0.0799,0.0035,0.0104,NA,NA,Richland,WA,0,1
Clark College,https://www.clark.edu/,NA,NA,NA,10881,4699,0.2211,0.54990000000000006,0.034,0.1892,0.0534,0.0047,0.0045,0.0745,0.0089,0.0809,NA,17485,Vancouver,WA,1,1
Clover Park Technical College,www.cptc.edu/,NA,NA,NA,12112,2417,0.1797,0.3868,0.1365,0.156,0.0625,0.0058,0.0108,0.103,0.0037,0.1349,NA,13974,Lakewood,WA,1,1
Columbia Basin College,www.columbiabasin.edu/,NA,NA,NA,14829,4226,0.2406,0.3398,0.0137,0.5166,0.0232,0.0028,9e-4,0.0409,0.0021,0.0599,NA,17357,Pasco,WA,1,1
Cornish College of the Arts,www.cornish.edu/,NA,0.7046,NA,27000,480,0.3002,0.6625,0.0479,0.0063,0.0479,0.0125,0,0.0771,0.0208,0.125,0.5225,55150,Seattle,WA,0,1
Divers Institute of Technology,www.diversinstitute.edu/,NA,NA,NA,9500,279,0.3731,0.6918,0.0502,0.1326,0.0179,0.0251,0.0036,0.0717,0,0.0072,NA,NA,Seattle,WA,0,1
Eastern Washington University,www.ewu.edu/,NA,0.9177,NA,19500,6517,0.3451,0.5967,0.0443,0.1947,0.0235,0.013,0.0057,0.0658,0.0049,0.0513,0.5257,22772,Cheney,WA,1,0
Edmonds College,www.edmonds.edu/,NA,NA,NA,11855,3354,0.1457,0.3345,0.0894,0.1422,0.1437,0.0045,0.0021,0.071,0.1088,0.1038,NA,20380,Lynnwood,WA,1,1
Everett Community College,www.everettcc.edu/,NA,NA,NA,10417,4378,0.1574,0.4516,0.0439,0.191,0.0937,0.0046,0.0043,0.0745,0.032,0.1046,NA,19569,Everett,WA,1,1
The Evergreen State College,https://www.evergreen.edu/,1161,0.9723,27,20500,2042,0.4108,0.573,0.0622,0.1518,0.0196,0.0333,0.0034,0.0872,0,0.0695,0.4271,25934,Olympia,WA,1,1
Pierce College District,www.pierce.ctc.edu/,NA,NA,NA,12000,4487,0.2019,0.3746,0.1043,0.2006,0.0809,0.0065,0.0143,0.1128,0.0294,0.0767,NA,17048,Lakewood,WA,1,1
Glen Dow Academy of Hair Design,www.glendow.com/,NA,NA,NA,9000,90,0.3659,0.7333,0.0333,0.0333,0.0111,0.0111,0.0111,0.0444,0,0.1222,NA,NA,Spokane,WA,0,1
Gonzaga University,https://www.gonzaga.edu/,1316,0.7596,NA,24454,5098,0.1326,0.6338,0.0124,0.1326,0.0671,0.0047,0.0031,0.0806,0.0506,0.0151,0.8541,69290,Spokane,WA,0,1
Grays Harbor College,www.ghc.edu/,NA,NA,NA,11075,1058,0.2814,0.5416,0.0359,0.2146,0.0236,0.0255,0.0019,0.0737,9e-4,0.0822,NA,13677,Aberdeen,WA,1,0
Green River College,https://www.greenriver.edu/,NA,NA,NA,11891,4573,0.1943,0.2736,0.0921,0.1594,0.1327,0.0061,0.0061,0.0768,0.1472,0.1061,NA,20074,Auburn,WA,1,1
Toni & Guy Hairdressing Academy-Shoreline,www.evergreenbeauty.edu/,NA,NA,NA,9090,127,0.3452,0.4409,0.1496,0.252,0.0945,0.0157,0,0.0079,0,0.0394,NA,NA,Shoreline,WA,0,1
Heritage University,www.heritage.edu/,NA,NA,NA,14573,782,0.6269,0.0818,0.0064,0.7276,0.0141,0.1368,0,0.0153,0.0038,0.0141,0.5294,29632,Toppenish,WA,0,0
Highline College,www.highline.edu/,NA,NA,NA,9500,3487,0.1712,0.1821,0.1919,0.1982,0.1672,0.0049,0.0098,0.0705,0.0714,0.1041,NA,19642,Des Moines,WA,1,1
International Air and Hospitality Academy,aha.edu/,NA,NA,NA,6333,132,0.6407,0.3864,0.1591,0.2273,0.0152,0.0152,0,0.0227,0,0.1742,NA,NA,Vancouver,WA,0,1
Bastyr University,www.bastyr.edu/,NA,NA,NA,13817,58,0.3784,0.7759,0.069,0.0345,0,0.0172,0.0172,0.0862,0,0,NA,NA,Kenmore,WA,0,1
Bates Technical College,https://www.batestech.edu/,NA,NA,NA,NA,1613,0.089,0.3732,0.1141,0.173,0.0508,0.0068,0.0099,0.0918,0.0037,0.1767,NA,15805,Tacoma,WA,1,1
Lake Washington Institute of Technology,https://www.lwtech.edu/,NA,NA,NA,15047,2179,0.1197,0.402,0.0574,0.1744,0.1152,0.0046,0.0018,0.0679,0.0776,0.0991,NA,15351,Kirkland,WA,1,1
Lower Columbia College,https://lowercolumbia.edu/,NA,NA,NA,10506,1743,0.3113,0.6575,0.0258,0.1423,0.0184,0.0103,0.0046,0.078,0.0126,0.0505,NA,16748,Longview,WA,1,1
BJ's Beauty & Barber College,www.bjsbeautyandbarbercollege.com/,NA,NA,NA,6333,26,0.1742,0.1538,0,0.5,0.1538,0,0.1923,0,0,0,NA,NA,Tacoma,WA,0,1
North Seattle College,www.northseattle.edu/,NA,NA,NA,15458,2792,0.1365,0.3263,0.1261,0.1999,0.1035,0.0032,0.0032,0.0824,0.0398,0.1157,NA,16377,Seattle,WA,1,1
Northwest University,www.northwestu.edu/,1204,0.8805,NA,20891,642,0.2306,0.6168,0.0639,0.1324,0.0467,0,0.0016,0.081,0.0374,0.0202,0.5764,48442,Kirkland,WA,0,1
Olympic College,www.olympic.edu/,NA,NA,NA,12000,3263,0.1645,0.4597,0.0359,0.1321,0.0693,0.0101,0.0104,0.1125,0.0132,0.1569,NA,15380,Bremerton,WA,1,1
Perry Technical Institute,www.perrytech.edu/,NA,NA,NA,14139,973,0.4931,0.3094,0.0082,0.5961,0.0082,0.0195,0.0062,0.0216,0.0206,0.0103,NA,NA,Yakima,WA,0,1
Pacific Lutheran University,www.plu.edu/,1152,0.8053,NA,22578,2350,0.3277,0.4591,0.0489,0.1877,0.1136,0.0085,0.0243,0.1128,0.0362,0.0089,0.7016,62921,Tacoma,WA,0,1
Peninsula College,www.pencol.edu/,NA,NA,NA,15786,1139,0.3076,0.5241,0.0378,0.1361,0.0158,0.043,0.0018,0.1071,0.0334,0.101,NA,13974,Port Angeles,WA,1,0
University of Puget Sound,www.pugetsound.edu/,1332,0.7628,NA,25000,1631,0.1671,0.6744,0.0319,0.1036,0.0644,0.0055,0.0031,0.0895,0.0055,0.0221,0.7423,75509,Tacoma,WA,0,1
Renton Technical College,www.rtc.edu/,NA,NA,NA,7920,1539,0.18,0.2177,0.1793,0.2001,0.193,0.0026,0.0078,0.0741,0.0052,0.1202,NA,15067,Renton,WA,1,1
Saint Martin's University,https://www.stmartin.edu/,1057,0.7593,NA,22500,1254,0.3978,0.3772,0.075,0.244,0.1021,0.0088,0.0502,0.1204,0.0159,0.0064,0.6145,56353,Lacey,WA,0,1
South Seattle College,southseattle.edu/,NA,NA,NA,NA,1495,0.0981,0.2522,0.1813,0.1839,0.1666,0.0067,0.0067,0.0676,0.0408,0.0943,NA,15497,Seattle,WA,1,1
Seattle Central College,seattlecentral.edu/,NA,NA,NA,12000,3879,0.2147,0.2575,0.1694,0.1356,0.1549,0.0028,0.0034,0.0742,0.1026,0.0995,NA,15104,Seattle,WA,1,1
Seattle Pacific University,https://spu.edu/,1191,0.9109,NA,24000,2073,0.3318,0.3772,0.0815,0.1852,0.1616,0.0024,0.0068,0.0984,0.0603,0.0265,0.6638,53986,Seattle,WA,0,1
Seattle University,www.seattleu.edu/,1266,0.7605,NA,19883,4117,0.2161,0.3131,0.0651,0.1535,0.2684,0.0019,0.0097,0.102,0.077,0.0092,0.754,68633,Seattle,WA,0,1
Shoreline Community College,www.shoreline.edu/,NA,NA,NA,12021,3109,0.1256,0.3345,0.0801,0.1293,0.1328,0.0064,0.0019,0.0737,0.1373,0.1039,NA,18499,Shoreline,WA,1,1
Skagit Valley College,www.skagit.edu/,NA,NA,NA,13805,2581,0.2819,0.4564,0.0213,0.2859,0.0391,0.0093,0.0019,0.0682,0.0093,0.1085,NA,14326,Mount Vernon,WA,1,1
South Puget Sound Community College,www.spscc.edu/,NA,NA,NA,11000,2692,0.2291,0.4799,0.0423,0.1768,0.0676,0.0067,0.0074,0.0958,0.0234,0.0999,NA,17864,Olympia,WA,1,1
Spokane Community College,https://scc.spokane.edu/,NA,NA,NA,13501,4114,0.2775,0.6262,0.0365,0.123,0.0255,0.0151,0.0041,0.0717,0.0114,0.0865,NA,14083,Spokane,WA,1,1
Spokane Falls Community College,https://sfcc.spokane.edu/,NA,NA,NA,12000,2881,0.2909,0.6269,0.0351,0.1191,0.0219,0.0139,0.0052,0.083,0.0142,0.0809,NA,14536,Spokane,WA,1,1
Stylemaster College of Hair Design,stylemasters.edu/,NA,NA,NA,8953,64,0.6267,0.8906,0.0156,0.0781,0,0.0156,0,0,0,0,NA,NA,Longview,WA,0,1
Tacoma Community College,https://www.tacomacc.edu/,NA,NA,NA,13000,4248,0.2432,0.339,0.1012,0.1817,0.0855,0.0075,0.012,0.1304,0.0374,0.1052,NA,16197,Tacoma,WA,1,1
Walla Walla Community College,https://www.wwcc.edu/,NA,NA,NA,14000,2372,0.2896,0.4882,0.0607,0.301,0.0152,0.0122,0.003,0.0485,0.0038,0.0675,NA,17580,Walla Walla,WA,1,1
Walla Walla University,https://www.wallawalla.edu/,NA,NA,NA,26842,1214,0.2515,0.4794,0.0346,0.2339,0.0552,0.0016,0.0099,0.0947,0.0807,0.0099,0.6514,44075,College Place,WA,0,1
Washington State University,https://wsu.edu/,NA,0.8536,NA,19500,21583,0.2559,0.5893,0.0291,0.1748,0.0688,0.0057,0.0064,0.0778,0.0279,0.0202,0.6147,27176,Pullman,WA,1,0
University of Washington-Seattle Campus,https://www.washington.edu/,NA,0.4253,NA,14615,31588,0.1546,0.3389,0.0393,0.0974,0.2725,0.0029,0.0031,0.0793,0.127,0.0396,0.8473,30282,Seattle,WA,1,1
Wenatchee Valley College,www.wvc.edu/,NA,NA,NA,10332,1762,0.2705,0.3593,0.0108,0.4926,0.0131,0.0204,0,0.0409,6e-4,0.0624,NA,20346,Wenatchee,WA,1,1
Western Washington University,wwu.edu/,1235,0.9131,33,18500,13574,0.2076,0.6939,0.0198,0.1098,0.058,0.0036,0.0021,0.0911,0.008,0.0136,0.6917,28305,Bellingham,WA,1,1
Whatcom Community College,whatcom.edu/,NA,NA,NA,10643,2280,0.1859,0.5346,0.0171,0.1491,0.0654,0.0101,0.0018,0.0667,0.0241,0.1311,NA,18173,Bellingham,WA,1,1
Whitman College,www.whitman.edu/,1365,0.4999,38,18437,1523,0.1467,0.5798,0.0289,0.1169,0.0545,0.002,0,0.0624,0.1399,0.0158,0.8956,75042,Walla Walla,WA,0,1
Whitworth University,www.whitworth.edu/,1212,0.8677,NA,25000,1927,0.2799,0.6357,0.0254,0.1235,0.0379,0.0042,0.0192,0.0996,0.0493,0.0052,0.7625,65711,Spokane,WA,0,1
Yakima Valley College,https://www.yvcc.edu/,NA,NA,NA,13966,2539,0.3794,0.2611,0.0067,0.6164,0.0118,0.0114,8e-4,0.0311,0.0028,0.0579,NA,19374,Yakima,WA,1,1
Appalachian Beauty School,appalachianbeautyschool.com/,NA,NA,NA,NA,43,0.8197,1,0,0,0,0,0,0,0,0,NA,NA,Belfry,KY,0,0
Appalachian Bible College,https://abc.edu/,1068,0.9857,NA,11000,168,0.4091,0.9167,0.0298,0.006,0,0,0,0,0.0357,0.0119,0.7083,29451,Mount Hope,WV,0,1
B M Spurr School of Practical Nursing,https://wvumedicine.org/reynolds-memorial/,NA,NA,NA,NA,16,0.4815,1,0,0,0,0,0,0,0,0,NA,NA,Glen Dale,WV,0,0
Ben Franklin Career Center,bf.kana.k12.wv.us/,NA,NA,NA,NA,99,0.5412,0.7778,0.1717,0.0101,0.0101,0,0,0.0303,0,0,NA,NA,Dunbar,WV,1,1
Bethany College,www.bethanywv.edu/,NA,0.6049,NA,27000,642,0.4097,0.4751,0.1807,0.0436,0.0062,0.0016,0.0016,0.0421,0.0732,0.176,0.4364,49137,Bethany,WV,0,0
Bluefield State University,https://bluefieldstate.edu/,998,0.8722,NA,18250,1231,0.4075,0.7222,0.1714,0.0406,0.0024,0,0,0.0512,0.0041,0.0081,0.3986,20747,Bluefield,WV,1,0
Cabell County Career Technology Center,www.cabellschools.com/Domain/12,NA,NA,NA,NA,26,0.5161,0.8077,0.0769,0,0.0385,0,0,0.0769,0,0,NA,NA,Huntington,WV,1,1
Charleston School of Beauty Culture,wvcsbc.net/,NA,NA,NA,6128,54,0.7222,0.7037,0.1667,0.0185,0,0,0,0.1111,0,0,NA,NA,Charleston,WV,0,1
University of Charleston,www.ucwv.edu/,NA,0.6453,NA,19500,2083,0.2863,0.6635,0.0864,0.0807,0.012,0.0014,0.0024,0.0461,0.0739,0.0336,0.43,44031,Charleston,WV,0,1
Clarksburg Beauty Academy and School of Massage Therapy,clarksburgbeautyacademywv.com/,NA,NA,NA,6415,58,0.75,0.9138,0.069,0.0172,0,0,0,0,0,0,NA,NA,Clarksburg,WV,0,0
Concord University,https://www.concord.edu/,980,0.8965,27,18900,1394,0.4682,0.8013,0.0803,0.0072,0.0065,0.0043,0,0.0473,0.0366,0.0165,0.4279,18969,Athens,WV,1,0
Davis & Elkins College,www.dewv.edu/,985,0.5823,NA,27000,681,0.4031,0.5419,0.0602,0.0441,0.0044,0.0117,0.0088,0.0044,0.1336,0.1909,0.485,44322,Elkins,WV,0,0
Fairmont State University,https://www.fairmontstate.edu/,993,0.9924,NA,21000,2690,0.3304,0.8714,0.0502,0.0074,0.0033,0.0037,0,0.0461,0.0126,0.0052,0.4531,18091,Fairmont,WV,1,0
Glenville State University,www.glenville.edu/,NA,NA,NA,25000,1177,0.4204,0.7664,0.1266,0.0212,0.0068,0.0102,0,0.0246,0.0391,0.0051,0.4476,22974,Glenville,WV,1,0
Huntington Junior College,www.hjc.edu/,NA,NA,NA,21604,209,0.8707,0.8421,0.1292,0,0,0,0,0.0191,0,0.0096,NA,16788,Huntington,WV,0,1
James Rumsey Technical Institute,www.jamesrumsey.com/,NA,NA,NA,NA,137,0.3,0.8759,0.0876,0.0219,0.0073,0,0,0.0073,0,0,NA,NA,Martinsburg,WV,1,0
Ralph R Willis Career and Technical Center,www.rrw.logancountyschoolswv.com/,NA,NA,NA,NA,28,0.8529,1,0,0,0,0,0,0,0,0,NA,NA,Stollings,WV,1,0
Marshall University,https://www.marshall.edu/,1051,0.9646,NA,23250,7149,0.3784,0.7804,0.0561,0.0277,0.0155,0.0032,4e-4,0.038,0.0108,0.0678,0.5468,21299,Huntington,WV,1,1
Mercer County Technical Education Center,https://mercercountyschools.sites.thrillshare.com/o/mctec,NA,NA,NA,NA,102,0.4683,0.8529,0.1275,0.0196,0,0,0,0,0,0,NA,NA,Princeton,WV,1,0
Monongalia County Technical Education Center,https://mtec.mono.k12.wv.us/,NA,0.5,NA,NA,48,0.3871,0.9167,0.0417,0,0.0417,0,0,0,0,0,NA,NA,Morgantown,WV,1,1
Morgantown Beauty College Inc,www.morgantownbeautycollege.edu/,NA,NA,NA,6365,74,0.5433,0.7838,0.0946,0.0135,0.0135,0,0,0.0811,0,0.0135,NA,NA,Morgantown,WV,0,1
West Virginia University at Parkersburg,www.wvup.edu/,NA,NA,NA,12570,1692,0.2972,0.9374,0.0136,0.0165,0.0018,0,0.0012,0.0219,0.0059,0.0018,NA,10643,Parkersburg,WV,1,0
Potomac State College of West Virginia University,www.potomacstatecollege.edu/,NA,NA,NA,22500,952,0.3943,0.8277,0.0515,0.0284,0.0042,0.0011,0,0.0578,0.0116,0.0179,NA,15593,Keyser,WV,1,0
Academy of Careers and Technology,www.wvact.net/,NA,NA,NA,NA,147,0.3915,0.9048,0.0884,0,0,0,0,0.0068,0,0,NA,NA,Beckley,WV,1,1
Salem University,https://www.salemu.edu/,NA,NA,NA,24694,695,0.5144,0.5396,0.1439,0.0561,0.0072,0.0072,0.0029,0.0072,0.1367,0.0993,0.2194,21792,Salem,WV,0,0
Shepherd University,www.shepherd.edu/,1022,0.9565,NA,21600,2375,0.2694,0.7187,0.0804,0.0838,0.0164,0.0021,0.0013,0.0644,0.0114,0.0215,0.4444,19863,Shepherdstown,WV,1,0
Southern West Virginia Community and Technical College,https://www.southernwv.edu/,NA,NA,NA,9190,1146,0.5198,0.9555,0.0166,0.0148,0,0.0026,0,0.0105,0,0,NA,15702,Logan,WV,1,0
Fred W Eberle Technical Center,fetc.edu/,NA,NA,NA,NA,119,0.963,0.9832,0.0084,0.0084,0,0,0,0,0,0,NA,NA,Buckhannon,WV,1,0
West Virginia State University,www.wvstateu.edu/,979,0.9637,NA,23338,1328,0.1758,0.5572,0.1318,0.0301,0.0053,8e-4,0,0.052,0.0392,0.1837,0.3191,19906,Institute,WV,1,1
West Virginia University Hospital Departments of Rad Tech and Nutrition,https://wvumedicine.org/radtech,NA,NA,NA,NA,60,0.1091,0.9667,0.0167,0,0.0167,0,0,0,0,0,NA,NA,Morgantown,WV,0,1
West Liberty University,www.westliberty.edu/,1041,0.7212,NA,23250,1578,0.3194,0.8257,0.0463,0.0038,0.0032,0,0.0032,0.0558,0.0317,0.0304,0.4201,23526,West Liberty,WV,1,0
West Virginia University Institute of Technology,www.wvutech.edu/,1044,0.61,NA,22500,1009,0.2429,0.7721,0.0307,0.0317,0.0119,0.003,0.003,0.0396,0.0951,0.0129,0.289,18343,Beckley,WV,1,1
West Virginia Wesleyan College,www.wvwc.edu/,1045,0.9505,NA,27000,909,0.3735,0.6722,0.1221,0.0594,0.011,0.0066,0.0011,0.0363,0.0814,0.0099,0.551,47374,Buckhannon,WV,0,0
West Virginia Junior College-Charleston,www.wvjc.edu/,NA,NA,NA,8270,317,0.7333,0.8707,0.0883,0.0063,0,0.0032,0,0.0315,0,0,NA,22745,Cross Lanes,WV,0,1
West Virginia Junior College-Morgantown,www.wvjc.edu/,NA,NA,NA,9881,584,0.6788,0.9041,0.0462,0.0103,0.0086,0,0,0.0188,0,0.012,NA,24486,Morgantown,WV,0,1
International Beauty School 4,www.theinternationalbeautyschool.com/,NA,NA,NA,6333,86,0.8516,0.5349,0.4186,0.0465,0,0,0,0,0,0,NA,NA,Martinsburg,WV,0,1
West Virginia Northern Community College,www.wvncc.edu/,NA,NA,NA,10245,785,0.4247,0.8866,0.0331,0.0255,0.0102,0.0025,0.0013,0.0369,0.0038,0,NA,11196,Wheeling,WV,1,1
West Virginia University,www.wvu.edu/,1129,0.8626,NA,22500,17705,0.2041,0.8218,0.0288,0.0439,0.0167,0.0012,6e-4,0.0579,0.0162,0.013,0.6432,23678,Morgantown,WV,1,1
Wheeling University,www.wheeling.edu/,NA,0.7518,NA,25125,567,0.2524,0.4392,0.2751,0.0653,0.0194,0.0018,0,0.0035,0.0265,0.1693,0.5707,41265,Wheeling,WV,0,1
Wood County Technical Center-Practical Nursing,https://www.woodcountyschoolswv.com/o/wctc/page/practical-nursing,NA,0.8333,NA,NA,28,0.8,1,0,0,0,0,0,0,0,0,NA,NA,Parkersburg,WV,1,1
VICI Beauty School,www.vicibeautyschool.com/,NA,NA,NA,6333,104,0.4837,0.6635,0.0096,0.2596,0.0288,0,0,0.0385,0,0,NA,NA,Greenfield,WI,0,1
Alverno College,https://www.alverno.edu/,NA,0.931,NA,27000,724,0.4911,0.3108,0.163,0.4116,0.0442,0.0028,0.0014,0.0497,0.0055,0.011,0.4866,44163,Milwaukee,WI,0,1
Madison Area Technical College,madisoncollege.edu/,NA,NA,NA,14060,9273,0.1906,0.5946,0.0829,0.1515,0.051,0.0049,6e-4,0.0718,0.0188,0.0238,NA,17215,Madison,WI,1,1
Bellin College,https://www.bellincollege.edu/,NA,1,NA,18000,338,0.1332,0.8876,0.0089,0.0207,0.0207,0.0089,0.003,0.0325,0,0.0178,0.6071,32000,Green Bay,WI,0,1
Beloit College,www.beloit.edu/,1318,0.5736,NA,25738,898,0.2946,0.5033,0.0846,0.1771,0.0245,0,0,0.0445,0.1425,0.0234,0.7423,68653,Beloit,WI,0,1
Blackhawk Technical College,www.blackhawk.edu/,NA,NA,NA,9550,2457,0.3647,0.698,0.0659,0.16,0.0151,0.0028,4e-4,0.0326,0.0069,0.0183,NA,15114,Janesville,WI,1,1
Carroll University,www.carrollu.edu/,1209,0.5841,NA,27000,2525,0.2165,0.7129,0.0313,0.1212,0.0289,0.0016,8e-4,0.0321,0.0321,0.0392,0.6755,49935,Waukesha,WI,0,1
Carthage College,www.carthage.edu/,1113,0.8415,NA,26000,2628,0.2577,0.672,0.0654,0.161,0.0217,0.0038,0.0015,0.0419,0.0133,0.0194,0.6858,47980,Kenosha,WI,0,1
Concordia University-Wisconsin,https://www.cuw.edu/,1250,0.6753,NA,25750,2310,0.2247,0.7,0.0961,0.0736,0.0273,0.0035,0.0013,0.0238,0.0229,0.0515,0.6066,51718,Mequon,WI,0,1
Edgewood College,www.edgewood.edu/,NA,0.9452,NA,24424,1104,0.2344,0.7672,0.0408,0.1014,0.0236,0.0027,0.0018,0.0335,0.01,0.019,0.6229,48450,Madison,WI,0,1
Fox Valley Technical College,https://www.fvtc.edu/,NA,NA,NA,10402,6004,0.1183,0.7327,0.0285,0.0633,0.0451,0.011,0.001,0.0082,0.0092,0.1011,NA,15647,Appleton,WI,1,1
Gateway Technical College,https://www.gtc.edu/,NA,NA,NA,12165,4657,0.2224,0.5312,0.1256,0.2641,0.0137,0.0026,9e-4,0.0515,0.0011,0.0092,NA,14604,Kenosha,WI,1,1
The Professional Hair Design Academy,phdacademy.edu/,NA,NA,NA,NA,75,0.4019,0.8933,0.04,0,0.0267,0,0,0.04,0,0,NA,NA,Eau Claire,WI,0,1
Lakeland University,www.lakeland.edu/,NA,0.9109,NA,25000,1230,0.2898,0.6358,0.1041,0.0813,0.0358,0.0065,0,0.0293,0.0057,0.1016,0.4293,45751,Plymouth,WI,0,0
Lakeshore Technical College,gotoltc.edu/,NA,NA,NA,7000,1838,0.1829,0.7067,0.0294,0.1208,0.093,0.0092,0.0022,0.0245,5e-4,0.0136,NA,14163,Cleveland,WI,1,0
Lawrence University,https://www.lawrence.edu/,1349,0.6303,NA,26000,1394,0.2076,0.609,0.0366,0.1112,0.0481,0.0029,7e-4,0.0545,0.1155,0.0215,0.8122,67824,Appleton,WI,0,1
Maranatha Baptist University,www.mbu.edu/,1141,0.7087,NA,14143,566,0.3397,0.7915,0.0159,0.0583,0.0707,0.0053,0,0.0265,0.0088,0.023,0.5093,33496,Watertown,WI,0,0
Marian University,https://www.marianuniversity.edu/,NA,0.6685,NA,25000,1050,0.3174,0.6771,0.0686,0.099,0.019,0.0114,0.001,0.0324,0.0543,0.0371,0.562,40733,Fond Du Lac,WI,0,1
Marquette University,www.marquette.edu/,1306,0.8744,36,23940,7238,0.1876,0.6672,0.053900000000000003,0.1581,0.0627,0.0011,8e-4,0.0316,0.0145,0.0101,0.8152,63233,Milwaukee,WI,0,1
Mid-State Technical College,https://www.mstc.edu/,NA,NA,NA,8000,2031,0.2364,0.8252,0.0162,0.0591,0.032,0.0079,0.001,0.0212,0,0.0374,NA,15448,Wisconsin Rapids,WI,1,0
Milwaukee Area Technical College,https://www.matc.edu/,NA,NA,NA,14955,11362,0.4135,0.3226,0.3168,0.1973,0.0552,0.0052,6e-4,0.05,0.0084,0.0438,NA,17209,Milwaukee,WI,1,1
Milwaukee Institute of Art & Design,www.miad.edu/,1155,0.628,NA,27000,883,0.3638,0.6512,0.0566,0.1687,0.043,0.0045,0.0034,0.0691,0.0011,0.0023,0.5311,52646,Milwaukee,WI,0,1
Milwaukee School of Engineering,www.msoe.edu/,NA,0.6039,NA,27000,2607,0.2268,0.6912,0.0249,0.107,0.0506,8e-4,4e-4,0.0326,0.0437,0.0487,0.6741,60439,Milwaukee,WI,0,1
Moraine Park Technical College,www.morainepark.edu/,NA,NA,NA,8225,2230,0.1965,0.8256,0.0274,0.0812,0.0152,0.0103,0,0.0188,0.0058,0.0157,NA,14095,Fond du Lac,WI,1,1
Mount Mary University,www.mtmary.edu/,1050,0.9335,NA,25288,703,0.5768,0.3129,0.2233,0.34,0.064,0.0057,0.0043,0.0185,0.0114,0.0199,0.5137,47328,Milwaukee,WI,0,1
Nicolet Area Technical College,https://www.nicoletcollege.edu/,NA,NA,NA,7837,706,0.2513,0.7734,0.017,0.0567,0.0085,0.102,0.0028,0.0312,0,0.0085,NA,14084,Rhinelander,WI,1,0
Northcentral Technical College,www.ntc.edu/,NA,NA,NA,7500,3479,0.1667,0.7956,0.0161,0.0529,0.0609,0.0101,9e-4,0.027,0,0.0365,NA,15897,Wausau,WI,1,1
Northeast Wisconsin Technical College,https://www.nwtc.edu/,NA,NA,NA,11719,5853,0.1657,0.7188,0.0427,0.1276,0.046,0.0304,7e-4,0.0304,0,0.0034,NA,15603,Green Bay,WI,1,1
Northland College,https://www.northland.edu/,1153,0.7181,NA,25450,457,0.3185,0.7287,0.0284,0.081,0.0088,0.0175,0,0.0569,0.0591,0.0197,0.5748,54375,Ashland,WI,0,0
Ripon College,www.ripon.edu/,1143,0.8392,NA,27000,720,0.3329,0.7847,0.0458,0.1139,0.0125,0,0,0.025,0.0111,0.0069,0.6296,61495,Ripon,WI,0,0
Saint Norbert College,www.snc.edu/,1233,0.9215,34,26731,1749,0.1358,0.8508,0.0149,0.0617,0.016,0.004,6e-4,0.024,0.0177,0.0103,0.7845,56194,De Pere,WI,0,1
State College of Beauty Culture Inc,www.statecollegeofbeauty.com/,NA,NA,NA,5606,44,0.3375,0.7955,0.0227,0.1136,0.0227,0.0227,0,0,0,0.0227,NA,NA,Wausau,WI,0,1
Southwest Wisconsin Technical College,https://www.swtc.edu/,NA,NA,NA,7500,1277,0.1975,0.8708,0.0486,0.0321,0.007,0.0023,0,0.0352,0,0.0039,NA,15282,Fennimore,WI,1,0
Viterbo University,https://www.viterbo.edu/,1184,0.7327,NA,25000,1392,0.2249,0.8154,0.0309,0.0682,0.0172,0.0029,0,0.0309,0.0172,0.0172,0.6452,44123,La Crosse,WI,0,1
Chippewa Valley Technical College,www.cvtc.edu/,NA,NA,NA,11432,4127,0.1736,0.8396,0.0204,0.0361,0.0439,0.0044,5e-4,0.0342,0.0015,0.0196,NA,16283,Eau Claire,WI,1,1
Waukesha County Technical College,https://www.wctc.edu/,NA,NA,NA,12000,4497,0.1084,0.632,0.0571,0.1172,0.0302,0.0044,0.0013,0.0213,0.0022,0.1341,NA,14281,Pewaukee,WI,1,1
Western Technical College,https://www.westerntc.edu/,NA,NA,NA,11500,3434,0.3151,0.774,0.028,0.0661,0.0489,0.0119,3e-4,0.0393,0,0.0315,NA,15548,La Crosse,WI,1,1
University of Wisconsin-Whitewater,www.uww.edu/,1090,0.8276,28,23188,9180,0.2503,0.796,0.0478,0.0929,0.0194,0.0026,9e-4,0.0266,0.0032,0.0107,0.6439,18661,Whitewater,WI,1,0
Northwood Technical College,https://www.northwoodtech.edu/,NA,NA,NA,8250,2026,0.3004,0.8559,0.0257,0.0365,0.0138,0.0405,0.001,0.0153,0.001,0.0104,NA,14116,Rice Lake,WI,1,0
University of Wisconsin-Eau Claire,www.uwec.edu/,1190,0.7608,31,20909,8995,0.1867,0.8606,0.0102,0.0385,0.0289,0.0029,4e-4,0.0325,0.0203,0.0057,0.689,21014,Eau Claire,WI,1,1
University of Wisconsin-Green Bay,www.uwgb.edu/,1090,0.8784,28,18500,6230,0.2257,0.7562,0.03,0.0909,0.044,0.0135,5e-4,0.0446,0.0114,0.009,0.5526,18161,Green Bay,WI,1,1
University of Wisconsin-La Crosse,www.uwlax.edu/,1190,0.7325,32,22500,9194,0.1423,0.8886,0.0066,0.0396,0.0202,0.0014,8e-4,0.0309,0.0058,0.0061,0.7369,18115,La Crosse,WI,1,1
Wisconsin Lutheran College,www.wlc.edu/,1214,0.7905,NA,26000,1009,0.2542,0.7225,0.0624,0.113,0.0168,0.004,0.001,0.0278,0.0069,0.0456,0.6105,47026,Milwaukee,WI,0,1
University of Wisconsin-Oshkosh,https://www.uwosh.edu/,1090,0.8668,NA,21500,7613,0.158,0.7835,0.0275,0.0695,0.0415,0.0043,0.0013,0.0353,0.0238,0.0133,0.5731,19063,Oshkosh,WI,1,1
University of Wisconsin-Parkside,https://www.uwp.edu/,1090,0.7262,27,20492,2951,0.3421,0.5845,0.0837,0.2091,0.0329,0.001,7e-4,0.0542,0.0247,0.0091,0.4408,16768,Kenosha,WI,1,0
Herzing University-Madison,https://www.herzing.edu/,NA,0.9415,NA,21500,2105,0.6683,0.3819,0.3648,0.1297,0.039,0.0057,0.0038,0.0333,0,0.0418,0.2683,26687,Madison,WI,0,1
University of Wisconsin-Stout,www.uwstout.edu/,1150,0.8474,NA,23000,5900,0.2274,0.8392,0.0127,0.0432,0.032,0.0037,7e-4,0.0329,0.0207,0.0149,0.5779,21618,Menomonie,WI,1,0
University of Wisconsin-Superior,https://www.uwsuper.edu/,1050,0.9364,28,22500,1899,0.296,0.7815,0.0221,0.04,0.0126,0.0348,0.0026,0.0074,0.0964,0.0026,0.4494,18415,Superior,WI,1,1
University of Wisconsin-Madison,www.wisc.edu/,1402,0.4335,37,20484,35665,0.1532,0.6035,0.025,0.0831,0.1051,0.0024,6e-4,0.0477,0.1001,0.0324,0.9008,27770,Madison,WI,1,1
University of Wisconsin-Milwaukee,uwm.edu/,1090,0.8844,28,23000,16762,0.3019,0.6043,0.0814,0.1529,0.0718,0.0042,0.001,0.0468,0.0223,0.0153,0.5057,22174,Milwaukee,WI,1,1
University of Wisconsin-Platteville,https://www.uwplatt.edu/,1190,0.8726,NA,21977,5928,0.2104,0.8868,0.013,0.0488,0.0118,0.0015,7e-4,0.0187,0.0066,0.0121,0.6126,20049,Platteville,WI,1,0
University of Wisconsin-River Falls,https://www.uwrf.edu/,1120,0.8162,28,20500,4152,0.2048,0.8695,0.0185,0.0373,0.027,0.0029,7e-4,0.0219,0.0096,0.0125,0.5769,19576,River Falls,WI,1,0
University of Wisconsin-Stevens Point,https://www.uwsp.edu/,1120,0.9014,28,21503,7104,0.2777,0.8632,0.0125,0.0442,0.0283,0.0044,7e-4,0.03,0.0038,0.013,0.567,18804,Stevens Point,WI,1,0
Casper College,https://www.caspercollege.edu/,NA,NA,NA,9534,2239,0.2335,0.7584,0.0179,0.1054,0.0089,0.0138,9e-4,0.0406,0.0246,0.0295,NA,13593,Casper,WY,1,1
Central Wyoming College,https://www.cwc.edu/,NA,NA,NA,8361,981,0.1768,0.4495,0.0041,0.1448,0.0061,0.1325,0.002,0.051,0.0255,0.1845,NA,17894,Riverton,WY,1,0
Eastern Wyoming College,https://ewc.wy.edu/,NA,NA,NA,7000,489,0.1337,0.7873,0.0143,0.0941,0,0.0245,0,0.0389,0.0368,0.0041,NA,14943,Torrington,WY,1,0
Laramie County Community College,https://www.lccc.wy.edu/,NA,NA,NA,11000,2563,0.2361,0.62,0.0242,0.197,0.0121,0.009,0.0023,0.0492,0.0098,0.0765,NA,12722,Cheyenne,WY,1,0
Northwest College,www.nwc.edu/,NA,NA,NA,10000,826,0.1848,0.701,0.0048,0.0944,0.0036,0.0157,0.0024,0.0303,0.1199,0.0278,NA,15710,Powell,WY,1,0
Northern Wyoming Community College District,https://www.sheridan.edu/,NA,NA,NA,8622,1607,0.1746,0.789,0.01,0.1108,0.0068,0.0112,0.0012,0.0442,0.0168,0.01,NA,15914,Sheridan,WY,1,0
Western Wyoming Community College,https://www.westernwyoming.edu/,NA,NA,NA,9000,1289,0.1752,0.7424,0.007,0.1753,0.0054,0.0078,0.0039,0.0419,0.0163,0,NA,15333,Rock Springs,WY,1,0
Cheeks Beauty Academy,www.cheeksusa.com/,NA,NA,NA,7000,38,0.72,0.5526,0.0263,0.4211,0,0,0,0,0,0,NA,NA,Cheyenne,WY,0,1
WyoTech,https://www.wyotech.edu/,NA,NA,NA,6800,1204,0.427,0.6395,0.0058,0.2816,0.0125,0.0224,0.0166,0.0199,0.0017,0,NA,NA,Laramie,WY,0,0
University of Wyoming,https://www.uwyo.edu/,NA,0.9741,NA,18000,8047,0.2218,0.7819,0.0102,0.0941,0.0112,0.0065,0.0011,0.0382,0.0149,0.042,0.6256,22371,Laramie,WY,1,0
American Samoa Community College,www.amsamoa.edu/,NA,NA,NA,NA,884,0.6717,0,0,0,0.0181,0,0.8778,0,0.1007,0.0034,1,10560,Pago Pago,AS,1,0
Guam Community College,www.guamcc.edu/,NA,NA,NA,NA,1263,0.5229,0.019,0.0071,0.0024,0.4608,0.0024,0.4838,0.0087,0,0.0158,NA,10615,Mangilao,GU,1,1
University of Guam,https://www.uog.edu/,NA,NA,NA,16786,2573,0.311,0.0175,0.0035,0.0066,0.4792,8e-4,0.4458,0.0155,0.007,0.0241,0.4714,15155,Mangilao,GU,1,1
Northern Marianas College,www.marianas.edu/,NA,NA,NA,NA,1236,0.7371,0.0089,8e-4,0.0129,0.4385,0,0.3641,0.0939,0.0809,0,0.2558,9939,Saipan,MP,1,0
Institute of Beauty Careers,www.ibcbelleza.com/,NA,NA,NA,NA,132,0.8045,0,0,1,0,0,0,0,0,0,NA,NA,Arecibo,PR,0,1
American Educational College,https://www.amedcopr.com/,NA,NA,NA,NA,231,0.9855,0,0,1,0,0,0,0,0,0,NA,10472,Bayamon,PR,0,1
Antilles School of Technical Careers,https://antillespr.edu/,NA,NA,NA,NA,348,0.739,0,0,1,0,0,0,0,0,0,NA,NA,San Juan,PR,0,1
Universidad Adventista de las Antillas,https://www.uaa.edu/,NA,1,NA,15750,769,0.804,0.0104,0.0104,0.935,0,0.0078,0,0,0.0364,0,0.4744,14855,Mayaguez,PR,0,1
Atlantic University,www.atlanticu.edu/,NA,NA,NA,5457,1517,0.8351,0,0,1,0,0,0,0,0,0,0.4981,12363,Guaynabo,PR,0,1
Universidad Central de Bayamon,ucb.edu.pr/,NA,0.8636,NA,9393,594,0.8331,0,0,0.9949,0,0,0,0,0.0051,0,0.4295,11164,Bayamón,PR,0,1
Columbia Central University-Caguas,columbiacentral.edu/,NA,NA,NA,6148,2494,0.8082,4e-4,0,0.9984,0,4e-4,0,8e-4,0,0,0.35,12377,Caguas,PR,0,1
Albizu University-San Juan,https://www.albizu.edu/,NA,1,NA,5500,758,0.6913,0.004,0,0.9908,0,0,0,0,0,0.0053,0.4468,19676,San Juan,PR,0,1
Caribbean University-Bayamon,www.caribbean.edu/,NA,NA,NA,10500,623,0.7546,0,0,1,0,0,0,0,0,0,0.2282,9748,Bayamon,PR,0,1
Caribbean University-Carolina,www.caribbean.edu/,NA,NA,NA,10500,113,0.7176,0,0,1,0,0,0,0,0,0,0.25,10784,Carolina,PR,0,1
Pontifical Catholic University of Puerto Rico-Arecibo,www.pucpr.edu/arecibo,NA,0.8538,NA,15500,273,0.7597,0,0,1,0,0,0,0,0,0,0.35,16058,Arecibo,PR,0,1
Pontifical Catholic University of Puerto Rico-Ponce,https://www.pucpr.edu/,1285,0.9033,NA,15500,3827,0.8137,3e-4,0,0.9961,3e-4,0,0,0,0.0021,0.0013,0.4846,17106,Ponce,PR,0,1
CEM College-San Juan,www.cemcollege.edu/cem/,NA,NA,NA,5000,178,0.8952,0,0,1,0,0,0,0,0,0,0.3939,18668,San Juan,PR,0,1
Universidad Teologica del Caribe,utcpr.edu/,NA,NA,NA,12050,192,0.5836,0,0,1,0,0,0,0,0,0,0.4,14285,Trujillo Alto,PR,0,1
Colegio Universitario de San Juan,www.cunisanjuan.edu/,NA,0.8088,NA,NA,542,0.7768,0,0,1,0,0,0,0,0,0,0.25,6362,San Juan,PR,1,1
Universidad Ana G. Mendez-Cupey Campus,uagm.edu/,NA,NA,NA,14250,4579,0.6885,0,0,1,0,0,0,0,0,0,0.3232,14154,San Juan,PR,0,1
Puerto Rico Conservatory of Music,cmpr.edu/,NA,0.8101,NA,8875,295,0.6598,0,0,0.9729,0,0,0,0,0.0271,0,0.5556,7920,San Juan,PR,1,1
EDP University of Puerto Rico Inc-San Sebastian,www.edpuniversity.edu/,NA,0.9615,NA,14000,968,0.6342,0,0,1,0,0,0,0,0,0,1,13701,San Sebastian,PR,0,1
Emma's Beauty Academy-Mayaguez,www.emmasbeautyacademy.net/,NA,NA,NA,NA,237,0.8601,0,0,1,0,0,0,0,0,0,NA,NA,Mayaguez,PR,0,1
Escuela de Artes Plasticas y Diseno de Puerto Rico,www.eap.edu/,985,1,NA,NA,497,0.7689,0.004,0.002,0.994,0,0,0,0,0,0,0.4066,8277,San Juan,PR,1,1
Instituto Tecnologico de Puerto Rico-Recinto de Manati,itec.pr/ITPR-Joomla/,NA,1,NA,NA,297,0.906,0,0,1,0,0,0,0,0,0,NA,5684,Manati,PR,1,1
Huertas College,www.huertas.edu/,NA,NA,NA,7500,460,0.7908,0,0,1,0,0,0,0,0,0,NA,14265,Caguas,PR,0,1
Humacao Community College,www.hccpr.edu/,NA,NA,NA,NA,207,0.9673,0,0,1,0,0,0,0,0,0,0.6,9849,Humacao,PR,0,1
ICPR Junior College-Arecibo,www.icprjc.edu/,NA,NA,NA,NA,348,0.9663,0,0,1,0,0,0,0,0,0,NA,13056,Arecibo,PR,0,1
ICPR Junior College-Mayaguez,www.icprjc.edu/,NA,NA,NA,NA,429,0.9424,0,0,1,0,0,0,0,0,0,NA,13419,Mayaguez,PR,0,1
Instituto Tecnologico de Puerto Rico-Recinto de Guayama,www.de.gov/itec-2/,NA,0.8471,NA,NA,262,0.9256,0,0,1,0,0,0,0,0,0,NA,9568,Guayama,PR,1,1
Instituto Tecnologico de Puerto Rico-Recinto de San Juan,https://instituto-tecnologico-de-puerto-rico-1.jimdosite.com/,NA,0.76,NA,NA,190,0.7212,0,0,1,0,0,0,0,0,0,NA,4274,San Juan,PR,1,1
Inter American University of Puerto Rico-San German,www.sg.inter.edu/,NA,0.5067,NA,8500,2641,0.8245,0,4e-4,0.9981,8e-4,8e-4,0,0,0,0,0.4494,15442,San German,PR,0,1
Inter American University of Puerto Rico-Aguadilla,aguadilla.inter.edu/,NA,0.4674,NA,6250,3002,0.8396,0.0013,3e-4,0.9973,0,0.001,0,0,0,0,0.3631,14449,Aguadilla,PR,0,1
Inter American University of Puerto Rico-Arecibo,www.arecibo.inter.edu/,NA,0.3778,NA,9000,2275,0.8139,0,0,0.9996,0,0,4e-4,0,0,0,0.4057,14628,Arecibo,PR,0,1
Inter American University of Puerto Rico-Barranquitas,www.br.inter.edu/,NA,0.6583,NA,5200,919,0.889,0.0011,0.0011,0.9967,0,0,0.0011,0,0,0,0.4436,14358,Barranquitas,PR,0,1
Inter American University of Puerto Rico-Metro,metro.inter.edu/,NA,0.6644,NA,10975,2692,0.6592,0.0056,0.0082,0.9807,0.0022,0.0026,7e-4,0,0,0,0.3503,15252,San Juan,PR,0,1
Inter American University of Puerto Rico-Ponce,www.ponce.inter.edu/,NA,0.7029,NA,6375,2602,0.8194,0.0023,4e-4,0.9965,0,4e-4,4e-4,0,0,0,0.3667,14845,Mercedita,PR,0,0
Inter American University of Puerto Rico-Fajardo,www.fajardo.inter.edu/,NA,0.3556,NA,5750,1149,0.8348,0.0044,0.0026,0.9904,0,0.0017,9e-4,0,0,0,0.3913,14991,Fajardo,PR,0,1
Inter American University of Puerto Rico-Guayama,www.guayama.inter.edu/,NA,0.485,NA,9500,1661,0.752,0.0048,0.0024,0.9928,0,0,0,0,0,0,0.5163,15791,Guayama,PR,0,1
Inter American University of Puerto Rico-Bayamon,bayamon.inter.edu/,NA,0.3642,NA,8250,3453,0.8089,0.0023,6e-4,0.9951,0,0.0014,6e-4,0,0,0,0.3618,14935,Bayamon,PR,0,1
Liceo de Arte y Tecnologia,www.liceo.edu/,NA,NA,NA,4293,495,0.8582,0,0,1,0,0,0,0,0,0,NA,23374,San Juan,PR,0,1
Modern Hairstyling Institute-Bayamon,www.modern.edu/,NA,0.9286,NA,NA,197,0.9612,0,0,1,0,0,0,0,0,0,NA,NA,Bayamon,PR,0,1
Modern Hairstyling Institute-Arecibo,www.modern.edu/,NA,0.7826,NA,NA,64,0.9,0,0,1,0,0,0,0,0,0,NA,NA,Arecibo,PR,0,1
NUC University,www.nuc.edu/,NA,NA,NA,9500,25881,0.7146,0.034,0.0474,0.8973,0.0026,0.0055,0.0012,0.0078,1e-4,0.0041,0.2174,13778,Bayamon,PR,0,1
University of Puerto Rico-Aguadilla,https://www.uprag.edu/,921,0.8174,NA,5500,1847,0.8196,0.0141,0.0022,0.9762,0,0,0,0.0076,0,0,0.459,14727,Aguadilla,PR,1,1
University of Puerto Rico-Arecibo,www.upra.edu/,NA,0.6226,NA,4500,2788,0.8571,0,0,1,0,0,0,0,0,0,0.5061,18320,Arecibo,PR,1,1
University of Puerto Rico-Bayamon,www.uprb.edu/,NA,0.9245,NA,5500,2967,0.7793,0,0,1,0,0,0,0,0,0,0.333,12527,Bayamon,PR,1,1
University of Puerto Rico-Carolina,www.uprc.edu/,904,0.5273,NA,5500,2367,0.7419,8e-4,0.0376,0.921,0,0.0097,0,0,0,0.0308,0.4503,21072,Carolina,PR,1,1
University of Puerto Rico at Cayey,www.cayey.upr.edu/,978,0.9584,NA,5000,2201,0.7568,0,0,1,0,0,0,0,0,0,0.4722,15746,Cayey,PR,1,1
University of Puerto Rico-Humacao,www.upr.edu/humacao/,NA,0.5849,NA,5500,2555,0.7935,0,0.0387,0.8736,0,0.0063,0,0,0,0.0814,0.512,19404,Humacao,PR,1,1
University of Puerto Rico-Utuado,www.uprutuado.edu/,NA,0.6411,NA,3500,310,0.815,0,0.029,0.4742,0,0,0,0,0,0.4968,0.1319,18868,Utuado,PR,1,0
University of Puerto Rico-Mayaguez,https://www.uprm.edu/,NA,0.5217,NA,8250,9564,0.6456,0,0,0.9354,0,0,0,0,3e-4,0.0643,0.5389,19190,Mayaguez,PR,1,1
University of Puerto Rico-Medical Sciences,www.rcm.upr.edu/,NA,NA,NA,NA,224,0.6629,0,0,1,0,0,0,0,0,0,NA,NA,San Juan,PR,1,1
University of Puerto Rico at Ponce,www.uprp.edu/,NA,0.5614,NA,5500,2276,0.8113,0,0,1,0,0,0,0,0,0,0.4735,14399,Ponce,PR,1,1
University of Puerto Rico-Rio Piedras,https://www.uprrp.edu/,NA,0.532,NA,5500,8748,0.6475,7e-4,0.0527,0.845,2e-4,0.0123,0,2e-4,0,0.0888,0.5505,13337,San Juan,PR,1,1
Universidad Ana G. Mendez-Carolina Campus,uagm.edu/,NA,NA,NA,14500,4383,0.699,0,0,1,0,0,0,0,0,0,0.3249,13837,Carolina,PR,0,1
Universidad del Sagrado Corazon,www.sagrado.edu/,NA,0.5341,NA,16250,4042,0.7081,5e-4,0.0015,0.9973,5e-4,2e-4,0,0,0,0,0.4539,19550,Santurce,PR,0,1
Universidad Central Del Caribe,https://www.uccaribe.edu/,NA,0.6154,NA,7363,90,0.7321,0.0222,0.0222,0.8444,0,0.0111,0,0,0,0.1,0.3333,14697,Bayamon,PR,0,1
Universidad Politecnica de Puerto Rico,www.pupr.edu/,NA,NA,NA,22564,3791,0.6232,0.0021,0.0011,0.9947,5e-4,0,0,0,0,0.0016,0.3313,21894,Hato Rey,PR,0,1
Pontifical Catholic University of Puerto Rico-Mayaguez,https://mayaguez.pucpr.edu/,NA,0.973,NA,15500,597,0.8346,0,0,0.995,0,0,0,0,0,0.005,0.4157,15334,Mayaguez,PR,0,1
Universidad Ana G. Mendez-Gurabo Campus,uagm.edu/,NA,NA,NA,13448,7666,0.8266,0,0,1,0,0,0,0,0,0,0.3333,14081,Gurabo,PR,0,1
College of Micronesia-FSM,www.comfsm.fm/,NA,0.8091,NA,NA,1740,0.6348,0,0,0,0.0017,0,0.9983,0,0,0,NA,10519,Pohnpei,FM,1,NA
Palau Community College,palau.edu/,NA,NA,NA,NA,386,0.7203,0.0026,0,0,0.0363,0,0.9611,0,0,0,NA,9408,Koror,PW,1,NA
University of the Virgin Islands,www.uvi.edu/,915,0.9744,24,16800,1431,0.4623,0.0538,0.6883,0.1516,0.0056,7e-4,0.0035,0.0294,0.0615,0.0056,0.3709,16582,Charlotte Amalie,VI,1,0
Stanford University,www.stanford.edu/,1553,0.0391,NA,12000,7841,0.1923,0.2416,0.0791,0.1766,0.2747,0.0079,0.0024,0.0958,0.1178,0.0041,0.9697,82162,Stanford,CA,0,1
Purdue University-Main Campus,https://www.purdue.edu/,1342,0.503,NA,19500,39637,0.1298,0.591,0.0259,0.0731,0.1396,9e-4,4e-4,0.0517,0.1015,0.016,0.8389,22567,West Lafayette,IN,1,1
Blue Hills Regional Technical School,www.bluehills.org/practical-nursing/overview,NA,1,NA,9500,38,0.5217,0.1579,0.7895,0,0.0526,0,0,0,0,0,NA,NA,Canton,MA,1,0
Parker University,www.parker.edu/,NA,NA,NA,12288,494,0.4795,0.3462,0.3138,0.0992,0.0506,0.0162,0.004,0.0283,0.0061,0.1356,NA,35819,Dallas,TX,0,1
EDP University of Puerto Rico Inc-San Juan,www.edpuniversity.edu/,NA,0.7714,NA,14000,1258,0.5775,0,0,1,0,0,0,0,0,0,0.5,12983,San Juan,PR,0,1
ICPR Junior College,www.icprjc.edu/,NA,NA,NA,NA,480,0.912,0,0,1,0,0,0,0,0,0,NA,13170,Hato Rey,PR,0,1
City College-Hollywood,https://www.citycollege.edu/,NA,1,NA,25250,275,1,0.3527,0.3673,0.2291,0.0327,0,0.0073,0.0109,0,0,NA,NA,Hollywood,FL,0,1
Meridian College,www.meridian.edu/,NA,NA,NA,13000,144,0.5779,0.6111,0.1597,0.2014,0.0069,0,0,0.0139,0,0.0069,NA,NA,Sarasota,FL,0,1
Georgia State University-Perimeter College,perimeter.gsu.edu/,963,0.9959,NA,20903,12871,0.4317,0.1446,0.484,0.1649,0.0939,0.001,5e-4,0.0496,0.0562,0.0054,NA,16117,Atlanta,GA,1,1
Georgia Piedmont Technical College,www.gptc.edu/,NA,NA,NA,12666,2069,0.421,0.0822,0.7559,0.0691,0.0367,0.0014,5e-4,0.0387,0.013,0.0024,NA,15977,Clarkston,GA,1,1
ETI School of Skilled Trades,www.eticampus.edu/,NA,NA,NA,9500,363,0.7507,0.2342,0.2231,0.4738,0.0138,0.0028,0.0028,0.0413,0,0.0083,NA,NA,Willowbrook,IL,0,1
Traxlers School of Hair,traxlerschoolofhair.com/,NA,NA,NA,NA,110,0.7353,0.0636,0.9364,0,0,0,0,0,0,0,NA,NA,Jackson,MS,0,1
Warren County Community College,www.warren.edu/,NA,NA,NA,9300,867,0.1099,0.6078,0.1003,0.2065,0.0323,0.0058,0.0012,0.0242,0.0069,0.015,NA,10510,Washington,NJ,1,0
St. John's College,www.sjc.edu/,1367,0.4946,NA,NA,369,0.2418,0.645,0.0108,0.1247,0.0163,0.0027,0.0027,0.0569,0.1301,0.0108,0.7162,53018,Santa Fe,NM,0,0
Bais Medrash Elyon,baismedroshelyon.com/,NA,0.8,NA,NA,41,0.1111,1,0,0,0,0,0,0,0,0,NA,NA,Monsey,NY,0,1
Antioch University-Los Angeles,www.antiochla.edu/,NA,NA,NA,23501,61,0.3514,0.4918,0.0656,0.1311,0.082,0,0,0.0492,0.0492,0.1311,NA,NA,Culver City,CA,0,1
Antioch University-Santa Barbara,www.antiochsb.edu/,NA,NA,NA,23501,52,0.4167,0.4231,0.0385,0.3654,0,0,0,0,0.0577,0.1154,NA,NA,Santa Barbara,CA,0,1
Antioch University-Seattle,www.antiochseattle.edu/,NA,NA,NA,23501,81,0.325,0.4321,0.0494,0.0741,0.037,0.0123,0.0123,0.0494,0,0.3333,NA,NA,Seattle,WA,0,1
Antioch University,www.antioch.edu/,NA,NA,NA,23501,107,0.4286,0.4673,0.1308,0.1589,0.0374,0.0093,0,0.0561,0.0093,0.1308,NA,NA,Yellow Springs,OH,0,0
Mid-America Christian University,www.macu.edu/,NA,NA,NA,26394,1532,0.3974,0.5,0.1299,0.1527,0.0078,0.0587,0.0052,0.0672,0.0561,0.0222,0.36,30612,Oklahoma City,OK,0,1
Miller-Motte College-Tulsa,https://www.miller-motte.edu/,NA,NA,NA,15917,283,0.8232,0.2438,0.4452,0.0495,0.0106,0.1413,0.0035,0.1025,0,0.0035,NA,NA,Tulsa,OK,0,1
Ponca City Beauty College,https://www.poncacity-beautycollege.com/,NA,NA,NA,NA,48,0.6034,0.6042,0.0625,0.0833,0,0.1875,0,0.0208,0,0.0417,NA,NA,Ponca City,OK,0,0
Francis Tuttle Technology Center,www.francistuttle.edu/,NA,NA,NA,NA,825,0.087,0.4485,0.143,0.2776,0.0218,0.023,0.0012,0.0739,0,0.0109,NA,NA,Oklahoma City,OK,1,1
Central Technology Center,www.centraltech.edu/,NA,NA,NA,NA,564,0.0709,0.6915,0.0301,0.055,0.0018,0.0887,0,0.0762,0,0.0567,NA,NA,Drumright,OK,1,0
Carrington College-Portland,https://carrington.edu/,NA,NA,NA,9295,295,0.6028,0.2576,0.1322,0.3966,0.0339,0.0237,0.0271,0.0034,0.0034,0.122,NA,NA,Portland,OR,0,1
Career Technology Center of Lackawanna County,https://www.ctclc.edu/Domain/138,NA,1,NA,17200,76,0.7079,0.5526,0.1974,0.1447,0.0132,0,0,0.0921,0,0,NA,NA,Scranton,PA,1,1
Palo Alto College,alamo.edu/pac/,NA,NA,NA,13393,7723,0.2527,0.1231,0.0531,0.7769,0.0135,0.0012,0.0012,0.0268,1e-4,0.0041,NA,10911,San Antonio,TX,1,1
UCAS University of Cosmetology Arts & Sciences-San Antonio 410,www.ucastx.com/,NA,NA,NA,6333,47,0.4615,0.1064,0.1277,0.766,0,0,0,0,0,0,NA,NA,San Antonio,TX,0,1
Central Texas Beauty College-Round Rock,www.centraltexasbeautycollege.com/,NA,NA,NA,NA,93,0.6449,0.2688,0.2366,0.3011,0.0538,0,0.0215,0.043,0,0.0753,NA,NA,Round Rock,TX,0,1
Athens Technical College,www.athenstech.edu/,NA,NA,NA,NA,3153,0.3462,0.5937,0.1805,0.1624,0.0219,0.0013,6e-4,0.0266,0.0073,0.0057,NA,13425,Athens,GA,1,1
GateWay Community College-Central City,www.gatewaycc.edu/about-gateway/central-city-campus,NA,NA,NA,6750,477,0.236,0.2767,0.0461,0.5618,0.0419,0.0294,0,0.0273,0,0.0168,NA,NA,Phoenix,AZ,1,1
Carrington College-San Leandro Campus,https://carrington.edu/,NA,NA,NA,11537,400,0.5882,0.0375,0.2125,0.545,0.06,0,0.015,0.045,0.015,0.07,NA,NA,San Leandro,CA,0,1
Headmasters School of Hair Design,https://headmasters.edu/,NA,NA,NA,10556,48,0.5429,0.8333,0,0.0625,0.0208,0.0625,0,0.0208,0,0,NA,NA,Lewiston,ID,0,1
The Salon Professional Academy-Nampa,www.tspanampa.com/,NA,NA,NA,6333,102,0.4054,0.598,0.0196,0.3725,0,0.0098,0,0,0,0,NA,NA,Nampa,ID,0,1
Beckfield College-Florence,www.beckfield.edu/,NA,NA,NA,23500,612,0.5666,0.7925,0.1536,0.0049,0.0049,0.0065,0.0049,0.0212,0,0.0114,0,32665,Florence,KY,0,1
Dorsey College-Wayne,www.dorsey.edu/,NA,NA,NA,13000,203,0.7696,0.1872,0.6897,0.0493,0.0148,0,0,0.0591,0,0,NA,31514,Wayne,MI,0,1
Ecumenical Theological Seminary,www.etseminary.edu/,NA,NA,NA,NA,11,0,0,1,0,0,0,0,0,0,0,NA,NA,Detroit,MI,0,1
Ross Medical Education Center-Saginaw,https://rosseducation.edu/,NA,NA,NA,9500,73,0.8534,0.1233,0.1644,0.0959,0,0,0,0.0274,0,0.589,NA,NA,Saginaw,MI,0,1
Sussex County Community College,www.sussex.edu/,NA,NA,NA,11000,2055,0.3452,0.6331,0.0968,0.1883,0.019,0.0015,5e-4,0.0477,0.0058,0.0073,NA,14375,Newton,NJ,1,0
Landmark College,www.landmark.edu/,NA,0.4365,NA,17500,480,0.1436,0.7229,0.0479,0.0625,0.0188,0.0042,0,0.0604,0.0188,0.0646,NA,81895,Putney,VT,0,0
Yeshiva Gedolah of Greater Detroit,https://www.yeshivagedolahgreaterdetroit.com/,NA,0.9259,NA,NA,71,0.3824,1,0,0,0,0,0,0,0,0,0.0714,16400,Oak Park,MI,0,1
Collin County Community College District,www.collin.edu/,NA,NA,NA,7500,25857,0.1622,0.3815,0.1443,0.2519,0.1302,0.0037,0.001,0.051,0.0152,0.0213,NA,14409,McKinney,TX,1,1
Owensboro Community and Technical College,https://owensboro.kctcs.edu/,NA,NA,NA,7933,2579,0.2965,0.829,0.0527,0.053900000000000003,0.0186,0.0012,4e-4,0.0403,4e-4,0.0035,NA,12483,Owensboro,KY,1,0
Allure Beauty College,www.allurebeautycollege.com/,NA,NA,NA,NA,25,1,1,0,0,0,0,0,0,0,0,NA,NA,Whitesburg,KY,0,0
Cloyd's Beauty School 3 Inc,https://cloydsbeautyschools.edu/,NA,NA,NA,NA,94,0.5496,0.5106,0.4681,0.0213,0,0,0,0,0,0,NA,NA,Monroe,LA,0,1
Moore Norman Technology Center,https://www.mntc.edu/,NA,NA,NA,NA,363,0.0542,0.5399,0.0193,0.2121,0.022,0.0634,0.0028,0.1047,0,0.0358,NA,NA,Norman,OK,1,0
Fayette County Career & Technical Institute Practical Nursing Program,www.fayettecti.org/,NA,NA,NA,NA,69,0.8427,0.8551,0.1449,0,0,0,0,0,0,0,NA,NA,Uniontown,PA,1,0
Franklin County Career and Technology Center,www.franklincountylpn.org/,NA,0.9231,NA,14760,51,0.3014,0.8039,0.0588,0.0784,0,0,0,0.0588,0,0,NA,NA,Chambersburg,PA,1,0
Paul Mitchell the School-Knoxville,knoxville.paulmitchell.edu/,NA,NA,NA,13833,113,0.5433,0.646,0.2301,0.0973,0.0088,0,0,0.0088,0,0.0088,NA,NA,Knoxville,TN,0,1
Ogle School Hair Skin Nails-Hurst,www.ogleschool.edu/,NA,NA,NA,7917,265,0.6753,0.3434,0.2264,0.3396,0.0113,0,0,0.0717,0,0.0075,NA,NA,Hurst,TX,0,1
Tennessee College of Applied Technology Nashville,www.tcatnashville.edu/,NA,NA,NA,NA,730,0.3966,0.5082,0.2438,0.1288,0.0288,0.0014,0.0014,0.0548,0.0151,0.0178,NA,NA,Nashville,TN,1,1
ECPI University,www.ecpi.edu/,NA,0.829,NA,20000,11270,0.4857,0.3346,0.3964,0.1492,0.0327,0.0056,0.0051,0.0509,0.0014,0.024,0.3519,27999,Virginia Beach,VA,0,1
Ms Roberts Academy of Beauty Culture,www.msroberts-academy.com/,NA,NA,NA,NA,57,0.5426,0,0.807,0.1404,0,0,0,0.0526,0,0,NA,NA,Hillside,IL,0,1
Paul Mitchell the School-Houston,paulmitchell.edu/houston,NA,NA,NA,11336,314,0.6501,0.2516,0.3471,0.3312,0.0159,0.0032,0.0032,0.0287,0.0064,0.0127,NA,NA,Houston,TX,0,1
Fortis Institute-Forty Fort,www.fortis.edu/,NA,NA,NA,9500,159,0.6988,0.3836,0.2453,0.2704,0.0063,0.0063,0,0.0629,0,0.0252,NA,25358,Forty Fort,PA,0,1
Laurel Business Institute,laurel.edu/,NA,0.8561,NA,12000,390,0.4884,0.8615,0.0923,0,0.0026,0.0026,0,0.041,0,0,NA,15304,Uniontown,PA,0,0
Aviation Institute of Maintenance-Philadelphia,https://aviationmaintenance.edu/campuses/philadelphia-pa,NA,NA,NA,32397,339,0.7257,0.2714,0.3894,0.2065,0.0501,0.0029,0,0.0737,0,0.0059,NA,27501,Philadelphia,PA,0,1
Dorsey College-Roseville,www.dorsey.edu/,NA,NA,NA,13000,443,0.618,0.0993,0.851,0.0045,0.0023,0.009,0,0.0316,0,0.0023,NA,30912,Roseville,MI,0,1
Moler-Pickens Beauty Academy,molerhollywood.com/,NA,NA,NA,6312,89,0.6577,0.2472,0.382,0.0449,0.2921,0,0,0.0337,0,0,NA,NA,Fairfield,OH,0,1
Red River Technology Center,www.rrtc.edu/,NA,NA,NA,NA,518,0.0911,0.6255,0.0039,0.0753,0.0019,0.0502,0.0019,0.2317,0,0.0097,NA,NA,Duncan,OK,1,0
Southern Union State Community College,www.suscc.edu/,NA,NA,NA,11000,3888,0.3484,0.6782,0.2014,0.0463,0.0139,0.0021,5e-4,0.0394,0.0059,0.0123,NA,15417,Wadley,AL,1,0
South University-Columbia,"www.southuniversity.edu/columbia#location=Columbia, SC",NA,NA,NA,26123,445,0.5762,0.164,0.7056,0.0382,0.0067,0.0022,0.0045,0.036,0.0112,0.0315,0.08,31298,Columbia,SC,0,1
Clinton Technical School,clintoncardinals.org/,NA,NA,NA,NA,17,0.6842,0.9412,0,0,0,0,0,0.0588,0,0,NA,NA,Clinton,MO,1,0
Greene County Career and Technology Center,www.greenectc.org/,NA,0.85,NA,NA,19,0.7333,1,0,0,0,0,0,0,0,0,NA,NA,Waynesburg,PA,1,0
Lac Courte Oreilles Ojibwe University,www.lco.edu/,NA,NA,NA,NA,205,0.7396,0.1512,0.039,0,0.0049,0.8049,0,0,0,0,NA,16228,Hayward,WI,1,0
Diesel Driving Academy-Shreveport,www.dda.edu/,NA,NA,NA,6333,222,0.5354,0.0811,0.8333,0.0315,0.0045,0.0135,0,0.036,0,0,NA,NA,Shreveport,LA,0,1
Pima Medical Institute-Mesa,https://pmi.edu/,NA,NA,NA,9500,721,0.4603,0.4022,0.0527,0.3481,0.0402,0.0472,0.0055,0.0915,0,0.0125,NA,NA,Mesa,AZ,0,1
Platt College-Los Angeles,www.plattcollege.edu/,NA,NA,NA,18685,598,0.5487,0.1254,0.0334,0.6856,0.0903,0.0067,0.0017,0.0468,0.0017,0.0084,NA,33216,Alhambra,CA,0,1
Platt College-Aurora,www.plattcolorado.edu/,NA,0.3636,NA,42125,215,0.3147,0.5023,0.093,0.3023,0.0465,0.0047,0,0.0326,0,0.0186,0.5,44255,Greenwood Village,CO,0,1
Paul Mitchell the School-Boise,paulmitchell.edu/boise,NA,NA,NA,10555,179,0.5352,0.648,0.0391,0.1844,0.0279,0.0223,0.0056,0.0615,0,0.0112,NA,NA,Boise,ID,0,1
Educators of Beauty College of Cosmetology-Rockford,www.educatorsofbeauty.com/,NA,NA,NA,9833,101,0.5556,0.4554,0.1485,0.3465,0,0,0,0.0495,0,0,NA,NA,Rockford,IL,0,1
Northwestern College,www.nc.edu/,NA,NA,NA,19000,464,0.749,0.0884,0.6746,0.2134,0.0108,0.0043,0.0022,0.0043,0,0.0022,NA,30552,Oak Lawn,IL,0,1
Douglas J Aveda Institute,www.douglasj.edu/,NA,NA,NA,6333,822,0.4451,0.7591,0.1326,0.0341,0.0146,0.0243,0.0036,0.0207,0,0.0109,NA,NA,East Lansing,MI,0,1
Ross Medical Education Center-Brighton,https://rosseducation.edu/,NA,NA,NA,9500,26,0.7222,0.3077,0,0.0385,0.0385,0,0,0,0,0.6154,NA,NA,Brighton,MI,0,1
Ross Medical Education Center-Ann Arbor,https://rosseducation.edu/,NA,NA,NA,9500,33,0.873,0.1818,0.2727,0.0303,0,0,0,0.0303,0,0.4848,NA,NA,Ann Arbor,MI,0,1
Dorsey School of Beauty,www.dorsey.edu/dsbt/taylor-campus/,NA,NA,NA,16500,205,0.5833,0.1659,0.639,0.0927,0.0049,0.0098,0,0.078,0,0.0098,NA,NA,Taylor,MI,0,1
Pike-Lincoln Technical Center,pltc.edu/,NA,NA,NA,9500,35,0.4865,0.8571,0.1143,0.0286,0,0,0,0,0,0,NA,NA,Eolia,MO,1,0
St Charles Community College,www.stchas.edu/,NA,NA,NA,6187,5008,0.2484,0.6763,0.0919,0.0673,0.0238,0.0026,0.0016,0.0557,0.026,0.0549,NA,13249,Cottleville,MO,1,1
University of Massachusetts Global,www.umassglobal.edu/,NA,NA,NA,24276,4902,0.2292,0.6275,0.1251,0.049,0.0412,0.012,0.0049,0.0563,0.001,0.083,0,33365,Irvine,CA,1,1
New College of Florida,www.ncf.edu/,1137,0.74,32,17375,707,0.3034,0.5728,0.0552,0.2291,0.0396,0.0028,0.0014,0.0467,0.0438,0.0085,0.6705,20732,Sarasota,FL,1,1
Montana Bible College,https://montanabiblecollege.edu/,NA,0.8462,NA,NA,45,0,0.8222,0,0.0889,0,0,0,0.0222,0.0222,0.0444,NA,NA,Billings,MT,0,1
Conservatory of Recording Arts and Sciences,www.cras.edu/,NA,NA,NA,8344,637,0.364,0.5259,0.1162,0.2433,0.022,0.0204,0,0.0722,0,0,NA,NA,Tempe,AZ,0,1
Adrian's Beauty College of Turlock,www.adrians.edu/,NA,NA,NA,7422,71,0.42,0.4085,0,0.4789,0.0704,0,0,0.0423,0,0,NA,NA,Turlock,CA,0,1
San Joaquin Valley College-Fresno,www.sjvc.edu/,NA,NA,NA,10674,481,0.5509,0.1435,0.0353,0.7173,0.0395,0.0021,0.0042,0.0083,0.0021,0.0478,NA,NA,Fresno,CA,0,1
Dr. Ida Rolf Institute,https://rolf.org/,NA,1,NA,NA,24,0.186,0.8333,0,0.0417,0,0,0,0.0417,0.0833,0,NA,NA,Boulder,CO,0,1
Aveda Institute-Fort Myers,www.beaveda.com/,NA,NA,NA,9024,246,0.2701,0.4187,0.1301,0.3902,0.0081,0.0081,0.0081,0.0163,0,0.0203,NA,NA,Fort Myers,FL,0,1
Ross Medical Education Center-Port Huron,https://rosseducation.edu/,NA,NA,NA,9500,28,0.8163,0.4286,0,0.1429,0,0,0,0.0714,0,0.3571,NA,NA,Port Huron,MI,0,1
Raphael's School of Beauty Culture Inc-Alliance,raphaelsbeautyschool.edu/,NA,NA,NA,7114,410,0.6463,0.322,0.4756,0.1,0.0244,0,0.0024,0.0732,0,0.0024,NA,NA,Alliance,OH,0,0
Metro Technology Centers,https://www.metrotech.edu/,NA,NA,NA,9500,1337,0.1518,0.1668,0.2251,0.4862,0.0359,0.0426,0.0127,0,0,0.0307,NA,NA,Oklahoma City,OK,1,1
Luna Community College,www.luna.edu/,NA,NA,NA,NA,459,0.2497,0.1394,0.0174,0.7821,0.0131,0.0283,0.0022,0.0044,0,0.0131,NA,11547,Las Vegas,NM,1,0
Grabber School of Hair Design,grabberschool.edu/,NA,NA,NA,7830,244,0.4392,0.541,0.3279,0.0205,0.0164,0,0,0.0328,0,0.0615,NA,NA,St. Louis,MO,0,1
Yeshivah Gedolah Rabbinical College,www.lecfl.com/,NA,NA,NA,NA,77,0.3864,0.9091,0,0,0,0,0,0,0.0909,0,0,18200,Miami Beach,FL,0,1
Raphael's School of Beauty Culture Inc-Brunswick,www.raphaelsbeautyschool.edu/,NA,NA,NA,7538,81,0.5375,0.5309,0.2963,0.0617,0.0247,0,0.0123,0.0741,0,0,NA,NA,Brunswick,OH,0,1
Caribbean University-Ponce,www.caribbean.edu/,NA,NA,NA,10500,419,0.7457,0,0,1,0,0,0,0,0,0,0.1842,10042,Ponce,PR,0,1
Caribbean University-Vega Baja,www.caribbean.edu/,NA,NA,NA,10500,176,0.7943,0,0,1,0,0,0,0,0,0,0.5,9920,Vega Baja,PR,0,1
University of Advancing Technology,https://www.uat.edu/,NA,0.9541,NA,28812,892,0.5773,0.4697,0.1368,0.1771,0.0269,0.0179,0.0045,0.0774,0,0.0897,0.3333,31353,Tempe,AZ,0,1
Paradise Valley Community College,https://www.paradisevalley.edu/,NA,NA,NA,6995,4076,0.1874,0.499,0.041,0.3194,0.0334,0.015,0.002,0.0488,0.013,0.0285,NA,19032,Phoenix,AZ,1,1
Chandler-Gilbert Community College,www.cgc.maricopa.edu/,NA,NA,NA,7000,7626,0.1087,0.4761,0.053,0.3106,0.0497,0.0208,0.0035,0.0573,0.0108,0.0181,NA,17377,Chandler,AZ,1,1
Great Plains Technology Center,www.greatplains.edu/,NA,NA,NA,NA,152,0.2287,0.4539,0.2697,0.1382,0.0197,0.0395,0.0066,0,0,0.0724,NA,NA,Lawton,OK,1,1
Roane-Jackson Technical Center,www.rjtcwv.com/,NA,NA,NA,NA,11,0.7692,1,0,0,0,0,0,0,0,0,NA,NA,Leroy,WV,1,0
Pioneer Technology Center,pioneertech.edu/,NA,NA,NA,NA,125,0.1413,0.568,0.04,0.176,0.008,0.104,0,0.104,0,0,NA,NA,Ponca City,OK,1,0
Portage Lakes Career Center,www.plcc.edu/,NA,NA,NA,8444,217,0.3878,0.6083,0.2857,0.0323,0.0046,0.0046,0.0046,0.0599,0,0,NA,NA,Uniontown,OH,1,1
Bell Mar Beauty College,www.bellmar.edu/,NA,NA,NA,NA,45,0.5507,0.0222,0.0889,0.8889,0,0,0,0,0,0,NA,NA,Cicero,IL,0,1
Caddo Kiowa Technology Center,cktc.edu/,NA,NA,NA,NA,108,0.1494,0.4722,0.0648,0.1481,0,0.1574,0,0.1481,0,0.0093,NA,NA,Fort Cobb,OK,1,0
Center for Instruction Technology & Innovation,https://www.citiboces.org/domain/14,NA,NA,NA,7695,21,0.6061,0.8095,0.0952,0.0476,0,0,0,0.0476,0,0,NA,NA,Mexico,NY,1,0
International School of Skin Nailcare & Massage Therapy,issnmtschool.com/,NA,NA,NA,6333,260,0.6984,0.1231,0.5423,0.1692,0.0154,0,0.0038,0.1077,0,0.0385,NA,NA,Sandy Springs,GA,0,1
Palomar Institute of Cosmetology,https://pic.edu/,NA,NA,NA,6333,173,0.3676,0.2717,0.0058,0.5838,0.0405,0.0058,0.0058,0.052,0,0.0347,NA,NA,San Marcos,CA,0,1
Southern Oklahoma Technology Center,https://www.sotech.edu/,NA,NA,NA,NA,180,0.1389,0.4833,0.0667,0.1056,0,0.1,0,0.2222,0,0.0222,NA,NA,Ardmore,OK,1,0
Autry Technology Center,autrytech.edu/,NA,0.8417,NA,NA,432,0.1626,0.5509,0.0255,0.2338,0.0046,0.0231,0.0255,0.0486,0,0.088,NA,NA,Enid,OK,1,1
Greene County Career Center,www.greeneccc.com/,NA,NA,NA,NA,22,0.2414,0.8636,0.0455,0.0909,0,0,0,0,0,0,NA,NA,Xenia,OH,1,0
Canadian Valley Technology Center,www.cvtech.edu/,NA,NA,NA,NA,624,0.0924,0.617,0.0785,0.149,0.0224,0.125,0.0048,0.0016,0,0.0016,NA,NA,El Reno,OK,1,0
Wilkes-Barre Area Career and Technical Center Practical Nursing,https://www.wbpracnsg.com/,NA,0.5579,NA,17678,102,0.5969,0.5098,0.3137,0.1176,0.0196,0.0196,0,0.0098,0,0.0098,NA,NA,Wilkes Barre,PA,1,1
Meridian Technology Center,https://www.meridiantech.edu/,NA,NA,NA,NA,309,0.1075,0.6537,0.0324,0.0841,0.0194,0.0453,0.0032,0.068,0,0.0939,NA,NA,Stillwater,OK,1,0
Waynesville Career Center,www.waynesville.k12.mo.us/Domain/9,NA,NA,NA,NA,21,0.5769,0.7619,0,0.0476,0.0952,0.0476,0.0476,0,0,0,NA,NA,Waynesville,MO,1,0
Capitol Beauty School,https://www.hairschoolomaha.com/,NA,NA,NA,6650,167,0.2978,0.8024,0.024,0.1317,0,0,0.006,0.0359,0,0,NA,NA,Omaha,NE,0,1
Morris County Vocational School District,www.mcvts.org/,NA,1,NA,NA,32,0.4426,0.1875,0.625,0.1563,0.0313,0,0,0,0,0,NA,NA,Denville,NJ,1,1
Ross Medical Education Center-Roosevelt Park,https://rosseducation.edu/,NA,NA,NA,9500,109,0.8441,0.2294,0.1468,0.055,0,0,0,0.0275,0.0092,0.5321,NA,NA,Roosevelt Park,MI,0,1
Ross Medical Education Center-Kentwood,https://rosseducation.edu/,NA,NA,NA,9500,112,0.8281,0.1161,0.1696,0.1696,0,0,0,0.0179,0.0089,0.5179,NA,NA,Kentwood,MI,0,1
South Florida Bible College and Theological Seminary,https://www.sfbc.edu/,NA,NA,NA,NA,271,0.2143,0.2288,0.1292,0.2177,0,0.0037,0,0.0185,0.3395,0.0627,0,NA,Deerfield Beach,FL,0,1
Cloyd's Barber School 2 Inc,https://cloydsbarberschool.edu/,NA,NA,NA,NA,37,0.6522,0.0811,0.8919,0.027,0,0,0,0,0,0,NA,NA,Monroe,LA,0,1
Universal Technical Institute of Illinois Inc,www.uti.edu/,NA,NA,NA,13124,1230,0.4605,0.3244,0.0715,0.4545,0.0228,0.0033,0.0016,0.1016,0,0.0203,NA,NA,Lisle,IL,0,1
Pennsylvania College of Technology,https://www.pct.edu/,NA,NA,NA,23961,4254,0.3187,0.8618,0.0369,0.052,0.0134,0.0019,0.0016,0.0256,0,0.0068,0.5562,32595,Williamsport,PA,1,1
Commonwealth Institute of Funeral Service,https://www.commonwealth.edu/,NA,NA,NA,9500,382,0.3564,0.3901,0.3063,0.288,0.0131,0,0.0026,0,0,0,NA,43890,Houston,TX,0,1
Delta College of Arts & Technology,www.deltacollege.com/,NA,NA,NA,7393,288,0.8779,0.0972,0.8472,0.0243,0.0035,0,0,0.0278,0,0,NA,NA,Baton Rouge,LA,0,1
Stone Child College,www.stonechild.edu/,NA,NA,NA,NA,187,0.4164,0.0588,0,0,0,0.9412,0,0,0,0,NA,13607,Box Elder,MT,1,0
Suffolk County Community College,https://www.sunysuffolk.edu/,NA,NA,NA,8250,14134,0.2263,0.4094,0.0899,0.4012,0.0476,0.0025,0.0012,0.0289,0.004,0.0154,NA,11626,Selden,NY,1,1
Las Positas College,www.laspositascollege.edu/,NA,NA,NA,NA,6766,0.1419,0.3015,0.0421,0.3028,0.2421,0.0022,0.0046,0.0786,0.0142,0.0118,NA,14810,Livermore,CA,1,1
Ogeechee Technical College,www.ogeecheetech.edu/,NA,NA,NA,9500,1781,0.4235,0.5401,0.3335,0.0752,0.0062,0.0034,0,0.0387,0.0022,6e-4,NA,15527,Statesboro,GA,1,0
Remington College-Mobile Campus,https://www.remingtoncollege.edu/locations/mobile/,NA,NA,NA,13271,244,0.9294,0.2582,0.7008,0.0082,0,0.0082,0,0.0205,0,0.0041,NA,32615,Mobile,AL,0,1
Southern Technical College,www.southerntech.edu/,NA,NA,NA,11250,532,0.699,0.5,0.282,0.1297,0.0113,0.0038,0.0075,0.0357,0,0.0301,NA,27949,Fort Myers,FL,0,1
Mercy-St Luke's School of Radiologic Technology,https://www.mercycare.org/employment/students/school-of-radiologic-technology/,NA,NA,NA,NA,21,0.2727,0.8095,0.1429,0.0476,0,0,0,0,0,0,NA,NA,Cedar Rapids,IA,0,1
Northwest Technology Center-Alva,https://nwtech.edu/,NA,NA,NA,NA,33,0.0909,0.8182,0,0.0909,0.0303,0.0303,0,0.0303,0,0,NA,NA,Alva,OK,1,0
Mercer County Career Center,www.mercerccc.org/,NA,NA,NA,NA,0,NA,0,0,0,0,0,0,0,0,0,NA,NA,Mercer,PA,1,0
California State University-San Marcos,www.csusm.edu/,NA,0.957,NA,17350,14174,0.436,0.2493,0.0382,0.5125,0.096,0.0032,0.0032,0.06,0.0082,0.0294,0.6218,21144,San Marcos,CA,1,1
Hairmasters Institute of Cosmetology,www.hair-masters.com/,NA,NA,NA,8288,77,0.7594,0.4286,0.2987,0.2727,0,0,0,0,0,0,NA,NA,Bloomington,IL,0,1
Tricoci University of Beauty Culture LLC-Bloomington,www.tricociuniversity.edu/,NA,NA,NA,7307,123,0.517,0.8537,0.0732,0.0325,0,0.0081,0,0.0325,0,0,NA,NA,Bloomington,IN,0,1
Interactive College of Technology-Newport,www.ict.edu/,NA,NA,NA,10555,73,0.7395,0.6027,0.3973,0,0,0,0,0,0,0,NA,20798,Newport,KY,0,1
Miller-Motte College-McCann-Monroe,https://www.mccann.edu/,NA,NA,NA,15917,111,0.739,0.2342,0.7387,0,0,0,0,0.018,0,0.009,NA,NA,Monroe,LA,0,1
Ross Medical Education Center-Taylor,https://rosseducation.edu/,NA,NA,NA,9500,57,0.8511,0.0877,0.2456,0.0351,0.0175,0,0,0.0526,0.0351,0.5263,NA,NA,Taylor,MI,0,1
Interactive College of Technology,www.ict.edu/campuses/tx/southwest-houston/,NA,NA,NA,5353,71,0.4889,0.2676,0.5352,0.1127,0.0845,0,0,0,0,0,NA,18840,Houston,TX,0,1
Butler Beauty Academy-New Castle Beauty Academy,beautyacademies.net/,NA,NA,NA,7500,30,0.2889,0.5667,0.3333,0.0667,0,0,0,0.0333,0,0,NA,NA,New Castle,PA,0,0
NorthWest Arkansas Community College,www.nwacc.edu/,NA,NA,NA,9506,4632,0.1974,0.5583,0.0307,0.2824,0.0361,0.0117,0.0097,0.0473,0.003,0.0209,NA,10593,Bentonville,AR,1,1
H W Brewster Technical College,www.hillsboroughschools.org/Brewster,NA,NA,NA,NA,1502,0.0534,0.3981,0.2796,0.1678,0.1039,0.0053,0.0027,0.0413,0.0013,0,NA,NA,Tampa,FL,1,1
Hodges University,https://www.hodges.edu/,NA,NA,NA,27675,171,0.2465,0.1345,0.0409,0.193,0.0058,0,0,0.1579,0.0819,0.386,0.1739,28157,Fort Myers,FL,0,1
Capital Area Career Center,https://caccspringfield.org/,NA,1,NA,9500,115,0.6132,0.513,0.4174,0.0435,0.0087,0,0,0.0174,0,0,NA,NA,Springfield,IL,1,0
Hair Professionals Career College,hairpros.edu/,NA,NA,NA,9500,80,0.5612,0.45,0.125,0.3875,0.025,0,0,0,0,0.0125,NA,NA,Palos Hills,IL,0,1
Empire Beauty School-Bloomfield,www.empire.edu/,NA,NA,NA,13000,117,0.5879,0.0427,0.4872,0.2906,0,0,0,0.0085,0,0.1709,NA,NA,Bloomfield,NJ,0,1
Southwest Technology Center,www.swtech.edu/,NA,NA,NA,NA,309,0.2082,0.5113,0.0485,0.3042,0.0065,0.0194,0.0032,0.1068,0,0,NA,NA,Altus,OK,1,0
Western Area Career & Technology Center,www.wactc.net/,NA,NA,NA,NA,39,0.8387,0.6667,0.3333,0,0,0,0,0,0,0,NA,NA,Canonsburg,PA,1,0
Nossi College of Art and Design,https://www.nossi.edu/,NA,0.4327,NA,33498,278,0.5772,0.6295,0.241,0.0683,0.018,0.018,0.0036,0.0216,0,0,0.8039,26846,Nashville,TN,0,1
Pima Medical Institute-Seattle,https://pmi.edu/,NA,NA,NA,9500,450,0.2574,0.44,0.0689,0.1933,0.1756,0.0089,0.0156,0.08,0,0.0178,NA,NA,Seattle,WA,0,1
Mineral County Vocational Technical Center,www.boe.mine.k12.wv.us/o/mctc,NA,NA,NA,NA,14,0.4444,0.8571,0.0714,0,0,0,0,0.0714,0,0,NA,NA,Keyser,WV,1,0
Hypnosis Motivation Institute,hypnosis.edu/,NA,NA,NA,9500,335,0.4943,0.5254,0.1104,0.1224,0.0448,0.0269,0.006,0.1104,0,0.0537,NA,NA,Tarzana,CA,0,1
Thanh Le College School of Cosmetology,www.thanhlecollege.org/,NA,NA,NA,NA,54,0.5,0,0,0.2222,0.5556,0.1852,0,0.0185,0.0185,0,NA,NA,Garden Grove,CA,0,1
Southeastern Technical College,www.southeasterntech.edu/,NA,NA,NA,5750,1091,0.3887,0.571,0.2768,0.1192,0.0018,9e-4,0,0.0192,0.0073,0.0037,NA,15292,Vidalia,GA,1,0
Universal Technical Institute-Auto Motorcycle & Marine Mechanics Institute Division-Orlando,www.uti.edu/,NA,NA,NA,13097,866,0.4523,0.6305,0.0855,0.1259,0.0092,0.0035,0.0046,0.1085,0,0.0323,NA,NA,Orlando,FL,0,1
Erwin Technical College,www.hillsboroughschools.org/erwin,NA,NA,NA,NA,556,0.3282,0.1691,0.3507,0.4065,0.0198,0.0018,0.0018,0.0378,0,0.0126,NA,NA,Tampa,FL,1,1
Rosel School of Cosmetology,www.roselschool.org/,NA,NA,NA,NA,14,0.5233,0.3571,0,0.3571,0.2857,0,0,0,0,0,NA,NA,Niles,IL,0,1
Worsham College of Mortuary Science,www.worsham.edu/,NA,0.7273,NA,15024,187,0.3812,0.7487,0.1283,0.1123,0.0053,0,0.0053,0,0,0,NA,30150,Wheeling,IL,0,1
Bryan University,www.bryanu.edu/,NA,NA,NA,22764,150,0.7652,0.4667,0.3533,0.06,0.0067,0.0067,0.0133,0.0667,0,0.0267,NA,26177,Springfield,MO,0,1
Central Pennsylvania Institute of Science and Technology,www.cpi.edu/,NA,0.9489,NA,9454,126,0.6051,0.9444,0.0079,0.0159,0.0159,0,0,0,0.0159,0,NA,NA,Pleasant Gap,PA,1,0
Northwest Educational Center,nwec.edu/,NA,NA,NA,NA,233,0.9732,0.0258,0.3519,0.5665,0,0,0,0.0429,0,0.0129,NA,NA,Houston,TX,0,1
PCI Health Training Center,www.pcihealth.edu/,NA,1,NA,7943,215,0.8732,0.0605,0.2977,0.6186,0.0093,0,0,0.0047,0,0.0093,NA,NA,Dallas,TX,0,1
Hamrick School,https://www.hamrickschool.edu/,NA,NA,NA,5481,89,0.1483,0.3708,0.5393,0.0337,0,0.0112,0,0.0112,0,0.0337,NA,NA,Medina,OH,0,0
Fortis College,www.fortis.edu/,NA,NA,NA,9500,252,0.7877,0.2063,0.7024,0.0159,0.0079,0.004,0,0.0476,0,0.0159,NA,NA,Mobile,AL,0,1
Downey Adult School,www.das.edu/,NA,NA,NA,NA,844,0.5952,0.0995,0.0521,0.7666,0.045,0.0059,0.0012,0.0237,0,0.0059,NA,NA,Downey,CA,1,1
CRU Institute of Cosmetology and Barbering,www.cruinstitute.com/,NA,NA,NA,9833,129,0.6387,0.093,0.0543,0.7674,0.0543,0.0078,0,0.0078,0,0.0155,NA,NA,Garden Grove,CA,0,1
Modern Technology School,https://www.mtschool.edu/,NA,NA,NA,14875,99,0.2772,0.2222,0.0505,0.404,0.1515,0,0.0101,0.1111,0,0.0505,NA,NA,Fountain Valley,CA,0,1
National Career Education,nce.edu/,NA,NA,NA,7853,438,0.393,0.2763,0.1027,0.4132,0.1027,0.0091,0.0091,0.0137,0,0.0731,NA,NA,Citrus Heights,CA,0,1
North-West College-Glendale,www.nw.edu/,NA,NA,NA,9500,100,0.5578,0.24,0.04,0.08,0.04,0.01,0.01,0.57,0.01,0,NA,NA,Glendale,CA,0,1
Fremont University,https://www.fremont.edu/,NA,NA,NA,20000,153,0.6167,0.0915,0.1765,0.549,0.0458,0,0.0065,0.0588,0,0.0719,NA,NA,Cerritos,CA,0,1
Pomona Unified School District Adult and Career Education,https://ace.pusd.org/,NA,NA,NA,NA,84,0.4938,0.0357,0.0476,0.881,0.0357,0,0,0,0,0,NA,NA,Pomona,CA,1,1
Universal College of Beauty Inc-Los Angeles 2,www.universalcollegeofbeauty.com/,NA,NA,NA,NA,38,0.8,0,0.6579,0.0789,0.2105,0,0,0.0263,0,0.0263,NA,NA,Los Angeles,CA,0,1
IBMC College,www.ibmc.edu/,NA,NA,NA,8750,306,0.8073,0.4771,0.0229,0.4641,0.0033,0.0033,0.0033,0.0261,0,0,NA,26326,Fort Collins,CO,0,1
Avalon Institute-Aurora,avalon.edu/aurora-co/,NA,NA,NA,6332,217,0.6829,0.2581,0.1751,0.4101,0.0276,0.0046,0,0.0968,0,0.0276,NA,NA,Aurora,CO,0,1
Academy of Cosmetology,academyofcosmetology.edu/,NA,NA,NA,5500,121,0.4851,0.5207,0.1983,0.1901,0.0083,0,0,0.0826,0,0,NA,NA,Merritt Island,FL,0,1
Fortis College-Smyrna,fortis.edu/,NA,NA,NA,12547,488,0.7261,0.1352,0.5984,0.1906,0.0266,0.0041,0,0.0287,0,0.0164,NA,31214,Smyrna,GA,0,1
Ross College-Davenport,https://rosseducation.edu/,NA,NA,NA,9500,40,0.8627,0.1,0.25,0.1,0,0,0,0.025,0,0.525,NA,NA,Davenport,IA,0,1
Pivot Point Academy,www.pivotpoint.edu/,NA,NA,NA,9833,113,0.2964,0.4159,0.1062,0.3805,0.0442,0,0,0.0531,0,0,NA,NA,Bloomingdale,IL,0,1
Blalock's Professional Beauty College,blalockbeauty.com/,NA,NA,NA,NA,25,1,0,1,0,0,0,0,0,0,0,NA,NA,Shreveport,LA,0,1
Diesel Driving Academy-Baton Rouge,www.dda.edu/,NA,NA,NA,6333,271,0.5167,0.0849,0.8856,0.0111,0,0.0074,0,0.0037,0,0.0074,NA,NA,Baton Rouge,LA,0,1
New England Hair Academy,www.newenglandhairacademy.com/,NA,NA,NA,NA,102,0.3171,0.3333,0.2059,0.3137,0.0686,0,0,0.0784,0,0,NA,NA,Malden,MA,0,1
Rob Roy Academy-Worcester,www.rob-roy.com/,NA,NA,NA,9465,121,0.4597,0.4959,0.1157,0.3636,0.0248,0,0,0,0,0,NA,NA,Worcester,MA,0,1
Upper Cape Cod Regional Technical School,www.uctpracticalnursing.com/,NA,1,NA,9500,77,0.411,0.3896,0.2338,0.1299,0.026,0,0.013,0.1558,0.0519,0,NA,NA,Bourne,MA,1,0
All-State Career-Baltimore,https://www.allstatecareer.edu/,NA,NA,NA,9500,535,0.658,0.0785,0.8019,0.0411,0.0093,0.0075,0,0.0374,0,0.0243,NA,NA,Baltimore,MD,0,1
Academy of Hair Design-Jackson,mississippibarberacademy.com/,NA,NA,NA,6786,77,0.8952,0.0519,0.9091,0.039,0,0,0,0,0,0,NA,NA,Jackson,MS,0,1
KC's School of Hair Design,www.kcsschoolofhair.com/,NA,NA,NA,7978,54,0.7674,0.9444,0.037,0.0185,0,0,0,0,0,0,NA,NA,Pontotoc,MS,0,0
Lincoln Technical Institute-Moorestown,www.lincolntech.edu/campus/moorestown-nj,NA,NA,NA,10521,633,0.662,0.1422,0.4961,0.1517,0.0205,0.0016,0.0032,0.0506,0.0016,0.1327,NA,NA,Moorestown,NJ,0,1
MCVSD,www.mcvsd.org/,NA,NA,NA,NA,63,0.375,0.3016,0.3968,0.3016,0,0,0,0,0,0,NA,NA,Freehold,NJ,1,1
Yeshiva Gedolah Imrei Yosef D'spinka,spinka58st.com/,NA,NA,NA,NA,232,0.9133,1,0,0,0,0,0,0,0,0,0.2,18269,Brooklyn,NY,0,1
Knox County Career Center,https://www.knoxtechnicalcenter.com/,NA,NA,NA,9500,110,0.3113,0.8909,0.0364,0.0273,0,0,0,0.0091,0,0.0364,NA,NA,Mount Vernon,OH,1,0
Madison Adult Career Center,www.madisonadultcc.org/,NA,NA,NA,4266,91,0.459,0.6813,0.2857,0,0,0,0,0.033,0,0,NA,NA,Mansfield,OH,1,1
Remington College-Cleveland Campus,https://www.remingtoncollege.edu/locations/cleveland/,NA,NA,NA,13271,133,0.9839,0.0752,0.8421,0.0451,0,0,0,0.0301,0,0.0075,NA,27834,Cleveland,OH,0,1
Brown & Clermont Adult Career Campuses,www.bccareer.org/,NA,NA,NA,NA,59,0.11,0.9153,0.0508,0,0,0,0,0.0339,0,0,NA,NA,Bethel,OH,1,0
Chisholm Trail Technology Center,www.cttc.edu/,NA,NA,NA,NA,23,0.0791,0.7391,0.0435,0.1304,0,0,0,0.087,0,0,NA,NA,Omega,OK,1,0
Gordon Cooper Technology Center,www.gctech.edu/,NA,NA,NA,NA,208,0.1189,0.6779,0.0096,0.101,0,0.0721,0,0.1394,0,0,NA,NA,Shawnee,OK,1,0
Kiamichi Technology Center-McAlester,www.ktc.edu/,NA,NA,NA,NA,575,0.1076,0.5513,0.0383,0.0609,0.0017,0.2487,0.0017,0.0696,0,0.0278,NA,NA,McAlester,OK,1,0
YTI Career Institute-Altoona,www.yti.edu/,NA,NA,NA,NA,112,0.7284,0.3571,0.4018,0.0625,0.0625,0,0.0089,0.0446,0,0.0625,NA,NA,Altoona,PA,0,1
Eastern Center for Arts and Technology,www.eastech.org/,NA,1,NA,11200,181,0.269,0.1215,0.7735,0.0221,0.0608,0,0,0.0221,0,0,NA,NA,Willow Grove,PA,1,1
Empire Beauty School-Center City Philadelphia,www.empire.edu/,NA,NA,NA,10667,262,0.6585,0.0267,0.5802,0.0725,0.0076,0,0,0.0229,0,0.2901,NA,NA,Philadelphia,PA,0,1
CEM College-Humacao,https://www.cemcollege.edu/cem/,NA,NA,NA,5000,174,0.8865,0,0,1,0,0,0,0,0,0,0.4242,18485,Humacao,PR,0,1
Colegio Mayor de Tecnologia Inc,www.cmtarroyo.com/,NA,NA,NA,NA,106,0.8976,0,0,1,0,0,0,0,0,0,NA,NA,Arroyo,PR,0,1
Institucion Chaviano de Mayaguez,www.mitpr.edu/,NA,NA,NA,NA,124,1,0,0,1,0,0,0,0,0,0,NA,NA,Mayaguez,PR,0,1
Liceo de Arte-Dise-O y Comercio,www.liceocaguas.com/,NA,NA,NA,NA,190,0.75,0,0,1,0,0,0,0,0,0,NA,NA,Caguas,PR,0,1
Universal Technology College of Puerto Rico,www.unitecpr.edu/,NA,NA,NA,NA,149,0.6023,0,0,1,0,0,0,0,0,0,0.1667,NA,Aguadilla,PR,0,1
Academy of Hair Technology,www.hairchamps.com/,NA,NA,NA,3417,95,0.3218,0.3789,0.4737,0.0737,0.0316,0.0105,0,0.0211,0.0105,0,NA,NA,Greenville,SC,0,1
Mr Wayne's School of Unisex Hair Design,www.misterwaynes.com/,NA,NA,NA,NA,22,0.6452,0.5909,0.0455,0.2727,0,0,0,0.0909,0,0,NA,NA,Cookeville,TN,0,0
Queen City College,https://queencitycollege.com/,NA,NA,NA,4913,127,0.6,0.2126,0.6535,0.0945,0,0,0,0.0315,0,0.0079,NA,NA,Clarksville,TN,0,1
College of the Marshall Islands,https://www.cmi.edu/,NA,NA,NA,NA,1216,0.9552,0,0,8e-4,0.0041,0,0.9951,0,0,0,NA,17852,Majuro,MH,1,NA
Remington College-Fort Worth Campus,https://www.remingtoncollege.edu/locations/fort-worth/,NA,NA,NA,13271,164,0.8453,0.1951,0.4939,0.2256,0.0244,0,0.0061,0.0549,0,0,NA,31426,North Richland Hills,TX,0,1
UCAS University of Cosmetology Arts & Sciences,www.ucastx.com/,NA,NA,NA,5417,16,1,0,0,1,0,0,0,0,0,0,NA,NA,San Antonio,TX,0,1
School of Automotive Machinists & Technology,samtech.edu/,NA,0.5862,NA,9500,102,0.3758,0.6275,0.0588,0.2647,0.0196,0.0098,0,0.0098,0.0098,0,NA,NA,Houston,TX,0,1
Nuvani Institute,https://www.nuvani.edu/,NA,NA,NA,5304,16,0.9355,0.0625,0,0.9375,0,0,0,0,0,0,NA,NA,San Antonio,TX,0,1
Nuvani Institute,https://www.nuvani.edu/,NA,NA,NA,5030,81,0.8081,0.037,0.0864,0.8642,0.0123,0,0,0,0,0,NA,NA,Eagle Pass,TX,0,1
Texas College of Cosmetology-Abilene,www.texascollegecosmetology.com/,NA,NA,NA,6333,74,0.7235,0.527,0.1081,0.2838,0,0,0,0,0,0.0811,NA,NA,Abilene,TX,0,1
Centura College-Newport News,https://www.centuracollege.edu/campuses/newport-news,NA,NA,NA,14750,210,0.8038,0.1333,0.7048,0.081,0.0048,0.0143,0.0095,0.0524,0,0,NA,31875,Newport News,VA,0,1
Centura College-Norfolk,https://www.centuracollege.edu/campuses/norfolk,NA,NA,NA,14750,193,0.7376,0.1295,0.6788,0.0984,0,0.0207,0.0052,0.0674,0,0,NA,32531,Norfolk,VA,0,1
Virginia Beach City Public Schools School of Practical Nursing,techcenter.vbschools.com/school/programs-of-study/licensed-practical-nursing,NA,NA,NA,NA,41,0.2778,0.2683,0.3171,0.122,0.122,0,0,0.1707,0,0,NA,NA,Virginia Beach,VA,1,1
Northwest College of Art & Design,https://ncad.edu/,NA,0.7647,NA,30750,150,0.521,0.56,0.0667,0.16,0.06,0.0867,0.0267,0,0.0067,0.0333,0.3793,30217,Tacoma,WA,0,1
University of Washington-Bothell Campus,https://www.uwb.edu/,1376,0.9177,NA,14615,5228,0.2843,0.2768,0.101,0.1056,0.3531,0.0017,0.0025,0.0691,0.0298,0.0604,0.6834,24462,Bothell,WA,1,1
University of Washington-Tacoma Campus,https://www.tacoma.uw.edu/,NA,0.8295,NA,14615,3989,0.4019,0.3414,0.1131,0.1589,0.2349,0.0055,0.0105,0.0885,0.018,0.0291,0.5893,24528,Tacoma,WA,1,1
Huntington School of Beauty Culture,https://huntingtonschoolofbeauty.com/,NA,NA,NA,NA,115,0.3252,0.8522,0.0696,0.0087,0.0174,0.0087,0,0.0435,0,0,NA,NA,Huntington,WV,0,1
Valley College-Beckley,www.valley.edu/,NA,NA,NA,9500,181,0.6239,0.6519,0.0608,0.0055,0,0,0,0.0331,0,0.2486,NA,NA,Beckley,WV,0,1
Valley College-Martinsburg,www.valley.edu/,NA,NA,NA,9500,651,0.7176,0.5177,0.2442,0.0445,0.0015,0,0,0.063,0,0.129,NA,NA,Martinsburg,WV,0,1
Bellus Academy-Poway,www.bellusacademy.edu/,NA,NA,NA,7917,369,0.4439,0.336,0.0542,0.3794,0.065,0.0163,0.0136,0.122,0,0.0136,NA,NA,Poway,CA,0,1
Capstone College,www.capstonecollege.edu/,NA,NA,NA,9500,140,0.4788,0.2,0.0214,0.6357,0.05,0.0071,0,0,0.0071,0.0786,NA,NA,Pasadena,CA,0,1
Central Coast College,https://www.centralcoastcollege.edu/,NA,NA,NA,7476,490,0.465,0.0551,0.0082,0.849,0.0143,0.0041,0.0041,0.0224,0,0.0429,NA,NA,Salinas,CA,0,1
Pacific College of Health and Science,www.pacificcollege.edu/,NA,NA,NA,12271,173,0.3664,0.052,0.0289,0.052,0.0173,0,0,0.0231,0.0173,0.8092,NA,41495,San Diego,CA,0,1
Artistic Nails and Beauty Academy-Tampa,https://www.artistic.edu/,NA,NA,NA,6333,299,0.5514,0.1605,0.4381,0.3211,0.0134,0,0,0.0669,0,0,NA,NA,Tampa,FL,0,1
National Aviation Academy of Tampa Bay,www.naa.edu/,NA,NA,NA,22000,582,0.6311,0.4691,0.1151,0.1976,0.0275,0.0069,0,0.0722,0,0.1117,NA,NA,Clearwater,FL,0,1
Madison Oneida BOCES-Practical Nursing Program,www.moboces.org/programs_services/adulted/health_occupations,NA,0.9167,NA,NA,88,0.8571,0.5455,0.2841,0.125,0.0114,0.0114,0,0.0227,0,0,NA,NA,Verona,NY,1,0
College of Health Care Professions,www.chcp.edu/,NA,NA,NA,9500,529,0.7194,0.0302,0.4216,0.4991,0.0038,0.0038,0,0.0208,0,0.0208,NA,NA,Houston,TX,0,1
Center for Advanced Legal Studies,www.paralegal.edu/,NA,NA,NA,9500,243,0.4818,0.2757,0.4115,0.2757,0.0247,0.0041,0.0041,0.0041,0,0,NA,NA,Houston,TX,0,1
Houston Training School-Main Campus,houstontrainingschools.net/,NA,NA,NA,NA,220,0.9524,0.0091,0.4682,0.5182,0.0045,0,0,0,0,0,NA,NA,Houston,TX,0,1
Bay Mills Community College,www.bmcc.edu/,NA,NA,NA,NA,531,0.4209,0.2957,0.0188,0.0113,0,0.6742,0,0,0,0,NA,11801,Brimley,MI,1,0
Fond du Lac Tribal and Community College,www.fdltcc.edu/,NA,NA,NA,14181,457,0.1905,0.5295,0.0219,0.0481,0.0044,0.2757,0.0022,0.1094,0,0.0088,NA,18557,Cloquet,MN,1,0
Northwest Indian College,www.nwic.edu/,NA,NA,NA,NA,677,0.4946,0.0177,0.0015,0.1049,0,0.774,0.0074,0.0945,0,0,0.2903,14696,Bellingham,WA,1,1
Provo College,www.provocollege.edu/,NA,NA,NA,41733,704,0.5688,0.7045,0.0085,0.1293,0.017,0.0142,0.0142,0.0099,0,0.1023,0,34045,Provo,UT,0,1
CET-Coachella,https://cetweb.edu/,NA,NA,NA,7041,84,0.4141,0.0238,0,0.9762,0,0,0,0,0,0,NA,NA,Coachella,CA,0,1
CET-Oxnard,https://cetweb.edu/,NA,NA,NA,7041,82,0.2055,0.0366,0,0.9512,0.0122,0,0,0,0,0,NA,NA,Oxnard,CA,0,1
CET-Santa Maria,https://www.cetweb.edu/,NA,NA,NA,7041,125,0.305,0.016,0.008,0.96,0,0,0.008,0.008,0,0,NA,NA,Santa Maria,CA,0,1
Michigan College of Beauty-Troy,michigancollegeofbeautytroy.com/,NA,NA,NA,6333,220,0.6833,0.5318,0.3545,0.0273,0.0182,0.0045,0.0091,0.0091,0,0.0455,NA,NA,Troy,MI,0,1
Ogle School Hair Skin Nails-Dallas,www.ogleschool.edu/,NA,NA,NA,7917,410,0.7522,0.0902,0.522,0.3341,0.0049,0,0.0024,0.0341,0,0.0122,NA,NA,Dallas,TX,0,1
Faust Institute of Cosmetology-Spirit Lake,www.faustinstitute.com/,NA,NA,NA,NA,16,0.5357,0.75,0,0.25,0,0,0,0,0,0,NA,NA,Spirit Lake,IA,0,0
Cheeks Beauty Academy,cheeksusa.com/,NA,NA,NA,7000,40,0.7273,0.575,0.025,0.375,0.025,0,0,0,0,0,NA,NA,Loveland,CO,0,1
Colorado School of Healing Arts,www.csha.net/,NA,NA,NA,7600,60,0.1636,0.55,0.0667,0.2333,0.0333,0,0.0167,0.05,0.05,0,NA,NA,Lakewood,CO,0,1
Mt. Diablo Adult Education-Mt. Diablo USD,https://mdae.mdusd.org/,NA,NA,NA,NA,153,0.2076,0.2092,0.1503,0.4837,0.098,0.0065,0.0392,0.0131,0,0,NA,NA,Concord,CA,1,1
Greater Lowell Technical School,https://www.gltech.org/,NA,1,NA,NA,77,0.3372,0.2338,0.5455,0.1429,0.0519,0,0,0.026,0,0,NA,NA,Tyngsboro,MA,1,1
Academy of Hair Design-Pearl,www.academyofhair.com/,NA,NA,NA,6500,48,0.7273,0.7083,0.25,0.0417,0,0,0,0,0,0,NA,NA,Pearl,MS,0,1
Genesis Career College-Lebanon,www.genesiscareer.edu/,NA,NA,NA,9500,98,0.5714,0.5306,0.15310000000000001,0.2449,0.0102,0,0.0102,0.0204,0,0.0306,NA,NA,Lebanon,TN,0,0
Southwest College for the Deaf,https://howardcollege.edu/swcd/,NA,NA,NA,9500,47,0.7407,0.1702,0.1277,0.5106,0.0638,0,0,0.0426,0.0638,0.0213,NA,14687,Big Spring,TX,1,0
Fortis College-Richmond,www.fortis.edu/,NA,NA,NA,9500,399,0.7064,0.0927,0.7669,0.0351,0.0251,0.0125,0,0.0501,0,0.0175,NA,26643,Richmond,VA,0,1
Midwest College of Oriental Medicine-Racine,www.acupuncture.edu/,NA,NA,NA,NA,3,0.5,0.6667,0,0.3333,0,0,0,0,0,0,NA,NA,Racine,WI,0,1
Hacienda La Puente Adult Education,www.hlpae.com/,NA,0.8352,NA,NA,496,0.267,0.0484,0.0242,0.7923,0.1169,0,0.004,0.002,0,0.0121,NA,NA,La Puente,CA,1,1
La Belle Beauty Academy,www.labellebeauty.net/,NA,NA,NA,7502,142,0.4327,0.007,0,0.993,0,0,0,0,0,0,NA,NA,Miami,FL,0,1
Hawaii Community College,www.hawaii.hawaii.edu/,NA,NA,NA,10500,1470,0.3089,0.1517,0.0116,0.1973,0.1422,0.0075,0.0891,0.3762,0.015,0.0095,NA,15161,Hilo,HI,1,0
Robert Fiance Beauty Schools-North Plainfield,www.robertfiance.edu/,NA,NA,NA,6333,160,0.3507,0.35,0.1563,0.3813,0.0188,0,0.0063,0.0438,0.0313,0.0125,NA,NA,North Plainfield,NJ,0,1
Long Island Beauty School-Hauppauge,www.libs.edu/,NA,NA,NA,5500,119,0.3436,0.3445,0.1008,0.2773,0.0084,0.0084,0,0.2353,0.0252,0,NA,NA,Hauppauge,NY,0,1
Buckeye Joint Vocational School,www.buckeyecareercenter.org/,NA,NA,NA,NA,80,0.5147,0.925,0.0125,0.0125,0,0,0.0125,0.0375,0,0,NA,NA,New Philadelphia,OH,1,0
Sandusky Career Center,www.sanduskycareercenter.org/,NA,NA,NA,14513,81,0.5033,0.4815,0.3951,0.0494,0,0,0,0.0617,0,0.0123,NA,NA,Sandusky,OH,1,1
Greater Altoona Career & Technology Center,www.gactc.edu/,NA,NA,NA,9500,174,0.4783,0.8621,0.0575,0.046,0,0,0.0057,0.0115,0,0.0172,NA,NA,Altoona,PA,1,1
Central Texas Beauty College-Temple,www.centraltexasbeautycollege.com/,NA,NA,NA,NA,120,0.6118,0.3667,0.225,0.3417,0.025,0,0.0167,0.0083,0,0.0167,NA,NA,Temple,TX,0,1
Erie 2 Chautauqua Cattaraugus BOCES-Practical Nursing Program,www.e2ccb.org/,NA,NA,NA,NA,31,0.5,0.2581,0.4516,0.2258,0.0645,0,0,0,0,0,NA,NA,Angola,NY,1,0
Empire Beauty School-Brooklyn,www.empire.edu/,NA,NA,NA,10667,161,0.652,0.0807,0.6025,0.2733,0.0062,0,0,0,0,0.0373,NA,NA,Brooklyn,NY,0,1
Eastern New Mexico University Ruidoso Branch Community College,www.ruidoso.enmu.edu/,NA,NA,NA,16500,409,0.1245,0.335,0.022,0.379,0.0196,0.1467,0,0.0318,0.044,0.022,NA,11194,Ruidoso,NM,1,0
UEI College-Ontario,https://www.uei.edu/,NA,NA,NA,9500,930,0.7402,0.0161,0.0376,0.3409,0.0118,0,0.0043,0.0022,0,0.5871,NA,NA,Ontario,CA,0,1
UEI College-Reseda,https://www.uei.edu/,NA,NA,NA,9500,1056,0.7519,0.035,0.0142,0.2879,0.0076,0.0076,0.0028,0.0038,0,0.6411,NA,NA,Reseda,CA,0,1
Beacon College,https://www.beaconcollege.edu/,NA,0.6037,NA,25000,497,0.2601,0.6821,0.1167,0.0905,0.0382,0.002,0.004,0.0503,0.0121,0.004,0.72,68815,Leesburg,FL,0,1
Estrella Mountain Community College,www.estrellamountain.edu/,NA,NA,NA,7500,6424,0.2316,0.2377,0.073,0.5875,0.0291,0.0128,0.0037,0.0433,0.0022,0.0107,NA,17366,Avondale,AZ,1,1
Heartland Community College,https://www.heartland.edu/,NA,NA,NA,7826,2991,0.2061,0.6409,0.1297,0.1174,0.0197,0.0013,3e-4,0.0625,0.0157,0.0124,NA,15314,Normal,IL,1,1
University of the Potomac-Washington DC Campus,www.potomac.edu/,NA,NA,NA,8769,266,0.2632,0.0714,0.1729,0.1504,0.3797,0,0,0.0038,0.2218,0,0.75,21791,Washington,DC,0,1
Rabbi Jacob Joseph School,https://rabbijacobjoseph.com/,NA,0.9032,NA,NA,96,0.1789,0.9583,0,0,0,0,0,0,0.0417,0,0.04,20300,Edison,NJ,0,1
The Salon Professional Academy-Melbourne,www.tspamelbourne.com/,NA,NA,NA,7528,132,0.4118,0.553,0.1515,0.0833,0.0227,0.0227,0,0.1136,0.053,0,NA,NA,Melbourne,FL,0,1
Fortis Institute-Scranton,www.fortis.edu/,NA,NA,NA,9500,205,0.7952,0.5122,0.1854,0.1951,0.0488,0.0049,0.0049,0.039,0,0.0098,NA,31149,Scranton,PA,0,1
Everglades University,https://www.evergladesuniversity.edu/,NA,0.8644,NA,38996,2369,0.5147,0.4576,0.1916,0.1233,0.0148,0.0156,0.0034,0.0169,0,0.1769,0.6427,36311,Boca Raton,FL,0,1
Seminar L'moros Bais Yaakov,seminarlmorosbaisyaakov.com/,NA,0.879,NA,NA,371,0.7624,1,0,0,0,0,0,0,0,0,NA,23916,Brooklyn,NY,0,1
Herzing University-Orlando,https://www.herzing.edu/,NA,0.8993,NA,21500,700,0.5986,0.1986,0.3814,0.2914,0.0471,0.0057,0.0043,0.0257,0,0.0457,0.3333,26011,Winter Park,FL,0,1
Cortiva Institute,www.cortiva.edu/,NA,NA,NA,7521,121,0.4536,0.2149,0.5124,0.2562,0,0,0.0083,0,0,0.0083,NA,NA,Pompano Beach,FL,0,1
College of Biblical Studies-Houston,https://cbshouston.edu/,NA,NA,NA,25570,482,0.7854,0.1763,0.3838,0.2676,0.056,0.0041,0.0041,0.0083,0.0913,0.0083,0.5,20532,Houston,TX,0,1
Mid-EastCTC-Adult Education,https://adulted.mideastctc.org/,NA,NA,NA,7600,268,0.2131,0.7948,0.0634,0.0075,0.0075,0.0112,0,0.0485,0,0.0672,NA,NA,Zanesville,OH,1,0
Polaris Career Center,https://www.polaris.edu/,NA,NA,NA,6365,230,0.4486,0.5478,0.1522,0.1348,0.0348,0.0043,0,0.0522,0,0.0739,NA,NA,Middleburg Heights,OH,1,1
P&A Scholars Beauty School,www.pandascholars.com/,NA,NA,NA,6333,135,0.6833,0,1,0,0,0,0,0,0,0,NA,NA,Detroit,MI,0,1
Sharp's Academy of Hairstyling,www.sharpsacademyofhairstyling.com/,NA,NA,NA,NA,26,0.5625,0.9615,0.0385,0,0,0,0,0,0,0,NA,NA,Grand Blanc,MI,0,1
The College of Health Care Professions-Northwest,www.chcp.edu/,NA,NA,NA,9500,3794,0.6629,0.1247,0.291,0.3361,0.0084,0.0082,0.0032,0.0195,0.0037,0.2053,0.265,NA,Houston,TX,0,1
School of Professional Horticulture New York Botanical Garden,www.nybg.org/edu/soph/,NA,0.75,NA,NA,19,0,0.6316,0,0.2105,0.1579,0,0,0,0,0,NA,NA,Bronx,NY,0,1
Fortis College,https://www.fortis.edu/,NA,NA,NA,9500,357,0.7267,0.0252,0.6331,0.2773,0.014,0.0028,0,0.0336,0,0.014,NA,NA,Houston,TX,0,1
UEI College-Gardena,https://www.uei.edu/,NA,NA,NA,9500,1444,0.7604,0.0242,0.1468,0.3373,0.0139,0.0076,0.0048,0.009,0,0.4564,NA,NA,Gardena,CA,0,1
Asian-American International Beauty College,www.aabeautycollege.com/,NA,NA,NA,NA,413,0.2197,0.0024,0.0024,0.0024,0.9709,0,0,0.0024,0.0194,0,NA,NA,Westminster,CA,0,1
Copper Mountain Community College,www.cmccd.edu/,NA,NA,NA,NA,1090,0.4432,0.3578,0.078,0.4202,0.0569,0.0055,0.0046,0.067,0,0.0101,NA,16105,Joshua Tree,CA,1,0
Diversified Vocational College,www.dvcla.edu/,NA,NA,NA,9500,224,0.829,0.2232,0.5357,0.1696,0.0134,0.0089,0,0.0179,0,0.0313,NA,NA,Los Angeles,CA,0,1
UEI College-Fresno,https://www.uei.edu/,NA,NA,NA,9500,974,0.7365,0.0154,0.0236,0.155,0.0113,0.0031,0.001,0.0051,0,0.7854,NA,NA,Fresno,CA,0,1
Santiago Canyon College,www.sccollege.edu/SitePages/Home.aspx,NA,NA,NA,5125,10613,0.1155,0.2535,0.0238,0.5797,0.0667,0.0031,0.0031,0.0404,0.0096,0.0201,NA,12617,Orange,CA,1,1
Southern California Institute of Technology,https://www.scitech.edu/,NA,0.875,NA,10798,533,0.7121,0.1538,0.0525,0.6023,0.0957,0.0019,0.0113,0.0582,0,0.0244,0.5,33835,Anaheim,CA,0,1
Soka University of America,www.soka.edu/,1360,0.6952,35,15650,464,0.1685,0.1401,0.0216,0.1315,0.1013,0,0.0022,0.053900000000000003,0.5409,0.0086,0.9055,52758,Aliso Viejo,CA,0,1
Summit College,https://www.summitcollege.edu/,NA,NA,NA,7600,1210,0.5349,0.1744,0.1174,0.5901,0.0347,0.0033,0.014,0.0562,0,0.0099,NA,NA,San Bernardino,CA,0,1
Advance Beauty College,www.advancebeautycollege.com/,NA,NA,NA,NA,448,0.4969,0.0714,0.0223,0.2165,0.6138,0.0357,0,0.0112,0.0246,0.0045,NA,NA,Garden Grove,CA,0,1
Los Angeles Pacific College,www.lapacific.edu/,NA,NA,NA,NA,61,0,0.0328,0.0164,0,0.9508,0,0,0,0,0,NA,NA,Los Angeles,CA,0,1
World Mission University,www.wmu.edu/,NA,NA,NA,NA,180,0.4688,0,0,0.2222,0.4056,0,0,0,0.3722,0,1,22556,Los Angeles,CA,0,1
John Amico School of Hair Design,https://www.johnamicoschoolofhairdesign.com/,NA,NA,NA,7917,175,0.6277,0.04,0.8571,0.08,0,0,0,0,0.0057,0.0171,NA,NA,Oak Forest,IL,0,1
Delta College Inc,www.deltacollege.com/,NA,NA,NA,6397,153,0.6032,0.549,0.3856,0.0261,0.0131,0,0,0.0261,0,0,NA,NA,Covington,LA,0,1
Tri-State Cosmetology Institute,tristatecosmetology.com/,NA,NA,NA,5735,147,0.692,0.1224,0.0544,0.7755,0.0136,0.0068,0,0.0204,0,0.0068,NA,NA,El Paso,TX,0,1
Frontier Community College,https://www.iecc.edu/fcc,NA,NA,NA,6500,292,0.0759,0.887,0.0274,0.0411,0.0137,0.0034,0.0034,0.0205,0,0.0034,NA,16961,Fairfield,IL,1,0
Lincoln Trail College,https://www.iecc.edu/ltc,NA,NA,NA,6500,360,0.3129,0.7889,0.05,0.0944,0.0083,0.0056,0.0028,0.0139,0,0.0361,NA,17091,Robinson,IL,1,0
Wabash Valley College,https://www.iecc.edu/wvc,NA,NA,NA,6500,526,0.2354,0.8441,0.0494,0.0399,0.0247,0.0057,0,0.0171,0,0.019,NA,16639,Mount Carmel,IL,1,0
Brookline College-Tempe,www.brooklinecollege.edu/,NA,NA,NA,9500,294,0.5843,0.2483,0.1667,0.3571,0.0068,0.0612,0.0034,0.0136,0,0.1429,NA,NA,Tempe,AZ,0,1
Schiller International University,www.schiller.edu/,NA,NA,NA,35758,35,0.1071,0.2286,0.1429,0.0857,0.0286,0,0,0,0.0286,0.4857,0,24840,Tampa,FL,0,1
Coconino Community College,www.coconino.edu/,NA,NA,NA,10250,2575,0.2063,0.4416,0.019,0.2027,0.0128,0.2171,0.0027,0.0365,0,0.0676,NA,18426,Flagstaff,AZ,1,0
Emma's Beauty Academy-Juana Diaz,https://www.ebajuanadiaz.com/,NA,NA,NA,NA,318,0.7271,0,0,1,0,0,0,0,0,0,NA,NA,Juana Diaz,PR,0,1
Brillare Beauty Institute,www.brillarebeautyinstitute.edu/,NA,NA,NA,7479,259,0.6814,0.7259,0.1197,0.0656,0.0039,0.0039,0,0.0425,0,0.0386,NA,NA,Cleveland,TN,0,1
Pima Medical Institute-Denver,https://pmi.edu/,NA,NA,NA,9500,764,0.4124,0.3704,0.0458,0.4777,0.0275,0.0039,0.0026,0.0681,0,0.0039,NA,NA,Denver,CO,0,1
Ohio State School of Cosmetology-Heath,https://salonschools.ohiostate.edu/,NA,NA,NA,9900,92,0.4696,0.8478,0.0217,0,0.0109,0.0109,0,0.0543,0,0.0543,NA,NA,Heath,OH,0,1
Yeshivas Novominsk,https://yeshivasnovominsk.com/,NA,0.902,NA,NA,163,0.349,0.9877,0,0,0,0,0,0,0.0123,0,0,19500,Brooklyn,NY,0,1
Southern Careers Institute-Corpus Christi,www.scitexas.edu/,NA,NA,NA,8708,505,0.7258,0.2931,0.0317,0.6396,0.0079,0.002,0,0.0139,0,0.0119,NA,NA,Corpus Christi,TX,0,1
Rabbinical College of Ohr Shimon Yisroel,https://ohr-sy.com/,NA,NA,NA,NA,233,0.8017,1,0,0,0,0,0,0,0,0,0.4375,27700,Brooklyn,NY,0,1
Carroll Community College,https://www.carrollcc.edu/,NA,NA,NA,11750,2006,0.1553,0.7522,0.0578,0.0783,0.0369,0.0015,5e-4,0.0573,0.007,0.0085,NA,8611,Westminster,MD,1,0
Galen College of Nursing-Tampa Bay,www.galencollege.edu/tampabay,NA,NA,NA,24166,1601,0.4832,0.3941,0.2305,0.1936,0.0456,0.0031,0.0031,0.0281,0,0.1018,NA,35084,Saint Petersburg,FL,0,1
Galen College of Nursing-San Antonio,www.galencollege.edu/sanantonio/,NA,NA,NA,24166,3206,0.5324,0.2102,0.116,0.4897,0.034,0.0012,0.0128,0.0203,0,0.1157,NA,34745,San Antonio,TX,0,1
Sarasota School of Massage Therapy,https://www.sarasotaschoolofmassagetherapy.edu/,NA,NA,NA,7916,76,0.6154,0.6184,0.0658,0.1447,0.0132,0.0132,0,0.0921,0.0132,0.0395,NA,NA,Sarasota,FL,0,1
Schuyler Steuben Chemung Tioga Allegany BOCES,https://www.gstboces.org/page/adult-education,NA,NA,NA,9500,170,0.6723,0.7706,0.1059,0.0412,0.0059,0,0,0.0765,0,0,NA,NA,Elmira,NY,1,0
Delaware Chenango Madison Otsego BOCES-Practical Nursing Program,www.dcmoboces.com/,NA,NA,NA,NA,34,0.9231,0.7647,0.0588,0.0294,0.0588,0.0294,0.0294,0.0294,0,0,NA,NA,Norwich,NY,1,0
Central Susquehanna Intermediate Unit LPN Career,www.csiu.org/lpn,NA,0.8387,NA,12034,87,0.4959,0.8966,0.046,0.0115,0.023,0,0,0.023,0,0,NA,NA,Milton,PA,1,0
Myotherapy Massage College,myotherapycollege.com/,NA,NA,NA,8233,61,0.4205,0.7049,0.0164,0.1311,0,0.0164,0,0.0164,0.0164,0.0984,NA,NA,Millcreek City,UT,0,1
G Skin & Beauty Institute,www.gskinbeautyinstitute.edu/,NA,NA,NA,7917,436,0.3718,0.2431,0.3739,0.3394,0.0229,0,0,0.0206,0,0,NA,NA,Oakbrook,IL,0,1
Cosmetology Training Center,cosmetlafayettela.com/,NA,NA,NA,7800,101,0.5306,0.8812,0.0693,0,0.0099,0,0,0,0,0.0396,NA,NA,Lafayette,LA,0,1
Stage One-The Hair School,www.stageoneinc.com/,NA,NA,NA,9833,79,0.7353,0.8734,0.1139,0.0127,0,0,0,0,0,0,NA,NA,Lake Charles,LA,0,1
Empire Beauty School-Malden,www.empire.edu/,NA,NA,NA,10667,101,0.434,0.2277,0.3366,0.2178,0.0495,0.0099,0,0.0297,0,0.1287,NA,NA,Malden,MA,0,1
Stephanie Moss Academy,www.xenonacademy.net/,NA,NA,NA,6867,220,0.5642,0.5455,0.1364,0.2591,0.0182,0.0045,0,0.0364,0,0,NA,NA,Omaha,NE,0,1
Orlo School of Hair Design and Cosmetology,www.theorloschool.com/,NA,NA,NA,6538,60,0.3765,0.8333,0.0833,0,0.05,0,0,0.0167,0,0.0167,NA,NA,Albany,NY,0,1
Eastland-Fairfield Career and Technical Schools,https://www.eastlandfairfield.com/,NA,NA,NA,6333,84,0.425,0.7024,0.1548,0.0595,0.0238,0,0,0.0595,0,0,NA,NA,Groveport,OH,1,1
Empire Beauty School-Cincinnati,www.empire.edu/,NA,NA,NA,16500,175,0.6371,0.1143,0.64,0.0286,0.0114,0,0,0.04,0,0.1657,NA,NA,Cincinnati,OH,0,1
Mahoning County Career and Technical Center,https://mahoningctc.com/adult,NA,NA,NA,NA,74,0.0667,0.7432,0.0676,0.0405,0.027,0,0.0946,0.027,0,0,NA,NA,Canfield,OH,1,1
Pickaway Ross Joint Vocational School District,www.pickawayross.com/,NA,NA,NA,5500,237,0.2815,0.9367,0.0211,0.0084,0,0,0,0.0338,0,0,NA,NA,Chillicothe,OH,1,0
Pioneer Career and Technology Center,https://www.pctc.k12.oh.us/,NA,NA,NA,NA,68,0.0519,0.8824,0.0441,0.0441,0,0,0,0.0147,0,0.0147,NA,NA,Shelby,OH,1,0
Raphael's School of Beauty Culture Inc-Boardman,www.raphaelsbeautyschool.edu/,NA,NA,NA,6251,131,0.5926,0.6107,0.2214,0.084,0.0076,0,0,0.0763,0,0,NA,NA,Boardman,OH,0,1
Scioto County Career Technical Center,www.sciototech.org/,NA,NA,NA,5500,125,0.6814,0.984,0.016,0,0,0,0,0,0,0,NA,NA,Lucasville,OH,1,0
Pacific Bible College,pacificbible.edu/,NA,0.9286,NA,NA,44,0.3077,0.8864,0.0227,0,0,0,0,0.0909,0,0,NA,NA,Medford,OR,0,1
Lake Erie College of Osteopathic Medicine,www.lecom.edu/,NA,NA,NA,NA,10,0,0.3,0.2,0.3,0.1,0,0,0.1,0,0,NA,NA,Erie,PA,0,1
UCAS University of Cosmetology Arts & Sciences-Harlingen,www.ucastx.com/,NA,NA,NA,6447,82,0.6452,0,0,1,0,0,0,0,0,0,NA,NA,Harlingen,TX,0,1
KaiStar,https://paulmitchell.edu/federalway,NA,NA,NA,10555,151,0.4354,0.4901,0.1589,0.1921,0.0331,0.0066,0.0132,0.0861,0,0.0199,NA,NA,Federal Way,WA,0,1
Empire Beauty School-Green Bay,www.empire.edu/,NA,NA,NA,10231,85,0.5481,0.5176,0.0471,0.1765,0.0706,0.0118,0,0.1647,0,0.0118,NA,NA,Ashwaubenon,WI,0,1
Warren County Career Center,www.mywccc.org/,NA,NA,NA,5500,206,0.1976,0.767,0.034,0.0146,0.0146,0.0049,0,0.0388,0,0.1262,NA,NA,Lebanon,OH,1,0
Paul Mitchell the School-Wichita,paulmitchell.edu/wichita,NA,NA,NA,9833,172,0.6679,0.4651,0.1279,0.3198,0.0233,0,0,0.0581,0,0.0058,NA,NA,Wichita,KS,0,1
Pinnacle Institute of Cosmetology,pinnacleinstitute.edu/,NA,NA,NA,9833,55,0.3537,0.9818,0,0,0,0,0,0.0182,0,0,NA,NA,Mooresville,NC,0,1
Southern Careers Institute-Pharr,www.scitexas.edu/,NA,NA,NA,8708,629,0.7608,0.2242,0.0143,0.752,0.0016,0,0.0032,0.0048,0,0,NA,NA,Pharr,TX,0,1
Florida National University-Main Campus,www.fnu.edu/,NA,NA,NA,27554,2354,0.8362,0.0331,0.0438,0.8156,0.0047,0.0017,4e-4,0.0013,0.0986,8e-4,0.486,33531,Hialeah,FL,0,1
Georgia Institute of Cosmetology,gic.edu/,NA,NA,NA,11273,250,0.6746,0.5,0.364,0.124,0.008,0,0.004,0,0,0,NA,NA,Athens,GA,0,1
Nouvelle Institute,nouvelleinstitute.com/,NA,NA,NA,NA,54,1,0,0,1,0,0,0,0,0,0,NA,NA,Miami,FL,0,1
Franklin Technology Center Adult Education,www.franklintechnologycenter.com/,NA,NA,NA,7600,57,0.5465,0.807,0.0175,0.0351,0.0175,0.0351,0,0.0877,0,0,NA,NA,Joplin,MO,1,1
Professional Technical Institution,www.ptipr.edu/,NA,NA,NA,NA,187,1,0,0,1,0,0,0,0,0,0,NA,NA,Bayamon,PR,0,1
South Texas College,https://www.southtexascollege.edu/,NA,NA,NA,NA,16131,0.3593,0.0242,0.0056,0.9485,0.0058,9e-4,2e-4,0.0016,7e-4,0.0124,0.1458,7505,McAllen,TX,1,1
Pike County Joint Vocational School District,www.pikectc.org/,NA,NA,NA,NA,38,NA,0.9737,0,0,0,0,0,0.0263,0,0,NA,NA,Piketon,OH,1,0
Lorain County Joint Vocational School District,https://www.lcjvs.com/loraincountyadultcareercenter_home.aspx,NA,NA,NA,NA,108,0.2282,0.5648,0.2037,0.1574,0,0,0,0.0648,0,0.0093,NA,NA,Oberlin,OH,1,0
California State University-Monterey Bay,https://csumb.edu/,NA,0.9483,NA,12750,5811,0.4299,0.2678,0.0265,0.5386,0.0614,0.0015,0.0029,0.0546,0.0198,0.0268,0.6168,26017,Seaside,CA,1,1
Ohio Media School-Valley View,www.beonair.com/,NA,NA,NA,9500,74,0.6636,0.1622,0.7568,0.0811,0,0,0,0,0,0,NA,NA,Valley View,OH,0,1
EINE Inc,electrologyinstitute.com/,NA,NA,NA,NA,40,0.2286,0.775,0,0.15,0.05,0.025,0,0,0,0,NA,NA,Tewksbury,MA,0,1
Marian Health Careers Center-Los Angeles Campus,www.mariancollege.edu/,NA,NA,NA,12337,154,0.4213,0.013,0.1104,0.4091,0.4351,0,0,0,0.0325,0,NA,NA,Los Angeles,CA,0,1
Cleveland Clinic Health System-School of Diagnostic Imaging,www.clevelandclinic.org/sodi,NA,NA,NA,NA,31,0.4595,0.7742,0,0.0323,0.0968,0,0,0.0968,0,0,NA,NA,Euclid,OH,0,1
Academy for Nursing and Health Occupations,www.anho.edu/,NA,NA,NA,20293,559,0.5303,0.0769,0.8229,0.0751,0.0107,0.0018,0,0.0072,0,0.0054,NA,NA,West Palm Beach,FL,0,1
Shawsheen Valley School of Practical Nursing,https://www.shawsheenpracticalnursing.com/,NA,NA,NA,NA,35,0.4565,0.3143,0.5429,0.1143,0.0286,0,0,0,0,0,NA,NA,Billerica,MA,1,1
Shear Ego International School of Hair Design,www.shearegoschool.com/,NA,NA,NA,6333,133,0.3369,0.5564,0.2105,0.1729,0.0075,0,0,0.0301,0,0.0226,NA,NA,Rochester,NY,0,1
Remington College-Memphis Campus,https://www.remingtoncollege.edu/locations/memphis/,NA,NA,NA,13271,391,0.9128,0.0307,0.954,0.0051,0,0,0,0.0051,0,0.0051,NA,31495,Memphis,TN,0,1
Fayette Institute of Technology,fit.faye.tec.wv.us/,NA,NA,NA,NA,36,0.5,1,0,0,0,0,0,0,0,0,NA,NA,Oak Hill,WV,1,1
Capella University,www.capella.edu/,NA,NA,NA,14968,16173,0.3657,0.4775,0.2565,0.1336,0.0354,0.0054,0.0046,0.0363,0.005,0.0457,0.5,22029,Minneapolis,MN,0,1
College of Menominee Nation,https://www.menominee.edu/,NA,NA,NA,NA,199,0.5089,0.0603,0.005,0.0201,0,0.9146,0,0,0,0,NA,16327,Keshena,WI,0,0
Leech Lake Tribal College,www.lltc.edu/,NA,NA,NA,NA,243,0.7047,0.0658,0.0082,0.0041,0,0.9053,0,0.0165,0,0,NA,18199,Cass Lake,MN,1,0
Spartan College of Aeronautics & Technology,www.spartan.edu/,NA,NA,NA,20000,319,0.3972,0.0846,0.1066,0.6019,0.1097,0.0031,0.0345,0.0376,0,0.0219,NA,NA,Inglewood,CA,0,1
Yukon Beauty College Inc,www.yukonbeautycollege.com/,NA,NA,NA,NA,26,0.6591,0.7308,0,0.1538,0.0385,0.0769,0,0,0,0,NA,NA,Yukon,OK,0,1
United Education Institute-Morrow,https://www.uei.edu/,NA,NA,NA,9500,1119,0.7148,0.0098,0.3405,0.0357,0.0045,0.0027,0.0018,0.0116,0,0.5934,NA,NA,Morrow,GA,0,1
Artistic Academy of Hair Design,www.artisticacademy.com/,NA,NA,NA,5500,93,0.2647,0.6452,0.0753,0.2473,0.0215,0,0.0108,0,0,0,NA,NA,Morris Plains,NJ,0,1
Motoring Technical Training Institute,www.mtti.edu/,NA,NA,NA,9500,328,0.4152,0.4909,0.1677,0.2622,0.0183,0.0152,0,0.0213,0,0.0244,NA,NA,Seekonk,MA,0,1
Mech-Tech College,https://www.mechtech.edu/,NA,NA,NA,3500,2246,0.9198,0.0062,0.004,0.9884,4e-4,9e-4,0,0,0,0,NA,17377,Caguas,PR,0,1
Baldwin Beauty School-North Austin,baldwinbeautyschools.com/,NA,NA,NA,6980,84,0.4751,0.3452,0.0595,0.5595,0.0238,0,0,0.0119,0,0,NA,NA,Austin,TX,0,1
Jean Madeline Aveda Institute,jeanmadeline.edu/,NA,NA,NA,8028,239,0.2937,0.4644,0.272,0.1339,0.0335,0,0.0084,0.0711,0,0.0167,NA,NA,Philadelphia,PA,0,1
Pacific College of Health and Science,www.pacificcollege.edu/,NA,NA,NA,12271,264,0.2811,0.1515,0.0379,0.0455,0.0341,0,0,0.0227,0.053,0.6553,1,47478,New York,NY,0,1
Tricoci University of Beauty Culture-Indianapolis,www.tricociuniversity.edu/,NA,NA,NA,7307,341,0.6232,0.2023,0.566,0.1202,0.0264,0.0059,0.0029,0.0674,0.0088,0,NA,NA,Indianapolis,IN,0,1
Trine University-Regional/Non-Traditional Campuses,trine.edu/online/index.aspx,NA,0.2162,NA,25000,273,0.1298,0.63,0.044,0.0696,0.0183,0,0,0.0293,0.1026,0.1062,0,21976,Angola,IN,0,0
Pennsylvania Highlands Community College,www.pennhighlands.edu/,NA,NA,NA,11000,719,0.1885,0.8567,0.0487,0.0362,0.007,0,0,0.025,0,0.0264,NA,12623,Johnstown,PA,1,0
Nevada Career Institute,www.nevadacareerinstitute.com/,NA,NA,NA,9500,396,0.6046,0.1591,0.3258,0.2955,0.0606,0.0076,0.0581,0.0859,0,0.0076,NA,NA,Las Vegas,NV,0,1
Empire Beauty School-Hanover,www.empire.edu/,NA,NA,NA,13583,50,0.4324,0.74,0.08,0.14,0,0,0,0.04,0,0,NA,NA,Hanover,PA,0,1
Industrial Management Training Institute,imti.edu/,NA,NA,NA,9500,29,0.1339,0.5172,0.1724,0.3103,0,0,0,0,0,0,NA,NA,Waterbury,CT,0,1
Allen School-Jamaica,www.allenschool.edu/,NA,NA,NA,9500,84,0.9307,0,0.5595,0.1786,0.131,0.0238,0,0.0238,0,0.0833,NA,NA,Jamaica,NY,0,1
Premiere Career College,www.premierecollege.edu/,NA,NA,NA,15188,106,0.65,0.0377,0.0189,0.8302,0.0755,0.0189,0,0.0189,0,0,NA,NA,Irwindale,CA,0,1
The University of Texas MD Anderson Cancer Center,www.mdanderson.org/,NA,NA,NA,12500,322,0.3205,0.2174,0.0683,0.3758,0.2578,0,0,0.0373,0.028,0.0155,NA,NA,Houston,TX,1,1
Paul Mitchell the School-Huntsville,https://paulmitchell.edu/huntsville,NA,NA,NA,12375,102,0.5,0.6078,0.2941,0.0882,0,0,0,0.0098,0,0,NA,NA,Madison,AL,0,1
Estes Institute of Cosmetology Arts and Science,www.estescosmetology.com/,NA,NA,NA,NA,41,0.4632,0.1707,0.0244,0.6829,0.0244,0.0244,0,0.0488,0,0.0244,NA,NA,Visalia,CA,0,1
Baldwin Park Adult & Community Education,https://bpace.bpusd.net/,NA,NA,NA,NA,435,0.431,0.0368,0.0092,0.846,0.0897,0.0046,0.0023,0.0092,0,0.0023,NA,NA,Baldwin Park,CA,1,1
Ventura Adult and Continuing Education,www.adultedventura.edu/,NA,NA,NA,3920,52,0.3505,0.25,0.0192,0.6923,0.0192,0,0,0,0,0.0192,NA,NA,Ventura,CA,1,1
CT Aerotech,ctaero.cttech.org/,NA,NA,NA,NA,34,0,0.7941,0.0882,0.0882,0.0294,0,0,0,0,0,NA,NA,Hartford,CT,1,1
Stratford School for Aviation Maintenance Technicians,ssamt.cttech.org/,NA,NA,NA,NA,27,0,0.7778,0.0741,0.1481,0,0,0,0,0,0,NA,NA,Stratford,CT,1,1
City College-Altamonte Springs,https://www.citycollege.edu/,NA,0.3077,NA,23208,293,0.5461,0.2082,0.3311,0.3652,0.0137,0,0,0.0751,0,0.0068,NA,36105,Altamonte Springs,FL,0,1
Career Center of Southern Illinois,www.gotoccsi.org/,NA,NA,NA,15170,48,0.7963,0.3542,0.6042,0.0208,0,0,0,0.0208,0,0,NA,NA,Red Bud,IL,1,0
Crave Beauty Academy,www.cravebeautyacademy.com/,NA,NA,NA,7917,355,0.4455,0.4563,0.2901,0.1549,0.0141,0.0113,0,0.0704,0,0.0028,NA,NA,Wichita,KS,0,1
Hastings Beauty School,hastingsbeautyschool.com/,NA,NA,NA,NA,11,0.6538,1,0,0,0,0,0,0,0,0,NA,NA,Hastings,MN,0,0
Kirksville Area Technical Center,https://www.kirksville.k12.mo.us/o/katc,NA,0.5,NA,NA,21,0.8,0.8571,0.0952,0,0,0,0,0.0476,0,0,NA,NA,Kirksville,MO,1,0
Southern Missouri Technical Institute,https://www.zizzers.org/,NA,NA,NA,NA,58,0.6495,0.9483,0,0.0345,0,0,0,0.0172,0,0,NA,NA,West Plains,MO,1,0
Saline County Career Center,https://www.marshallschools.com/o/career-center,NA,0.7,NA,14027,23,0.7778,0.6522,0.1304,0.1739,0,0,0,0.0435,0,0,NA,NA,Marshall,MO,1,0
Warrensburg Area Career Center,https://wacc.warrensburgr6.org/,NA,0.9091,NA,NA,23,0.6842,0.913,0.0435,0,0,0.0435,0,0,0,0,NA,NA,Warrensburg,MO,1,0
Cass Career Center,casscareercenter.com/,NA,1,NA,NA,20,0.5333,0.6,0.35,0.05,0,0,0,0,0,0,NA,NA,Harrisonville,MO,1,0
Applied Technology Services,www.appliedtech-stl.com/,NA,0.3636,NA,14750,152,0.744,0.1184,0.8421,0.0066,0.0066,0.0066,0,0.0197,0,0,NA,NA,Sunset Hills,MO,1,1
Central College of Cosmetology,centralandsalemcolleges.com/,NA,NA,NA,NA,48,0.3226,0.8125,0.0625,0.0625,0.0208,0,0.0208,0.0208,0,0,NA,NA,Saint Robert,MO,0,0
Southeast Missouri Hospital College of Nursing and Health Sciences,www.sehcollege.edu/,1020,1,NA,11500,146,0.4627,0.8904,0.0479,0.0342,0,0,0,0.0274,0,0,NA,27592,Cape Girardeau,MO,0,1
Messenger College,www.messengercollege.edu/,NA,0.5,NA,NA,26,0.8421,0.6538,0,0.1538,0,0,0,0.0769,0.0769,0.0385,0.4615,26199,Bedford,TX,0,1
Union County Vocational Technical School,www.ucvts.tec.nj.us/domain/11,NA,NA,NA,NA,60,0.2195,0.1833,0.35,0.45,0,0,0.0167,0,0,0,NA,NA,Scotch Plains,NJ,1,1
Prism Career Institute-Philadelphia,prismcareerinstitute.edu/,NA,1,NA,17200,406,0.6042,0.032,0.8177,0.0936,0.0197,0,0,0.0148,0,0.0222,NA,NA,Philadelphia,PA,0,1
Clinton Essex Warren Washington BOCES,www.cves.org/,NA,0.3288,NA,NA,35,0.1538,0.9714,0,0.0286,0,0,0,0,0,0,NA,NA,Plattsburgh,NY,1,0
Jefferson Lewis BOCES-Practical Nursing Program,www.boces.com/,NA,NA,NA,8432,23,0.7,0.7826,0.1304,0.0435,0,0,0,0.0435,0,0,NA,NA,Watertown,NY,1,0
Veeb Nassau County School of Practical Nursing,www.veebpnprogram.org/,NA,NA,NA,9500,388,0.9602,0.0515,0.6985,0.1005,0.0515,0.0026,0.0052,0.0902,0,0,NA,46071,Hicksville,NY,1,1
Cattaraugus Allegany BOCES-Practical Nursing Program,www.caboces.org/,NA,NA,NA,NA,23,0.8276,0.7826,0.0435,0.087,0.0435,0,0,0.0435,0,0,NA,NA,Olean,NY,1,0
Orange Ulster BOCES-Practical Nursing Program,www.ouboces.org/,NA,0.7857,NA,NA,72,0.587,0.3056,0.3889,0.3056,0,0,0,0,0,0,NA,NA,Newburgh,NY,1,1
Wayne Finger Lakes BOCES-Practical Nursing Program,https://www.wflboces.org/,NA,NA,NA,12125,77,0.6024,0.5195,0.2727,0.026,0,0,0,0.1169,0,0.0649,NA,NA,Newark,NY,1,0
Broome Delaware Tioga BOCES-Practical Nursing Program,www.btboces.org/,NA,NA,NA,NA,88,0.5972,0.6705,0.25,0.0227,0.0455,0.0114,0,0,0,0,NA,NA,Endicott,NY,1,1
Washington Saratoga Warren Hamilton Essex BOCES-Practical Nursing Program,www.wswheboces.org/,NA,1,NA,NA,37,0.8333,0.7568,0.1892,0.0541,0,0,0,0,0,0,NA,NA,Hudson Falls,NY,1,1
Albany BOCES-Adult Practical Nursing Program,https://www.capitalregionboces.org/adult-education/classes-programs/,NA,NA,NA,9500,161,0.7216,0.1491,0.6335,0.0497,0.0124,0,0,0.1242,0,0.0311,NA,NA,Albany,NY,1,1
Eastern Suffolk BOCES,https://adulteducation.esboces.org/programs-services/eastern-suffolk-school-of-practical-nursing/nursing,NA,0.9626,NA,9500,275,0.4792,0.1891,0.4836,0.24,0.0218,0.0073,0,0.0145,0,0.0436,NA,NA,Sayville,NY,1,1
Rockland County BOCES-Practical Nursing Program,www.rocklandboces.org/programs-for-students/adult-education/practical-nursing,NA,NA,NA,8756,29,0.56,0.1379,0.5862,0.1034,0.0345,0,0,0.0345,0,0.1034,NA,NA,West Nyack,NY,1,1
New York College of Health Professions,www.nycollege.edu/,NA,NA,NA,24867,32,0.3226,0.3125,0.1875,0.2188,0.1563,0,0,0,0,0.125,NA,46556,Syosset,NY,0,1
Charles Stuart School of Diamond Setting,charlesstuartschool.com./,NA,NA,NA,NA,43,0.0313,0.3488,0.3023,0.2558,0.0698,0,0,0,0,0.0233,NA,NA,Brooklyn,NY,0,1
Penta County Joint Vocational School,https://www.pentacareercenter.org/,NA,NA,NA,NA,67,0.0429,0.7761,0.1194,0.0896,0,0,0,0,0,0.0149,NA,NA,Perrysburg,OH,1,1
Career and Technology Education Centers of Licking County,c-tec.edu/o/ctec/page/ps,NA,NA,NA,6500,220,0.1587,0.7864,0.0682,0.0273,0.0364,0,0,0.0682,0,0.0136,NA,NA,Newark,OH,1,1
Northern Career Institute,ncioh.edu/,NA,NA,NA,9500,140,0.7391,0.1071,0.7714,0.0571,0.0143,0.0071,0.0071,0.0214,0,0.0143,NA,21888,Eastlake,OH,1,1
Washington County Career Center-Adult Technical Training,https://www.thecareercenter.net/,NA,NA,NA,NA,189,0.1984,0.9418,0.0106,0.0053,0.0053,0,0,0.0106,0,0.0265,NA,NA,Marietta,OH,1,0
Ohio Media School-Cincinnati,www.beonair.com/,NA,NA,NA,9500,67,0.6782,0.1045,0.8657,0.0149,0.0149,0,0,0,0,0,NA,NA,Norwood,OH,0,1
Vantage Career Center,www.vantagecareercenter.com/,NA,NA,NA,11978,158,0.19,0.8797,0.0823,0.0253,0,0.0063,0,0.0063,0,0,NA,NA,Van Wert,OH,1,0
Indian Capital Technology Center-Muskogee,www.ictech.edu/,NA,NA,NA,NA,1535,0.089,0.3772,0.0612,0.1042,0.0072,0.4261,0.0013,0,0.0013,0.0215,NA,NA,Muskogee,OK,1,0
Western Technology Center,https://www.westtech.edu/,NA,NA,NA,NA,141,0.1386,0.5816,0.0142,0.2199,0.0071,0.0426,0,0.1348,0,0,NA,NA,Burns Flat,OK,1,0
Mid-America Technology Center,www.matech.edu/,NA,NA,NA,NA,147,0.0405,0.6803,0.034,0.1361,0.0068,0.1429,0,0,0,0,NA,NA,Wayne,OK,1,0
Eastern Oklahoma County Technology Center,www.eoctech.edu/,NA,NA,NA,NA,110,0.0481,0.6636,0.0545,0.0818,0.0182,0.1364,0.0182,0,0,0.0273,NA,NA,Choctaw,OK,1,0
Wes Watkins Technology Center,www.wwtech.org/,NA,NA,NA,NA,205,0.2821,0.6244,0.078,0.0146,0.0195,0.0976,0,0.1659,0,0,NA,NA,Wetumka,OK,1,0
York County School of Technology-Adult & Continuing Education,www.educationthatpays.com/,NA,NA,NA,9500,288,0.1395,0.566,0.3299,0.0451,0.0313,0.0035,0.0035,0.0208,0,0,NA,NA,York,PA,1,1
Chester County Intermediate Unit,www.chestercountynursing.org/,NA,0.4935,NA,18075,85,0.6303,0.4118,0.4471,0.0941,0.0235,0,0,0.0235,0,0,NA,NA,Downingtown,PA,1,1
Jefferson County Dubois Area Vocational Technical Practical Nursing Program,www.jefftech.us/,NA,0.7692,NA,NA,25,0.6154,0.88,0.04,0.08,0,0,0,0,0,0,NA,NA,Reynoldsville,PA,1,0
Greater Johnstown Career and Technology Center,www.gjctc.org/,NA,NA,NA,8455,102,0.4135,0.6863,0.2059,0.049,0.0294,0.0196,0,0.0098,0,0,NA,NA,Johnstown,PA,1,0
Mifflin County Academy of Science and Technology,www.academynursing.com/,NA,0.4054,NA,NA,38,0.3958,0.9211,0,0.0789,0,0,0,0,0,0,NA,NA,Lewistown,PA,1,0
Lenape Technical School Practical Nursing Program,www.lenapepnp.net/,NA,NA,NA,17130,71,0.5241,0.6901,0.2113,0.0141,0,0,0,0.0845,0,0,NA,NA,Ford City,PA,1,0
Venango County Area Vocational Technical School,www.vtc1.org/,NA,0.6029,NA,13500,57,0.6667,1,0,0,0,0,0,0,0,0,NA,NA,Oil City,PA,1,0
Lancaster County Career and Technology Center,www.lancasterctc.edu/,NA,NA,NA,15250,250,0.4957,0.468,0.188,0.132,0.024,0,0,0.088,0,0.1,NA,NA,Willow Street,PA,1,1
Lebanon County Area Vocational Technical School,www.lcctc.edu/,NA,NA,NA,15485,64,0.5402,0.4219,0.2656,0.2031,0.0469,0.0156,0.0156,0.0313,0,0,NA,NA,Lebanon,PA,1,1
Indiana County Technology Center,www.ictc.edu/,NA,NA,NA,10901,90,0.5464,0.6556,0.2889,0.0111,0.0333,0,0,0.0111,0,0,NA,NA,Indiana,PA,1,0
Northern Tier Career Center,https://www.ntccschool.org/,NA,0.9286,NA,14750,37,0.3036,0.9189,0,0.0541,0,0,0,0.027,0,0,NA,NA,Towanda,PA,1,0
Hazleton Area Career Center,www.hasdk12.org/,NA,NA,NA,NA,7,0.7778,0.4286,0,0.5714,0,0,0,0,0,0,NA,NA,Hazle TWP.,PA,1,1
All-State Career School-Pittsburgh,https://www.allstatecareer.edu/,NA,NA,NA,9500,418,0.6017,0.2751,0.622,0.0144,0.0263,0,0.0024,0.0502,0,0.0096,NA,NA,West Mifflin,PA,0,1
D'Mart Institute,www.dmartpr.com/,NA,NA,NA,NA,283,0.5511,0,0,1,0,0,0,0,0,0,NA,NA,Barranquitas,PR,0,1
Automeca Technical College-Aguadilla,www.automeca.com/,NA,NA,NA,3030,231,0.9055,0,0,1,0,0,0,0,0,0,NA,12023,Aguadilla,PR,0,1
North Central Institute,https://www.nci.edu/,NA,NA,NA,NA,55,0.18,0.6182,0.1636,0.0727,0,0.0182,0,0.1273,0,0,NA,NA,Clarksville,TN,0,1
Pipo Academy of Hair Design,www.pipoacademy.com/,NA,NA,NA,NA,11,0.5,0,0,1,0,0,0,0,0,0,NA,NA,El Paso,TX,0,1
Tint School of Makeup and Cosmetology-Dallas,tintcosmetologyschools.com/,NA,NA,NA,6333,212,0.5764,0.0519,0.467,0.4245,0.0377,0,0.0047,0,0.0142,0,NA,NA,Grand Prairie,TX,0,1
United Technical Center,unitedtechnicalcenterwv.com/,NA,NA,NA,NA,23,0.3214,0.9565,0,0,0.0435,0,0,0,0,0,NA,11600,Clarksburg,WV,1,0
Charles H McCann Technical School,www.mccanntech.org/,NA,NA,NA,NA,45,0.377,0.8444,0.0889,0.0444,0,0,0,0.0222,0,0,NA,NA,North Adams,MA,1,0
Central California School of Continuing Education,ccsce.org/,NA,NA,NA,5150,72,0.7317,0.2917,0.0278,0.6667,0,0,0,0,0,0.0139,NA,21990,San Luis Obispo,CA,0,1
HCA Florida Mercy Hospital School of Practical Nursing,www.hcafloridahealthcare.com/,NA,1,NA,NA,54,0.3205,0.0741,0.4259,0.4259,0,0,0,0.037,0,0.037,NA,NA,Miami,FL,0,1
Marion Technical College,www.mariontc.edu/,NA,NA,NA,NA,436,0.2747,0.5275,0.1995,0.2179,0.0115,0.0069,0,0.0344,0.0023,0,NA,NA,Ocala,FL,1,1
Rivertown School of Beauty Barber Skin Care and Nails,rivertownschoolofbeauty.com/,NA,NA,NA,9500,124,0.9753,0,0.9919,0,0,0,0.0081,0,0,0,NA,NA,Columbus,GA,0,1
Atlanta Institute of Music and Media,aimm.edu/,NA,NA,NA,15411,264,0.4973,0.3144,0.4773,0.0871,0.0152,0.0038,0,0.0871,0,0.0152,NA,NA,Duluth,GA,0,1
Illinois Media School,beonair.com/locations/ohare-il-campus,NA,NA,NA,9500,36,0.5978,0.3611,0.5556,0.0833,0,0,0,0,0,0,NA,NA,Chicago,IL,0,1
New Dimensions School of Hair Design,newdimensionsschoolofhairdesign.com/,NA,NA,NA,NA,34,0.3256,0.8235,0,0.0882,0,0.0588,0,0.0294,0,0,NA,NA,Joplin,MO,0,1
Jna Institute of Culinary Arts,https://www.culinaryarts.edu/,NA,NA,NA,8209,31,0.5556,0.129,0.7742,0.0645,0,0,0,0,0,0.0323,NA,20438,Philadelphia,PA,0,1
Putnam Career and Technical Center,www.pctc.edu/,NA,NA,NA,NA,32,0.5769,0.9688,0.0313,0,0,0,0,0,0,0,NA,NA,Eleanor,WV,1,1
Crawford County Career and Technical Center Practical Nursing Program,https://crawfordctc.org/programs/practical-nursing,NA,NA,NA,NA,25,0.65,0.96,0.04,0,0,0,0,0,0,0,NA,NA,Meadville,PA,1,0
Texas College of Cosmetology-San Angelo,www.texascollegecosmetology.com/,NA,NA,NA,6333,83,0.7181,0.2892,0.0602,0.6506,0,0,0,0,0,0,NA,NA,San Angelo,TX,0,1
Automeca Technical College-Bayamon,www.automeca.com/,NA,NA,NA,3030,459,0.958,0,0,1,0,0,0,0,0,0,NA,12172,Bayamon,PR,0,1
Automeca Technical College-Caguas,www.automeca.com/,NA,NA,NA,3030,194,0.969,0,0,1,0,0,0,0,0,0,NA,12588,Caguas,PR,0,1
Automeca Technical College-Ponce,www.automeca.com/,NA,NA,NA,3030,284,0.9679,0,0,1,0,0,0,0,0,0,NA,12026,Ponce,PR,0,1
Centura College-Chesapeake,https://www.centuracollege.edu/campuses/chesapeake,NA,NA,NA,14750,225,0.8413,0.1867,0.6089,0.0622,0.0267,0,0.0044,0.1067,0,0.0044,NA,32162,Chesapeake,VA,0,1
University of Phoenix-Hawaii,https://www.phoenix.edu/,NA,NA,NA,31553,10,0.125,0,0.1,0,0,0,0.2,0.2,0,0.5,0.2,NA,Kapolei,HI,0,1
Prism Career Institute-Cherry Hill,prismcareerinstitute.edu/,NA,NA,NA,17200,328,0.5859,0.0457,0.7805,0.1067,0.0122,0.003,0,0.0122,0,0.0396,NA,NA,Cherry Hill,NJ,0,1
Escuela de Peritos Electricistas de Isabela Inc,www.escueladeperitospr.com/,NA,NA,NA,NA,198,0.783,0,0,1,0,0,0,0,0,0,NA,NA,Isabela,PR,0,1
Yeshiva D'monsey Rabbinical College,https://yeshivadmonsey.com/,NA,0.4231,NA,NA,86,0.8353,1,0,0,0,0,0,0,0,0,0.25,17700,Monsey,NY,0,1
Lincoln Technical Institute-Mahwah,www.lincolntech.edu/campus/mahwah-nj,NA,NA,NA,11730,964,0.441,0.3434,0.1473,0.4222,0.0384,0.0031,0.0021,0.0353,0,0.0083,NA,NA,Mahwah,NJ,0,1
Career Technical Institute,www.careertechnical.edu/,NA,NA,NA,7917,370,0.8138,0.0297,0.8892,0.0784,0.0027,0,0,0,0,0,NA,NA,Washington,DC,0,1
Northwest Vista College,alamo.edu/nvc/,NA,NA,NA,9400,13872,0.2127,0.167,0.0674,0.6919,0.0278,0.0018,0.0015,0.036,0.0019,0.0048,NA,10864,San Antonio,TX,1,1
Oconee Fall Line Technical College,www.oftc.edu/,NA,NA,NA,6514,1580,0.5206,0.4203,0.5076,0.0285,0.0013,6e-4,0,0.0259,6e-4,0.0152,NA,12105,Sandersville,GA,1,0
York County Community College,https://www.yccc.edu/,NA,NA,NA,8861,1055,0.2123,0.8445,0.0303,0.036,0.018,0.0028,0,0.0303,0.0085,0.0294,NA,14164,Wells,ME,1,1
Western Suffolk BOCES,www.wilsontech.org/,NA,NA,NA,11339,274,0.4112,0.4854,0.1314,0.2117,0.062,0.0073,0,0.0474,0,0.0547,NA,NA,Northport,NY,1,1
Arkansas State University-Mountain Home,www.asumh.edu/,NA,NA,NA,10500,920,0.4338,0.9261,0.0109,0.0033,0.0076,0.0065,0,0,0,0.0457,NA,15406,Mountain Home,AR,1,0
Columbia Gorge Community College,www.cgcc.edu/,NA,NA,NA,19397,515,0.2148,0.3942,0.0058,0.3107,0.0136,0.0252,0.0039,0.0214,0,0.2252,NA,18278,The Dalles,OR,1,0
Tillamook Bay Community College,tillamookbaycc.edu/,NA,NA,NA,NA,268,0.1729,0.6007,0.0037,0.3284,0.0187,0,0.0075,0.0149,0.0075,0.0187,NA,13199,Tillamook,OR,1,0
Manhattan School of Computer Technology,www.manhattanschool.edu/,NA,NA,NA,NA,625,0.7918,0.5792,0.1696,0.0496,0.1744,0,0,0,0,0.0272,NA,NA,Brooklyn,NY,0,1
Ross College-Hopkinsville,https://rosseducation.edu/,NA,NA,NA,9500,65,0.7717,0.2615,0.2,0.0615,0,0,0,0,0,0.4769,NA,NA,Hopkinsville,KY,0,0
Paul Mitchell the School-St. George,paulmitchell.edu/stgeorge,NA,NA,NA,10556,103,0.276,0.7087,0.0194,0.1456,0.0194,0.0291,0.0194,0.0583,0,0,NA,NA,Saint George,UT,0,1
Cadillac Institute of Cosmetology,instituteofcos.com/,NA,NA,NA,NA,48,0.6508,0.8333,0.0625,0.0417,0,0.0417,0,0,0,0.0208,NA,NA,Cadillac,MI,0,0
Arizona College of Nursing-Tempe,www.arizonacollege.edu/,NA,1,NA,9500,1246,0.4665,0.4021,0.1003,0.2536,0.0441,0.0241,0.0385,0.1268,0,0.0104,NA,35067,Tempe,AZ,0,1
Vanguard-Sentinel Adult Career and Technology Center,https://www.vscc.k12.oh.us/adult-ed/,NA,NA,NA,NA,19,0.0889,0.9474,0.0526,0,0,0,0,0,0,0,NA,NA,Fremont,OH,1,0
Academy of Beauty Professionals,https://www.academyofbeautyprofessionals.com/,NA,NA,NA,6333,36,0.625,0.6667,0.2778,0,0,0,0,0.0556,0,0,NA,NA,Raymore,MO,0,1
New York Conservatory for Dramatic Arts,www.nycda.edu/,NA,0.823,NA,12000,286,0.4548,0.3077,0.2273,0.2622,0.028,0.0035,0,0.0315,0.1189,0.021,NA,55473,New York,NY,0,1
Eastern International College-Jersey City,www.eicollege.edu/,NA,1,NA,24751,474,0.4537,0.1793,0.289,0.365,0.0844,0.0021,0.0042,0.0612,0.0021,0.0127,0.3333,29693,Jersey City,NJ,0,1
Academia Serrant Inc,www.serrant.edu/,NA,NA,NA,NA,186,0.8628,0,0,1,0,0,0,0,0,0,NA,NA,Ponce,PR,0,1
San Joaquin Valley College-Trades Education Center,www.sjvc.edu/,NA,NA,NA,10674,292,0.5816,0.2123,0.0377,0.5685,0.0993,0.0205,0.0034,0.0103,0,0.0479,NA,NA,Fresno,CA,0,1
Pacific College,https://www.pacific-college.edu/,NA,0.5,NA,22469,285,0.5082,0.0912,0.0842,0.4982,0.1684,0,0.0105,0.1263,0,0.0211,NA,NA,Costa Mesa,CA,0,1
American College of Healthcare and Technology,www.ach.edu/,NA,NA,NA,9500,321,0.834,0.109,0.0935,0.7445,0.0218,0,0.0062,0,0,0.0249,NA,NA,Riverside,CA,0,1
Compu-Med Vocational Careers Corp,compumed.edu/,NA,NA,NA,NA,417,0.413,0.0312,0.0384,0.9113,0.0024,0.0048,0,0,0,0.012,NA,NA,Hialeah,FL,0,1
Advantage Technical College,https://www.adtecpr.com/,NA,NA,NA,NA,547,0.5341,0,0,1,0,0,0,0,0,0,NA,NA,Manati,PR,0,1
Mid Cities Barber College,midcitiesbarbercollege.edu/,NA,NA,NA,NA,44,0.58,0.0455,0.4091,0.5227,0.0227,0,0,0,0,0,NA,NA,Grand Prairie,TX,0,1
Oregon Coast Community College,www.oregoncoastcc.org/,NA,NA,NA,NA,321,0.3719,0.6044,0.0062,0.1963,0.0031,0.0218,0.0031,0.053,0,0.1121,NA,17465,Newport,OR,1,0
Gwinnett College-Sandy Springs,www.gwinnettcollege.edu/,NA,NA,NA,9500,114,0.8347,0.2105,0.5702,0.1842,0.0351,0,0,0,0,0,NA,NA,Sandy Springs,GA,0,1
Mildred Elley-Pittsfield Campus,www.mildred-elley.edu/,NA,NA,NA,19000,172,0.7299,0.4826,0.1977,0.2267,0,0.0058,0.0058,0,0,0.0814,NA,29993,Pittsfield,MA,0,1
Embry-Riddle Aeronautical University-Worldwide,worldwide.erau.edu/,1193,0.6175,NA,23666,8786,0.2506,0.5187,0.0845,0.1988,0.0436,0.0048,0.0064,0.0447,0.0542,0.0444,0.2177,24015,Daytona Beach,FL,0,1
Merkaz Bnos-Business School,www.mbs-career.org/,NA,NA,NA,NA,153,1,0.3529,0,0,0.6405,0,0.0065,0,0,0,NA,NA,Brooklyn,NY,0,1
Lia Schorr Institute of Cosmetic Skin Care Training,www.liaschorrinstitute.com/,NA,NA,NA,NA,38,0.4444,0.4211,0.0789,0.0789,0.0526,0,0,0.2632,0,0.1053,NA,NA,New York,NY,0,1
CET-Alexandria,https://cetweb.edu/,NA,NA,NA,7041,23,0.3297,0.1304,0.6957,0.1304,0.0435,0,0,0,0,0,NA,NA,Alexandria,VA,0,1
Aviation Institute of Maintenance-Norfolk,https://aviationmaintenance.edu/campuses/norfolk-va,NA,NA,NA,29375,237,0.5086,0.5021,0.2743,0.0759,0.0211,0.0084,0.0169,0.097,0,0.0042,NA,26469,Norfolk,VA,0,1
Centura College-Richmond Main,https://www.centuracollege.edu/campuses/richmond,NA,NA,NA,14750,31,0.7315,0.1613,0.6129,0.0323,0.0968,0,0,0.0968,0,0,NA,30499,North Chesterfield,VA,0,1
Osceola Technical College,osceolaschools.net/otech,NA,NA,NA,NA,480,0.3469,0.1833,0.1083,0.6667,0.0229,0.0042,0.0021,0.0125,0,0,NA,NA,Kissimmee,FL,1,1
Miami Ad School,miamiadschool.com/,NA,NA,NA,25967,33,0.0805,0.3333,0.0303,0.4848,0,0,0,0,0.1212,0.0303,NA,NA,Miami,FL,0,1
Green Country Technology Center,gctcok.edu/,NA,NA,NA,NA,75,0.1583,0.3467,0.1467,0,0.0133,0.2267,0.0133,0.2533,0,0,NA,NA,Okmulgee,OK,1,0
Nova College de Puerto Rico,www.novacollegepr.com/,NA,NA,NA,NA,156,0.8225,0,0,1,0,0,0,0,0,0,NA,NA,Bayamon,PR,0,1
John Wesley International Barber and Beauty College,https://www.johnwesleybarberbeauty.com/,NA,NA,NA,NA,61,0.7368,0.0328,0.2295,0.5738,0.0984,0,0.0328,0.0164,0,0.0164,NA,NA,Long Beach,CA,0,1
Southeastern College-West Palm Beach,www.sec.edu/,NA,0.8062,NA,19000,644,0.773,0.0947,0.514,0.295,0.0109,0,0,0.0155,0,0.0699,NA,42393,West Palm Beach,FL,0,1
Ottawa University-Milwaukee,www.ottawa.edu/,NA,NA,NA,21500,57,0.4603,0.7895,0.1053,0.0526,0.0175,0.0351,0,0,0,0,NA,NA,Brookfield,WI,0,1
Klamath Community College,https://www.klamathcc.edu/,NA,NA,NA,17480,1041,0.3335,0.585,0.0154,0.2085,0.0096,0.0442,0.0048,0.0509,0.0038,0.0778,NA,15769,Klamath Falls,OR,1,0
Urban College of Boston,https://www.urbancollege.edu/,NA,NA,NA,NA,356,0.3364,0.0337,0.2079,0.5983,0.0927,0.0028,0,0.0309,0,0.0337,NA,NA,Boston,MA,0,1
Strayer University-Maryland,www.strayer.edu/campus-locations/maryland/prince-georges,NA,NA,NA,40621,1177,0.5955,0.1725,0.6542,0.0654,0.0204,0.0085,8e-4,0.0493,0.0017,0.0272,0.2222,23838,Suitland,MD,0,1
Empire Beauty School-Monroeville,www.empire.edu/,NA,NA,NA,13000,65,0.4783,0.2,0.5846,0.0154,0.0154,0,0,0.1538,0,0.0308,NA,NA,Monroeville,PA,0,1
Southern Careers Institute-San Antonio,www.scitexas.edu/,NA,NA,NA,8708,596,0.7166,0.255,0.0889,0.6191,0.005,0,0.0017,0.0185,0,0.0117,NA,NA,San Antonio,TX,0,1
Cayce/Reilly School of Massage,www.caycereilly.edu/,NA,NA,NA,NA,25,0.4118,0.6,0.16,0.16,0.04,0,0,0.04,0,0,NA,NA,Virginia Beach,VA,0,1
Prism Career Institute-West Atlantic City,prismcareerinstitute.edu/,NA,NA,NA,17200,273,0.6259,0.0879,0.4872,0.2637,0.0256,0,0,0.0183,0,0.1172,NA,NA,West  Atlantic City,NJ,0,1
Studio Jewelers,www.studiojewelersltd.com/,NA,NA,NA,NA,65,0.0168,0.4308,0.2154,0.1077,0.2,0,0,0,0.0462,0,NA,NA,New York,NY,0,1
Praxis Institute,www.praxis.edu/,NA,NA,NA,8905,440,0.6771,0.0068,0,0.9932,0,0,0,0,0,0,NA,NA,Miami,FL,0,1
San Juan Bautista School of Medicine,www.sanjuanbautista.edu/,NA,1,NA,NA,60,0.8767,0,0,1,0,0,0,0,0,0,0.3333,13129,Caguas,PR,0,1
Carver Career Center,www.carvercareercenter.edu/,NA,NA,NA,NA,163,0.8509,0.9325,0.0429,0.0061,0,0,0,0.0184,0,0,NA,NA,Charleston,WV,1,1
Cayuga Onondaga BOCES-Practical Nursing Program,www.cayboces.org/,NA,0.3125,NA,11426,36,0.7241,0.75,0.1111,0.0278,0,0,0,0.0556,0,0.0556,NA,38099,Auburn,NY,1,0
Clearfield County Career and Technology Center,ccctc.edu/,NA,NA,NA,8750,37,0.3654,1,0,0,0,0,0,0,0,0,NA,NA,Clearfield,PA,1,0
Colegio de Cinematografia Artes y Television,https://www.ccatpuertorico.com/,NA,NA,NA,NA,551,0.8447,0,0,1,0,0,0,0,0,0,NA,8654,Bayamon,PR,0,1
Delaware County Technical School-Practical Nursing Program,www.dciu.org/lpn,NA,1,NA,16500,42,0.5072,0.119,0.8571,0,0,0.0238,0,0,0,0,NA,NA,Broomall,PA,1,1
Mid-Del Technology Center,www.middeltech.com/,NA,NA,NA,NA,88,0.1601,0.5341,0.1932,0.1136,0.0341,0.0909,0,0.0227,0,0.0114,NA,NA,Midwest City,OK,1,1
New York Institute of Massage Inc,nyinstituteofmassage.com/,NA,NA,NA,10322,38,0.5682,0.7105,0.2105,0,0.0263,0,0,0.0526,0,0,NA,NA,Williamsville,NY,0,1
Dutchess BOCES-Practical Nursing Program,https://www.dcboces.org/cti/lpn,NA,NA,NA,7063,85,0.5045,0.2353,0.4235,0.1765,0.0706,0,0,0.0588,0,0.0353,NA,NA,Poughkeepsie,NY,1,0
Escuela Tecnica de Electricidad,https://www.etepr.edu/,NA,NA,NA,NA,195,0.7396,0,0,1,0,0,0,0,0,0,NA,NA,Ponce,PR,0,1
Institute of Technology,www.iot.edu/,NA,NA,NA,9500,1376,0.2918,0.3132,0.0465,0.4738,0.0792,0.0109,0.0131,0.0407,7e-4,0.0218,NA,NA,Clovis,CA,0,1
Bristol Technical Education Center,bristol.cttech.org/,NA,NA,NA,NA,152,0,0.6184,0.0658,0.2237,0.0066,0.0066,0,0.0592,0,0.0197,NA,NA,Bristol,CT,1,1
Genesee Valley BOCES-Practical Nursing Program,www.gvboces.org/,NA,NA,NA,13000,61,0.7634,0.4098,0.3934,0.0984,0.0164,0,0,0.082,0,0,NA,NA,Batavia,NY,1,0
Henrico County-Saint Marys Hospital School of Practical Nursing,henricocte.com/career-classes/areas-of-study/practical-nursing/,NA,0.6726,NA,NA,79,0.1864,0.2278,0.5696,0.1772,0,0,0,0,0,0.0253,NA,NA,Richmond,VA,1,1
Herkimer County BOCES-Practical Nursing Program,https://www.herkimer-boces.org/page/adult-practical-nursing,NA,NA,NA,8975,62,0.7963,0.7097,0.1129,0.0484,0.0323,0,0.0323,0.0161,0.0323,0.0161,NA,NA,Herkimer,NY,1,0
Graduate America College,www.ibc3.edu/,NA,NA,NA,NA,72,0.5411,0.2222,0.1528,0.5278,0.0417,0,0,0.0278,0.0278,0,NA,NA,Garland,TX,0,1
Cape Coral Technical College,capecoraltech.edu/,NA,NA,NA,NA,293,0.4635,0.3925,0.1263,0.4266,0.0034,0.0034,0,0.0239,0.0239,0,NA,NA,Cape Coral,FL,1,1
UPMC Mercy School of Nursing,https://www.upmc.com/mercyson,NA,0.7447,NA,14750,305,0.2024,0.6131,0.2557,0.0557,0.0066,0,0,0.0459,0,0.023,NA,34135,Pittsburgh,PA,0,1
Ocean County Vocational-Technical School,www.ocvts.org/,NA,NA,NA,5500,450,0.415,0.5667,0.0778,0.28,0.0178,0.0067,0,0.0511,0,0,NA,NA,Toms River,NJ,1,1
Yeshiva of the Telshe Alumni,https://yeshivatelshealumni.com/,NA,NA,NA,NA,78,0.473,0.9872,0,0,0,0,0,0,0.0128,0,0.6667,NA,Riverdale,NY,0,1
Kenneth Shuler School of Cosmetology-Rock Hill,www.kennethshuler.com/,NA,NA,NA,6333,172,0.6636,0.4709,0.4186,0.0814,0.0058,0,0,0.0233,0,0,NA,NA,Rock Hill,SC,0,1
CET-El Paso,https://cetweb.edu/,NA,NA,NA,7041,74,0.6593,0.0541,0.0811,0.8649,0,0,0,0,0,0,NA,NA,El Paso,TX,0,1
Platt College-Ontario,www.plattcollege.edu/,NA,NA,NA,18685,467,0.6561,0.0878,0.0749,0.7409,0.0471,0.0043,0.0043,0.0385,0,0.0021,NA,32366,Ontario,CA,0,1
Delaware College of Art and Design,www.dcad.edu/,NA,0.6103,NA,12000,104,0.4016,0.4038,0.2981,0.1635,0.0096,0.0096,0,0.1058,0,0.0096,NA,47250,Wilmington,DE,0,1
American University of Health Sciences,https://www.auhs.edu/,NA,1,NA,40326,364,0.4598,0.044,0.1099,0.3077,0.4505,0.011,0.0302,0.011,0.022,0.0137,0,NA,Signal Hill,CA,0,1
Career Networks Institute,www.cnicollege.edu/,NA,NA,NA,25899,971,0.4838,0.1432,0.0752,0.4408,0.2698,0.0216,0.0144,0.0185,0.0134,0.0031,NA,NA,Santa Ana,CA,0,1
Monty Tech,www.montytech.net/,NA,1,NA,9500,33,0.439,0.4545,0.1212,0.2424,0.0303,0,0,0.0606,0.0606,0.0303,NA,NA,Fitchburg,MA,1,1
Okaloosa Technical College,www.otcollege.net/,NA,NA,NA,NA,429,0.2053,0.6247,0.1352,0.1375,0.021,0,0.014,0.0629,0.0047,0,NA,NA,Fort Walton Beach,FL,1,1
Lincoln Technical Institute-Lincoln,www.lincolntech.edu/campus/lincoln-ri,NA,NA,NA,10521,703,0.627,0.2276,0.3969,0.2447,0.027,0.0043,0,0.0569,0.0014,0.0413,NA,NA,Lincoln,RI,0,1
Wayne County Schools Career Center,www.wayne-jvs.k12.oh.us/,NA,NA,NA,7574,90,0.645,0.9,0.0333,0.0111,0,0.0222,0,0.0333,0,0,NA,NA,Smithville,OH,1,0
Carolinas College of Health Sciences,www.carolinascollege.edu/,NA,0.8148,NA,15337,409,0.1663,0.4597,0.1858,0.0758,0.0269,0,0.0122,0.0342,0.0024,0.2029,NA,NA,Charlotte,NC,1,1
Western Governors University,www.wgu.edu/,NA,NA,NA,11116,135822,0.3488,0.5528,0.1333,0.153,0.0411,0.0088,0.0049,0.0389,1e-4,0.067,0.6656,14464,Salt Lake City,UT,0,1
California Aeronautical University,www.calaero.edu/,NA,NA,NA,30705,383,0.4985,0.4021,0.0679,0.3786,0.0914,0.0026,0.0131,0.0392,0,0.0052,NA,44854,Bakersfield,CA,0,1
Herzing University-New Orleans,https://www.herzing.edu/,NA,0.8913,NA,21500,361,0.7225,0.1828,0.6648,0.0554,0.0055,0.0083,0.0028,0.0249,0,0.0554,0.3158,26702,Metairie,LA,0,1
Florida Gulf Coast University,www.fgcu.edu/,1120,0.7675,29,17622,13809,0.2857,0.5799,0.052,0.25,0.0195,0.002,9e-4,0.0326,0.0227,0.0405,0.5755,18269,Fort Myers,FL,1,1
Little Priest Tribal College,https://www.littlepriest.edu/,NA,NA,NA,NA,177,0.4009,0.0791,0.0113,0,0,0.8136,0,0.096,0,0,NA,13869,Winnebago,NE,1,0
South Louisiana Community College,https://www.solacc.edu/,NA,NA,NA,11000,4837,0.4844,0.4654,0.4141,0.0494,0.0172,0.0064,0.0029,0.0354,0.0054,0.0039,NA,15723,Lafayette,LA,1,1
Pima Medical Institute-Chula Vista,https://pmi.edu/,NA,NA,NA,9500,675,0.5491,0.1422,0.0252,0.6548,0.0785,0.0074,0.0044,0.0815,0,0.0059,NA,NA,Chula Vista,CA,0,1
Lincoln College of Technology-Marietta,www.lincolntech.edu/campus/marietta-ga,NA,NA,NA,10521,438,0.6014,0.1164,0.6233,0.1941,0.0091,0.0023,0.0023,0.0183,0,0.0342,NA,NA,Marietta,GA,0,1
Academy of Hair Design-Lufkin,www.lufkinhairdesign.com/,NA,NA,NA,11125,74,0.5492,0.6216,0.3243,0.027,0,0,0.027,0,0,0,NA,NA,Lufkin,TX,0,0
Pathway Vocational Academy,https://www.pathwayvocationalacademy.com/,NA,NA,NA,NA,18,0.5909,0.3889,0.5556,0.0556,0,0,0,0,0,0,NA,NA,Beaumont,TX,0,1
Cortiva Institute,www.cortiva.edu/,NA,NA,NA,7785,251,0.7614,0.1434,0.6773,0.1036,0.0199,0,0.0319,0.0199,0,0.004,NA,NA,Linthicum,MD,0,1
Toni & Guy Hairdressing Academy-Worcester,https://worcester.toniguy.edu/,NA,NA,NA,6222,171,0.4676,0.7018,0.0585,0.1871,0.0058,0,0,0.0409,0,0.0058,NA,NA,Worcester,MA,0,1
Northwest HVAC/R Training Center,www.inwhvac.org/,NA,0.825,NA,9500,49,0.5429,0.7551,0.102,0.0612,0.0204,0.0408,0,0,0,0.0204,NA,NA,Spokane,WA,0,1
Myotherapy Institute,www.myotherapy.edu/,NA,NA,NA,NA,10,0.4615,0.8,0.1,0.1,0,0,0,0,0,0,NA,33766,Lincoln,NE,0,1
New Professions Technical Institute,www.npti.edu/,NA,NA,NA,NA,340,0.9156,0,0.0647,0.9324,0.0029,0,0,0,0,0,NA,NA,Miami,FL,0,1
Strand College of Hair Design,www.strandcollege.com/,NA,NA,NA,6333,103,0.5313,0.6893,0.165,0.068,0.0291,0,0,0.0291,0,0.0194,NA,NA,Myrtle Beach,SC,0,1
Ilisagvik College,www.ilisagvik.edu/,NA,NA,NA,NA,175,0.1069,0.08,0.0057,0.0114,0.0857,0.6971,0.1029,0.0114,0,0.0057,NA,9740,Barrow,AK,1,0
Community College of Baltimore County,www.ccbcmd.edu/,NA,NA,NA,11528,13195,0.3293,0.3145,0.3977,0.0798,0.0568,0.0033,0.0013,0.0428,0.0886,0.0152,NA,13178,Baltimore,MD,1,1
White Earth Tribal and Community College,www.wetcc.edu/,NA,NA,NA,NA,95,0.7157,0.1158,0,0.0421,0,0.8,0,0.0316,0,0.0105,NA,19169,Mahnomen,MN,0,0
Blue Cliff College-Metairie,www.bluecliffcollege.edu/,NA,NA,NA,9500,584,0.7831,0.2192,0.726,0.0171,0.0051,0.0034,0,0.0154,0,0.0137,NA,NA,Metairie,LA,0,1
Creative Images Institute of Cosmetology-North Dayton,www.creativeimages.edu/,NA,NA,NA,9731,186,0.5169,0.5054,0.4247,0.0161,0.0108,0.0054,0,0,0,0.0376,NA,NA,Dayton,OH,0,1
Dewey University-Carolina,dewey.edu/,NA,NA,NA,5185,356,0.8512,0,0,1,0,0,0,0,0,0,0.1316,10826,Carolina,PR,0,1
Yeshiva College of the Nations Capital,ycnc.org/,NA,NA,NA,NA,57,0.186,1,0,0,0,0,0,0,0,0,0.2857,24800,Silver  Spring,MD,0,1
Louisiana State University Health Sciences Center-Shreveport,https://www.lsuhs.edu/,NA,NA,NA,NA,20,0.1739,0.65,0.25,0.05,0.05,0,0,0,0,0,NA,NA,Shreveport,LA,1,1
Hair Academy II,hairacademy2.com/,NA,NA,NA,6333,230,0.4098,0.0043,0.987,0.0087,0,0,0,0,0,0,NA,NA,Hillcrest Heights,MD,0,1
River Parishes Community College,www.rpcc.edu/,NA,NA,NA,12000,1828,0.3473,0.4776,0.4283,0.0574,0.0049,0.0016,0.0016,0.0219,0.0016,0.0049,NA,15274,Gonzales,LA,1,0
Los Angeles Film School,www.lafilm.edu/,NA,NA,NA,25250,5833,0.6492,0.2465,0.2974,0.1056,0.0274,0.0144,0.0024,0.0681,0.019,0.2191,0.4465,NA,Hollywood,CA,0,1
Century College,www.centurycollege.edu/,NA,NA,NA,NA,509,0.806,0,0,1,0,0,0,0,0,0,NA,NA,San Juan,PR,0,1
FINE Mortuary College,www.fmc.edu/,NA,NA,NA,30312,176,0.4661,0.8239,0.0568,0.0909,0.0114,0.0114,0,0,0,0.0057,NA,NA,Norwood,MA,0,1
International Baptist College and Seminary,www.ibcs.edu/ibc/,NA,NA,NA,NA,55,0.3091,0.7455,0.0364,0.0909,0,0,0.0364,0.0545,0.0364,0,0.6667,26104,Chandler,AZ,0,1
Gwinnett College,www.gwinnettcollege.edu/,NA,NA,NA,7917,117,0.6607,0.1795,0.5897,0.1111,0.0085,0,0,0,0,0.1111,NA,NA,Raleigh,NC,0,1
Medical Training College,www.mtcbr.com/,NA,NA,NA,5845,146,0.7823,0.274,0.6712,0.0411,0,0,0,0.0137,0,0,NA,NA,Baton Rouge,LA,0,1
University of Connecticut-Waterbury Campus,https://waterbury.uconn.edu/,1070,0.8704,NA,21500,746,0.5,0.4021,0.1086,0.2842,0.1126,0.0027,0,0.0617,0.0241,0.004,0.6712,20917,Waterbury,CT,1,1
University of Connecticut-Avery Point,https://averypoint.uconn.edu/,1130,0.8651,NA,21500,464,0.3428,0.6121,0.0345,0.1703,0.0841,0.0022,0,0.056,0.0086,0.0323,0.5837,21603,Groton,CT,1,1
University of Connecticut-Stamford,https://stamford.uconn.edu/,1080,0.8019,NA,21500,2177,0.5037,0.2876,0.147,0.3477,0.1098,9e-4,0,0.0377,0.0565,0.0129,0.6005,27737,Stamford,CT,1,1
University of Management and Technology,https://www.umtweb.edu/,NA,NA,NA,NA,322,0.0483,0.0714,0.0807,0.0186,0.0559,0,0.0031,0.0031,0,0.7671,0,NA,Arlington,VA,0,1
Baton Rouge Community College,www.mybrcc.edu/,NA,NA,NA,12450,8003,0.5714,0.3579,0.5352,0.0499,0.0124,0.0029,0.003,0.0234,0.0121,0.0034,NA,16303,Baton Rouge,LA,1,1
IYRS School of Technology & Trades,www.iyrs.edu/,NA,0.8,NA,9500,76,0.1942,0.9342,0,0,0,0,0,0.0132,0.0526,0,NA,NA,Newport,RI,0,1
Midwest Technical Institute-Illinois,www.midwesttech.edu/,NA,NA,NA,9500,1128,0.6282,0.57,0.2722,0.0931,0.0133,0.0018,9e-4,0.0408,0,0.008,NA,NA,Springfield,IL,0,1
Advanced Barber College and Hair Design,abcrgv.com/,NA,NA,NA,NA,150,0.8008,0.04,0,0.94,0,0,0,0,0,0.02,NA,NA,Weslaco,TX,0,1
The College of Health Care Professions-Austin,www.chcp.edu/,NA,NA,NA,9120,829,0.6855,0.1773,0.1653,0.5139,0.0181,0.0084,0.0036,0.0458,0.0012,0.0663,NA,NA,Austin,TX,0,1
New Community Career & Technical Institute,www.newcommunity.org/,NA,NA,NA,2808,18,0.7692,0,0.7222,0.2222,0,0,0,0.0556,0,0,NA,NA,Newark,NJ,0,1
The Chicago School-College of Nursing,https://www.thechicagoschool.edu/in-the-community/locations/,NA,NA,NA,20000,2,0.5896,0.5,0,0.5,0,0,0,0,0,0,NA,NA,Richardson,TX,0,1
Professional Golfers Career College,www.golfcollege.edu/,NA,NA,NA,12000,110,0.2667,0.6273,0.0455,0.0909,0.0455,0.0091,0.0273,0,0.0364,0.1182,NA,33010,Temecula,CA,0,1
Chester Career College,chestercareercollege.edu/,NA,NA,NA,19879,147,0.5738,0.1633,0.7619,0.0476,0,0,0,0.0272,0,0,NA,NA,CHESTER,VA,0,1
Milan Institute-San Antonio Ingram,www.milaninstitute.edu/,NA,NA,NA,6333,349,0.7302,0.0774,0.0831,0.7536,0.0029,0,0.0029,0.0573,0,0.0229,NA,NA,San Antonio,TX,0,1
Rudae's School of Beauty Culture-Ft Wayne,www.rudaes.edu/,NA,NA,NA,9500,121,0.5819,0.5785,0.1901,0.1074,0.0083,0.0165,0,0.0992,0,0,NA,NA,Fort Wayne,IN,0,1
Carrington College-San Jose,https://carrington.edu/,NA,NA,NA,11537,680,0.4854,0.0868,0.0338,0.6662,0.1221,0.0044,0.0103,0.0015,0.0132,0.0618,NA,NA,San Jose,CA,0,1
Brookline College-Tucson,www.brooklinecollege.edu/,NA,NA,NA,9500,211,0.6657,0.1801,0.0948,0.5592,0.0047,0.0284,0.0047,0.0047,0,0.1232,NA,NA,Tucson,AZ,0,1
Miller-Motte College-McCann-Lewisburg,https://www.mccann.edu/,NA,NA,NA,15917,129,0.6977,0.7519,0.1163,0.0775,0,0,0,0.0465,0,0.0078,NA,NA,Lewisburg,PA,0,0
Carrington College-Pleasant Hill Campus,https://carrington.edu/,NA,NA,NA,11537,430,0.4993,0.1163,0.107,0.4953,0.1302,0.0023,0.014,0.0326,0.014,0.0884,NA,NA,Pleasant Hill,CA,0,1
Cortiva Institute,www.cortiva.edu/,NA,NA,NA,7521,211,0.6839,0.1943,0.3365,0.3981,0.019,0,0,0.0379,0,0.0142,NA,NA,Maitland,FL,0,1
Modern Hairstyling Institute-Carolina,www.modern.edu/,NA,0.9545,NA,NA,206,0.9609,0,0,1,0,0,0,0,0,0,NA,NA,Carolina,PR,0,1
Universal Technical Institute of California Inc,www.uti.edu/,NA,NA,NA,13124,1484,0.59,0.1193,0.0465,0.6536,0.0202,0.0067,0.0047,0.128,0.0013,0.0195,NA,NA,Rancho Cucamonga,CA,0,1
American InterContinental University-Atlanta,www.aiuniv.edu/online-campus/campus-locations/atlanta,NA,NA,NA,31000,670,0.833,0.0866,0.4791,0.0015,0.003,0,0.003,0.0358,0,0.391,0.25,22756,Atlanta,GA,0,1
The Academy of Hair Design Six,www.academyofhair.com/,NA,NA,NA,9500,48,0.8356,0.125,0.875,0,0,0,0,0,0,0,NA,NA,Hattiesburg,MS,0,1
Eastern West Virginia Community and Technical College,www.easternwv.edu/,NA,NA,NA,8500,196,0.2979,0.949,0.0102,0.0153,0.0051,0.0051,0,0.0153,0,0,NA,15256,Moorefield,WV,1,0
Aviation Institute of Maintenance-Indianapolis,https://aviationmaintenance.edu/campuses/indianapolis-in,NA,NA,NA,29773,160,0.6154,0.5375,0.2375,0.1313,0.0375,0,0,0.0563,0,0,NA,34729,Indianapolis,IN,0,1
IVAEM College,https://www.ivaempr.com/,NA,NA,NA,NA,173,0.8904,0,0,1,0,0,0,0,0,0,NA,NA,Caguas,PR,0,1
Midwest College of Oriental Medicine-Skokie,www.acupuncture.edu/,NA,NA,NA,NA,1,0.3333,1,0,0,0,0,0,0,0,0,NA,NA,Skokie,IL,0,1
Carrington College-Spokane,https://carrington.edu/,NA,NA,NA,9295,296,0.5219,0.4527,0.0473,0.2534,0.0101,0.0203,0.027,0.0541,0,0.1351,NA,NA,Spokane,WA,0,1
Cascadia College,www.cascadia.edu/,NA,NA,NA,6368,970,0.0976,0.399,0.0278,0.1485,0.132,0.0021,0,0.0907,0.1103,0.0897,NA,20058,Bothell,WA,1,1
CBD College,www.cbd.edu/,NA,NA,NA,19309,1408,0.4259,0.1555,0.0888,0.424,0.1662,0.0036,0.0085,0,0,0.1534,NA,NA,Los Angeles,CA,0,1
Atlantic Institute of Oriental Medicine,www.atom.edu/,NA,NA,NA,NA,74,0,0.3784,0.0946,0.1892,0.1081,0,0.0405,0,0.0135,0.1757,NA,NA,Fort Lauderdale,FL,0,1
MDT College of Health Sciences,www.atsinstitute.edu/,NA,0.6774,NA,19500,335,0.892,0.009,0.9284,0.0448,0.006,0,0,0.0119,0,0,NA,34271,Chicago,IL,0,1
Bennett Career Institute,www.bennettcareerinstitute.org/,NA,NA,NA,6333,177,0.565,0,0.9831,0.0169,0,0,0,0,0,0,NA,NA,Washington,DC,0,1
Blue Cliff College-Lafayette,bluecliffcollege.edu/,NA,NA,NA,9500,217,0.7417,0.212,0.6728,0.0138,0.023,0.0138,0,0.0415,0,0.023,NA,NA,Lafayette,LA,0,1
Community Care College,www.communitycarecollege.edu/,NA,NA,NA,8898,430,0.5013,0.4767,0.1698,0.0721,0.014,0.1977,0,0.0512,0,0.0186,NA,NA,Tulsa,OK,0,1
Erie 1 BOCES,e1b.org/WFD,NA,NA,NA,9500,312,0.3821,0.5897,0.3333,0.0545,0.0128,0.0064,0,0,0,0.0032,NA,NA,West Seneca,NY,1,1
HDS Truck Driving Institute,www.hdstruckdrivinginstitute.com/,NA,NA,NA,NA,342,0.0321,0.3363,0.0936,0.5058,0.0058,0.0146,0.0058,0.0263,0,0.0117,NA,NA,Tucson,AZ,0,0
The King's University,https://www.tku.edu/,NA,1,NA,27000,272,0.0824,0.4559,0.0699,0.1176,0.0294,0.0184,0,0.0331,0.0074,0.2684,0.3125,25128,Southlake,TX,0,1
Fortis College-Baton Rouge,www.fortis.edu/,NA,NA,NA,12346,461,0.8827,0.1193,0.8156,0.0325,0.0087,0.0043,0,0.0087,0.0022,0.0087,NA,30272,Baton Rouge,LA,0,1
My Le's Beauty College,www.mylebeautycollegeinc.com/,NA,NA,NA,NA,168,0.25,0.0714,0.0476,0.1607,0.7143,0,0,0,0,0.006,NA,NA,Sacramento,CA,0,1
New Concept Massage and Beauty School,www.massagebeautyschool.com/,NA,NA,NA,6000,89,0.7188,0.0225,0,0.9775,0,0,0,0,0,0,NA,NA,Miami,FL,0,1
New York College of Traditional Chinese Medicine,www.nyctcm.edu/,NA,NA,NA,NA,7,NA,0,0,0,1,0,0,0,0,0,NA,NA,Mineola,NY,0,1
Fortis College-Orange Park,fortis.edu/,NA,NA,NA,11238,327,0.7528,0.2875,0.5321,0.0887,0.0214,0.0092,0.0092,0.0459,0,0.0061,NA,29665,Orange Park,FL,0,1
Omega Institute of Cosmetology,www.omegainstitutes.com/,NA,NA,NA,NA,49,0.4133,0.9184,0,0.0408,0,0.0408,0,0,0,0,NA,NA,Houma,LA,0,1
Pacific Islands University,www.piu.edu/,NA,0.3944,NA,NA,55,0.3333,0.0545,0,0.0182,0,0,0.6909,0.0364,0.1091,0.0909,0.25,12823,Mangilao,GU,0,1
PCI College,www.pci-ed.com/,NA,NA,NA,17542,168,0.671,0.0714,0.0179,0.8333,0.0536,0.0238,0,0,0,0,NA,NA,Cerritos,CA,0,1
Rosedale Bible College,www.rosedale.edu/,NA,NA,NA,NA,84,0.3333,0.8452,0,0.0714,0,0,0,0.0238,0.0595,0,NA,19718,Irwin,OH,0,0
Shawnee Beauty College,www.shawneebeautycollege.com/,NA,NA,NA,NA,60,0.6635,0.6667,0.0833,0,0,0.2167,0,0.0333,0,0,NA,NA,Shawnee,OK,0,0
Acupuncture and Massage College,www.amcollege.edu/,NA,NA,NA,7600,63,0.6567,0.0952,0.0952,0.7619,0,0,0.0159,0,0,0.0317,NA,38168,Miami,FL,0,1
Aviation Institute of Maintenance-Atlanta,https://aviationmaintenance.edu/campuses/atlanta-ga/,NA,NA,NA,31500,779,0.6181,0.1913,0.5096,0.1386,0.0359,0.0026,0.0064,0.1065,0.0077,0.0013,NA,29553,Duluth,GA,0,1
Empire Beauty School-Kennesaw,www.empire.edu/,NA,NA,NA,10231,165,0.5561,0.0667,0.6424,0.1152,0,0,0,0.0121,0,0.1636,NA,NA,Kennesaw,GA,0,1
New York Automotive and Diesel Institute,www.nyadi.edu/,NA,NA,NA,16064,448,0.6457,0.029,0.3438,0.3862,0.1027,0.0335,0.0022,0.0201,0.0045,0.0781,NA,NA,Jamaica,NY,0,1
Remington College-Baton Rouge Campus,www.remingtoncollege.edu/baton-rouge-career-college,NA,NA,NA,13271,138,0.9342,0.0652,0.8986,0.0145,0,0,0,0.0217,0,0,NA,28609,Baton Rouge,LA,0,1
New Saint Andrews College,nsa.edu/,1245,0.8571,NA,NA,273,0,0.7436,0.0037,0.0513,0.011,0,0.0037,0.0073,0.0037,0.1758,0.5455,NA,Moscow,ID,0,0
Arkansas State University-Newport,https://www.asun.edu/,NA,NA,NA,8002,1262,0.4077,0.6339,0.2211,0.065,0.0079,0.0024,8e-4,0.0246,0.0024,0.042,NA,15127,Newport,AR,1,0
Atenas College,www.atenascollege.edu/,NA,NA,NA,6525,545,0.8119,0,0,1,0,0,0,0,0,0,0.2805,15338,Manati,PR,0,1
Onondaga Cortland Madison BOCES,ocmboces.org/,NA,NA,NA,6419,342,0.5997,0.4737,0.3977,0.0146,0.0526,0.0029,0.0029,0.0556,0,0,NA,NA,Liverpool,NY,1,1
Interactive College of Technology,www.ict.edu/campuses/tx/pasadena/,NA,NA,NA,5353,62,0.7059,0.2742,0.2097,0.5,0.0161,0,0,0,0,0,NA,19096,Pasadena,TX,0,1
Pillar College,www.pillar.edu/,NA,NA,NA,21483,469,0.5556,0.3539,0.1322,0.3817,0.0149,0,0,0.0107,0.0768,0.0299,0.2727,33662,Newark,NJ,0,1
Oregon State University-Cascades Campus,https://osucascades.edu/,NA,0.6844,32,21221,1054,0.2795,0.7562,0.0085,0.1063,0.0266,0.0095,0.0038,0.0579,0.0114,0.0199,0.5,27461,Bend,OR,1,1
Milan Institute-Amarillo,www.milaninstitute.edu/,NA,NA,NA,7702,195,0.7785,0.2667,0.041,0.6308,0.0103,0,0.0051,0.0256,0.0154,0.0051,NA,NA,Amarillo,TX,0,1
Southern University Law Center,www.sulc.edu/,NA,NA,NA,29251,648,NA,0.0062,0.9599,0.0062,0,0,0,0.0139,0.0015,0.0123,NA,NA,Baton Rouge,LA,1,1
Texas Barber College,www.txbarber.edu/,NA,NA,NA,13000,588,0.6946,0.0187,0.75,0.2007,0.0034,0.0034,0,0.0017,0,0.0221,NA,NA,Houston,TX,0,1
Miller-Motte College-Charleston,https://miller-motte.edu/,NA,NA,NA,15917,124,0.3842,0.1129,0.7581,0.0806,0.0081,0,0,0.0161,0,0.0242,NA,NA,Charleston,SC,0,1
American Career College-Anaheim,https://americancareercollege.edu/,NA,NA,NA,9500,1643,0.601,0.1004,0.0566,0.5922,0.1808,0.0049,0.0091,0.0517,0,0.0043,NA,NA,Anaheim,CA,0,1
Saginaw Chippewa Tribal College,www.sagchip.edu/,NA,NA,NA,NA,124,0.3846,0.1613,0.0484,0.0242,0.0081,0.7258,0,0.0242,0,0.0081,NA,13616,Mount Pleasant,MI,1,0
East Valley Institute of Technology,www.evit.com/,NA,NA,NA,NA,522,0.1758,0.4042,0.1322,0.3851,0.0211,0.0153,0,0.0421,0,0,NA,NA,Mesa,AZ,1,1
Smith Chason College,https://wcui.edu/,NA,NA,NA,21397,2221,0.5579,0.231,0.0914,0.4858,0.0662,0.0072,0.0203,0.0549,0,0.0432,0.625,37295,Los Angeles,CA,0,1
Design's School of Cosmetology,www.designsschool.edu/,NA,NA,NA,6333,93,0.5,0.4731,0.0215,0.4731,0,0,0.0108,0,0,0.0215,NA,NA,Paso Robles,CA,0,1
Ultimate Medical Academy,https://www.ultimatemedical.edu/,NA,NA,NA,14743,7436,0.8142,0.3588,0.5917,0.0058,0.0056,0.0116,0.0087,0,0,0.0178,NA,NA,Clearwater,FL,0,1
Florida Barber Academy,www.floridabarberacademy.edu/,NA,NA,NA,13000,205,0.6114,0.0341,0.6634,0.278,0,0,0.0146,0.0098,0,0,NA,NA,Plantation,FL,0,1
M-DCPS The English Center,www.tecmiami.com/,NA,NA,NA,NA,157,0.136,0.0064,0.0318,0.3885,0.0064,0,0,0,0.5669,0,NA,NA,Miami,FL,1,1
Florida Education Institute,www.fei.edu/,NA,NA,NA,9500,652,0.5171,0,0.0077,0.9893,0,0.0031,0,0,0,0,NA,NA,Miami,FL,0,1
Texas County Technical College,www.texascountytech.edu/,NA,1,NA,13195,71,0.597,0.9718,0,0.0141,0,0,0,0.0141,0,0,NA,29729,Houston,MO,0,0
Aviation Institute of Maintenance-Kansas City,https://aviationmaintenance.edu/campuses/kansas-city-mo,NA,NA,NA,30416,211,0.7081,0.4882,0.2891,0.0948,0.0095,0,0.0095,0.109,0,0,NA,33008,Kansas City,MO,0,1
Blue Cliff College-Gulfport,bluecliffcollege.edu/,NA,NA,NA,9500,259,0.7286,0.3436,0.5444,0.027,0.0193,0.0193,0,0.0116,0,0.0347,NA,NA,Gulfport,MS,0,1
Metropolitan Learning Institute,www.gettraining.org/,NA,NA,NA,NA,318,0.7821,0.0283,0.0094,0.1855,0.7767,0,0,0,0,0,NA,NA,Rego Park,NY,0,1
Orleans Niagara BOCES-Practical Nursing Program,https://www.onboces.org/,NA,NA,NA,13198,0,0.5833,0,0,0,0,0,0,0,0,0,NA,NA,Lockport,NY,1,0
Yeshiva Shaarei Torah of Rockland,www.yst.edu/,NA,0.3469,NA,NA,141,0.2404,0.9149,0,0,0,0,0,0,0.0851,0,NA,24095,Suffern,NY,0,1
Leon Studio One School of Beauty Knowledge,www.leonstudioone.com/school/,NA,NA,NA,NA,29,0.4,0.7931,0.1724,0.0345,0,0,0,0,0,0,NA,NA,Williamsville,NY,0,1
American Institute of Alternative Medicine,www.aiam.edu/,NA,0.8438,NA,9500,374,0.6637,0.1497,0.7647,0.0214,0.0214,0.008,0.0053,0.0294,0,0,NA,35639,Columbus,OH,0,1
Brown Aveda Institute-Mentor,www.brownaveda.com/,NA,NA,NA,7267,118,0.5257,0.7458,0.1864,0.0424,0.0085,0.0085,0,0.0085,0,0,NA,NA,Mentor,OH,0,1
Institute of Technology,www.iot.edu/,NA,NA,NA,9500,261,0.3082,0.5824,0.0268,0.1954,0.023,0.0192,0.0038,0.0115,0,0.1379,NA,NA,Salem,OR,0,1
Susquehanna County Career and Technology Center,www.scctc-school.org/,NA,NA,NA,NA,59,0.8605,1,0,0,0,0,0,0,0,0,NA,NA,Springville,PA,1,0
Universidad Pentecostal Mizpa,mizpa.edu/,NA,NA,NA,NA,138,0.5786,0,0,1,0,0,0,0,0,0,0.2,12652,Rio Piedras,PR,0,1
Caribbean Forensic and Technical College,https://www.caribbeanforensic.com/,NA,NA,NA,NA,381,0.6442,0,0,1,0,0,0,0,0,0,NA,10996,San Juan,PR,0,1
Concorde Career College-Grand Prairie,https://www.concorde.edu/campus/grand-prairie-texas,NA,1,NA,9500,285,0.7468,0.0351,0.3614,0.1965,0.0105,0,0.0035,0,0,0.393,NA,NA,Grand Prairie,TX,0,1
Lamar Institute of Technology,https://www.lit.edu/,NA,NA,NA,13076,2937,0.2696,0.4062,0.2867,0.2397,0.0347,0.0054,0.001,0.0126,0,0.0136,NA,14139,Beaumont,TX,1,1
Aviation Institute of Maintenance-Dallas,https://aviationmaintenance.edu/campuses/dallas-tx,NA,NA,NA,32229,429,0.5296,0.2844,0.2564,0.3403,0.035,0.007,0.014,0.0629,0,0,NA,29979,Irving,TX,0,1
Healing Mountain Massage School,https://www.healingmountain.edu/,NA,NA,NA,8217,39,0.5333,0.7692,0,0.1795,0.0256,0.0256,0,0,0,0,NA,NA,Salt Lake City,UT,0,1
Eastern Virginia Career College,www.evcc.edu/,NA,0.8667,NA,10500,217,0.5784,0.3594,0.5115,0.0369,0.0323,0.0092,0,0.0415,0,0.0092,NA,NA,Fredericksburg,VA,0,1
Rudy & Kelly Academy A Paul Mitchell Partner School,https://paulmitchell.edu/virginiabeach,NA,NA,NA,12500,206,0.453,0.6553,0.2039,0.0534,0.0194,0.0049,0,0.0437,0.0049,0.0146,NA,NA,Virginia Beach,VA,0,1
Nevada State University,https://nsc.edu/,NA,0.8615,NA,19691,3791,0.2207,0.2139,0.0976,0.4611,0.1008,0.0026,0.0095,0.0599,8e-4,0.0538,0.3347,23035,Henderson,NV,1,0
California State University-Channel Islands,www.csuci.edu/,NA,0.9306,NA,15000,5230,0.469,0.2315,0.0218,0.6008,0.0652,0.0017,0.0017,0.0373,0.0082,0.0317,0.6028,24039,Camarillo,CA,1,0
Franklin W Olin College of Engineering,www.olin.edu/,1540,0.2166,44,19500,373,0.1347,0.4182,0.0322,0.1099,0.2225,0,0,0.0965,0.0777,0.0429,0.9737,81486,Needham,MA,0,1
Lincoln Technical Institute-Paramus,www.lincolntech.edu/campus/paramus-nj,NA,NA,NA,10521,608,0.5974,0.0724,0.4655,0.3306,0.0543,0.0016,0.0066,0.0461,0,0.023,NA,NA,Paramus,NJ,0,1
Pima Medical Institute-Colorado Springs,https://pmi.edu/,NA,NA,NA,9500,339,0.4552,0.4159,0.1003,0.2655,0.0206,0.0147,0.0029,0.1681,0,0.0118,NA,NA,Colorado Springs,CO,0,1
Paul Mitchell the School-Costa Mesa,paulmitchell.edu/costamesa,NA,NA,NA,13000,347,0.4065,0.3573,0.0317,0.4928,0.0519,0,0.0058,0.0317,0.0058,0.0231,NA,NA,Costa Mesa,CA,0,1
Tulsa Welding School-Jacksonville,https://www.tws.edu/,NA,NA,NA,9500,949,0.5956,0.491,0.3372,0.1517,0.0063,0.0095,0.0042,0,0,0,NA,NA,Jacksonville,FL,0,1
Pennsylvania College of Health Sciences,https://www.pacollege.edu/,NA,0.4412,NA,17500,1548,0.3018,0.6137,0.1253,0.1712,0.0543,0.0013,0,0.0252,0,0.009,NA,41566,Lancaster,PA,0,0
West Virginia Junior College-Bridgeport,www.wvjc.edu/,NA,NA,NA,8270,175,0.637,0.8914,0.0686,0.0171,0.0057,0,0,0.0171,0,0,NA,23091,Bridgeport,WV,0,0
St Louis College of Health Careers-Fenton,www.slchc.edu/,NA,1,NA,11750,401,0.5971,0.3367,0.5736,0.0249,0.005,0.0025,0.0025,0.0175,0,0.0374,NA,NA,Fenton,MO,0,1
Interactive College of Technology-Gainesville,www.ict.edu/,NA,NA,NA,10555,47,0.7049,0.1277,0.1489,0.6596,0.0638,0,0,0,0,0,NA,19418,Gainesville,GA,0,1
San Joaquin Valley College-Ontario,sjvc.edu/,NA,NA,NA,10674,1022,0.4948,0.1145,0.0479,0.6703,0.0479,0.0039,0.0088,0.0108,0.0029,0.093,NA,NA,Ontario,CA,0,1
Alaska Christian College,www.alaskacc.edu/,NA,0.8936,NA,NA,60,0.7763,0.0833,0,0,0,0.85,0.0167,0.05,0,0,NA,22858,Soldotna,AK,0,0
University of Arkansas Grantham,https://www.uagrantham.edu/,NA,NA,NA,21956,3202,0.6221,0.4435,0.3189,0.0815,0.0112,0.01,0.0034,0.0319,0.0081,0.0915,0.3386,14752,LIttle Rock,AR,1,1
Carrington College-Albuquerque,https://carrington.edu/,NA,NA,NA,9500,297,0.6183,0.1549,0.0438,0.5522,0.0135,0.1582,0,0.0202,0.0034,0.053900000000000003,NA,NA,Albuquerque,NM,0,1
NASCAR Technical Institute,www.uti.edu/,NA,NA,NA,13124,1306,0.4619,0.5329,0.1784,0.1608,0.0092,0.0054,0.0023,0.0873,0,0.0237,NA,NA,Mooresville,NC,0,1
University of the Potomac-VA Campus,www.potomac.edu/,NA,NA,NA,8769,177,0,0.0678,0.0565,0,0.5141,0,0,0.0226,0.339,0,0.8333,NA,FALLS CHURCH,VA,0,1
Milan Institute-Palm Desert,www.milaninstitute.edu/,NA,NA,NA,7702,290,0.6327,0.0966,0.0345,0.7966,0.0069,0.0172,0.0103,0.0276,0.0034,0.0069,NA,NA,Palm Desert,CA,0,1
Tohono O'odham Community College,www.tocc.edu/,NA,NA,NA,NA,984,0.3124,0.0163,0.0041,0.003,0.001,0.9695,0,0.001,0,0.0051,NA,8282,Sells,AZ,1,0
Pacific College of Health and Science,www.pacificcollege.edu/,NA,NA,NA,12271,19,0.5833,0,0.1053,0,0.0526,0,0,0,0,0.8421,NA,NA,Chicago,IL,0,1
Southwest Institute of Healing Arts,swiha.edu/,NA,NA,NA,9500,716,0.4328,0.4902,0.1439,0.1802,0.007,0.0223,0.0042,0.0768,0.0014,0.074,NA,NA,Tempe,AZ,0,1
InterCoast Colleges-Riverside,https://www.intercoast.edu/,NA,NA,NA,10313,63,0.5922,0.1587,0.254,0.4921,0.0159,0,0.0317,0.0476,0,0,NA,NA,Riverside,CA,0,1
Brighton Center's Center for Employment Training,www.brightoncenter.com/,NA,NA,NA,NA,68,0.6721,0.5294,0.3529,0.0294,0.0147,0.0147,0,0.0588,0,0,NA,NA,Newport,KY,0,1
California Healing Arts College,www.chac.edu/,NA,NA,NA,9476,298,0.8458,0.104,0.1846,0.6309,0.0503,0.0034,0.0201,0,0,0.0067,NA,NA,Carson,CA,0,1
Dallas Barber & Stylist College,www.dallasbarberandstylistcollege.com/,NA,NA,NA,NA,30,0.7907,0,1,0,0,0,0,0,0,0,NA,NA,Dallas,TX,0,1
Faith International University,https://www.faithiu.edu/,NA,NA,NA,17650,196,0.4716,0.4643,0.199,0.1633,0.0867,0,0,0.051,0.0102,0.0255,0.25,20793,Tacoma,WA,0,1
Family of Faith Christian University,www.familyoffaith.edu/,NA,1,NA,NA,41,0.4118,0.6585,0.0488,0.0732,0.0488,0,0,0.0488,0.0976,0.0244,0,NA,Shawnee,OK,0,0
Colegio Educativo Tecnologico Industrial Inc,https://www.ceticollege.com/,NA,NA,NA,NA,75,0.9722,0,0,1,0,0,0,0,0,0,NA,NA,Arecibo,PR,0,1
Irene's Myomassology Institute,www.irenes.edu/,NA,NA,NA,7389,263,0.5921,0.5475,0.3384,0.0152,0.0152,0.0076,0.0038,0.0114,0,0.0608,NA,NA,Southfield,MI,0,1
Jay's Technical Institute,jtisite.wix.com/jaysbarberandbeauty,NA,NA,NA,11000,26,0.3182,0,0.8846,0.1154,0,0,0,0,0,0,NA,NA,Houston,TX,0,1
NTMA Training Centers of Southern California,ntmamcc.org/,NA,NA,NA,8785,64,0.673,0.0156,0.0781,0.7344,0.0625,0,0,0.0313,0,0.0781,NA,NA,Santa Fe Springs,CA,0,1
P C Age-Jersey City,www.pcage.edu/,NA,NA,NA,12966,163,0.3052,0.184,0.2577,0.3742,0.0613,0.0061,0.0123,0.0307,0,0.0736,NA,NA,Jersey City,NJ,0,1
PC AGE-Metropark,www.pcage.edu/,NA,NA,NA,12966,56,0.3043,0.125,0.4286,0.3214,0.0893,0,0,0.0179,0,0.0179,NA,NA,Iselin,NJ,0,1
Hollywood Institute,www.hi.edu/,NA,NA,NA,6038,195,0.7232,0.0615,0.7179,0.1846,0,0,0.0256,0,0,0.0103,NA,NA,Margate,FL,0,1
South Florida Institute of Technology,www.sf-institute.com/,NA,NA,NA,9500,7800,0.6765,0,0,1,0,0,0,0,0,0,NA,NA,Miami,FL,0,1
Southeastern College-Charleston,www.sec.edu/,NA,0.9316,NA,9500,232,0.6684,0.3534,0.4698,0.0733,0.0172,0.0043,0.0043,0.0733,0,0.0043,NA,41936,North Charleston,SC,0,1
Tigi Hairdressing Academy-Colorado Springs,https://www.tigihairdressingacademy.com/,NA,NA,NA,11008,129,0.4397,0.4496,0.0853,0.1008,0.0233,0,0,0.1395,0,0.2016,NA,NA,Colorado Springs,CO,0,1
Trend Barber College,trendbarbercollege.com/,NA,NA,NA,12794,11,0.913,0,1,0,0,0,0,0,0,0,NA,NA,Houston,TX,0,1
Valley Grande Institute for Academic Studies,vgi.edu/,NA,NA,NA,9500,180,0.9877,0.0333,0.0111,0.9444,0,0,0,0.0111,0,0,NA,NA,Weslaco,TX,0,1
West Coast University-Los Angeles,westcoastuniversity.edu/,NA,NA,NA,32946,2687,0.4527,0.342,0.0313,0.3487,0.2054,0.0015,0.0074,0.0584,0.0011,0.0041,0.8333,58637,North Hollywood,CA,0,1
Williamson Christian College,www.williamsoncc.edu/,NA,NA,NA,NA,40,0.3902,0.675,0.025,0.225,0.05,0,0,0.025,0,0,0,28954,Franklin,TN,0,1
Triangle Tech Inc-Sunbury,https://www.triangle-tech.edu/,NA,NA,NA,12000,64,0.4528,0.7969,0.0781,0.1094,0,0,0,0.0156,0,0,NA,27092,Sunbury,PA,0,0
DigiPen Institute of Technology,https://www.digipen.edu/,1295,0.6802,NA,27000,1032,0.224,0.532,0.0271,0.1027,0.1143,0.0029,0.001,0.095,0.1047,0.0203,0.5803,51366,Redmond,WA,0,1
Pierpont Community and Technical College,https://www.pierpont.edu/,NA,NA,NA,12110,906,0.2975,0.9073,0.0287,0.0088,0.0055,0.0055,0,0.0353,0,0.0088,NA,13434,Fairmont,WV,1,0
Dewey University-Hato Rey,dewey.edu/,NA,NA,NA,5185,270,0.8996,0,0,1,0,0,0,0,0,0,0.0562,11591,Hato Rey,PR,0,1
InterCoast Colleges-West Covina,https://www.intercoast.edu/,NA,NA,NA,10313,507,0.5793,0.3235,0.1302,0.428,0.0355,0.0178,0,0.0533,0,0.0118,NA,NA,West Covina,CA,0,1
American College of Healthcare Sciences,www.achs.edu/,NA,0.5822,NA,13523,810,0.6192,0.5173,0.2025,0.1086,0.0074,0.0136,0.0012,0.0506,0,0.0988,NA,28848,Portland,OR,0,1
Colorado Media School,beonair.com/,NA,NA,NA,9500,45,0.4183,0.4,0.3778,0.2,0.0222,0,0,0,0,0,NA,NA,Denver,CO,0,1
Paul Mitchell the School-Rhode Island,paulmitchell.edu/rhodeisland,NA,NA,NA,13000,170,0.4189,0.5765,0.0706,0.1588,0.0176,0.0118,0,0.1235,0,0.0412,NA,NA,Cranston,RI,0,1
Miller-Motte College-Chattanooga,https://www.miller-motte.edu/,NA,NA,NA,15917,3667,0.8467,0.3139,0.5402,0.057,0.0044,0.012,0.0019,0.06,0,0.0106,NA,NA,Chattanooga,TN,0,1
Milan Institute-Sparks,www.milaninstitute.edu/,NA,NA,NA,8124,166,0.5533,0.3614,0.0422,0.4639,0.0361,0.0181,0.006,0.0602,0,0.012,NA,NA,Sparks,NV,0,1
Interactive College of Technology,www.ict.edu/campuses/tx/north-houston/,NA,NA,NA,5353,48,0.5208,0.0625,0.3958,0.4583,0.0833,0,0,0,0,0,NA,20950,Houston,TX,0,1
Strayer University-Tennessee,www.strayer.edu/campus-locations/tennessee/thousand-oaks,NA,NA,NA,40621,2670,0.8603,0.3311,0.6139,0.0154,0.0011,0.0037,0.0011,0.0255,0,0.0082,0,23838,Memphis,TN,0,1
Strayer University-Pennsylvania,https://www.strayer.edu/campus-locations/pennsylvania/lower-bucks-county,NA,NA,NA,40621,1334,0.68,0.2661,0.5022,0.1582,0.0097,0.0037,0.0037,0.0352,7e-4,0.0202,1,23838,Trevose,PA,0,1
Charlie's Guard-Detective Bureau and Academy Inc,www.charliesacademy.edu/,NA,NA,NA,NA,62,0.9753,0,0,1,0,0,0,0,0,0,NA,NA,Aguadilla,PR,0,1
PCI Academy-Plymouth,www.pci-academy.com/,NA,NA,NA,5828,114,0.3377,0.7281,0.1053,0.0175,0.0614,0,0,0.0877,0,0,NA,NA,Plymouth,MN,0,1
Creative Images Institute of Cosmetology-South Dayton,www.creativeimages.edu/,NA,NA,NA,9731,52,0.3519,0.7115,0.1346,0.0385,0.0769,0,0,0,0,0.0385,NA,NA,Dayton,OH,0,1
Brookline College-Albuquerque,https://www.brooklinecollege.edu/,NA,NA,NA,9500,492,0.5184,0.2053,0.0874,0.5528,0.0407,0.0793,0.0041,0.0081,0,0.0224,0.3333,NA,Albuquerque,NM,0,1
Northcentral University,www.nu.edu/,NA,NA,NA,12500,98,0.2547,0.4796,0.2449,0.0816,0.0102,0.0102,0.0102,0.0714,0,0.0918,NA,NA,San Diego,CA,0,1
Bayamon Community College,www.bccpr.org/,NA,NA,NA,NA,151,0.7,0,0,1,0,0,0,0,0,0,NA,NA,Bayamon,PR,0,1
Folsom Lake College,https://www.flc.losrios.edu/,NA,NA,NA,NA,8937,0.1594,0.4682,0.0525,0.2312,0.1097,0.0073,0.0056,0.0633,0.0018,0.0605,NA,12233,Folsom,CA,1,1
LeGrand Institute of Cosmetology Inc,www.legrandinstitute.com/,NA,NA,NA,NA,30,0.6905,0.7667,0.2333,0,0,0,0,0,0,0,NA,NA,Camden,SC,0,0
Cambridge Technical Institute,www.cti.edu/,NA,NA,NA,NA,27,0.8824,0,0,0.2593,0,0.7407,0,0,0,0,NA,NA,Caguas,PR,0,1
Empire Beauty School-Midlothian,www.empire.edu/,NA,NA,NA,10667,87,0.4094,0.1379,0.4598,0.0805,0.0345,0,0,0.0345,0,0.2529,NA,NA,Midlothian,VA,0,1
Empire Beauty School-Owings Mills,www.empire.edu/,NA,NA,NA,13000,131,0.5933,0.0916,0.771,0.0687,0.0076,0.0076,0,0.0534,0,0,NA,NA,Owings Mills,MD,0,1
Empire Beauty School-West Mifflin,www.empire.edu/,NA,NA,NA,13000,76,0.5862,0.25,0.3684,0.0263,0.0658,0,0,0.0263,0,0.2632,NA,NA,West Mifflin,PA,0,1
ATI College-Whittier,www.ati.edu/,NA,NA,NA,28428,141,0.5391,0.0638,0.078,0.7376,0.0638,0.0142,0,0,0.0355,0.0071,NA,NA,Whitter,CA,0,1
Advance Science International College,www.asicollege.edu/,NA,NA,NA,NA,44,0.587,0,0,1,0,0,0,0,0,0,NA,NA,Miami Lakes,FL,0,1
ATA College,https://atacollege.edu/,NA,NA,NA,5500,106,0.7797,0.3774,0.2264,0.3113,0.0472,0.0094,0.0094,0.0189,0,0,NA,NA,El Cajon,CA,0,1
American Advanced Technicians Institute,www.aati.edu/,NA,NA,NA,NA,31,0.5952,0,0,1,0,0,0,0,0,0,NA,NA,Hialeah,FL,0,1
Baptist University of the Americas,www.bua.edu/,NA,NA,NA,NA,98,0.3241,0.0408,0.051,0.4592,0.0204,0,0,0,0.4184,0.0102,0.3529,15001,San Antonio,TX,0,1
The Beauty Institute,thebeautyinstitute.edu/,NA,NA,NA,NA,23,0.4615,0.2609,0.4783,0.1304,0.087,0,0,0,0,0.0435,NA,NA,West  Palm Beach,FL,0,1
Beis Medrash Heichal Dovid,www.heichaldovid.org/,NA,0.7,NA,NA,183,0.1497,0.9454,0,0,0,0,0,0,0.0546,0,0.2,20500,Far Rockaway,NY,0,1
Blue Cliff Career College,www.blue.edu/,NA,NA,NA,7917,41,0.7639,0.7073,0.2195,0.0732,0,0,0,0,0,0,NA,NA,Mobile,AL,0,1
Lawrenceburg Technical College,www.ltc.edu/,NA,NA,NA,NA,39,0.7826,0.8718,0.0513,0.0769,0,0,0,0,0,0,NA,NA,Lawrenceburg,TN,0,0
Paul Mitchell the School-Gastonia,paulmitchell.edu/gastonia,NA,NA,NA,12874,254,0.5161,0.5748,0.2244,0.1181,0.0118,0.0039,0,0.0551,0,0.0118,NA,NA,Gastonia,NC,0,1
CES College,www.cescollege.edu/,NA,0.6,NA,16821,106,0.604,0.6415,0,0.3302,0.0094,0.0189,0,0,0,0,NA,NA,Burbank,CA,0,1
Stellar Career College,modesto.stellarcollege.edu/,NA,NA,NA,4834,50,0.6885,0.06,0.06,0.78,0.06,0,0.02,0,0,0.02,NA,NA,Modesto,CA,0,1
Auguste Escoffier School of Culinary Arts-Austin,www.escoffier.edu/,NA,NA,NA,16000,372,0.5606,0.379,0.2366,0.2796,0.0376,0.0134,0.0108,0.0296,0,0.0134,NA,NA,Austin,TX,0,1
Culinary Institute Inc,www.culinaryinstitute.edu/,NA,NA,NA,16004,334,0.7085,0.2455,0.3204,0.3862,0.0299,0.009,0,0.006,0,0.003,NA,30580,Houston,TX,0,1
Escuela Hotelera de San Juan,www.escuelahotelera.edu/,NA,NA,NA,3500,394,0.8347,0,0,1,0,0,0,0,0,0,NA,22831,Hato Rey,PR,0,1
Orion Institute,www.orion.edu/orioninstitute,NA,NA,NA,7885,60,0.6512,0.4,0.05,0.05,0.3667,0.0167,0,0.1167,0,0,NA,NA,Perrysburg,OH,0,1
Moore Career College,moorecareercollege.edu/,NA,NA,NA,7917,69,1,0.1594,0.8116,0,0,0.029,0,0,0,0,NA,NA,Baton Rouge,LA,0,1
Industrial Technical College,www.industrialtechnicalcollege.com/,NA,NA,NA,NA,96,1,0,0,1,0,0,0,0,0,0,NA,9850,Humacao,PR,0,1
Gwinnett College-Marietta Campus,www.gwinnettcollege.edu/,NA,NA,NA,12498,168,0.6333,0.1429,0.7083,0.1012,0.006,0,0,0.006,0,0.0357,NA,NA,Marietta,GA,0,1
Leston College,www.lestoncollege.com/,NA,NA,NA,NA,26,1,0,0,1,0,0,0,0,0,0,NA,NA,Bayamon,PR,0,1
Charlotte Christian College and Theological Seminary,www.charlottechristian.edu/,NA,NA,NA,18000,36,0.5556,0.1111,0.8611,0.0278,0,0,0,0,0,0,0,NA,Charlotte,NC,0,1
Nightingale College,www.nightingale.edu/,NA,NA,NA,25250,4244,0.4347,0.2809,0.1713,0.209,0.1805,0.0115,0.0233,9e-4,0,0.1225,NA,NA,Salt Lake City,UT,0,1
PITC Institute,pitc.edu/index.html,NA,NA,NA,16722,113,0.3509,0.0088,0.9115,0.0442,0.0177,0,0,0.0088,0,0.0088,NA,NA,Wyncote,PA,0,1
Skinworks School of Advanced Skincare,www.skinworks.edu/,NA,NA,NA,6333,116,0.4575,0.4224,0.0172,0.3879,0.0259,0.0345,0.0259,0.069,0,0.0172,NA,NA,Salt Lake City,UT,0,1
Southeastern College-Columbia,www.sec.edu/,NA,0.9244,NA,9500,248,0.729,0.1734,0.6411,0.0524,0.004,0.0081,0.004,0.0202,0,0.0968,NA,43798,Columbia,SC,0,1
Turning Point Beauty College,turningpointbeauty.com/,NA,NA,NA,6000,95,0.6145,0.1158,0.1474,0.1789,0.4737,0.0105,0,0.0105,0,0.0632,NA,NA,Chandler,AZ,0,0
Unitech Training Academy-Lafayette,www.unitechta.edu/,NA,NA,NA,8721,259,0.74,0.2432,0.7529,0,0,0,0,0,0,0.0039,NA,NA,Lafayette,LA,0,1
Mountwest Community and Technical College,www.mctc.edu/,NA,NA,NA,7446,1098,0.4132,0.7842,0.0464,0.0146,0.0036,0.0036,0,0.051,0.0036,0.0929,NA,15977,Huntington,WV,1,1
American InterContinental University System,https://www.aius.education/,NA,NA,NA,31000,6734,0.7291,0.2474,0.2845,0.0552,0.0153,0.0104,0.0083,0.0356,0,0.3432,0.0897,20949,Chandler,AZ,0,1
American InterContinental University-Houston,www.aiuniv.edu/online-campus/campus-locations/houston,NA,NA,NA,31000,124,0.7705,0.129,0.379,0.0081,0.0403,0.0081,0,0.0081,0,0.4274,0.3333,25557,Houston,TX,0,1
University of California-Merced,ucmerced.edu/,NA,0.3918,NA,16144,8372,0.5901,0.089,0.0486,0.5774,0.2235,0.0014,0.0026,0.0443,0.003,0.0102,0.7277,37098,Merced,CA,1,1
Remington College-North Houston Campus,https://www.remingtoncollege.edu/locations/houston/greenspoint/,NA,NA,NA,13271,163,0.9297,0.0429,0.6503,0.3006,0.0061,0,0,0,0,0,NA,31141,Houston,TX,0,1
Paul Mitchell the School-Orlando,paulmitchell.edu/orlando,NA,NA,NA,13000,133,0.4504,0.4361,0.1955,0.2857,0,0,0,0.0602,0,0.0226,NA,NA,Oviedo,FL,0,1
Pima Medical Institute-Las Vegas,https://pmi.edu/,NA,NA,NA,9500,748,0.4593,0.2513,0.1003,0.3529,0.1324,0.004,0.016,0.1377,0,0.0053,NA,NA,Las Vegas,NV,0,1
Remington College-Nashville Campus,https://www.remingtoncollege.edu/locations/nashville/,NA,NA,NA,13271,279,0.7167,0.2473,0.5305,0.0896,0.0143,0.0036,0.0824,0.0251,0,0.0072,NA,33320,Nashville,TN,0,1
Central Methodist University-College of Graduate and Extended Studies,www.centralmethodist.edu/,NA,0.8714,NA,17619,1807,0.2678,0.7952,0.1173,0.0332,0.0039,0.0105,6e-4,0.0255,0,0.0138,0,20195,Fayette,MO,0,0
North-West College-Riverside,www.north-westcollege.edu/,NA,NA,NA,9500,680,0.6342,0.1544,0.1279,0.5221,0.0471,0.0147,0.0118,0.1221,0,0,NA,NA,Riverside,CA,0,1
Colegio Tecnico de Electricidad Galloza,www.ctegpr.com/,NA,NA,NA,NA,7,1,0,0,1,0,0,0,0,0,0,NA,NA,Aguada,PR,0,1
Arthur's Beauty College,www.arthursbeautycollege.com/,NA,NA,NA,9833,65,0.6264,0.7538,0.2154,0.0308,0,0,0,0,0,0,NA,NA,Conway,AR,0,1
Spa Tech Institute-Westboro,www.spatech.edu/,NA,NA,NA,6333,194,0.332,0.6186,0.0825,0.2268,0.0258,0,0,0.0309,0,0.0155,NA,NA,Westborough,MA,0,1
Spa Tech Institute-Plymouth,www.spatech.edu/,NA,NA,NA,6333,236,0.3192,0.7415,0.0932,0.0636,0.0254,0.0127,0,0.0424,0,0.0212,NA,NA,Plymouth,MA,0,1
Neumont College of Computer Science,https://www.neumont.edu/,1112,0.8924,NA,NA,530,0.5733,0.5132,0.0755,0.1566,0.0434,0.0226,0.0057,0.0358,0,0.1472,0.54,39004,Salt Lake City,UT,0,1
Johnson & Wales University-Charlotte,https://www.jwu.edu/campuses/charlotte/,1015,0.7528,NA,26000,1126,0.5193,0.3348,0.4343,0.1252,0.0195,0.0071,0,0.0169,0.0178,0.0444,0.3603,55989,Charlotte,NC,0,1
Roseman University of Health Sciences,www.roseman.edu/,NA,NA,NA,25000,554,0.2265,0.2383,0.0451,0.1625,0.3845,0.0054,0.0072,0.1336,0.0036,0.0199,NA,NA,Henderson,NV,0,1
Fortis Institute-Port Saint Lucie,www.fortis.edu/,NA,NA,NA,12346,472,0.7597,0.2097,0.4936,0.1864,0.0085,0,0.0042,0.0593,0,0.0381,NA,31606,Port Saint Lucie,FL,0,1
Aviation Institute of Maintenance-Manassas,https://aviationmaintenance.edu/campuses/nova,NA,NA,NA,31959,189,0.5851,0.291,0.3069,0.2804,0.0476,0,0.0053,0.0688,0,0,NA,29124,Manassas,VA,0,1
Cosmetology School of Arts & Sciences,cosmetologyschoolof-art.com/,NA,NA,NA,10556,38,0.8788,0.6053,0,0.3947,0,0,0,0,0,0,NA,NA,Burley,ID,0,0
Universal Technical Institute of Pennsylvania Inc,www.uti.edu/,NA,NA,NA,14267,1004,0.5054,0.4731,0.1325,0.244,0.0199,0.003,0.002,0.1046,0,0.0209,NA,NA,Exton,PA,0,1
Kenneth Shuler School of Cosmetology-Spartanburg,www.kennethshuler.com/,NA,NA,NA,5858,132,0.6913,0.4773,0.3939,0.0758,0.0152,0,0.0076,0.0303,0,0,NA,NA,Spartanburg,SC,0,1
Kenneth Shuler School of Cosmetology-Columbia,www.kennethshuler.com/,NA,NA,NA,5858,74,0.67,0.1081,0.8784,0.0135,0,0,0,0,0,0,NA,NA,Columbia,SC,0,1
Lincoln Technical Institute-Shelton,www.lincolntech.edu/campus/shelton-ct,NA,NA,NA,11250,798,0.5573,0.2343,0.3459,0.297,0.0201,0.0013,0,0.0489,0.0013,0.0514,NA,NA,Shelton,CT,0,1
Northwest Career College,www.northwestcareercollege.edu/,NA,NA,NA,9500,2222,0.7962,0.1458,0.3227,0.3456,0.054,0.0099,0.0239,0.0959,0,0.0023,NA,NA,Las Vegas,NV,0,1
Soma Institute-The National School of Clinical Massage Therapy,www.soma.edu/,NA,NA,NA,7916,253,0.5372,0.0791,0.4506,0.1858,0.0158,0,0,0.0711,0,0.1976,NA,NA,Chicago,IL,0,1
Ave Maria University,www.avemaria.edu/,NA,0.4481,NA,20776,1229,0.2318,0.7014,0.0342,0.1603,0.0391,0.0073,0,0,0.0244,0.0334,0.6146,43220,Ave Maria,FL,0,0
CALC Institute of Technology,calc.edu/,NA,NA,NA,9500,63,0.81,0.3492,0.619,0,0,0,0,0.0159,0,0.0159,NA,NA,Alton,IL,0,1
Sutter County Career Training Center,www.cambridge.edu/,NA,NA,NA,9500,50,0.4552,0.26,0.02,0.5,0.1,0.02,0,0.1,0,0,NA,NA,Yuba City,CA,0,1
Cambridge College of Healthcare & Technology,www.cambridgehealth.edu/,NA,NA,NA,14656,298,0.6293,0.1812,0.2987,0.396,0.0235,0.0034,0.0034,0.0906,0,0.0034,NA,24010,Altamonte Springs,FL,0,1
Career Care Institute,www.ccicolleges.edu/,NA,NA,NA,16625,649,0.615,0.0924,0.1325,0.5716,0.0832,0.0015,0.0062,0.0108,0.1002,0.0015,NA,NA,Lancaster,CA,0,1
ATA Career Education,www.atafl.edu/,NA,NA,NA,21030,226,0.9175,0.3319,0.3982,0.1195,0.0044,0,0,0.0442,0,0.1018,NA,30619,Spring Hill,FL,0,1
Community Christian College,https://www.cccollege.edu/,NA,NA,NA,NA,428,0.7897,0.0864,0.7477,0.0678,0.0023,0.0047,0.007,0.0794,0.0047,0,NA,26533,Redlands,CA,0,1
Culpeper Cosmetology Training Center,www.culpepercosmetology.com/,NA,NA,NA,NA,67,0.5517,0.7612,0.0896,0.0448,0,0,0,0.1045,0,0,NA,NA,Culpeper,VA,1,0
Eastern School of Acupuncture and Traditional Medicine,www.esatm.edu/,NA,NA,NA,NA,8,0,0.625,0,0,0.375,0,0,0,0,0,NA,NA,Bloomfield,NJ,0,1
Ecclesia College,ecollege.edu/,NA,0.475,NA,13019,132,0.5346,0.4848,0.1439,0.1439,0,0.0379,0.0076,0.0303,0.1515,0,0.2,31344,Springdale,AR,0,0
Employment Solutions-College for Technical Education,https://cte.edu/,NA,NA,NA,11600,200,0.6679,0.32,0.295,0.015,0,0,0,0.005,0,0.365,NA,NA,Lexington,KY,0,1
Estelle Medical Academy,www.estellemedical.edu/,NA,NA,NA,5657,64,0.3762,0.5,0.125,0.125,0.25,0,0,0,0,0,NA,12300,Skokie,IL,0,1
Evergreen Beauty and Barber College-Everett,www.evergreenbeauty.edu/,NA,NA,NA,7917,1019,0.3399,0.5054,0.0991,0.264,0.0569,0.0216,0.0137,0.0088,0,0.0304,NA,NA,Everett,WA,0,1
Paul Mitchell the School-Great Lakes,paulmitchell.edu/porthuron,NA,NA,NA,9667,64,0.4771,0.8594,0.0313,0.0469,0,0,0.0313,0.0313,0,0,NA,NA,Port Huron,MI,0,1
Healthcare Training Institute,www.htinj.edu/,NA,0.7586,NA,8717,103,0.7143,0.1165,0.5146,0.1942,0.1748,0,0,0,0,0,NA,NA,Union,NJ,0,1
John D Rockefeller IV Career Center,www.jdrcc.org/,NA,NA,NA,NA,14,0.5833,0.7857,0.2143,0,0,0,0,0,0,0,NA,23917,New Cumberland,WV,1,0
Los Angeles College of Music,www.lacm.edu/,NA,0.8137,NA,27938,267,0.2611,0.2959,0.0524,0.1461,0.0412,0.0075,0,0.0187,0.4082,0.03,0.5882,50873,Pasadena,CA,0,1
Rosslyn Training Academy of Cosmetology,rosslyntraining.edu/,NA,NA,NA,NA,6,1,0,0,1,0,0,0,0,0,0,NA,8267,Aguada,PR,0,1
SAE Institute of Technology-Nashville,usa.sae.edu/,NA,NA,NA,9500,1800,0.7596,0.1472,0.5878,0.1633,0.0128,0.005,0.0028,0.0556,0.0011,0.0244,NA,25834,Nashville,TN,0,1
Southern Technical College,www.southerntech.edu/,NA,NA,NA,11250,1686,0.8225,0.2906,0.306,0.3144,0.0166,0.0047,0.0042,0.0243,0,0.0391,NA,NA,Orlando,FL,0,1
Stanbridge University,www.stanbridge.edu/,NA,0.1137,NA,20000,2373,0.4534,0.1176,0.0383,0.4105,0.2006,0.0038,0.0101,0.0413,0,0.1778,0.9583,NA,Irvine,CA,0,1
Universal College of Healing Arts,www.ucha.edu/,NA,NA,NA,14768,27,0.5417,0.8519,0.0741,0.037,0.037,0,0,0,0,0,NA,24310,Omaha,NE,0,1
Uta Mesivta of Kiryas Joel,utam.edu/,NA,NA,NA,NA,2729,0.8625,0.996,0,0,0,0,0,0,0.004,0,0.6614,21452,Monroe,NY,0,1
Harrisburg University of Science and Technology,www.harrisburgu.edu/,NA,0.8178,NA,27000,650,0.4823,0.44,0.2523,0.1646,0.0569,0,0,0.0508,0.0169,0.0185,0.3333,33434,Harrisburg,PA,0,1
Blue Ridge Community and Technical College,https://www.blueridgectc.edu/,NA,NA,NA,13000,1565,0.1757,0.7284,0.0901,0.0971,0.0121,0.0019,0.0019,0.0537,0,0.0147,NA,10779,Martinsburg,WV,1,0
Daytona College,daytonacollege.edu/,NA,NA,NA,7403,199,0.5795,0.4472,0.392,0.1156,0,0,0.005,0.0201,0,0.0201,NA,NA,Ormond Beach,FL,0,1
Delta Technical College-Mississippi,www.deltatechnicalcollege.com/,NA,NA,NA,9500,2320,0.8286,0.0918,0.8547,0.0379,0.003,0.0039,4e-4,0.0065,0,0.0017,NA,NA,Horn Lake,MS,0,1
United States University,https://www.usuniversity.edu/,NA,NA,NA,15244,167,0.1179,0.4371,0.0958,0.3353,0.0838,0,0,0.012,0,0.0359,0,28358,San Diego,CA,0,1
Empire Beauty School-Avondale,www.empire.edu/,NA,NA,NA,10231,239,0.5508,0.1674,0.1674,0.5021,0.0126,0.0251,0.0042,0.0502,0,0.0711,NA,NA,Avondale,AZ,0,1
Empire Beauty School-Littleton,www.empire.edu/,NA,NA,NA,10667,44,0.3548,0.4773,0.0227,0.2273,0.0682,0,0,0.0227,0,0.1818,NA,NA,Littleton,CO,0,1
Empire Beauty School-Aurora,www.empire.edu/,NA,NA,NA,10667,98,0.5954,0.1224,0.3776,0.2347,0.0102,0,0.0102,0.0816,0,0.1633,NA,NA,Aurora,CO,0,1
Joyce University of Nursing and Health Sciences,www.joyce.edu/,NA,0.8944,NA,20000,1892,0.3443,0.6845,0.0233,0.1401,0.0428,0.0063,0.0148,0.01,0,0.0782,1,33321,Draper,UT,0,1
San Joaquin Valley College-Modesto,www.sjvc.edu/,NA,NA,NA,10674,590,0.5277,0.1203,0.0356,0.6254,0.0695,0.0102,0.0186,0.0153,0.0017,0.1034,NA,NA,Salida,CA,0,1
Eagle Gate College-Layton,www.eaglegatecollege.edu/,NA,NA,NA,43021,205,0.5884,0.678,0.0293,0.1415,0.0293,0.0146,0.0146,0,0,0.0927,0.4,NA,Layton,UT,0,1
Academy of Hair Design-Jasper,lufkinhairdesign.com/,NA,NA,NA,11125,49,0.52,0.4694,0.4082,0.0816,0,0.0408,0,0,0,0,NA,NA,Jasper,TX,0,0
Unitech Training Academy-West Monroe,www.unitechta.edu/,NA,NA,NA,8721,98,0.699,0.2857,0.7143,0,0,0,0,0,0,0,NA,NA,West Monroe,LA,0,1
New River Community and Technical College,https://www.newriver.edu/,NA,NA,NA,7250,777,0.4548,0.8906,0.0425,0.0103,0.0077,0.0077,0,0.0399,0,0.0013,NA,11656,Beaver,WV,1,0
The College of Health Care Professions-Southwest Houston,www.chcp.edu/,NA,NA,NA,9500,666,0.7253,0.0465,0.3318,0.527,0.0465,0.0075,0.0015,0.0195,0,0.0195,NA,NA,Houston,TX,0,1
UEI College-Chula Vista,https://www.uei.edu/,NA,NA,NA,9500,1344,0.6787,0.0238,0.0335,0.2969,0.026,0.0015,0.0022,0.0104,0,0.6057,NA,NA,Chula Vista,CA,0,1
UEI College-West Covina,https://www.uei.edu/,NA,NA,NA,9500,1022,0.7172,0.0078,0.0157,0.2104,0.0127,0.0088,0.002,0.0029,0,0.7397,NA,NA,West Covina,CA,0,1
Georgia Gwinnett College,www.ggc.edu/,NA,0.9557,NA,20076,11156,0.5034,0.2076,0.3209,0.2808,0.1083,0.0029,0.0018,0.0377,0.0316,0.0083,0.2542,18033,Lawrenceville,GA,1,1
Tucson College of Beauty,tucsoncollegeofbeauty.com/,NA,NA,NA,6333,134,0.5662,0.0672,0.0224,0.291,0,0.0075,0,0.0149,0,0.597,NA,NA,Tucson,AZ,0,1
California Career College,www.californiacareercollege.edu/,NA,NA,NA,28500,195,0.3389,0.1538,0.0667,0.3846,0.359,0.0051,0,0.0205,0,0.0103,NA,NA,Canoga Park,CA,0,1
Palladium Technical Academy Inc,palladium.edu/,NA,NA,NA,7755,45,0.898,0.1778,0,0.8222,0,0,0,0,0,0,NA,NA,Temple City,CA,0,1
Los Angeles College of Aesthetics,www.palacebeautycollege.com/,NA,NA,NA,3723,101,0.3491,0.0693,0.2178,0.5545,0.0594,0,0.0099,0.0099,0.0693,0.0099,NA,NA,Los Angeles,CA,0,1
National Polytechnic College,https://npcollege.edu/,NA,NA,NA,16098,299,0.5157,0.1104,0.0803,0.5953,0.1639,0.0234,0.0033,0.01,0.0134,0,NA,NA,Lakewood,CA,0,1
American Career College-Ontario,https://americancareercollege.edu/,NA,NA,NA,9500,2014,0.6132,0.1147,0.1008,0.5983,0.0963,0.0104,0.0124,0.0631,0,0.004,NA,NA,Ontario,CA,0,1
Asher College,www.asher.edu/,NA,NA,NA,14166,699,0.5712,0.1803,0.3491,0.2303,0.1645,0.0172,0.0143,0.03,0,0.0143,NA,NA,Sacramento,CA,0,1
American Institute of Massage Therapy,www.aimtinc.com/,NA,NA,NA,NA,17,0.1282,0.2353,0,0.1176,0.6471,0,0,0,0,0,NA,NA,Santa Ana,CA,0,1
Blake Austin College,www.blakeaustincollege.edu/,NA,NA,NA,10249,11,0.3539,0.2727,0.0909,0.2727,0,0,0,0.0909,0,0.2727,NA,NA,Vacaville,CA,0,1
Aviator College of Aeronautical Science and Technology,www.aviator.edu/,NA,NA,NA,16979,274,0.1457,0.2336,0.0912,0.3248,0.0146,0.0036,0.0146,0.0328,0.2847,0,NA,43615,Fort Pierce,FL,0,1
Trendsetters School of Beauty & Barbering,trendsettersjax.com/,NA,NA,NA,11211,26,0.65,0.1923,0.7692,0.0385,0,0,0,0,0,0,NA,NA,Jacksonville,FL,0,1
American Institute of Beauty,www.aibschool.edu/,NA,NA,NA,6333,179,0.7454,0.4246,0.2682,0.2179,0.0223,0,0,0.0615,0,0.0056,NA,NA,Largo,FL,0,1
North Florida Cosmetology Institute,cosmetologyinst.com/,NA,NA,NA,6334,70,0.5697,0.2286,0.6571,0.0286,0.0143,0.0143,0,0.0571,0,0,NA,NA,Tallahassee,FL,0,1
Florida Academy of Health & Beauty,flacademyofbeauty.edu/,NA,NA,NA,3333,67,0.6522,0.0299,0.9701,0,0,0,0,0,0,0,NA,NA,Oakland Park,FL,0,1
Augusta School of Massage,www.augustamassage.com/,NA,NA,NA,NA,27,0.4706,0.4074,0.4444,0.1481,0,0,0,0,0,0,NA,NA,Evans,GA,0,1
ATA College,www.ata.edu/,NA,NA,NA,21030,337,0.8409,0.3383,0.365,0.0356,0.003,0,0,0.0682,0,0.1899,NA,31263,Louisville,KY,0,1
SUM Bible College and Theological Seminary,www.sum.edu/,NA,0.6421,NA,26677,312,0.5288,0.2917,0.0769,0.2308,0.016,0.0609,0.0032,0,0.0032,0.3173,0.25,24340,El Dorado Hills,CA,0,1
Compass Career College,www.compasscareercollege.net/,NA,NA,NA,7917,159,0.6381,0.3585,0.6352,0,0,0,0,0,0,0.0063,NA,NA,Hammond,LA,0,1
Nuvo College of Cosmetology,www.tcbeautycollege.com/,NA,NA,NA,5500,87,0.3478,0.5517,0.092,0.046,0,0,0,0.0345,0,0.2759,NA,NA,Norton Shores,MI,0,1
WellSpring School of Allied Health-Kansas City,www.wellspring.edu/,NA,NA,NA,7917,179,0.7157,0.5196,0.2682,0.0894,0,0.0168,0.0056,0.0894,0,0.0112,NA,NA,Kansas City,MO,0,1
The Salon Professional Academy-Fargo,www.tspafargo.com/,NA,NA,NA,12000,173,0.3086,0.7572,0.0462,0.0809,0.0116,0.052,0.0058,0.0405,0,0.0058,NA,NA,Fargo,ND,0,1
Aveda Arts & Sciences Institute-New York,avedaarts.edu/,NA,NA,NA,6129,76,0.5282,0.1842,0.3816,0.2632,0.0526,0,0,0.0526,0,0.0658,NA,NA,New York,NY,0,1
MyrAngel Beauty Institute,myrangelbeautyinstitute.com/,NA,NA,NA,NA,175,0.9292,0,0.0914,0.9086,0,0,0,0,0,0,NA,NA,San Lorenzo,PR,0,1
Texas Health School,ths.edu/,NA,NA,NA,10915,186,0.5275,0.0215,0.8817,0.0699,0.0161,0,0,0.0108,0,0,NA,NA,Houston,TX,0,1
Paul Mitchell the School-Logan,paulmitchell.edu/logan,NA,NA,NA,9250,125,0.4227,0.808,0.016,0.104,0.008,0,0.008,0.04,0.008,0.008,NA,NA,Logan,UT,0,1
Careers Unlimited,www.ucdh.edu/,NA,NA,NA,NA,118,0.5311,0.9576,0,0.0169,0.0169,0,0,0.0085,0,0,NA,NA,Orem,UT,0,1
Mountainland Technical College,https://mtec.edu/,NA,NA,NA,NA,2681,0.0337,0.7292,0.0101,0.1921,0.0153,0.0071,0.0086,0.0239,0,0.0138,NA,NA,Lehi,UT,1,1
Avi Career Training,www.avicareertraining.com/,NA,NA,NA,6333,74,0.4253,0.2432,0.1351,0.2027,0.1351,0,0,0.1486,0,0.1351,NA,NA,Great Falls,VA,0,1
Mountain State School of Massage,www.mtnstmassage.com/,NA,NA,NA,NA,33,0.8095,0.7576,0.2121,0,0,0,0,0,0,0.0303,NA,NA,Charleston,WV,0,1
San Joaquin Valley College-Rancho Cordova,www.sjvc.edu/,NA,NA,NA,10674,226,0.3398,0.4115,0.0531,0.2257,0.2257,0.0044,0.0354,0,0,0.0442,NA,NA,Rancho Cordova,CA,0,1
Broken Arrow Beauty College,www.babeautycollege.com/,NA,NA,NA,6333,66,0.4646,0.4545,0.0606,0.1667,0.0152,0.197,0,0.1061,0,0,NA,NA,Tulsa,OK,0,1
Universal Technical Institute of Northern California Inc,www.uti.edu/,NA,NA,NA,13097,1107,0.4859,0.2005,0.0397,0.4896,0.0678,0.0126,0.0136,0.1292,9e-4,0.0461,NA,NA,Sacramento,CA,0,1
Lemoore College,https://www.westhillscollege.com/lemoore/,NA,NA,NA,9500,3223,0.3833,0.162,0.0444,0.6956,0.0366,0.0093,0.0028,0.0298,9e-4,0.0186,NA,18119,Lemoore,CA,1,0
Stautzenberger College-Brecksville,https://www.sctoday.edu/,NA,NA,NA,14302,98,0.6414,0.5816,0.2347,0.0918,0.0102,0,0.0102,0.0102,0,0.0612,NA,24972,Brecksville,OH,0,1
Unitech Training Academy-Houma,www.unitechta.edu/,NA,NA,NA,8721,73,0.6962,0.4932,0.4658,0.0274,0,0,0,0.0137,0,0,NA,NA,Houma,LA,0,1
Rasmussen University-Illinois,https://rasmussen.edu/,NA,NA,NA,20899,1330,0.629,0.1586,0.5053,0.1421,0.0278,0.0068,8e-4,0.0165,0,0.1421,NA,24447,Rockford,IL,0,1
Automotive Training Center-Warminster,www.autotraining.edu/,NA,NA,NA,15665,275,0.5244,0.4836,0.1455,0.2545,0.0327,0,0,0.0364,0,0.0473,NA,NA,Warminster,PA,0,1
Empire Beauty School-Milwaukee,www.empire.edu/,NA,NA,NA,10231,98,0.6461,0.0612,0.7143,0.0612,0.0102,0.0102,0,0.1224,0,0.0204,NA,NA,Milwaukee,WI,0,1
Triangle Tech Inc-Bethlehem,https://www.triangle-tech.edu/,NA,NA,NA,12000,94,0.5083,0.5213,0.1383,0.3404,0,0,0,0,0,0,NA,28272,Bethlehem,PA,0,1
Milan Institute-Clovis,www.milaninstitute.edu/,NA,NA,NA,6333,569,0.6531,0.1388,0.0527,0.6696,0.0756,0.0105,0,0.0369,0,0.0158,NA,NA,Clovis,CA,0,1
Strayer University-Florida,www.strayer.edu/campus-locations/florida/tampa-east,NA,NA,NA,40621,1314,0.7009,0.3052,0.4962,0.1263,0.0061,0.0015,0.0015,0.0441,0,0.019,0.1429,23838,Tampa,FL,0,1
Pima Medical Institute-Renton,https://pmi.edu/,NA,NA,NA,9500,400,0.3691,0.3175,0.1325,0.2675,0.1525,0.01,0.0175,0.09,0,0.0125,NA,NA,Renton,WA,0,1
CBT Technology Institute-Main Campus,www.cbt.edu/,NA,NA,NA,8550,452,1,0.0111,0.0199,0.9646,0.0044,0,0,0,0,0,NA,24586,Miami,FL,0,1
CBT Technology Institute-Hialeah,www.cbt.edu/,NA,NA,NA,8550,493,1,0.0203,0.0426,0.9351,0.002,0,0,0,0,0,NA,18000,Hialeah,FL,0,1
Dewey University-Juana Diaz,dewey.edu/,NA,NA,NA,5185,243,0.9186,0,0,1,0,0,0,0,0,0,0.1061,11190,Juana Diaz,PR,0,1
The College of Health Care Professions-San Antonio,chcp.edu/,NA,NA,NA,9500,718,0.5987,0.1588,0.1128,0.6588,0.0111,0.0028,0.0084,0.0223,0,0.0251,NA,NA,San Antonio,TX,0,1
Brittany Beauty Academy,https://brittanyacademy.edu/,NA,NA,NA,6333,148,0.5038,0.0473,0.2703,0.6216,0,0.0068,0,0.0135,0.027,0.0135,NA,NA,Bronx,NY,0,1
Lincoln Technical Institute-Whitestone,www.lincolntech.edu/campus/queens-ny,NA,NA,NA,11730,793,0.6667,0.0567,0.3304,0.4729,0.0593,0.0063,0.005,0.0366,0.0013,0.0315,NA,NA,Whitestone,NY,0,1
American Public University System,https://www.apus.edu/,NA,NA,NA,21743,38976,0.2467,0.4613,0.1648,0.1901,0.0292,0.0054,0.01,0.0478,0.0123,0.079,0.4611,16358,Charles Town,WV,0,0
Huntsville Bible College,www.huntsvillebiblecollege.org/,NA,NA,NA,40500,82,0.4545,0.0366,0.9024,0,0,0,0.061,0,0,0,NA,17595,Huntsville,AL,0,1
Beaumont Adult School,bas.beaumontusd.us/,NA,NA,NA,14866,101,0.6283,0.1584,0.1287,0.5644,0.1386,0,0,0,0,0.0099,NA,NA,Beaumont,CA,1,1
Gnomon,https://www.gnomon.edu/,NA,0.3968,NA,28332,302,0.1429,0.2252,0.0099,0.1026,0.1589,0,0.0099,0.0927,0.3444,0.0563,NA,48010,Hollywood,CA,0,1
Coachella Valley Beauty College,www.cvbeautycollege.com/,NA,NA,NA,2905,88,0.6441,0.0114,0.0114,0.8977,0.0227,0,0,0.0227,0.0341,0,NA,NA,La Quinta,CA,0,1
Valley College of Medical Careers,www.valleycollegeofmedicalcareers.info/,NA,NA,NA,8876,57,0.7736,0.0526,0.0526,0.807,0.0877,0,0,0,0,0,NA,NA,West Hills,CA,0,1
Academy of Natural Therapy Inc,www.natural-therapy.com/,NA,NA,NA,7917,52,0.5,0.6923,0.0385,0.25,0,0.0192,0,0,0,0,NA,NA,Greeley,CO,0,1
Academy Di Capelli-School of Cosmetology,www.academydicapelli.com/,NA,NA,NA,6333,188,0.4343,0.2606,0.266,0.4574,0.016,0,0,0,0,0,NA,NA,Wallingford,CT,0,1
Delaware Learning Institute of Cosmetology,delawarecosmetology.com/,NA,NA,NA,6333,73,0.4177,0.6575,0.137,0.137,0,0,0,0.0548,0,0.0137,NA,NA,Dagsboro,DE,0,0
Palm Beach Academy of Health & Beauty,www.pbacademy.net/,NA,NA,NA,9500,116,0.6667,0.0776,0.6983,0.1379,0.0431,0.0086,0,0.0345,0,0,NA,NA,West Palm Beach,FL,0,1
SABER College,sabercollege.edu/,NA,0.9265,NA,22000,202,0.8305,0,0.0446,0.9554,0,0,0,0,0,0,NA,NA,Miami,FL,0,1
Taylor College,taylorcollege.edu/,NA,NA,NA,26250,216,0.7468,0.3333,0.4815,0.1019,0,0.0046,0.0046,0.0185,0,0.0556,NA,30562,Ocala,FL,0,1
Pensacola School of Massage Therapy & Health Careers,www.psmthc.com/,NA,NA,NA,5945,56,0.7182,0.4464,0.4643,0.0179,0,0,0,0.0714,0,0,NA,NA,Pensacola,FL,0,1
Ideal Beauty Academy,idealbeautyacademy.net/,NA,NA,NA,NA,2,0.3333,0,0,1,0,0,0,0,0,0,NA,NA,Jeffersonville,IN,0,1
Denmark College,www.successbarberschool.com/,NA,NA,NA,8965,178,0.834,0.1292,0.5112,0.3258,0,0.0112,0,0.0169,0,0.0056,NA,NA,Merrillville,IN,0,1
Louisiana Culinary Institute,www.lci.edu/,NA,0.4894,NA,16200,90,0.5052,0.7222,0.2222,0.0111,0,0,0.0111,0,0,0.0333,NA,35243,Baton Rouge,LA,0,1
Bais Medrash Toras Chesed,www.bmtc.edu/,NA,0.6301,NA,NA,125,0.3182,1,0,0,0,0,0,0,0,0,0.4286,13700,Lakewood,NJ,0,1
Ace Institute of Technology,www.acecareer.edu/,NA,NA,NA,6471,264,0.5138,0.0606,0.3674,0.2917,0.1894,0,0,0.0265,0.0568,0.0076,NA,NA,New York,NY,0,1
New Age Training,https://newagetraining.com/,NA,NA,NA,7789,157,0.7664,0.0382,0.5223,0.3885,0.0127,0,0,0,0,0.0382,NA,NA,New York,NY,0,1
Dayton School of Medical Massage,www.massageschools.com/,NA,NA,NA,13432,425,0.7561,0.5576,0.3859,0.0306,0,0,0,0.0047,0,0.0212,NA,33863,Dayton,OH,0,1
ATA College,www.ata.edu/campus/tulsa-ok/,NA,NA,NA,21308,178,0.6893,0.4213,0.1966,0.073,0.0281,0,0.0112,0.2416,0,0.0281,NA,26577,Tulsa,OK,0,1
Visible Music College,www.visible.edu/,1050,0.2868,25,9500,164,0.4408,0.5061,0.1585,0.1829,0.0305,0.0061,0.0061,0.0305,0.0732,0.0061,0.2143,31386,Memphis,TN,0,1
CCI Training Center-Arlington,www.ccitraining.edu/,NA,NA,NA,8045,187,0.7993,0.1765,0.5829,0.1551,0.0321,0.016,0,0.0321,0,0.0053,NA,NA,Arlington,TX,0,1
Champion Beauty College,championbeautycollege.com/,NA,NA,NA,7136,26,0.875,0.2308,0.5,0.2308,0.0385,0,0,0,0,0,NA,NA,Houston,TX,0,1
Southeast Texas Career Institute,www.setxci.com/,NA,NA,NA,5500,74,0.6106,0.7568,0.1757,0.0541,0,0,0,0.0135,0,0,NA,NA,Silsbee,TX,0,0
Southwest Technical College,https://stech.edu/,NA,NA,NA,NA,390,0.1386,0.8051,0.0256,0.0897,0.0077,0.0128,0.0103,0.0385,0,0.0103,NA,NA,Cedar City,UT,1,0
Virginia Beach Theological Seminary,www.vbts.edu/,NA,NA,NA,NA,2,NA,0.5,0.5,0,0,0,0,0,0,0,NA,NA,Virginia Beach,VA,0,1
Milwaukee Career College,www.mkecc.edu/,NA,0.7188,NA,7046,73,0.9346,0.3151,0.4658,0.1781,0.0137,0.0274,0,0,0,0,NA,NA,Milwaukee,WI,0,1
University of the West,www.uwest.edu/,NA,1,NA,NA,41,0.4194,0,0.0976,0.2195,0.1463,0,0,0.0244,0.5122,0,0.5,24944,Rosemead,CA,0,1
American College of Education,www.ace.edu/,NA,NA,NA,NA,277,0,0.4801,0.2094,0.1625,0.0578,0.0036,0,0.0181,0.0325,0.0361,NA,NA,Indianapolis,IN,0,1
South University-Tampa,"www.southuniversity.edu/tampa#location=Tampa, FL",NA,NA,NA,26123,390,0.4774,0.2795,0.3231,0.3179,0.0205,0.0026,0.0051,0.0103,0.0103,0.0308,0.3,33016,Tampa,FL,0,1
Milan Institute of Cosmetology-San Antonio Military,www.milaninstitute.edu/,NA,NA,NA,6333,202,0.6947,0.0347,0.0693,0.8564,0,0,0,0.0396,0,0,NA,NA,San Antonio,TX,0,1
Paul Mitchell the School-Tampa,paulmitchell.edu/tampa,NA,NA,NA,13000,136,0.4426,0.6103,0.1544,0.1544,0.0221,0.0074,0.0074,0.0441,0,0,NA,NA,Tampa,FL,0,1
Paul Mitchell the School-San Diego,paulmitchell.edu/sandiego,NA,NA,NA,13000,250,0.4569,0.324,0.084,0.432,0.032,0.008,0.008,0.04,0,0.072,NA,NA,San Diego,CA,0,1
Paul Mitchell the School-Michigan,paulmitchell.edu/sterlingheights,NA,NA,NA,13000,162,0.4788,0.6111,0.2593,0.037,0.0062,0.0062,0,0.0247,0,0.0556,NA,NA,Sterling Heights,MI,0,1
Paul Mitchell the School-Sherman Oaks,paulmitchell.edu/shermanoaks,NA,NA,NA,10556,280,0.5134,0.2607,0.1607,0.4929,0.0429,0.0071,0,0.0071,0,0.0286,NA,NA,Sherman Oaks,CA,0,1
Paul Mitchell the School-Tysons Corner,paulmitchell.edu/tysonscorner,NA,NA,NA,13000,94,0.2874,0.4255,0.3085,0.1064,0.0426,0.0106,0,0.0426,0.0106,0.0532,NA,NA,McLean,VA,0,1
Fortis College-Columbus,https://www.fortis.edu/,NA,NA,NA,12547,761,0.6659,0.3206,0.4691,0.0381,0.0828,0.0013,0.0026,0.0618,0,0.0237,NA,33806,Westerville,OH,0,1
Fortis College-Cincinnati,https://www.fortis.edu/,NA,NA,NA,12547,403,0.7814,0.2109,0.6625,0.0273,0.0223,0.005,0,0.0347,0,0.0372,NA,30689,Cincinnati,OH,0,1
Blue Cliff College-Alexandria,bluecliffcollege.edu/,NA,NA,NA,9500,479,0.809,0.547,0.3779,0.0104,0.0104,0.0084,0,0.0167,0,0.0292,NA,NA,Alexandria,LA,0,1
Strayer University-Delaware,www.strayer.edu/campus-locations/delaware/wilmington,NA,NA,NA,40621,240,0.6862,0.2833,0.5667,0.0792,0.0083,0.0042,0,0.0417,0,0.0167,0,NA,Wilmington,DE,0,1
Strayer University-Alabama,www.strayer.edu/campus-locations/alabama/birmingham,NA,NA,NA,40621,1473,0.8254,0.2906,0.6483,0.017,7e-4,0.0095,7e-4,0.0231,0,0.0102,NA,23838,Birmingham,AL,0,1
Brown Aveda Institute-Strongsville,www.brownaveda.com/,NA,NA,NA,7267,139,0.4941,0.7554,0.1079,0.0432,0.0144,0,0.0144,0.0504,0,0.0144,NA,NA,Strongsville,OH,0,1
Clary Sage College,www.clarysagecollege.com/,NA,NA,NA,8898,367,0.5955,0.4142,0.1717,0.0954,0.0082,0.1253,0.0027,0.0218,0,0.1608,NA,NA,Tulsa,OK,0,1
Rasmussen University-Wisconsin,https://rasmussen.edu/,NA,NA,NA,20899,154,0.5717,0.7078,0.0455,0.0584,0.026,0.026,0,0.026,0,0.1104,0,24230,Green Bay,WI,0,1
Empire Beauty School-Richmond,www.empire.edu/,NA,NA,NA,10667,70,0.4466,0.1714,0.1857,0.0286,0.0143,0,0,0,0,0.6,NA,NA,Richmond,VA,0,1
Empire Beauty School-North Hills,www.empire.edu/,NA,NA,NA,10667,59,0.6235,0.2034,0.4407,0.0169,0,0,0,0.0678,0,0.2712,NA,NA,Pittsburgh,PA,0,1
Empire Beauty School-Concord,www.empire.edu/,NA,NA,NA,13000,135,0.4815,0.0889,0.8,0.0519,0,0.0074,0,0.0222,0,0.0296,NA,NA,Concord,NC,0,1
Lexington Healing Arts Academy,www.lexingtonhealingarts.com/,NA,NA,NA,7600,89,0.3901,0.6292,0.1348,0.0337,0.0112,0.0112,0.0112,0.0787,0.0112,0.0787,NA,NA,Lexington,KY,0,1
Empire Beauty School-Hooksett,www.empirebeautyschools.com/,NA,NA,NA,7942,327,0.3167,0.7798,0.0428,0.107,0.0092,0.0061,0,0.0275,0,0.0275,NA,NA,Hooksett,NH,0,1
The Institute of Beauty and Wellness,www.ibw.edu/,NA,NA,NA,6333,207,0.524,0.4976,0.2222,0.2029,0.0242,0.0097,0,0.0338,0,0.0097,NA,NA,Milwaukee,WI,0,1
Carrington College-Stockton,https://carrington.edu/,NA,NA,NA,11537,429,0.5994,0.0956,0.0979,0.6434,0.0699,0.0023,0.0117,0,0.0023,0.0769,NA,NA,Stockton,CA,0,1
Trend Barber College,trendbarbercollege.com/,NA,NA,NA,12794,90,0.589,0.0222,0.7444,0.0667,0,0.1444,0,0.0222,0,0,NA,NA,Houston,TX,0,1
Euphoria Institute of Beauty Arts & Sciences-Summerlin,www.lincolntech.edu/campus/las-vegas-summerlin-nv,NA,NA,NA,10521,588,0.6457,0.148,0.2636,0.3656,0.0578,0.0136,0.0289,0.119,0,0.0034,NA,NA,Las Vegas,NV,0,1
Columbia Southern University,www.columbiasouthern.edu/,NA,NA,NA,21339,13053,0.2122,0.6222,0.1639,0.017,0.0165,0.0097,0.0056,0.0267,2e-4,0.1382,0.2671,18002,Orange Beach,AL,0,0
Arizona Culinary Institute,www.azculinary.edu/,NA,NA,NA,9500,157,0.3807,0.5414,0.1338,0.2548,0.0318,0.0191,0.0064,0,0,0.0127,NA,NA,Scottsdale,AZ,0,1
Healthcare Career College,https://healthcarecareercollege.edu/,NA,NA,NA,9500,381,0.8988,0.0446,0.1391,0.7533,0.0315,0.0052,0.0079,0,0,0.0184,NA,NA,Paramount,CA,0,1
Coastline Beauty College,www.coastlinebeauty.edu/,NA,NA,NA,NA,185,0.4623,0.1622,0.0216,0.2865,0.4973,0.0108,0,0.0054,0.0162,0,NA,NA,Fountain Valley,CA,0,1
Branford Academy of Hair and Cosmetology,www.branfordacademy.com/,NA,NA,NA,6333,39,1,0.1026,0.0256,0.8462,0.0256,0,0,0,0,0,NA,NA,Branford,CT,0,1
Academy of Massage and Bodywork,www.massage-academy.com/,NA,NA,NA,6333,113,0.3873,0.4602,0.3186,0.1239,0,0,0,0.0973,0,0,NA,NA,Bear,DE,0,1
Academy of Career Training,academyofcareertraining.com/,NA,NA,NA,6105,24,0.1186,0.1667,0.1667,0.6667,0,0,0,0,0,0,NA,NA,Kissimmee,FL,0,1
Miami Regional University,https://www.mru.edu/,NA,NA,NA,22500,310,0.2344,0.0355,0.1484,0.8161,0,0,0,0,0,0,0,NA,Miami Springs,FL,0,1
Paul Mitchell the School-Miami,paulmitchell.edu/miami,NA,NA,NA,9442,112,0.4702,0.2589,0.1429,0.5357,0,0,0,0.0357,0,0.0268,NA,NA,Miami,FL,0,1
Aveda Institute-South Florida,https://www.beaveda.com/,NA,NA,NA,6333,1012,0.3302,0.3626,0.2253,0.3518,0.0069,0.004,0.0059,0.0069,0,0.0366,NA,NA,Davie,FL,0,1
Aveda Institute-Tallahassee,www.beaveda.com/,NA,NA,NA,6333,764,0.1878,0.5942,0.199,0.1387,0.0079,0.0013,0.0079,0.0445,0,0.0065,NA,NA,Tallahassee,FL,0,1
Shear Excellence Hair Academy,shearexcell.edu/,NA,NA,NA,9498,149,0.7164,0.0537,0.2886,0.6107,0.0067,0,0,0.0201,0,0.0201,NA,NA,Tampa,FL,0,1
Carlson College of Massage Therapy,www.carlsoncollege.com/,NA,NA,NA,NA,19,0.4902,0.8947,0.0526,0.0526,0,0,0,0,0,0,NA,NA,Anamosa,IA,0,0
MyComputerCareer at Indianapolis,www.mycomputercareer.edu/,NA,NA,NA,9500,1034,0.6529,0.3337,0.4603,0.0996,0.0106,0.0155,0.0039,0.0687,0,0.0077,NA,NA,Indianapolis,IN,0,1
Z Hair Academy,www.zhairacademy.com/,NA,NA,NA,9833,307,0.4085,0.9186,0.0358,0.0163,0,0,0.0033,0.013,0,0.013,NA,NA,Overland Park,KS,0,1
DiGrigoli School of Cosmetology,www.digrigoli.com/school,NA,NA,NA,NA,28,0.0865,0.4286,0.1786,0.2143,0,0,0,0,0,0.1786,NA,NA,West Springfield,MA,0,1
Elevate Salon Institute,esiroyaloak.com/,NA,NA,NA,6333,169,0.331,0.6864,0.2544,0.0059,0.0237,0.0059,0.0178,0.0059,0,0,NA,NA,Royal Oak,MI,0,1
Lakewood School of Therapeutic Massage,lakewoodschool.edu/,NA,NA,NA,NA,14,0.9231,0.8571,0.1429,0,0,0,0,0,0,0,NA,NA,Port Huron,MI,0,1
The Salon Professional Academy-Battle Creek,www.tspabattlecreek.com/,NA,NA,NA,6333,44,0.5616,0.6591,0.1818,0.0455,0.0227,0,0.0227,0.0682,0,0,NA,NA,Battle Creek,MI,0,1
Trend Setters School,www.trendsettersschool.com/,NA,NA,NA,10667,69,0.6706,0.6087,0.3768,0,0,0,0,0.0145,0,0,NA,NA,Cape Girardeau,MO,0,1
Academy of Hair Design-Springfield,aohd.edu/,NA,NA,NA,9500,267,0.5166,0.4794,0.176,0.2584,0,0.015,0,0.0524,0,0.0187,NA,NA,Springfield,MO,0,1
Corinth Academy of Cosmetology,cac.edu/,NA,NA,NA,8500,105,0.5347,0.619,0.3238,0.019,0,0,0,0.0286,0,0.0095,NA,NA,Corinth,MS,0,0
Southeastern College-Charlotte,www.sec.edu/,NA,0.9749,NA,9500,217,0.7746,0.1475,0.659,0.1106,0.0046,0.0046,0,0.0369,0,0.0369,NA,42015,Charlotte,NC,0,1
Yeshivas Be'er Yitzchok,https://yeshivasbeeryitzchok.org/,NA,1,NA,NA,52,0.569,0.9231,0,0,0,0,0,0,0.0769,0,0.2222,32040,Elizabeth,NJ,0,1
Yeshiva Toras Chaim,https://ytclakewood.com/,NA,0.9841,NA,NA,225,0.4178,0.8489,0,0,0,0,0,0,0.1511,0,0.1475,21574,Lakewood,NJ,0,1
Talmudical Seminary of Bobov,www.independentrabbinicalcolleges.org/,NA,0.9807,NA,NA,515,0.9455,1,0,0,0,0,0,0,0,0,0.3038,18400,Brooklyn,NY,0,1
Center for Allied Health Education,https://www.cahe.edu/,NA,0.1852,NA,13626,113,0.3854,0.4248,0.1858,0.2478,0.1239,0,0.0177,0,0,0,NA,NA,Brooklyn,NY,0,1
Aveda Fredric's Institute-Cincinnati,https://www.avedafi.edu/cincinnati/,NA,NA,NA,7917,482,0.4833,0.5643,0.1037,0.0124,0.0062,0,0.0021,0.0228,0,0.2884,NA,NA,West Chester,OH,0,1
MyComputerCareer at Columbus,www.mycomputercareer.edu/,NA,NA,NA,9500,824,0.5924,0.3495,0.4223,0.1129,0.0255,0.017,0.0024,0.0583,0,0.0121,NA,NA,Columbus,OH,0,1
CDE Career Institute,www.cde.edu/,NA,NA,NA,9500,308,0.9495,0.2273,0.3117,0.461,0,0,0,0,0,0,NA,NA,Tannersville,PA,0,0
Instituto Educativo Premier,premierponce.net/,NA,NA,NA,NA,283,0.9784,0,0,1,0,0,0,0,0,0,NA,NA,Ponce,PR,0,1
Elite College of Cosmetology,www.elitecollegeofcosmetology.com/,NA,NA,NA,5500,68,0.9524,0.7794,0.1324,0.0294,0,0,0,0.0588,0,0,NA,NA,Lexington,TN,0,0
Manuel and Theresa's School of Hair Design-Bryan,www.manuelandtheresasschoolofhair.com/,NA,NA,NA,7924,19,0.7083,0.3158,0.0526,0.6316,0,0,0,0,0,0,NA,NA,Bryan,TX,0,1
Southwest University at El Paso,southwestuniversity.edu/,NA,NA,NA,20000,1817,0.7909,0.0594,0.0611,0.8602,0.0066,0.005,0.005,0,0,0.0028,0.6118,23946,El Paso,TX,0,1
Paul Mitchell the School-Austin,https://paulmitchell.edu/austin,NA,NA,NA,7917,192,0.5144,0.3229,0.2031,0.4375,0.0156,0,0.0052,0.0156,0,0,NA,NA,Austin,TX,0,1
Aveda Institute-Provo,avedainstituteprovo.com/,NA,NA,NA,7666,142,0.3934,0.7042,0.0141,0.1549,0.007,0.007,0.007,0.0775,0,0.0282,NA,NA,Provo,UT,0,1
Dixie Technical College,www.dixietech.edu/,NA,NA,NA,NA,1042,0.0806,0.7447,0.0106,0.1708,0.0096,0.0058,0.0106,0.0307,0,0.0173,NA,NA,Saint George,UT,1,1
Victoria's Academy of Cosmetology,www.victoriasacademy.edu/,NA,NA,NA,7830,28,0.4818,0.3929,0.0357,0.5357,0,0.0357,0,0,0,0,NA,NA,Kennewick,WA,0,1
Paul Mitchell the School-San Antonio,paulmitchell.edu/sanantonio,NA,NA,NA,8505,352,0.5244,0.1335,0.0597,0.3608,0.0085,0,0.0028,0.0426,0,0.392,NA,NA,San Antonio,TX,0,1
Bryant & Stratton College-Wauwatosa,https://www.bryantstratton.edu/,NA,NA,NA,21549,952,0.5738,0.3739,0.3634,0.1544,0.0399,0.0074,0.0063,0.0452,0,0.0095,NA,25392,Wauwatosa,WI,0,1
Remington College-Houston Southeast Campus,https://www.remingtoncollege.edu/locations/houston/webster/,NA,NA,NA,13271,65,0.9206,0.2462,0.5077,0.2154,0.0308,0,0,0,0,0,NA,26324,League City,TX,0,1
Remington College-Shreveport Campus,https://www.remingtoncollege.edu/locations/shreveport/,NA,NA,NA,13271,342,0.9091,0.1228,0.8684,0.0029,0,0,0,0.0058,0,0,0.5333,37056,Shreveport,LA,0,1
TC Beauty,www.jennyleaacademy.com/,NA,NA,NA,7917,139,0.6712,0.8129,0.0791,0.0576,0.0144,0.0144,0.0072,0.0144,0,0,NA,NA,Johnson City,TN,0,1
Patrick Henry College,https://www.phc.edu/,1351,0.8198,NA,NA,373,0,0.4853,0.0027,0.0456,0.0509,0,0.0027,0,0,0.4129,0.7246,NA,Purcellville,VA,0,0
The Hair Academy,thehairacademynd.com/,NA,NA,NA,11630,56,0.2892,0.6607,0,0,0,0.1607,0,0.1786,0,0,NA,NA,Bismarck,ND,0,1
Ross Medical Education Center-New Baltimore,https://rosseducation.edu/,NA,NA,NA,9500,39,0.7,0.3077,0.0513,0.0256,0,0,0,0.0769,0,0.5385,NA,NA,New Baltimore,MI,0,1
Ross College-Sylvania,https://rosseducation.edu/,NA,NA,NA,9500,1273,0.8773,0.2184,0.1744,0.0424,8e-4,0.0016,0.0016,0.0487,0.0079,0.5043,NA,NA,Sylvania,OH,0,1
Escuela De Troqueleria Y Herramentaje,escuelatroqueleria.jimdo.com/,NA,1,NA,NA,67,0.8438,0,0,1,0,0,0,0,0,0,NA,8450,Bayamon,PR,1,1
Fortis Institute-Nashville,www.fortis.edu/,NA,NA,NA,12346,392,0.6889,0.301,0.4872,0.0867,0.0281,0.0026,0.0051,0.0638,0,0.0255,NA,36210,Nashville,TN,0,1
ATA College-Cincinnati,www.ata.edu/,NA,NA,NA,21030,264,0.8382,0.1818,0.7083,0.0152,0.0568,0,0.0114,0.0227,0,0.0038,NA,29073,Cincinnati,OH,0,1
Dental Assistant Pro LLC-Columbus,www.dentalassistantpro.com/,NA,NA,NA,NA,10,0,0.9,0.1,0,0,0,0,0,0,0,NA,NA,Westerville,OH,0,1
Dental Assistant Pro-Lebanon,www.dentalassistantpro.com/,NA,NA,NA,NA,14,0,1,0,0,0,0,0,0,0,0,NA,NA,Lebanon,OH,0,1
Elite Welding Academy LLC,www.eliteweldingacademy.com/,NA,NA,NA,9483,65,0.3577,0.8308,0.0769,0.0769,0.0154,0,0,0,0,0,NA,NA,Cincinnati,OH,0,1
Galen College of Nursing-Cincinnati,www.galencollege.edu/cincinnati,NA,NA,NA,24166,670,0.5665,0.5478,0.2567,0.0269,0.0478,0.003,0,0.0269,0,0.091,NA,33343,Cincinnati,OH,0,1
Strayer University-North Carolina,www.strayer.edu/campus-locations/north-carolina/greensboro,NA,NA,NA,40621,2728,0.7997,0.2199,0.6716,0.0359,0.0044,0.0117,0.0015,0.0422,0,0.0128,0,NA,Greensboro,NC,0,1
Strayer University-New Jersey,www.strayer.edu/campus-locations/new-jersey/piscataway,NA,NA,NA,40621,536,0.6624,0.1549,0.541,0.2108,0.0168,0.0093,0,0.041,0,0.0261,0,NA,Piscataway,NJ,0,1
International Culinary Arts and Sciences Institute,www.icasi.net/,NA,NA,NA,NA,26,0,0.8462,0.0769,0,0,0,0,0.0769,0,0,NA,NA,Chesterland,OH,0,0
Ohio Media School-Columbus,beonair.com/locations/columbus,NA,NA,NA,9500,43,0.6318,0.2093,0.7209,0.0698,0,0,0,0,0,0,NA,NA,Columbus,OH,0,1
Ohio Medical Career College,www.omcc.edu/,NA,NA,NA,12403,121,0.5913,0.0992,0.9008,0,0,0,0,0,0,0,NA,NA,Dayton,OH,0,1
Chamberlain University-Illinois,https://www.chamberlain.edu/,868,0.8857,NA,20919,12188,0.2994,0.4637,0.2265,0.1633,0.0833,0.0053,0.0049,0.0075,0.0032,0.0425,0.7333,36346,Addison,IL,0,1
Chamberlain University-Ohio,https://www.chamberlain.edu/,NA,0.75,NA,20919,336,0.486,0.4911,0.3542,0.0655,0.0506,0.003,0.003,0.0179,0,0.0149,0.5,38833,Columbus,OH,0,1
Chamberlain University-Arizona,https://www.chamberlain.edu/,NA,0.875,NA,20919,745,0.4352,0.447,0.1128,0.2859,0.0953,0.0161,0.0107,0.0107,0.0013,0.0201,0.5,39034,Phoenix,AZ,0,1
The Salon Professional Academy-Appleton,https://www.tspaappleton.com/,NA,NA,NA,9991,85,0.4086,0.8,0.0118,0.0471,0.0706,0.0118,0,0.0588,0,0,NA,NA,Appleton,WI,0,1
Milan Institute of Cosmetology-Vacaville,www.milaninstitute.edu/,NA,NA,NA,6333,234,0.6302,0.2863,0.1752,0.359,0.0299,0.0043,0.0214,0.0171,0,0.1068,NA,NA,Vacaville,CA,0,1
Milan Institute of Cosmetology-Reno,www.milaninstitute.edu/,NA,NA,NA,6333,243,0.5567,0.3827,0.037,0.465,0.037,0.0123,0.0082,0.0576,0,0,NA,NA,Reno,NV,0,1
Ottawa University-Online,www.ottawa.edu/,NA,NA,NA,21500,328,0.2955,0.4756,0.1067,0.2835,0.0152,0.0579,0,0.0457,0.0091,0.0061,NA,NA,Overland Park,KS,0,1
Paul Mitchell the School-Esani,https://paulmitchell.edu/atlanta-esani,NA,NA,NA,9833,337,0.5461,0.3264,0.3947,0.1157,0.0237,0.0119,0.003,0.0386,0.003,0.0831,NA,NA,Roswell,GA,0,1
Paul Mitchell the School-Birmingham,https://paulmitchell.edu/birmingham,NA,NA,NA,9833,128,0.5161,0.7266,0.1875,0.0547,0,0,0,0.0234,0,0.0078,NA,NA,Hoover,AL,0,1
Taft University System,www.taftu.edu/,NA,NA,NA,NA,1,NA,0,0,0,0,0,0,0,0,1,NA,NA,Denver,CO,0,1
Mayfield College,www.mayfieldcollege.edu/,NA,NA,NA,9025,316,0.8418,0.1361,0.0633,0.8006,0,0,0,0,0,0,NA,NA,Cathedral City,CA,0,1
Academy of Esthetics and Cosmetology,www.aecosmetology.com/,NA,NA,NA,NA,28,0.5366,0.0357,0,0.9643,0,0,0,0,0,0,NA,NA,San Fernando,CA,0,1
Borner's Barber College,www.bornersbarbercollege.com/,NA,NA,NA,NA,41,0.5758,0,0.439,0.3902,0.1463,0.0244,0,0,0,0,NA,NA,Los Angeles,CA,0,1
Paul Mitchell the School-Pasadena,paulmitchell.edu/pasadena,NA,NA,NA,6333,200,0.6561,0.155,0.105,0.445,0.115,0.02,0.01,0,0.005,0.145,NA,NA,Pasadena,CA,0,1
San Francisco Institute of Esthetics & Cosmetology Inc,https://www.sfiec.edu/ and https://paulmitchell.edu/sanfrancisco,NA,NA,NA,6333,202,0.4111,0.2723,0.198,0.3267,0.0693,0,0.0099,0.099,0.0099,0.0149,NA,NA,San Francisco,CA,0,1
Laurus College,www.lauruscollege.edu/,NA,NA,NA,32416,794,0.6742,0.1448,0.1146,0.1914,0.4836,0.0038,0.0176,0.0139,0,0.0302,NA,NA,San Luis Obispo,CA,0,1
Healing Hands School of Holistic Health,https://hhs.edu/,NA,NA,NA,6333,256,0.2276,0.4141,0.0508,0.2188,0.0859,0.0156,0.0078,0.0938,0,0.1133,NA,NA,Escondido,CA,0,1
Career Development Institute Inc,cdi.edu/,NA,NA,NA,16873,168,0.663,0.0536,0.4583,0.3333,0.0536,0.0119,0,0.006,0.0774,0.006,NA,NA,Los Angeles,CA,0,1
Auguste Escoffier School of Culinary Arts-Boulder,www.escoffier.edu/,NA,NA,NA,9653,8571,0.4845,0.3358,0.3792,0.0977,0.0116,0.016,0.0036,0.0698,5e-4,0.086,NA,NA,Boulder,CO,0,1
Aspen University,https://www.aspen.edu/,NA,NA,NA,15756,2396,0.1287,0.5171,0.2087,0.1252,0.0538,0.0058,0.0063,0.0309,0,0.0522,NA,NA,Phoenix,AZ,0,1
Denver College of Nursing,www.denvercollegeofnursing.edu/,NA,NA,NA,26500,949,0.2514,0.4995,0.1391,0.1981,0.0717,0.0095,0.0053,0.0495,0,0.0274,NA,NA,Denver,CO,0,1
Cambridge College of Healthcare & Technology,www.cambridgehealth.edu/,NA,NA,NA,26250,1037,0.5761,0.1977,0.4744,0.2469,0.0241,0.0068,0,0.0473,0,0.0029,NA,22460,Delray Beach,FL,0,1
Cozmo Beauty School,www.cozmo.edu/,NA,NA,NA,8082,68,0.2857,0.5147,0.0882,0.3971,0,0,0,0,0,0,NA,NA,Bonita Springs,FL,0,1
Celebrity School of Beauty,www.celebrity.edu/,NA,NA,NA,6333,884,0.6413,0.0509,0.0814,0.8428,0.0011,0,0,0.0011,0.0158,0.0068,NA,NA,Miami,FL,0,1
Paul Mitchell the School-Atlanta,paulmitchell.edu/atlanta,NA,NA,NA,12500,301,0.638,0.113,0.8206,0.0332,0.01,0,0,0.0233,0,0,NA,NA,Atlanta,GA,0,1
Evans Hairstyling College-Rexburg,www.evanshairstylingcollege.com/,NA,NA,NA,NA,67,0.4,0.9254,0,0.0597,0,0.0149,0,0,0,0,NA,NA,Rexburg,ID,0,0
Paul Mitchell the School-Rexburg,paulmitchell.edu/rexburg,NA,NA,NA,9500,246,0.4894,0.8415,0,0.1098,0.0041,0.0081,0.0163,0.0203,0,0,NA,NA,Rexburg,ID,0,0
University of Aesthetics & Cosmetology,https://www.uac.edu/,NA,NA,NA,7917,62,0.6053,0.1129,0.3871,0.4194,0.0161,0,0,0.0323,0,0.0323,NA,NA,Chicago,IL,0,1
The University of Aesthetics & Cosmetology,https://www.uofac.edu/,NA,NA,NA,7917,60,0.3689,0.3833,0.1333,0.4,0.0167,0,0,0,0,0.0667,NA,NA,Downers Grove,IL,0,1
Tricoci University of Beauty Culture-Chicago NW,www.tricociuniversity.edu/,NA,NA,NA,7307,206,0.5954,0.1456,0.301,0.4612,0.0194,0.0049,0,0.0437,0.0049,0.0194,NA,NA,Chicago,IL,0,1
Tricoci University of Beauty Culture-Glendale Heights,www.tricociuniversity.edu/,NA,NA,NA,7307,148,0.5422,0.2568,0.2432,0.3851,0.0203,0,0,0.0608,0.0338,0,NA,NA,Glendale Heights,IL,0,1
Tricoci University of Beauty Culture-Peoria,www.tricociuniversity.edu/,NA,NA,NA,7307,137,0.6398,0.5182,0.2628,0.1387,0.0146,0,0,0.0438,0.0073,0.0146,NA,NA,Peoria,IL,0,1
Tricoci University of Beauty Culture-Rockford,www.tricociuniversity.edu/,NA,NA,NA,7307,173,0.6096,0.341,0.3468,0.237,0,0,0,0.0751,0,0,NA,NA,Rockford,IL,0,1
Omega Studios' School of Applied Recording Arts & Sciences,www.omegastudios.com/,NA,NA,NA,5500,74,0.3265,0.2973,0.4189,0.1622,0.0135,0,0,0.0811,0,0.027,NA,NA,Rockville,MD,0,1
French Academy of Cosmetology,https://www.frenchacademyofcosmetology.com/,NA,NA,NA,4223,39,0.2301,0.641,0.1538,0.0256,0,0,0,0.1795,0,0,NA,NA,Spring Lake,MI,0,1
Healing Arts Center,https://www.thehealingartscenter.com/,NA,NA,NA,6365,121,0.4286,0.5207,0.1818,0.0331,0.0083,0,0,0.0496,0,0.2066,NA,NA,St. Louis,MO,0,1
Paul Mitchell the School-Springfield,paulmitchell.edu/springfield,NA,NA,NA,7917,263,0.5451,0.8365,0.0418,0.0456,0.0152,0,0,0.0608,0,0,NA,NA,Springfield,MO,0,1
Mississippi Institute of Aesthetics Nails & Cosmetology,msinstitute.com/,NA,NA,NA,NA,77,0.254,0.8961,0.0649,0.039,0,0,0,0,0,0,NA,NA,Clinton,MS,0,1
College of Western Idaho,https://cwi.edu/,NA,NA,NA,9720,5898,0.2286,0.6377,0.0209,0.2143,0.0232,0.0076,0.0056,0.0302,0.0153,0.0453,NA,12294,Nampa,ID,1,0
Aveda Institute-Chapel Hill,https://avedafi.edu/chapel-hill/,NA,NA,NA,6333,171,0.4923,0.3158,0.1228,0.076,0.0234,0,0,0.0234,0,0.4386,NA,NA,Chapel Hill,NC,0,1
Total Image Beauty Academy,www.tiba.edu/,NA,NA,NA,8500,293,0.3134,0.0444,0.0375,0.9113,0.0068,0,0,0,0,0,NA,NA,Union City,NJ,0,1
Jersey College,https://www.jerseycollege.edu/,967,0.6791,NA,21000,4089,0.5753,0.1937,0.5931,0.1088,0.0345,0.0051,0.002,0.0479,0,0.0149,NA,NA,Teterboro,NJ,0,1
American Institute of Medical Sciences & Education,www.aimseducation.edu/,NA,NA,NA,11995,397,0.2736,0.3224,0.1738,0.3426,0.1486,0,0.0025,0.0101,0,0,NA,NA,Piscataway,NJ,0,1
Casal Institute of Nevada,www.avedalasvegas.com/,NA,NA,NA,6333,309,0.6364,0.2039,0.1812,0.3398,0.0647,0.0065,0.0129,0.1877,0,0.0032,NA,NA,Las Vegas,NV,0,1
Career School of NY,careerschoolny.com/,NA,NA,NA,NA,110,0.3604,0.1364,0.3818,0.3455,0.0455,0.0182,0,0.0727,0,0,NA,NA,Staten Island,NY,0,1
Yeshiva of Machzikai Hadas,https://yeshivaofmachzikaihadas.com/,NA,0.6615,NA,NA,461,0.8422,1,0,0,0,0,0,0,0,0,0.5057,31390,Brooklyn,NY,0,1
Aveda Institute-Columbus,https://avedafi.edu/columbus/,NA,NA,NA,6333,242,0.5277,0.3719,0.1777,0.0331,0.0331,0,0,0.0207,0,0.3636,NA,NA,Columbus,OH,0,1
Paul Mitchell the School-Cincinnati,paulmitchell.edu/cincinnati,NA,NA,NA,12500,241,0.5569,0.6929,0.2324,0.0166,0.0041,0.0124,0,0.029,0,0.0124,NA,NA,Cincinnati,OH,0,1
Hands on Therapy,www.handsontherapyschools.com/,NA,NA,NA,7917,41,0.5696,0.3171,0.3902,0.2683,0,0.0244,0,0,0,0,NA,NA,Mesquite,TX,0,1
MediaTech Institute-Dallas,https://www.mediatech.edu/,NA,NA,NA,20000,200,0.4945,0.265,0.46,0.2,0.005,0.005,0,0,0,0.065,NA,NA,Dallas,TX,0,1
Aveda Arts & Sciences Institute-San Antonio,https://avedaarts.edu/,NA,NA,NA,7916,256,0.4889,0.4102,0.0625,0.4609,0.0156,0.0078,0.0078,0.0195,0,0.0156,NA,NA,San Antonio,TX,0,1
Skin Science Institute,skinscienceinstitute.com/,NA,NA,NA,7667,174,0.1497,0.8276,0.0287,0.0862,0.0517,0,0.0057,0,0,0,NA,NA,Sandy,UT,0,1
Fortis College-Dothan,https://www.fortiscollege.edu/,NA,NA,NA,9500,154,0.8182,0.2338,0.7208,0.013,0.0065,0.0065,0,0.0195,0,0,NA,NA,Dothan,AL,0,1
Fortis Institute-Pensacola,www.fortis.edu/,NA,NA,NA,9500,657,0.6593,0.484,0.3683,0.0563,0.0244,0.0046,0.0015,0.0396,0,0.0213,NA,29865,Pensacola,FL,0,1
Fortis College-Montgomery,https://www.fortis.edu/,NA,NA,NA,9500,305,0.84,0.1082,0.8393,0.0262,0.0033,0.0033,0,0.0131,0,0.0066,NA,NA,Montgomery,AL,0,1
Woodland Community College,https://wcc.yccd.edu/,NA,NA,NA,NA,2949,0.2502,0.2357,0.0315,0.5209,0.1099,0.0064,0.0031,0.0532,0,0.0393,NA,11798,Woodland,CA,1,1
Fortis Institute-Birmingham,www.fortis.edu/,NA,NA,NA,12346,339,0.7853,0.1209,0.7699,0.0649,0.0088,0.0029,0,0.0206,0,0.0118,NA,29880,Birmingham,AL,0,1
The Chicago School at Los Angeles,https://www.thechicagoschool.edu/in-the-community/locations/,NA,0.4017,NA,20000,324,0.6056,0.4198,0.2099,0.2006,0.0093,0.0062,0.0062,0.0772,0.0154,0.0556,NA,NA,Los Angeles,CA,0,1
Cardiac and Vascular Institute of Ultrasound,www.ultrasound.edu/,NA,NA,NA,19160,51,0.3529,0.7647,0.1569,0,0.0784,0,0,0,0,0,NA,NA,Mobile,AL,0,1
Studio Academy of Beauty,www.tsaob.com/,NA,NA,NA,6221,668,0.7386,0.274,0.1108,0.4611,0.012,0.0135,0.0015,0.1198,0,0.0075,NA,NA,Chandler,AZ,0,1
California Nurses Educational Institute,https://www.cnei.edu/,NA,NA,NA,16941,114,0.3137,0.1579,0.0439,0.7368,0.0439,0,0,0.0175,0,0,NA,NA,Palm Springs,CA,0,1
Paul Mitchell the School-Sacramento,paulmitchell.edu/sacramento/,NA,NA,NA,6333,342,0.5193,0.2953,0.1754,0.2661,0.0965,0.0263,0.0351,0.0906,0.0088,0.0058,NA,NA,Sacramento,CA,0,1
Providence Christian College,www.providencecc.edu/,NA,0.9252,NA,25000,144,0.3382,0.4792,0.0347,0.3472,0.0208,0,0.0278,0.0625,0.0069,0.0208,0.4906,51852,Pasadena,CA,0,1
Oxford Academy of Hair Design Inc,www.oxfordhairacademy.com/,NA,NA,NA,6333,140,0.6207,0.4786,0.1429,0.3429,0.0214,0,0.0071,0,0,0.0071,NA,NA,Seymour,CT,0,1
Medical Institute of Palm Beach,https://www.medicalinstitutepb.edu/,NA,NA,NA,6417,261,0.3958,0.0421,0.5287,0.4253,0.0038,0,0,0,0,0,NA,NA,Greenacres,FL,0,1
Oliver Finley Academy of Cosmetology,oliverfinley.com/,NA,NA,NA,6333,276,0.3935,0.7717,0.0109,0.0688,0,0.0036,0,0.1449,0,0,NA,NA,Boise,ID,0,1
National Career College,www.nccusa.edu/,NA,NA,NA,8645,366,0.708,0.0765,0.0191,0.6721,0.1175,0.0683,0,0.0219,0.0246,0,NA,NA,Panorama City,CA,0,1
Aveda Institute-Chicago,www.douglasj.edu/,NA,NA,NA,7917,99,0.4022,0.4949,0.2323,0.1212,0.0505,0.0606,0.0101,0,0.0101,0.0202,NA,NA,Chicago,IL,0,1
Tricoci University of Beauty Culture-Libertyville,www.tricociuniversity.edu/,NA,NA,NA,7307,193,0.5215,0.3057,0.1088,0.4974,0.0207,0,0.0052,0.0466,0.0155,0,NA,NA,Libertyville,IL,0,1
Tricoci University of Beauty Culture-Bridgeview,www.tricociuniversity.edu/,NA,NA,NA,7307,438,0.6852,0.0868,0.5388,0.3333,0.0046,0.0023,0.0023,0.0274,0.0023,0.0023,NA,NA,Bridgeview,IL,0,1
The Temple-A Paul Mitchell Partner School,paulmitchell.edu/frederick,NA,NA,NA,9833,167,0.4304,0.7964,0.0778,0.0659,0.024,0,0,0.0299,0,0.006,NA,NA,Frederick,MD,0,1
Center for Massage,centerformassage.com/,NA,NA,NA,6333,57,0.2826,0.9298,0.0351,0.0175,0,0.0175,0,0,0,0,NA,NA,Asheville,NC,0,1
The Academy of Hair Design LLC,www.academyofhairdesignok.com/,NA,NA,NA,16500,57,0.3977,0.7895,0.0175,0.0702,0,0.0175,0,0.1053,0,0,NA,NA,Oklahoma City,OK,0,1
Toni & Guy Hairdressing Academy-Cranston,https://rhodeisland.toniguy.edu/,NA,NA,NA,11000,113,0.488,0.7434,0.0265,0.1327,0,0.0088,0,0.0531,0.0088,0.0265,NA,NA,Cranston,RI,0,1
South Texas Training Center,www.southtexastraining.com/,NA,NA,NA,3677,276,0.7727,0,0.0072,0.9928,0,0,0,0,0,0,NA,14726,Pharr,TX,0,1
Columbia College,www.ccdc.edu/,NA,NA,NA,7940,239,0.3031,0.1674,0.0126,0.0167,0.2218,0.0042,0,0,0.5774,0,NA,NA,Vienna,VA,0,1
Advanced Welding Institute,www.awi.edu/,NA,NA,NA,NA,97,0.4,0.9691,0,0.0309,0,0,0,0,0,0,NA,NA,South Burlington,VT,0,1
Paul Mitchell the School-Memphis,paulmitchell.edu/memphis,NA,NA,NA,9833,189,0.5736,0.3016,0.6508,0.0423,0.0053,0,0,0,0,0,NA,NA,Memphis,TN,0,1
Pima Medical Institute-East Valley,https://pmi.edu/,NA,NA,NA,9500,373,0.2433,0.4182,0.067,0.2815,0.0295,0.0697,0.008,0.1206,0,0.0054,NA,NA,Mesa,AZ,0,1
Paul Mitchell the School-Cleveland,paulmitchell.edu/cleveland,NA,NA,NA,9833,142,0.6143,0.4507,0.4366,0.0282,0.0141,0,0,0.0211,0,0.0493,NA,NA,Twinsburg,OH,0,1
Paul Mitchell the School-Columbus,paulmitchell.edu/columbus,NA,NA,NA,9833,166,0.5171,0.7349,0.1506,0.0301,0.0301,0,0.006,0.0422,0,0.006,NA,NA,Columbus,OH,0,1
Empire Beauty School-Spring Lake Park,www.empire.edu/,NA,NA,NA,13000,80,0.5764,0.225,0.45,0.0625,0.05,0.025,0,0.025,0,0.1625,NA,NA,Spring Lake Park,MN,0,1
MediaTech Institute-Houston,https://www.mediatech.edu/,NA,NA,NA,20000,96,0.7227,0.1042,0.7083,0.1563,0,0.0104,0,0,0,0.0208,NA,NA,Houston,TX,0,1
Miller-Motte College-Raleigh,https://www.miller-motte.edu/,NA,NA,NA,15917,214,0.6554,0.1121,0.6682,0.1402,0.0047,0.0047,0.0047,0.0514,0,0.014,NA,NA,Raleigh,NC,0,1
Lamson Institute,https://lamson.edu/,NA,NA,NA,7853,443,0.4534,0.1151,0.14,0.6975,0.0135,0.0045,0.0045,0.0045,0,0.0203,NA,NA,San Antonio,TX,0,1
College of Hair Design-East Campus,collegeofhairdesign.com/,NA,NA,NA,12000,116,0.4877,0.6724,0.0431,0.1466,0.0086,0.0172,0,0.1034,0,0.0086,NA,NA,Lincoln,NE,0,1
Fortis College-Salt Lake City,https://www.fortis.edu/,NA,NA,NA,13000,371,0.6087,0.4474,0.0404,0.2264,0.0782,0.0135,0.1159,0.0593,0,0.0189,NA,32149,Salt Lake City,UT,0,1
Polytechnic University of Puerto Rico-Miami,www.pupr.edu/miami/,NA,NA,NA,22564,29,0.7059,0,0,1,0,0,0,0,0,0,NA,NA,Miami,FL,0,1
Polytechnic University of Puerto Rico-Orlando,www.pupr.edu/orlando,NA,NA,NA,22564,102,0.5913,0.0196,0.0294,0.9412,0,0,0,0,0.0098,0,0.5,21955,Orlando,FL,0,1
Ross Medical Education Center-Fort Wayne,https://rosseducation.edu/,NA,NA,NA,9500,124,0.7862,0.1613,0.1774,0.1048,0,0,0,0.0161,0.0081,0.5323,NA,NA,Fort Wayne,IN,0,1
Ross Medical Education Center-Battle Creek,https://rosseducation.edu/,NA,NA,NA,9500,46,0.8462,0.1522,0.2391,0.087,0.0217,0,0,0,0,0.5,NA,NA,Battle Creek,MI,0,1
Geisinger Commonwealth School of Medicine,https://www.geisinger.edu/education,NA,NA,NA,NA,63,NA,0.8571,0.0159,0,0.0476,0.0159,0,0.0317,0,0.0317,NA,NA,Scranton,PA,0,1
Josef's School of Hair Skin & Body-Fargo,www.josefsschoolofhairdesign.com/,NA,NA,NA,7917,74,0.4622,0.473,0.1351,0.0135,0.027,0.027,0.3108,0,0,0.0135,NA,NA,Fargo,ND,0,1
Miller-Motte College-McCann-Allentown,https://www.mccann.edu/,NA,NA,NA,15917,277,0.6004,0.2022,0.2058,0.4549,0.0036,0.0108,0.0036,0.083,0,0.0361,NA,NA,Allentown,PA,0,1
Salon Success Academy-Fontana,www.salonsuccessacademy.com/,NA,NA,NA,7177,34,0.6774,0.0294,0.0294,0.7941,0.0882,0.0294,0,0.0294,0,0,NA,NA,Fontana,CA,0,1
Salon Success Academy-Redlands,www.salonsuccessacademy.com/,NA,NA,NA,7177,259,0.5047,0.2239,0.0541,0.6641,0.0309,0.0116,0.0077,0,0,0.0077,NA,NA,Redlands,CA,0,1
Strayer University-West Virginia,www.strayer.edu/campus-locations/west-virginia/teays-valley,NA,NA,NA,40621,377,0.8507,0.8223,0.0981,0.0186,0.0027,0.0027,0.0027,0.0398,0,0.0133,NA,23838,Scott Depot,WV,0,1
Paul Mitchell the School-Baton Rouge,paulmitchell.edu/batonrouge,NA,NA,NA,9833,224,0.6357,0.308,0.6563,0.0089,0,0,0,0.0179,0,0.0089,NA,NA,Baton Rouge,LA,0,1
San Joaquin Valley College-Hesperia,www.sjvc.edu/,NA,NA,NA,10674,437,0.6217,0.1236,0.1076,0.5973,0.0069,0.0114,0.0023,0.0092,0,0.1419,NA,NA,Hesperia,CA,0,1
South Texas Vocational Technical Institute-Brownsville,https://www.stvt.edu/,NA,NA,NA,15917,176,0.7398,0.0341,0,0.9432,0,0,0.0057,0.0057,0,0.0114,NA,NA,Brownsville,TX,0,1
Miller-Motte College-STVT-Corpus Christi,https://www.stvt.edu/,NA,NA,NA,15917,392,0.7965,0.2704,0.0612,0.6097,0.0077,0.0051,0.0051,0.0408,0,0,NA,NA,Corpus Christi,TX,0,1
University of Minnesota-Rochester,https://r.umn.edu/,1220,0.7183,34,19500,568,0.3556,0.5475,0.1532,0.0827,0.1444,0.0018,0,0.0264,0.0123,0.0317,0.4659,27237,Rochester,MN,1,1
Health And Style Institute,www.healthandstyle.edu/,NA,NA,NA,8444,1112,0.3772,0.1232,0.705,0.0854,0.0045,0.0018,9e-4,0.0216,9e-4,0.0567,NA,NA,Greensboro,NC,0,1
CBT Technology Institute-Cutler Bay,www.cbt.edu/,NA,NA,NA,8550,262,1,0.0115,0.0153,0.9733,0,0,0,0,0,0,NA,24772,Cutler Bay,FL,0,1
Capri Beauty College,capri.edu/,NA,NA,NA,9833,84,0.2407,0.9167,0.0238,0.0357,0.0119,0,0,0,0,0.0119,NA,NA,New Lenox,IL,0,1
Milan Institute-Bakersfield,www.milaninstitute.edu/,NA,NA,NA,6333,514,0.684,0.2237,0.0661,0.6479,0.0214,0.0058,0.0039,0.0058,0,0.0253,NA,NA,Bakersfield,CA,0,1
Homestead Schools,www.homesteadschools.net/,NA,NA,NA,18040,176,0.5873,0.0227,0.2727,0.3466,0.358,0,0,0,0,0,NA,NA,Torrance,CA,0,1
Carrington College-Las Vegas,https://carrington.edu/,NA,NA,NA,9500,359,0.6082,0.1281,0.2117,0.3398,0.1309,0,0.0279,0.0501,0.0111,0.1003,NA,NA,Las Vegas,NV,0,1
Carrington College-Reno,https://carrington.edu/,NA,NA,NA,15188,500,0.3451,0.494,0.018,0.266,0.084,0.01,0.01,0.012,0.006,0.1,NA,NA,Reno,NV,0,1
Chamberlain University-Florida,https://www.chamberlain.edu/,NA,1,NA,20919,839,0.5327,0.2002,0.5066,0.2086,0.0441,0.0012,0.0048,0.0143,0,0.0203,0,34657,Jacksonville,FL,0,1
Washington Barber College Inc,www.washingtonbarbercollege.edu/,NA,NA,NA,14000,51,1,0,0.9804,0.0196,0,0,0,0,0,0,NA,NA,Little Rock,AR,0,1
InterCoast Colleges-Rancho Cordova,https://www.intercoast.edu/,NA,NA,NA,10313,78,0.5108,0.2949,0.1923,0.3333,0.0769,0.0128,0.0128,0.0513,0,0.0256,NA,NA,Rancho Cordova,CA,0,1
Horizon University,www.horizonuniversity.edu/,NA,NA,NA,NA,58,0.1463,0.8103,0.0345,0.0517,0.0345,0,0.0172,0.0172,0.0345,0,1,NA,Indianapolis,IN,0,1
Beyond 21st Century Beauty Academy,beyondcosmo.com/,NA,NA,NA,NA,102,0.3822,0.0588,0.0196,0.8922,0.0098,0.0098,0,0.0098,0,0,NA,NA,Santa Fe Springs,CA,0,1
Angeles College,https://www.angelescollege.edu/,NA,NA,NA,16522,484,0.5147,0.0331,0.095,0.2211,0.5702,0,0.0041,0.0227,0.0537,0,0.5,NA,Los Angeles,CA,0,1
Angeles Institute,www.angelesinstitute.edu/,NA,NA,NA,17238,132,0.6114,0.0152,0.1818,0.5606,0.0909,0.0076,0,0.0152,0.1136,0.0152,NA,NA,ARTESIA,CA,0,1
Paul Mitchell the School-Temecula,paulmitchell.edu/temecula/,NA,NA,NA,12858,275,0.5291,0.3164,0.08,0.4073,0.04,0,0.0145,0.1345,0,0.0073,NA,NA,Temecula,CA,0,1
TIGI Hairdressing Academy Guilford,tigiguilford.edu/,NA,NA,NA,9833,63,0.3175,0.7619,0,0.1905,0.0317,0.0159,0,0,0,0,NA,NA,Guilford,CT,0,1
International Institute of Cosmetology,www.studyhair.com/,NA,NA,NA,9833,184,0.3234,0.587,0.0761,0.1957,0.0054,0.0109,0.0054,0.1087,0.0054,0.0054,NA,NA,Wethersfield,CT,0,1
Florida School of Traditional Midwifery,midwiferyschool.org/,NA,NA,NA,38130,73,0.3784,0.4247,0.4247,0.1096,0,0.0137,0,0.0137,0,0.0137,NA,NA,Gainesville,FL,0,1
Emerald Coast Technical College,www.ectc.edu/,NA,NA,NA,NA,170,0.4183,0.7647,0.0882,0.0588,0.0235,0,0,0.0647,0,0,NA,NA,DeFuniak Springs,FL,1,0
Immokalee Technical College,www.itech.edu/,NA,NA,NA,NA,280,0.3513,0.1321,0.2393,0.5036,0.0179,0.1036,0.0036,0,0,0,NA,NA,Immokalee,FL,1,0
American Academy of Cosmetology,www.aacschool.com/,NA,NA,NA,7638,96,0.5749,0.4063,0.4063,0.0938,0.0208,0,0,0.0625,0.0104,0,NA,NA,Orange Park,FL,0,1
University of Fort Lauderdale,uftl.edu/,NA,NA,NA,NA,259,0.5812,0.2239,0.4054,0.305,0,0.0039,0,0.0232,0.0039,0.0347,NA,20726,Lauderhill,FL,0,1
Aviation Institute of Maintenance-Orlando,https://aviationmaintenance.edu/campuses/orlando-fl,NA,NA,NA,31301,297,0.6475,0.2727,0.1448,0.4747,0.0269,0.0067,0.0067,0.0673,0,0,NA,28071,Casselberry,FL,0,1
Summit Salon Academy,summitsalonacademytampa.com/,NA,NA,NA,7389,222,0.4395,0.5721,0.1171,0.2387,0.0135,0,0,0.009,0,0.0495,NA,NA,Tampa,FL,0,1
Summit Salon Academy-Gainesville,www.ssag.edu/,NA,NA,NA,11000,146,0.6261,0.4795,0.3219,0.1301,0.0068,0,0,0.0342,0,0.0274,NA,NA,Gainesville,FL,0,1
Tenaj Salon Institute,www.tenajsaloninstitute.edu/,NA,NA,NA,13000,62,0.3913,0.5645,0.1935,0.2258,0.0161,0,0,0,0,0,NA,NA,The Villages,FL,0,1
Profile Institute of Barber-Styling,profileinstituteatl.com/,NA,NA,NA,NA,26,0.56,0,0.8846,0.0769,0,0.0385,0,0,0,0,NA,NA,Atlanta,GA,0,1
Keune Academy by 124,www.keuneacademyby124.edu/,NA,NA,NA,9833,120,0.3333,0.55,0.1,0.2167,0.0417,0,0,0.0917,0,0,NA,NA,Lawrenceville,GA,0,1
Pacific Rim Christian University,https://www.pacrim.edu/#home,NA,NA,NA,NA,113,0.8632,0.1239,0.0531,0.1858,0.2655,0.0088,0.1239,0.1504,0.0885,0,0.5714,24042,Honolulu,HI,0,1
Paul Mitchell the School-Twin Falls,paulmitchell.edu/twinfalls,NA,NA,NA,NA,62,0.6563,0.6935,0,0.1935,0,0,0,0.1129,0,0,NA,NA,TWIN FALLS,ID,0,1
Ambria College of Nursing,ambria.edu/,NA,NA,NA,15438,195,0.3218,0.3026,0.1487,0.2513,0.2462,0,0,0.0103,0,0.041,NA,NA,Hoffman Estates,IL,0,1
Midwestern Career College,https://www.mccollege.edu/,NA,NA,NA,7521,824,0.3961,0.1141,0.3083,0.2051,0.0158,0.0061,0.0024,0.0218,0.3143,0.0121,NA,NA,Chicago,IL,0,1
Paul Mitchell the School-Normal,paulmitchell.edu/normal,NA,NA,NA,9833,79,0.424,0.8101,0.1139,0.0633,0,0,0,0.0127,0,0,NA,NA,Normal,IL,0,1
Aveda Fredric's Institute-Indianapolis,https://avedafi.edu/indianapolis/,NA,NA,NA,7389,266,0.3667,0.5639,0.0789,0.0376,0.015,0,0.0038,0.0113,0,0.2895,NA,NA,Carmel,IN,0,1
Summit Salon Academy,www.andersonsalonacademy.com/,NA,NA,NA,9833,127,0.4434,0.8583,0.063,0.0236,0.0157,0.0157,0,0.0236,0,0,NA,NA,Anderson,IN,0,1
Eric Fisher Academy,www.ericfisheracademy.com/,NA,NA,NA,9339,178,0.4178,0.5562,0.0393,0.3427,0.0225,0.0056,0,0.0337,0,0,NA,NA,Wichita,KS,0,1
My Le's Beauty College,mylebeautycollegellc.com/,NA,NA,NA,NA,84,0.7045,0.119,0.5119,0.1071,0.2619,0,0,0,0,0,NA,NA,Gretna,LA,0,1
Blackstone Valley Vocational Regional School District,www.valleytech.k12.ma.us/,NA,NA,NA,9500,40,0.3043,0.4,0.35,0.175,0.025,0,0.025,0.025,0,0,NA,NA,Upton,MA,1,1
Southern Worcester County Regional Vocational School District,www.baypath.net/evening-programs-division/practical-nursing/,NA,1,NA,NA,39,0.3095,0.2564,0.6667,0.0769,0,0,0,0,0,0,NA,NA,Charlton,MA,1,0
L'esprit Academy,https://www.lespritacademy.com/,NA,NA,NA,6333,273,0.446,0.4286,0.4066,0.044,0.0403,0,0,0.0769,0,0.0037,NA,NA,Canton,MI,0,1
Marketti Academy of Cosmetology,www.marketticosmetology.com/,NA,NA,NA,NA,45,0.1084,0.6889,0.1556,0.1333,0,0,0,0.0222,0,0,NA,NA,Waterford,MI,0,1
Avalon School of Cosmetology,www.avaloncosmetologyschool.com/,NA,NA,NA,NA,18,0.4,0.2222,0.1111,0.3889,0.2778,0,0,0,0,0,NA,NA,Worthington,MN,0,0
City Vision University,https://www.cityvision.edu/,NA,NA,NA,NA,188,0.6591,0.3245,0.0904,0.1543,0.0053,0.0106,0.0053,0.0798,0.0106,0.3191,NA,12568,Kansas City,MO,0,1
Montana Academy of Salons,https://montanaacademy.edu/,NA,NA,NA,9833,147,0.3516,0.6463,0.0204,0.0544,0.034,0.0816,0,0.1633,0,0,NA,NA,Great Falls,MT,0,1
National Career Institute,nciedu.com/,NA,NA,NA,6756,148,0.6174,0,0.9459,0.0541,0,0,0,0,0,0,NA,NA,East Orange,NJ,0,1
Paul Mitchell the School-Albuquerque,paulmitchell.edu/albuquerque,NA,NA,NA,10556,113,0.4432,0.2124,0.0265,0.5841,0.0177,0.0531,0,0.0354,0,0.0708,NA,NA,Albuquerque,NM,0,1
International Academy of Style,www.internationalacademyofstyle.com/,NA,NA,NA,6333,109,0.5317,0.3486,0,0.4495,0.0826,0.0275,0.0092,0.0826,0,0,NA,NA,Reno,NV,0,1
EDP School,edpschool.edu/,NA,NA,NA,NA,155,0.9146,0.4323,0.0129,0.0194,0.5355,0,0,0,0,0,NA,NA,Brooklyn,NY,0,1
New York Medical Career Training Center,nymedtraining.com/,NA,1,NA,14282,87,0.4299,0.1494,0.2069,0.2759,0.3333,0,0,0.0345,0,0,NA,NA,Flushing,NY,0,1
Institute of Culinary Education,https://www.ice.edu/,NA,NA,NA,6439,637,0.2134,0.2088,0.0675,0.5432,0.0565,0.0016,0.0031,0.022,0.0754,0.022,NA,NA,New York,NY,0,1
The Salon Professional Academy-Tonawanda,www.tspabuffalo.com/,NA,NA,NA,6333,139,0.3723,0.6331,0.1799,0.0863,0.0288,0.0144,0.0144,0.036,0,0.0072,NA,NA,Tonawanda,NY,0,1
Paul Mitchell the School-NYC,paulmitchell.edu/nyc,NA,NA,NA,7614,75,0.3786,0.5467,0.0533,0.1067,0,0,0,0.0267,0,0.2667,NA,NA,Staten Island,NY,0,1
Four County Career Center,www.fourcounty.net/adulteducation_home.aspx,NA,NA,NA,NA,129,0.007,0.6434,0.186,0.0388,0.0078,0.0078,0,0.031,0,0.0853,NA,NA,Archbold,OH,1,0
Summit Salon Academy-Perrysburg,www.summitsalonacademyperrysburg.edu/,NA,NA,NA,7917,108,0.3333,0.75,0.0926,0.0833,0.0093,0,0,0.0556,0,0.0093,NA,NA,Perrysburg,OH,0,1
Portland Actors Conservatory,pac.edu/,NA,0.6667,NA,NA,13,0.25,0.7692,0.0769,0,0.1538,0,0,0,0,0,NA,34015,Portland,OR,0,1
Somerset County Technology Center,sctc.net/,NA,NA,NA,NA,50,0.2545,0.96,0.02,0.02,0,0,0,0,0,0,NA,NA,Somerset,PA,1,0
Metro Beauty Academy,https://www.metrobeautyacademy.edu/,NA,NA,NA,8028,174,0.1608,0.6667,0.0172,0.1782,0.023,0,0,0.0747,0.0057,0.0345,NA,NA,Allentown,PA,0,1
Academy for Careers and Technology,www.mcact.org/,NA,NA,NA,NA,45,0.3542,0.2222,0.7778,0,0,0,0,0,0,0,NA,NA,Mullins,SC,1,0
Love Beauty School Inc,www.lovebeautyschool.net/,NA,NA,NA,7917,64,0.6526,0.875,0.0625,0.0313,0,0,0,0.0313,0,0,NA,NA,Manchester,TN,0,0
Houston International College Cardiotech Ultrasound School,www.cardiotech.org/,NA,0.4,NA,NA,41,0.8043,0.2195,0.2683,0.3659,0.1463,0,0,0,0,0,NA,26053,Houston,TX,0,1
DuVall's School of Cosmetology,duvallschool.com/,NA,NA,NA,7917,89,0.5094,0.4157,0.1798,0.2584,0,0,0.0112,0.0899,0,0.0449,NA,NA,Bedford,TX,0,1
Texas Beauty College,texasbeautyinfo.com/,NA,NA,NA,NA,59,0.8824,0.0339,0.0508,0.2712,0.6441,0,0,0,0,0,NA,NA,Haltom city,TX,0,1
Avenue Five Institute,www.avenuefive.edu/,NA,NA,NA,7917,267,0.4189,0.4232,0.1124,0.3258,0.0375,0.0112,0.0037,0.0824,0,0.0037,NA,NA,Austin,TX,0,1
The Salon Professional Academy-Lewisville,www.tspadallas.com/,NA,NA,NA,7917,127,0.4378,0.5669,0.1496,0.2205,0.0079,0,0,0.0551,0,0,NA,NA,Lewisville,TX,0,1
Renaissance Academie,www.race.edu/,NA,NA,NA,6167,206,0.232,0.7718,0.0049,0.1699,0,0.0146,0.0291,0.0097,0,0,NA,NA,Provo,UT,0,1
Ascent College,ascent.edu/,NA,NA,NA,NA,85,0.26,0.3882,0.0941,0.0353,0.0353,0,0.0118,0.0471,0,0.3882,0,NA,Gainesville,VA,0,1
Institute of Advanced Medical Esthetics,www.theinstituteofadvancedmedicalesthetics.com/,NA,NA,NA,NA,37,0.5224,0.6216,0.1622,0.1892,0.027,0,0,0,0,0,NA,NA,Ashland,VA,0,1
Aveda Arts & Sciences Institute Seattle,avedaarts.edu/,NA,NA,NA,7773,157,0.2392,0.6242,0.0828,0.1083,0.0637,0.0127,0.0382,0.0191,0,0.051,NA,NA,Seattle,WA,0,1
Northwest School of Wooden Boat Building,www.nwswb.edu/,NA,NA,NA,NA,43,0.3065,0.8605,0,0.0465,0,0,0,0.0465,0.0233,0.0233,NA,32601,Port Hadlock,WA,0,0
The Salon Professional Academy-Onalaska,salonproacademy.com/,NA,NA,NA,8374,76,0.4522,0.8553,0.0132,0.0263,0.0526,0.0132,0,0.0395,0,0,NA,NA,Onalaska,WI,0,1
West Coast University-Orange County,westcoastuniversity.edu/,NA,NA,NA,32946,3168,0.4122,0.1408,0.0256,0.3633,0.3835,0.0022,0.0107,0.0676,0.0035,0.0028,0.5,38599,Anaheim,CA,0,1
West Coast University-Ontario,westcoastuniversity.edu/,NA,NA,NA,32946,2647,0.4971,0.1254,0.0499,0.5017,0.2308,0.0019,0.0117,0.0737,0.003,0.0019,0.6,51950,Ontario,CA,0,1
Paul Mitchell the School-Chicago,paulmitchell.edu/chicago,NA,NA,NA,13598,145,0.625,0.2276,0.4966,0.1931,0.0069,0,0,0.0759,0,0,NA,NA,Chicago,IL,0,1
Miller-Motte College-Fayetteville,https://www.miller-motte.edu/,NA,NA,NA,15917,169,0.4769,0.1361,0.7041,0.0592,0,0.0178,0,0.0592,0,0.0237,NA,NA,Fayetteville,NC,0,1
European Massage Therapy School-Las Vegas,www.school-for-massage.com/,NA,NA,NA,5657,83,0.3984,0.241,0.0361,0.7108,0.012,0,0,0,0,0,NA,NA,Las Vegas,NV,0,1
Miller-Motte College-Columbus,https://www.miller-motte.edu/,NA,NA,NA,15917,270,0.9028,0.0593,0.9037,0.0037,0,0,0,0.0222,0,0.0111,NA,NA,Columbus,GA,0,1
Fortis College-Indianapolis,https://www.fortis.edu/,NA,NA,NA,13000,265,0.7852,0.166,0.6868,0.034,0.0528,0,0,0.0453,0,0.0151,NA,34815,Indianapolis,IN,0,1
Empire Beauty School-E Memphis,www.empire.edu/,NA,NA,NA,10667,216,0.5061,0.0139,0.8611,0.0324,0,0,0,0.0046,0,0.088,NA,NA,Memphis,TN,0,1
Empire Beauty School-Nashville,www.empire.edu/,NA,NA,NA,10667,125,0.4574,0.376,0.36,0.12,0,0.008,0,0.024,0,0.112,NA,NA,Brentwood,TN,0,1
Empire Beauty School-Jackson,www.empire.edu/,NA,NA,NA,10667,44,0.7315,0.1364,0.6818,0,0,0,0,0.0455,0,0.1364,NA,NA,Jackson,TN,0,1
Empire Beauty School-Springfield,www.empire.edu/,NA,NA,NA,13000,174,0.552,0.092,0.5402,0.0747,0.023,0,0,0.0517,0,0.2184,NA,NA,Springfield,PA,0,1
Empire Beauty School-Speedway,www.empire.edu/,NA,NA,NA,13583,209,0.54,0.2105,0.5933,0.1196,0.0191,0.0048,0,0.0191,0,0.0335,NA,NA,Speedway,IN,0,1
Empire Beauty School-Morrow,www.empire.edu/,NA,NA,NA,10667,209,0.6417,0.0048,0.8756,0.0144,0,0,0,0.0239,0,0.0813,NA,NA,Morrow,GA,0,1
Strayer University-Arkansas,www.strayer.edu/campus-locations/arkansas/little-rock,NA,NA,NA,40621,456,0.9273,0.386,0.5285,0.0307,0,0.011,0,0.0285,0,0.0154,NA,NA,Little Rock,AR,0,1
Strayer University-Georgia,www.strayer.edu/campus-locations/georgia/chamblee,NA,NA,NA,40621,4878,0.7837,0.1796,0.7347,0.0332,0.0023,0.0033,0.0018,0.031,4e-4,0.0137,0.0909,23838,Chamblee,GA,0,1
Strayer University-Mississippi,www.strayer.edu/campus-locations/mississippi/jackson,NA,NA,NA,40621,400,0.8339,0.105,0.8375,0.0025,0,0.015,0,0.02,0,0.02,NA,NA,Jackson,MS,0,1
Strayer University-South Carolina,www.strayer.edu/campus-locations/south-carolina/greenville,NA,NA,NA,40621,1830,0.7889,0.2617,0.647,0.029,0.0027,0.0066,5e-4,0.0339,0,0.0186,0,23838,Greenville,SC,0,1
Strayer University-Texas,www.strayer.edu/campus-locations,NA,NA,NA,40621,2397,0.7428,0.2274,0.5373,0.1761,0.0075,0.0067,8e-4,0.0325,0.0017,0.01,0.1667,23838,Farmers Branch,TX,0,1
Empire Beauty School-Charlotte,www.empire.edu/,NA,NA,NA,10667,81,0.7029,0.0494,0.7531,0.0617,0,0,0,0.0247,0,0.1111,NA,NA,Charlotte,NC,0,1
Empire Beauty School-Winston-Salem,www.empire.edu/,NA,NA,NA,10667,72,0.6429,0.0972,0.6667,0.1944,0.0139,0,0,0.0278,0,0,NA,NA,Winston-Salem,NC,0,1
Empire Beauty School-West Palm,www.empire.edu/,NA,NA,NA,13000,58,0.5758,0.2414,0.4655,0.1897,0,0.0172,0,0.0517,0,0.0345,NA,NA,West Palm Beach,FL,0,1
Empire Beauty School-Pineville,www.empire.edu/,NA,NA,NA,13000,81,0.4855,0.0741,0.5556,0.0494,0,0.0123,0.0247,0.0123,0,0.2716,NA,NA,Charlotte,NC,0,1
Paul Mitchell the School-Phoenix,paulmitchell.edu/phoenix,NA,NA,NA,16779,102,0.6143,0.2451,0.0686,0.2451,0,0,0,0.0098,0,0.4314,NA,NA,Phoenix,AZ,0,1
Paul Mitchell the School-Modesto,paulmitchell.edu/modesto,NA,NA,NA,6211,305,0.5914,0.2623,0.0361,0.518,0.0689,0.0033,0.0131,0.0754,0.0033,0.0197,NA,NA,Modesto,CA,0,1
Paul Mitchell the School-Fresno,paulmitchell.edu/fresno,NA,NA,NA,11277,262,0.8547,0.1794,0.0267,0.5305,0.0344,0.0076,0,0.0115,0,0.2099,NA,NA,Fresno,CA,0,1
Unitek College,unitekcollege.edu/,NA,NA,NA,10700,4715,0.4186,0.095,0.0549,0.2783,0.2664,0.0059,0.018,0.0074,4e-4,0.2736,NA,NA,Fremont,CA,0,1
Gurnick Academy of Medical Arts,www.gurnick.edu/,NA,NA,NA,17317,2844,0.442,0.1586,0.0823,0.3361,0.2925,0.0077,0.025,0.0591,0,0.0387,NA,NA,San Jose,CA,0,1
Paul Mitchell the School-East Bay,paulmitchell.edu/eastbay/,NA,NA,NA,13083,212,0.4441,0.283,0.1981,0.283,0.0896,0.0047,0.0094,0.1085,0,0.0236,NA,NA,Pleasant Hill,CA,0,1
South University-Richmond,"www.southuniversity.edu/richmond#location=Richmond, VA",NA,NA,NA,26123,244,0.4125,0.2705,0.5615,0.041,0.0205,0,0,0.0451,0.0164,0.0451,0.0714,33875,Glen Allen,VA,0,1
South University-Virginia Beach,"www.southuniversity.edu/virginia-beach#location=Virginia Beach, VA",NA,NA,NA,26123,252,0.5122,0.1627,0.5833,0.1151,0.0635,0,0.0119,0.0317,0.0119,0.0198,0,33875,Virginia Beach,VA,0,1
Aveda Institute-Denver,avedainspiregreatness.com/denver-campus,NA,NA,NA,9829,316,0.3234,0.4715,0.0475,0.2848,0.0253,0.0095,0.0063,0.1424,0,0.0127,NA,NA,Denver,CO,0,1
Paul Mitchell the School-Colorado Springs,paulmitchell.edu/coloradosprings,NA,NA,NA,7667,169,0.4684,0.5207,0.1598,0.2485,0.0178,0,0.0237,0.0118,0,0.0178,NA,NA,Colorado Springs,CO,0,1
The Salon Professional Academy-Colorado Springs,www.thesalonprofessionalacademycoloradosprings.com/,NA,NA,NA,6333,85,0.488,0.4824,0.0824,0.2,0.0118,0.0118,0.0353,0.1765,0,0,NA,NA,Colorado Springs,CO,0,1
Paul Mitchell the School-Delaware,paulmitchell.edu/delaware,NA,NA,NA,9833,130,0.5497,0.4462,0.4077,0.1,0,0.0077,0,0.0385,0,0,NA,NA,Newark,DE,0,1
Fred K Marchman Technical College,mtec.pasco.k12.fl.us/,NA,NA,NA,NA,322,0.336,0.6553,0.0683,0.236,0.0124,0.0031,0,0.0186,0.0062,0,NA,NA,New Port Richey,FL,1,1
The Salon Professional Academy-Ft Myers,https://www.tspaftmyers.com/,NA,NA,NA,9500,104,0.2124,0.625,0.0288,0.2019,0,0,0.0096,0.1346,0,0,NA,NA,Fort Myers,FL,0,1
Universal Spa Training Academy,www.spatrainingacademy.edu/,NA,NA,NA,7283,144,0.5143,0.3194,0.125,0.3611,0.0069,0,0,0.0764,0,0.1111,NA,NA,Downers Grove,IL,0,1
The Salon Professional Academy-Evansville,www.tspaevansville.com/,NA,NA,NA,9833,169,0.413,0.8876,0.0237,0.0414,0.0118,0,0,0.0355,0,0,NA,NA,Evansville,IN,0,1
Tri County Regional Vocational Technical High School,www.tri-county.us/,NA,NA,NA,NA,64,0.3,0.4375,0.5469,0.0156,0,0,0,0,0,0,NA,NA,Franklin,MA,1,1
Nova Academy of Cosmetology,www.novaacademy.edu/,NA,NA,NA,9424,174,0.3777,0.7471,0.0287,0.1034,0.0172,0.0057,0,0.0345,0,0.0632,NA,NA,Rochester,MN,0,1
Sage School of Massage & Esthetics,https://www.sageschoolofmassage.com/,NA,NA,NA,NA,26,0.3125,0.8846,0,0.0385,0.0769,0,0,0,0,0,NA,NA,Bend,OR,0,1
Peloton College,www.pelotoncollege.edu/,NA,NA,NA,9500,63,0.7411,0.127,0.5873,0.2698,0,0,0,0.0159,0,0,NA,NA,Dallas,TX,0,1
ABC Beauty Academy,www.abcbeautyacademy.webs.com/,NA,NA,NA,NA,65,0.9099,0.0308,0.2615,0.0615,0.6462,0,0,0,0,0,NA,NA,Richardson,TX,0,1
Salon & Spa Institute,www.ssi.edu/,NA,NA,NA,8212,91,0.7862,0.011,0,0.989,0,0,0,0,0,0,NA,NA,Brownsville,TX,0,1
American Beauty Academy,www.americanbeauty.edu/,NA,NA,NA,10060,11,0.5152,0.8182,0,0.1818,0,0,0,0,0,0,NA,NA,Payson,UT,0,0
Summit Salon Academy,www.summitsalonacademy.edu/,NA,NA,NA,9785,148,0.4147,0.6824,0.0405,0.0811,0.0473,0.0338,0,0.1149,0,0,NA,NA,Tacoma,WA,0,1
Paul Mitchell the School-Milwaukee,paulmitchell.edu/milwaukee,NA,NA,NA,10486,111,0.6477,0.2703,0.6486,0.045,0.036,0,0,0,0,0,NA,NA,Wauwatosa,WI,0,1
Touro University Worldwide,https://www.tuw.edu/,NA,NA,NA,25000,416,0.5194,0.3245,0.2212,0.0793,0.0337,0.0024,0.0072,0.1058,0.0024,0.2236,0.5833,27755,Los Alamitos,CA,0,1
Touro University Nevada,www.tun.touro.edu/,NA,NA,NA,12500,19,0.2667,0.4211,0.1579,0.2105,0.1579,0,0.0526,0,0,0,NA,NA,Henderson,NV,0,1
Herzing University-Kenosha,https://www.herzing.edu/,NA,0.8939,NA,21500,543,0.6204,0.3076,0.2044,0.3278,0.0939,0.0037,0.0055,0.0276,0,0.0295,0.4444,23590,Kenosha,WI,0,1
Herzing University-Brookfield,https://www.herzing.edu/,NA,0.9079,NA,21500,378,0.6046,0.3757,0.3968,0.1349,0.037,0,0,0.0265,0,0.0291,0.4,25879,Brookfield,WI,0,1
Texas A&M University-San Antonio,www.tamusa.edu/,954,0.92,NA,18401,6224,0.5083,0.1825,0.0593,0.6991,0.0143,0.004,0.0013,0.0199,0.0084,0.0112,NA,21840,San Antonio,TX,1,1
Fortis Institute,https://www.fortis.edu/,NA,NA,NA,9500,332,0.75,0.0663,0.512,0.3795,0.006,0,0.003,0.0211,0,0.012,NA,NA,Houston,TX,0,1
Southern Careers Institute-Brownsville,www.scitexas.edu/,NA,NA,NA,8708,637,0.7663,0.1931,0.0078,0.7739,0.0016,0,0,0.022,0,0.0016,NA,NA,Brownsville,TX,0,1
Southern Careers Institute-Harlingen,www.scitexas.edu/,NA,NA,NA,8708,437,0.7494,0.3799,0.0183,0.5858,0.0046,0,0,0.0092,0,0.0023,NA,NA,Harlingen,TX,0,1
Strayer University-Global Region,www.strayer.edu/,NA,NA,NA,40621,10087,0.5278,0.487,0.3046,0.1262,0.0111,0.0107,0.0042,0.0415,2e-4,0.0146,0.1429,23838,Washington,DC,0,1
Kenneth Shuler School of Cosmetology-Florence,www.kennethshuler.com/,NA,NA,NA,8661,178,0.7659,0.4157,0.5787,0,0,0,0,0.0056,0,0,NA,NA,Florence,SC,0,0
Fortis College-Columbia,https://www.fortis.edu/,NA,NA,NA,12547,513,0.735,0.1131,0.8207,0.0448,0.0019,0,0.0019,0.0175,0,0,NA,34276,Columbia,SC,0,1
Ross Medical Education Center-Davison,https://rosseducation.edu/,NA,NA,NA,9500,39,0.8475,0.3846,0.0256,0.0256,0,0,0,0,0,0.5641,NA,NA,Davison,MI,0,1
Ross Medical Education Center-Granger,https://rosseducation.edu/,NA,NA,NA,9500,115,0.8895,0.1391,0.1478,0.113,0,0,0,0.0087,0.0261,0.5652,NA,NA,Granger,IN,0,1
Ross Medical Education Center-Niles,https://rosseducation.edu/,NA,NA,NA,9500,69,0.8333,0.1594,0.1594,0.087,0,0,0,0.058,0.0145,0.5217,NA,NA,Niles,OH,0,1
Ross Medical Education Center-Canton,https://rosseducation.edu/,NA,NA,NA,9500,90,0.75,0.0889,0.2,0.0333,0,0,0.0111,0.0444,0,0.6222,NA,NA,Canton,MI,0,1
Pima Medical Institute-Houston,https://pmi.edu/,NA,NA,NA,9500,1019,0.4965,0.1246,0.1649,0.5358,0.0913,0.0069,0.001,0.0726,0,0.0029,NA,NA,Houston,TX,0,1
Illinois Media School-Chicago Campus,www.beonair.com/chicago,NA,NA,NA,9500,48,0.6154,0.1042,0.7708,0.125,0,0,0,0,0,0,NA,NA,Chicago,IL,0,1
Miller-Motte College-STVT-San Antonio,https://www.stvt.edu/,NA,NA,NA,15917,592,0.6743,0.1672,0.0878,0.6892,0.0034,0.0051,0.0051,0.0338,0,0.0084,NA,NA,San Antonio,TX,0,1
Concorde Career College-Dallas,https://www.concorde.edu/campus/dallas-texas,NA,0.9685,NA,9500,183,0.6056,0.0546,0.3115,0.3552,0,0.0164,0,0,0,0.2623,NA,NA,Dallas,TX,0,1
Concorde Career Institute-Orlando,https://www.concorde.edu/campus/orlando-florida,NA,0.908,NA,9500,145,0.6723,0.1241,0.3448,0.3379,0,0,0,0.0276,0,0.1655,NA,NA,Orlando,FL,0,1
Concorde Career College-San Antonio,https://www.concorde.edu/campus/san-antonio-texas,NA,0.9918,NA,9500,122,0.5749,0.082,0.0574,0.459,0.0082,0,0,0,0,0.3934,NA,NA,San Antonio,TX,0,1
Johnson & Wales University-Online,https://online.jwu.edu/?_ga=2.36357734.752362341.1629739669-391300583.1600981500,NA,0.5426,NA,26000,1980,0.3559,0.4692,0.2298,0.1889,0.0227,0.0076,5e-4,0.004,0.0071,0.0702,0,25365,Providence,RI,0,1
Fairfax University of America,https://www.fxua.edu/,NA,NA,NA,NA,5,0,0,0,0.2,0,0,0,0,0.8,0,0.1667,NA,Fairfax,VA,0,1
Moreno Valley College,www.mvc.edu/,NA,NA,NA,NA,8292,0.2047,0.1231,0.0961,0.6727,0.0521,0.0013,0.0031,0.0415,0.0033,0.0068,NA,12024,Moreno Valley,CA,1,1
Norco College,www.norcocollege.edu/Pages/index.aspx,NA,NA,NA,NA,8359,0.157,0.175,0.0635,0.6107,0.088,0.0019,0.0033,0.0404,0.0049,0.0121,NA,12749,Norco,CA,1,1
Dorsey College-Saginaw,www.dorsey.edu/,NA,NA,NA,13000,199,0.9222,0.2814,0.5729,0.0704,0.005,0,0,0.0704,0,0,NA,31779,Saginaw,MI,0,1
Milan Institute of Cosmetology-El Paso,www.milaninstitute.edu/,NA,NA,NA,6333,407,0.6467,0.0688,0.059,0.8428,0,0.0049,0.0025,0.0098,0.0025,0.0098,NA,NA,El Paso,TX,0,1
Universal Technical Institute-Dallas Fort Worth,www.uti.edu/,NA,NA,NA,14267,1661,0.5064,0.2926,0.1174,0.46,0.0211,0.0024,0.0012,0.0933,0,0.012,NA,NA,Irving,TX,0,1
ICPR Junior College,www.icprjc.edu/,NA,NA,NA,NA,414,0.9883,0,0,1,0,0,0,0,0,0,NA,13751,Manati,PR,0,1
Artistic Nails and Beauty Academy-Lakeland,https://www.artistic.edu/,NA,NA,NA,6333,192,0.5708,0.2865,0.3854,0.2917,0.0104,0,0,0.026,0,0,NA,NA,Lakeland,FL,0,1
Hawaii Medical College,www.hmi.edu/,NA,NA,NA,13000,217,0.5311,0.0507,0.0276,0.1152,0.2304,0,0.4055,0.0968,0.0461,0.0276,NA,41381,Honolulu,HI,0,1
Carolina College of Hair Design Inc,carolinacollege.com/,NA,NA,NA,4889,46,0.4561,0.6522,0.0652,0.2174,0.0435,0,0,0,0,0.0217,NA,NA,Asheville,NC,0,1
Integrated Massage Therapy Services,www.collegemassagetherapy.com/,NA,NA,NA,NA,16,0.7692,1,0,0,0,0,0,0,0,0,NA,NA,Blackfoot,ID,0,0
Miller-Motte College-Jacksonville,https://www.miller-motte.edu/,NA,NA,NA,15917,187,0.5268,0.4813,0.3904,0.0588,0.0053,0.016,0.0053,0.0321,0,0.0107,NA,NA,Jacksonville,NC,0,1
Miller-Motte College-Augusta,https://www.miller-motte.edu/,NA,NA,NA,15917,524,0.7257,0.063,0.8855,0.0076,0.0038,0.0019,0.0038,0.0229,0,0.0115,NA,NA,Augusta,GA,0,1
Miller-Motte College-Conway,https://www.miller-motte.edu/,NA,NA,NA,15917,164,0.5268,0.2927,0.5976,0.0244,0.0061,0.0122,0,0.0549,0,0.0122,NA,NA,Conway,SC,0,1
Aveda Institute-Portland,avedapdx.com/,NA,NA,NA,6826,171,0.3729,0.6784,0.0409,0.0526,0.0175,0.0117,0,0.0819,0,0.117,NA,NA,Portland,OR,0,1
Chamberlain University-Virginia,https://www.chamberlain.edu/,NA,1,NA,20919,567,0.4389,0.1393,0.5168,0.2081,0.0723,0.0053,0.0018,0.0212,0.0088,0.0265,0.25,NA,Vienna,VA,0,1
Penrose Academy,penrose.edu/,NA,NA,NA,6333,390,0.2688,0.6949,0.0077,0.1692,0.0179,0.0231,0,0.0872,0,0,NA,NA,Scottsdale,AZ,0,1
Skin Institute,www.skininstitute.edu/,NA,NA,NA,NA,83,0.5426,0.8313,0.0964,0.0602,0.012,0,0,0,0,0,NA,NA,Saint Louis,MO,0,1
Beauty Academy of South Florida,https://www.basf.edu/,NA,NA,NA,6458,348,0.3817,0.0287,0.0316,0.8592,0.0029,0.0029,0,0,0.0747,0,NA,NA,Hialeah Gardens,FL,0,1
Ogle School Hair Skin Nails-North Dallas,www.ogleschool.edu/,NA,NA,NA,7917,320,0.6642,0.2469,0.4063,0.25,0.0156,0.0094,0.0031,0.0625,0,0.0063,NA,NA,Dallas,TX,0,1
The Salon Professional Academy,littlerockbeautyschool.com/,NA,NA,NA,6333,92,0.3228,0.7065,0.163,0.087,0,0,0,0,0,0.0435,NA,NA,Sherwood,AR,0,0
The Salon Professional Academy-St Charles,tspastlouis.com/,NA,NA,NA,8589,117,0.3195,0.7436,0.1966,0.0085,0,0,0,0.0342,0,0.0171,NA,NA,St. Charles,MO,0,1
Mildred Elley-New York Campus,www.mildred-elley.edu/,NA,NA,NA,19000,1004,0.7562,0.0239,0.6345,0.1574,0.0279,0.006,0.003,0,0,0.1474,NA,29933,New York,NY,0,1
National Paralegal College,https://nationalparalegal.edu/,NA,NA,NA,24853,388,0.3968,0.2629,0.0567,0.0902,0.018,0.0026,0,0,0,0.5696,0.0909,19691,Phoenix,AZ,0,1
Carolina College of Biblical Studies,ccbs.edu/,NA,NA,NA,25750,122,0.5625,0.3525,0.4344,0.0902,0.0082,0.1066,0,0,0,0.0082,1,24267,Fayetteville,NC,0,1
Northeast Technology Center,www.netech.edu/,NA,NA,NA,NA,1340,0.1022,0.4724,0.0112,0.041,0.0231,0.1873,0,0.2515,0,0.0134,NA,NA,Pryor,OK,1,0
Allstate Hairstyling & Barber College,allstatecollege.com/,NA,NA,NA,NA,41,0.3906,0.2439,0.2927,0.3902,0.0488,0,0,0,0,0.0244,NA,NA,Cleveland,OH,0,1
New York Film Academy,www.nyfa.edu/,NA,NA,NA,16000,965,0.2028,0.1596,0.0984,0.1368,0.0363,0.0021,0,0.0269,0.487,0.0528,0.5833,62291,Burbank,CA,0,1
International College of Cosmetology,www.icoc.edu/sp/,NA,NA,NA,NA,125,0.1268,0.016,0.064,0.408,0.312,0.04,0.024,0,0.08,0.056,NA,NA,Oakland,CA,0,1
Bella Capelli Academy,paulmitchell.edu/monroeville,NA,NA,NA,8028,194,0.3953,0.8144,0.1031,0.0155,0.0103,0,0,0.0309,0.0103,0.0155,NA,NA,Monroeville,PA,0,1
Institute of Medical Careers,https://www.imbc.edu/,NA,NA,NA,12925,866,0.9142,0.3811,0.582,0.015,0.0012,0.0208,0,0,0,0,NA,NA,Pittsburgh,PA,0,1
Flagler Technical College,flaglertech.edu/,NA,NA,NA,NA,91,0.0612,0.6813,0.1429,0.1099,0,0.022,0,0.033,0.011,0,NA,NA,Palm Coast,FL,1,1
Galaxy Medical College,www.galaxymedicalcollege.edu/,NA,NA,NA,9500,65,0.9286,0.8615,0,0.1385,0,0,0,0,0,0,NA,NA,North Hollywood,CA,0,1
American Medical Sciences Center,www.amsc.edu/,NA,NA,NA,NA,200,0.6667,0.205,0.045,0.69,0.03,0.015,0.005,0,0.01,0,NA,NA,Glendale,CA,0,1
Mandalyn Academy,https://www.mandalynacademy.com/,NA,NA,NA,NA,62,0.4255,0.7903,0,0.1774,0,0,0,0.0323,0,0,NA,NA,American Fork,UT,0,1
Jose Maria Vargas University,www.jmvu.edu/,NA,NA,NA,NA,83,0.5728,0,0,0.9157,0,0,0,0,0.0843,0,NA,NA,Pembroke Pines,FL,0,1
D A Dorsey Technical College,www.dadorseytech.edu/,NA,NA,NA,NA,275,0.1336,0.0218,0.7418,0.1564,0.0182,0.0036,0.0036,0.0145,0.04,0,NA,NA,Miami,FL,1,1
Keweenaw Bay Ojibwa Community College,www.kbocc.edu/,NA,NA,NA,NA,147,0.5166,0.3878,0.0068,0.0136,0,0.4762,0.0068,0.1088,0,0,NA,13229,Baraga,MI,1,0
Meridian Institute of Surgical Assisting,www.meridian-institute.edu/,NA,NA,NA,6840,788,0.2106,0.6891,0.1104,0.1409,0,0,0,0.0596,0,0,NA,NA,Nashville,TN,0,1
Mauna Loa Helicopters,maunaloahelicopters.edu/,NA,NA,NA,NA,12,0,0.5833,0,0,0,0,0,0.0833,0.3333,0,NA,NA,Kailua Kona,HI,0,0
Acaydia School of Aesthetics,www.acaydia.edu/,NA,NA,NA,7667,116,0.2752,0.8707,0.0172,0.0862,0,0.0086,0.0086,0.0086,0,0,NA,NA,Provo,UT,0,1
Holistic Massage Training Institute,www.massagetrainingbaltimore.com/,NA,NA,NA,NA,28,0.4,0.2143,0.7857,0,0,0,0,0,0,0,NA,NA,Baltimore,MD,0,1
Diamonds College,www.diamondscosmetology.com/,NA,NA,NA,8000,36,0.527,0.7222,0.0556,0.1389,0.0278,0,0,0.0556,0,0,NA,NA,Sherman,TX,0,1
Northern Virginia School of Therapeutic Massage,www.nvschoolofmassage.com/,NA,NA,NA,6333,87,0.4231,0.2644,0.3908,0.1494,0.092,0,0,0.1034,0,0,NA,NA,Falls Church,VA,0,1
Paul Mitchell the School-St Louis,paulmitchell.edu/stlouis,NA,NA,NA,9833,209,0.4984,0.689,0.2727,0.0287,0,0,0,0.0048,0,0.0048,NA,NA,St. Louis,MO,0,1
Advanced Training Institute,www.atitraining.edu/,NA,NA,NA,7600,545,0.412,0.1817,0.156,0.5101,0.0771,0.011,0.0183,0.0202,0,0.0257,NA,NA,Las Vegas,NV,0,1
Taylor Andrews Academy of Hair Design-West Jordan,https://www.taylorandrew.com/,NA,NA,NA,10556,165,0.2752,0.6788,0.0121,0.2242,0.0182,0.0061,0.0303,0.0303,0,0,NA,NA,West Jordan,UT,0,1
Santa Ana Beauty Academy,www.saba-ca.com/index.php,NA,NA,NA,NA,45,0.4265,0.2222,0,0.6444,0.0667,0.0444,0,0,0.0222,0,NA,NA,Santa Ana,CA,0,1
Manna University,https://www.manna.edu/,NA,1,NA,13450,169,0.3448,0.4379,0.1124,0.1361,0,0.0059,0.0178,0.0355,0.2544,0,1,23618,Fayetteville,NC,0,1
Evolve Beauty Academy,evolvebeautyacademy.edu/,NA,NA,NA,NA,21,0.4286,0.9048,0,0.0476,0.0476,0,0,0,0,0,NA,NA,Washing,MO,0,0
Aveda Institute-New Mexico,www.avedanm.com/,NA,NA,NA,7000,157,0.5389,0.2548,0.0573,0.6242,0.0064,0.0446,0.0127,0,0,0,NA,NA,Albuquerque,NM,0,1
American Trade School,www.americantradeschool.edu/,NA,NA,NA,NA,140,0.4427,0.5357,0.4071,0.0214,0.0143,0,0,0.0214,0,0,NA,NA,Saint Ann,MO,0,1
Estelle Skin Care and Spa Institute,www.estelle.edu/,NA,NA,NA,7136,121,0.4622,0.3636,0.0826,0.3802,0.0331,0,0,0.0496,0.0413,0.0496,NA,NA,Skokie,IL,0,1
Elite Cosmetology School,eliteschools.edu/,NA,NA,NA,8164,123,0.6229,0.2846,0.0488,0.6341,0,0.0081,0,0,0,0.0244,NA,NA,PALM DESERT,CA,0,1
American Technical Institute,www.amtec.edu/,NA,NA,NA,NA,27,0.8241,0,0,1,0,0,0,0,0,0,NA,NA,Bayamon,PR,0,1
Bergin University of Canine Studies,www.berginu.edu/,NA,NA,NA,NA,18,0.2941,0.2778,0.0556,0.0556,0,0,0,0.2222,0.3889,0,NA,NA,Penngrove,CA,0,1
Aveda Institute-Boise,www.avedaidaho.com/,NA,NA,NA,5846,93,0.523,0.6774,0.0215,0.172,0.0538,0.0108,0,0.0108,0,0.0538,NA,NA,Boise,ID,0,1
Pima Medical Institute-Aurora,https://pmi.edu/,NA,NA,NA,8521,290,0.48,0.2552,0.1724,0.4103,0.0345,0.0069,0.0034,0.1172,0,0,NA,NA,Aurora,CO,0,1
Capilo School of Hair Design,www.capilo.com/,NA,NA,NA,7700,133,0.3405,0.8797,0.0226,0.0226,0.0075,0.015,0,0.0526,0,0,NA,NA,Augusta,ME,0,0
Pure Aesthetics Natural Skincare School,https://pureaesthetics.edu/,NA,NA,NA,NA,53,0.375,0.2075,0.0377,0.6792,0.0377,0.0189,0,0,0,0.0189,NA,NA,Tucson,AZ,0,1
Lindsey Institute of Cosmetology,www.lindseyinstitute.com/,NA,NA,NA,NA,65,0.2644,0.9385,0.0154,0.0462,0,0,0,0,0,0,NA,NA,Bowling Green,KY,0,1
Buckner Barber School,bucknerbarberschool.com/,NA,NA,NA,NA,42,0.6531,0,0.6429,0.3095,0,0,0,0.0476,0,0,NA,NA,Dallas,TX,0,1
Simmons College of Kentucky,https://simmonscollegeky.edu/,NA,0.9821,NA,NA,381,0.4304,0.0026,0.399,0.0052,0,0,0,0,0,0.5932,0.5714,25981,Louisville,KY,0,1
Atelier Esthetique Institute of Esthetics,www.aeinstitute.net/,NA,NA,NA,5846,244,0.5264,0.1311,0.3361,0.3934,0.0574,0,0.0041,0.0779,0,0,NA,NA,New York,NY,0,1
Advanced College of Cosmetology,www.accsuccess.com/,NA,NA,NA,NA,34,0.5,0.8529,0,0.0882,0,0,0,0.0588,0,0,NA,NA,Waupun,WI,0,0
North American University,www.na.edu/,NA,NA,NA,4925,573,0.5143,0.0593,0.3805,0.0908,0.0611,0,0,0.014,0.2688,0.1257,0.2941,24909,Stafford,TX,0,1
United Beauty College,ubcdenver.edu/,NA,NA,NA,NA,12,0.8462,0.0833,0.5,0.1667,0.25,0,0,0,0,0,NA,NA,Denver,CO,0,1
Cinta Aveda Institute,www.cintaaveda.edu/,NA,NA,NA,6333,95,0.5455,0.2105,0.2,0.3684,0.1158,0.0105,0.0105,0.0842,0,0,NA,NA,San Francisco,CA,0,1
Long Island Nail Skin & Hair Institute,www.nailskinhairinstitute.edu/,NA,NA,NA,5611,149,0.3149,0.4228,0.2349,0.2685,0.0201,0.0134,0.0067,0.0336,0,0,NA,NA,Bethpage,NY,0,1
Keser Torah-Mayan Hatalmud,www.mayanhatalmud.org/,NA,0.7143,NA,NA,59,0.1887,0.7966,0,0,0,0,0,0,0.2034,0,0,16600,Lakewood,NJ,0,1
Southern California Health Institute,www.sochi.edu/,NA,NA,NA,9500,69,0.9834,0.0725,0.2319,0.4783,0.0725,0,0.0145,0,0,0.1304,NA,NA,North Hollywood,CA,0,1
Best Care College,bestcarecollege.edu/,NA,NA,NA,NA,46,0.529,0,0.9565,0.0217,0.0217,0,0,0,0,0,NA,NA,East Orange,NJ,0,1
First Class Cosmetology School,firstclasscosmetologyschool.com/,NA,NA,NA,10194,104,0.6953,0.5962,0.1635,0.2308,0,0,0,0,0.0096,0,NA,NA,Beloit,WI,0,1
Millennia Atlantic University,www.maufl.edu/en/home,NA,NA,NA,NA,104,0.0714,0.0481,0.0673,0.3365,0,0,0,0,0.5481,0,NA,NA,Doral,FL,0,1
Abcott Institute,www.abcott.edu/,NA,NA,NA,10411,166,0.7121,0.0964,0.8976,0.006,0,0,0,0,0,0,NA,NA,Southfield,MI,0,1
The Salon Professional Academy-Kenosha,kenoshatspa.com/,NA,NA,NA,6333,95,0.503,0.3579,0.2421,0.3158,0,0,0.0105,0.0737,0,0,NA,NA,Kenosha,WI,0,1
Paul Mitchell the School-Indianapolis,paulmitchell.edu/indianapolis,NA,NA,NA,9500,224,0.2892,0.8214,0.0625,0.0848,0.0134,0,0,0.0134,0,0.0045,NA,NA,Indianapolis,IN,0,1
Taylor Andrews Academy-St George,www.taylorandrewstgeorge.com/,NA,NA,NA,7505,162,0.3902,0.7654,0.0123,0.1173,0,0.0185,0,0.037,0,0.0494,NA,NA,St. George,UT,0,1
Protege Academy,www.protegeacademy.com/,NA,NA,NA,9833,68,0.5,0.6912,0.0882,0.1324,0,0.0147,0,0.0735,0,0,NA,NA,East Lansing,MI,0,1
Colorado Academy of Veterinary Technology,www.cavt.edu/,NA,NA,NA,22187,25,0.475,0.68,0.08,0.12,0,0.08,0,0,0,0.04,NA,25948,Colorado Springs,CO,0,1
Northeast Technical Institute,ntinow.edu/,NA,NA,NA,8708,274,0.5619,0.854,0.0766,0.0219,0.0036,0.0146,0,0.0255,0,0.0036,NA,NA,Scarborough,ME,0,1
Elite School of Cosmetology,https://es.edu/,NA,NA,NA,7412,179,0.478,0.6704,0.2011,0.0447,0.0782,0,0,0.0056,0,0,NA,NA,Norwalk,OH,0,0
Paul Mitchell the School-Las Vegas,paulmitchell.edu/lasvegas,NA,NA,NA,13667,219,0.5369,0.3881,0.0776,0.1644,0.0822,0.0091,0.0457,0.2329,0,0,NA,NA,Las Vegas,NV,0,1
Summit Salon Academy-Kokomo,kokomobeautyschool.com/,NA,NA,NA,8973,103,0.5215,0.7379,0.1165,0.1262,0.0097,0,0.0097,0,0,0,NA,NA,Kokomo,IN,0,1
Florida Academy,https://florida-academy.edu/,NA,NA,NA,6333,408,0.4924,0.3284,0.2304,0.3897,0.0049,0.0025,0,0.0441,0,0,NA,NA,Fort Myers,FL,0,1
State Career College,www.statecareercollege.edu/,NA,NA,NA,9500,140,0.7584,0.0357,0.5714,0.35,0.0143,0,0,0.0214,0,0.0071,NA,NA,Gurnee,IL,0,1
Academy for Salon Professionals,www.academyla.com/,NA,NA,NA,6333,140,0.5048,0.2071,0.05,0.6643,0.0571,0,0.0071,0.0143,0,0,NA,NA,Northridge,CA,0,1
Paul Mitchell the School-Spokane,paulmitchell.edu/spokane,NA,NA,NA,10556,195,0.5556,0.7231,0.0872,0.0974,0.0103,0.0051,0.0154,0.0564,0,0.0051,NA,NA,Spokane Valley,WA,0,1
International College of Beauty Arts & Sciences,www.icbas.edu/,NA,NA,NA,NA,59,0.512,0.4915,0.1186,0.2881,0.0678,0.0169,0.0169,0,0,0,NA,NA,Los Angeles,CA,0,1
John Paul the Great Catholic University,https://jpcatholic.edu/,1181,0.7929,NA,26968,297,0.38,0.3872,0.0135,0.3333,0.064,0.0101,0.0034,0.0673,0.0168,0.1044,0.619,47492,Escondido,CA,0,1
University of Connecticut-Hartford Campus,https://hartford.uconn.edu/,1081,0.8645,NA,21500,1473,0.458,0.4196,0.1426,0.1819,0.1874,0,7e-4,0.0441,0.017,0.0068,0.6682,25031,Hartford,CT,1,1
Ottawa University-Surprise,www.ottawa.edu/ouaz/home,978,0.3988,NA,21500,768,0.3745,0.4102,0.1016,0.349,0.013,0.0182,0.0104,0.0625,0.0352,0,NA,51400,Surprise,AZ,0,1
Chamberlain University-Missouri,https://www.chamberlain.edu/,NA,0.8333,NA,20919,328,0.4773,0.5274,0.3598,0.0396,0.0244,0,0,0.0122,0,0.0366,0.75,41617,St. Louis,MO,0,1
Chamberlain University-Texas,https://www.chamberlain.edu/,NA,0.9565,NA,20919,2416,0.4952,0.1316,0.4123,0.2583,0.1502,0.0054,0.0046,0.0182,0.0029,0.0166,0,39297,Houston,TX,0,1
Continental School of Beauty Culture-Mattydale,continentalschoolofbeauty.edu/,NA,NA,NA,6333,145,0.6369,0.731,0.1517,0.0207,0.0138,0,0,0.0483,0,0.0345,NA,NA,Mattydale,NY,0,1
Paul Mitchell the School-Columbia,paulmitchell.edu/columbia,NA,NA,NA,11740,300,0.5515,0.3933,0.5167,0.0367,0.0067,0,0.0033,0.0367,0,0.0067,NA,NA,West Columbia,SC,0,1
Paul Mitchell the School-Charleston,paulmitchell.edu/charleston,NA,NA,NA,11740,266,0.5753,0.5188,0.3722,0.0489,0.0075,0.0113,0,0.0414,0,0,NA,NA,North Charleston,SC,0,1
Kenneth Shuler School of Cosmetology-Greenville,www.kennethshuler.com/,NA,NA,NA,6333,133,0.6835,0.6316,0.3158,0.0376,0,0,0,0.0075,0,0.0075,NA,NA,Greenville,SC,0,1
Northwest College-Eugene,www.nwcollege.edu/,NA,NA,NA,7564,119,0.5118,0.6723,0.0504,0.1513,0.0252,0.0252,0.0252,0.0504,0,0,NA,NA,Springfield,OR,0,1
Northwest College-Tualatin,www.nwcollege.edu/,NA,NA,NA,7564,28,0.4524,0.5714,0,0.1429,0,0.0714,0,0.2143,0,0,NA,NA,Tualatin,OR,0,1
CET-Soledad,https://cetweb.edu/,NA,NA,NA,7041,179,0.3304,0.0112,0,0.9777,0,0,0.0056,0.0056,0,0,NA,NA,Soledad,CA,0,0
UEI College-Oceanside,https://www.uei.edu/,NA,NA,NA,9500,777,0.679,0.0746,0.0245,0.3308,0.018,0.0026,0.0103,0.0051,0,0.5341,NA,NA,Oceanside,CA,0,1
Paul Mitchell the School-New Orleans,paulmitchell.edu/neworleans,NA,NA,NA,9833,226,0.7346,0.4381,0.3938,0.0531,0.031,0,0,0.0487,0,0.0354,NA,NA,Metairie,LA,0,1
UEI College-Garden Grove,https://www.uei.edu/,NA,NA,NA,9500,1093,0.7486,0.0265,0.0091,0.236,0.0165,0.0055,0.0027,0.0027,0,0.7008,NA,NA,Garden Grove,CA,0,1
New England Tractor Trailer Training School of Massachusetts,www.nettts.com/,NA,NA,NA,6333,527,0.6716,0.4061,0.167,0.3605,0.0076,0,0.0019,0.0095,0,0.0474,NA,NA,North Andover,MA,0,1
Dewey University-Manati,dewey.edu/,NA,NA,NA,5185,255,0.8938,0,0,1,0,0,0,0,0,0,0.0596,11572,Manati,PR,0,1
Allen School-Phoenix,www.allenschool.edu/,NA,NA,NA,9500,11,0.8475,0.0909,0.0909,0.7273,0,0.0909,0,0,0,0,NA,NA,Phoenix,AZ,0,1
Oklahoma Technical College,www.oklahomatechnicalcollege.com/,NA,NA,NA,8898,120,0.6653,0.4167,0.1333,0.1333,0.0333,0.2417,0.0083,0,0,0.0333,NA,NA,Tulsa,OK,0,1
Unitech Training Academy-Alexandria,www.unitechta.edu/,NA,NA,NA,8721,82,0.7042,0.4024,0.5732,0.0122,0,0,0,0,0,0.0122,NA,NA,Alexandria,LA,0,1
UEI College-Riverside,https://www.uei.edu/,NA,NA,NA,9500,1447,0.7375,0.0304,0.0553,0.3711,0.0062,0.0041,0.0035,0.0028,0,0.5266,NA,NA,Riverside,CA,0,1
WellSpring School of Allied Health-Lawrence,www.wellspring.edu/,NA,NA,NA,7917,36,0.5455,0.6944,0.1389,0.0278,0,0,0,0.1389,0,0,NA,NA,Lawrence,KS,0,1
Manuel and Theresa's School of Hair Design-Victoria,www.manuelandtheresasschoolofhair.com/,NA,NA,NA,7924,17,0.625,0.2941,0.1176,0.5882,0,0,0,0,0,0,NA,NA,Victoria,TX,0,1
Tricoci University of Beauty Culture-Chicago NE,www.tricociuniversity.edu/,NA,NA,NA,7307,135,0.5726,0.0889,0.4741,0.3481,0.0074,0,0,0.0519,0.0222,0.0074,NA,NA,Chicago,IL,0,1
Los Angeles Pacific University,https://www.lapu.edu/,NA,NA,NA,18750,1453,0.4782,0.2223,0.1521,0.4508,0.0723,0.0076,0.0138,0.0496,7e-4,0.031,0.2727,28144,San Dimas,CA,0,1
Avalon Institute-Phoenix,avalon.edu/phoenix-az/,NA,NA,NA,6332,382,0.6546,0.3298,0.0995,0.377,0.0366,0.0157,0,0.0864,0.0026,0.0524,NA,NA,Phoenix,AZ,0,1
Avalon Institute-Layton,avalon.edu/layton-ut/,NA,NA,NA,6332,217,0.526,0.7097,0.0046,0.212,0.0092,0.0138,0.0046,0.0415,0,0.0046,NA,NA,Layton,UT,0,1
Aveda Institute-Des Moines,avedainstitutedesmoines.com/,NA,NA,NA,8461,179,0.315,0.4078,0.0223,0.0503,0,0,0.0168,0.0056,0,0.4972,NA,NA,West Des Moines,IA,0,1
Fortis Institute-Lawrenceville,fortis.edu/,NA,NA,NA,9500,305,0.7268,0.0852,0.5639,0.0918,0.0098,0.0066,0,0.2295,0.0033,0.0098,NA,NA,Lawrenceville,NJ,0,1
Relay Graduate School of Education,www.relay.edu/,NA,NA,NA,NA,93,0,0.3441,0.3226,0.1398,0.1075,0,0,0,0.043,0.043,NA,NA,New York,NY,0,1
Miller-Motte College-Macon,https://www.miller-motte.edu/,NA,NA,NA,15917,206,0.8386,0.0485,0.8883,0.0291,0,0,0,0.0243,0,0.0097,NA,NA,Macon,GA,0,1
South University-Savannah Online,www.southuniversity.edu/online#location=Online Programs,NA,NA,NA,26123,6492,0.7625,0.3455,0.4447,0.1263,0.0071,0.0123,0.0066,0.0343,8e-4,0.0223,0.0425,31716,Savannah,GA,0,1
San Joaquin Valley College-Temecula,www.sjvc.edu/,NA,NA,NA,10674,649,0.5137,0.1556,0.0817,0.6456,0.0462,0.0169,0.0077,0.0185,0.0015,0.0262,NA,NA,Temecula,CA,0,1
Whitworth University-Adult Degree Programs,https://www.whitworth.edu/cms/,NA,NA,NA,25000,170,0.4689,0.7294,0.0235,0.1235,0.0176,0.0529,0.0176,0.0353,0,0,NA,NA,Spokane,WA,0,1
Springfield College-Regional Online and Continuing Education,https://springfield.edu/regional-and-online,NA,NA,NA,26250,254,0.5621,0.2362,0.3228,0.3425,0.0118,0.0118,0,0.0354,0.0039,0.0354,NA,NA,Springfield,MA,0,1
Marian Health Careers Center-Van Nuys Campus,www.mariancollege.edu/,NA,NA,NA,12337,88,0.287,0.0455,0.0568,0.2273,0.625,0.0341,0,0,0.0114,0,NA,NA,Van Nuys,CA,0,1
Milan Institute-Las Vegas,www.milaninstitute.edu/,NA,NA,NA,6333,214,0.7611,0.1355,0.3645,0.3738,0.0234,0,0.014,0.0047,0,0.0841,NA,NA,Las Vegas,NV,0,1
Catholic Distance University,https://cdu.edu/,NA,NA,NA,NA,95,0.2,0.4947,0.0211,0.3474,0.0316,0,0,0.0211,0.0421,0.0421,NA,NA,Charles Town,WV,0,0
New York School of Esthetics & Day Spa,www.newyorkschoolofesthetics.com/,NA,NA,NA,NA,164,0.5455,0.3598,0.1707,0.3902,0.0122,0.0061,0,0.0244,0,0.0366,NA,NA,white plains,NY,0,1
Finger Lakes Health College of Nursing & Health Sciences,https://www.flhcon.edu/,NA,NA,NA,12975,65,0.4184,0.4923,0.4615,0.0154,0.0308,0,0,0,0,0,NA,NA,Geneva,NY,0,0
ASI Career Institute,www.asi.edu/,NA,NA,NA,NA,33,0.4211,0.5152,0.303,0.1818,0,0,0,0,0,0,NA,NA,Turnersville,NJ,0,1
Christine Valmy International School of Esthetics & Cosmetology,https://www.christinevalmy.com/,NA,NA,NA,5457,247,0.3389,0.2834,0.1498,0.4372,0.0202,0,0,0.0081,0.0769,0.0243,NA,NA,Pine Brook,NJ,0,1
Paul Mitchell the School-Arlington,paulmitchell.edu/arlington,NA,NA,NA,8505,265,0.5253,0.2792,0.2038,0.2038,0.0075,0.0151,0.0038,0.0264,0,0.2604,NA,NA,Arlington,TX,0,1
Paul Mitchell the School-Fort Myers,paulmitchell.edu/fortmyers,NA,NA,NA,9667,108,0.3636,0.713,0.0741,0.1204,0,0,0,0.0926,0,0,NA,NA,Fort Myers,FL,0,0
Paul Mitchell the School-Raleigh,paulmitchell.edu/raleigh,NA,NA,NA,10500,133,0.5024,0.4361,0.4511,0.0451,0.015,0.0226,0.0075,0.015,0.0075,0,NA,NA,Raleigh,NC,0,1
CUNY Stella and Charles Guttman Community College,https://www.guttman.cuny.edu/,NA,NA,NA,6500,1054,0.6318,0.0446,0.3036,0.537,0.0588,9e-4,0,0.0256,0.0294,0,NA,12494,New York,NY,1,1
Lil Lou's Beauty and Barber College,www.lillousbeautyandbarbercollege.com/,NA,NA,NA,14302,40,0.7833,0.05,0.9,0,0,0,0,0.05,0,0,NA,NA,Gary,IN,0,1
Criswell College,www.criswell.edu/,NA,0.9167,NA,25346,118,0.3443,0.5932,0.1271,0.1864,0.0254,0,0,0.0339,0.0339,0,0.4286,26555,Dallas,TX,0,1
Beverly Hills Design Institute,https://www.bhdi.edu/,NA,NA,NA,NA,14,0.5,0.1429,0.5,0.2143,0,0,0,0.0714,0.0714,0,NA,NA,Beverly Hills,CA,0,1
Reflections Academy of Beauty,www.reflectionsacademyofbeauty.com/,NA,NA,NA,16500,29,0.7021,0.1724,0.5862,0.0345,0,0,0,0.2069,0,0,NA,NA,Decatur,IL,0,1
UCAS University of Cosmetology Arts & Sciences-La Joya,www.ucastx.com/,NA,NA,NA,6447,52,1,0,0,1,0,0,0,0,0,0,NA,NA,La Joya,TX,0,1
Annenberg School of Nursing,www.asn.edu/,NA,0.8,NA,NA,24,0.4762,0.2083,0.0417,0.5417,0.125,0,0,0,0.0833,0,NA,NA,Reseda,CA,0,1
American Medical Academy,www.ama.edu/,NA,NA,NA,10831,303,0.1027,0.0594,0.0297,0.8878,0,0,0,0.0099,0,0.0132,NA,NA,Miami,FL,0,1
Tooele Technical College,www.tooeletech.edu/,NA,NA,NA,NA,313,0.0823,0.6741,0.0192,0.2428,0.0064,0.0192,0.0192,0.0192,0,0,NA,NA,Tooele,UT,1,0
Chamberlain University-Georgia,https://www.chamberlain.edu/,NA,0.9615,NA,20919,1588,0.4828,0.1492,0.6354,0.1045,0.0554,0.0094,0.0013,0.017,0.0031,0.0246,0.4,38137,Sandy Springs,GA,0,1
Chamberlain University-Indiana,https://www.chamberlain.edu/,NA,1,NA,20919,177,0.4851,0.5028,0.3503,0.0678,0.0395,0.0056,0.0056,0.0169,0.0056,0.0056,0,41617,Indianapolis,IN,0,1
Sessions College for Professional Design,https://www.sessions.edu/,NA,NA,NA,17813,152,0.3312,0.5526,0.1842,0.0987,0.0132,0,0.0066,0.0789,0,0.0658,NA,21244,Tempe,AZ,0,1
Tulsa Welding School-Jacksonville,https://www.tws.edu/,NA,NA,NA,9500,394,0.5926,0.2792,0.5076,0.1701,0.0228,0.0127,0.0051,0,0,0.0025,NA,NA,Jacksonville,FL,0,1
Empire Beauty School-Virginia Beach,www.empire.edu/,NA,NA,NA,13583,169,0.5223,0.1953,0.6391,0.0592,0.0059,0.0059,0,0.0414,0,0.0533,NA,NA,Virginia Beach,VA,0,1
Ross Medical Education Center-Morgantown,https://rosseducation.edu/,NA,NA,NA,9500,16,0.8478,0.375,0,0,0,0,0,0,0,0.625,NA,NA,Morgantown,WV,0,1
Miami Ad School-New York,miamiadschool.com/locations/new-york/,NA,NA,NA,25967,32,0,0.5625,0.0313,0.125,0.0938,0,0,0.0938,0.0625,0.0313,NA,NA,Astoria,NY,0,1
Larry's Barber College,www.larrysbarbercollege.com/,NA,NA,NA,3945,81,0.9194,0.0123,0.8642,0.1235,0,0,0,0,0,0,NA,NA,Chicago,IL,0,1
Futura Career Institute,www.futuracareerinstitute.net/,NA,NA,NA,NA,478,0.9142,0.0021,0,0.9749,0,0.0042,0.0021,0,0.0167,0,NA,NA,Hialeah,FL,0,1
Vogue College of Cosmetology-San Antonio Fredericksburg,vogue.edu/,NA,NA,NA,6333,122,0.8118,0.0738,0.1557,0.7213,0.0082,0,0,0.041,0,0,NA,NA,San Antonio,TX,0,1
Vogue College of Cosmetology,vogue.edu/,NA,NA,NA,6333,136,0.6455,0.0441,0.0956,0.8162,0.0074,0.0074,0,0.0074,0.0074,0.0147,NA,NA,San Antonio,TX,0,1
Tomorrow's Image Barber And Beauty Academy of Virginia,www.tomorrowsimage.com/,NA,NA,NA,12179,18,0.8148,0,0.8889,0.1111,0,0,0,0,0,0,NA,NA,Newport News,VA,0,1
Medical Allied Career Center,www.medicalallied.edu/,NA,NA,NA,17130,64,0.7027,0,0.0625,0.7656,0.1719,0,0,0,0,0,NA,NA,Santa Fe Springs,CA,0,1
Bais HaMedrash and Mesivta of Baltimore,www.bhmb.edu/,NA,1,NA,NA,91,0.4651,1,0,0,0,0,0,0,0,0,0.5455,23500,Baltimore,MD,0,1
Barber & Beauty Institute of New York,www.bbiny.edu/#,NA,NA,NA,4223,28,0.5735,0.1786,0.5357,0.25,0,0,0,0.0357,0,0,NA,NA,Hempstead,NY,0,1
Salon Institute-Toledo Campus,www.saloninstitute.edu/,NA,NA,NA,12000,152,0.4239,0.8289,0.0526,0.0724,0.0132,0,0,0.0329,0,0,NA,NA,Toledo,OH,0,1
Athena Career Academy,www.athenacareers.edu/,NA,0.6,NA,14120,395,0.6391,0.1013,0.838,0.0177,0.0127,0.0051,0,0.0253,0,0,NA,NA,Toledo,OH,0,1
Yeshiva Gedolah Zichron Leyma,https://www.yzl.edu/,NA,0.7059,NA,NA,47,0.45,0.8723,0,0,0,0,0,0,0.1277,0,0,17550,Union,NJ,0,1
The Barber School,thebarberschool.com/,NA,NA,NA,8096,145,0.5355,0.3379,0.1103,0.3034,0.0276,0.0069,0.0345,0.0897,0.0069,0.0828,NA,NA,Midvale,UT,0,1
Be'er Yaakov Talmudic Seminary,www.byts.edu/,NA,NA,NA,NA,679,0.8934,1,0,0,0,0,0,0,0,0,0.5695,19351,Spring Valley,NY,0,1
Rio Grande Valley College,www.rgvcollege.edu/,NA,NA,NA,12359,818,0.4785,0.0024,0.0024,0.989,0.0037,0,0,0.0012,0,0.0012,NA,NA,Pharr,TX,0,1
Alexander Academy,www.alexanderacademy.com/,NA,NA,NA,9500,30,0.7442,0.4333,0.1333,0.4,0.0333,0,0,0,0,0,NA,NA,Lunenburg,MA,0,1
Aveda Institute-Tucson,www.avedainstitutetucson.com/,NA,NA,NA,6333,264,0.2699,0.3144,0.0303,0.5,0.0114,0,0.0076,0.1061,0,0.0303,NA,NA,Tucson,AZ,0,1
Diamond Beauty College,www.diamondbeauty.edu/,NA,NA,NA,NA,73,0.4422,0.0411,0.0411,0.2055,0.7123,0,0,0,0,0,NA,NA,South El Monte,CA,0,1
Unitek College,https://www.unitekcollege.edu/,NA,NA,NA,10700,255,0.5108,0.0235,0.0235,0.2118,0.3569,0.0078,0.0196,0,0,0.3569,NA,NA,South San Francisco,CA,0,1
University Academy of Hair Design,www.uahairdesign.com/,NA,NA,NA,9833,38,0.625,0.5263,0.3684,0.1053,0,0,0,0,0,0,NA,NA,Tuscaloosa,AL,0,1
Florida Institute of Recording Sound and Technology,www.first.edu/,NA,NA,NA,9500,413,0.633,0.2736,0.3608,0.2736,0.0121,0,0,0.0412,0,0.0387,NA,NA,Orlando,FL,0,1
Paul Mitchell the School-Reno,paulmitchell.edu/reno,NA,NA,NA,10500,212,0.436,0.5283,0.0236,0.3585,0.0094,0.0142,0.0094,0.0236,0.0047,0.0283,NA,NA,Reno,NV,0,1
Boise Barber College,boisebarbercollege.com/,NA,NA,NA,9500,82,0.5108,0.3049,0.0732,0.4878,0.0122,0,0.0488,0.0732,0,0,NA,NA,Boise,ID,0,1
Austin Kade Academy,www.austinkade.com/,NA,NA,NA,6333,116,0.6842,0.8362,0.0172,0.1379,0,0,0,0,0,0.0086,NA,NA,Idaho Falls,ID,0,1
Aesthetic Science Institute,www.aestheticscienceinstitute.edu/,NA,NA,NA,6333,157,0.4008,0.5159,0.4586,0.0255,0,0,0,0,0,0,NA,NA,Latham,NY,0,1
Elaine Sterling Institute,www.elainesterling.com/,NA,NA,NA,9500,653,0.5621,0.0766,0.8208,0.0689,0.0061,0,0.0015,0.0184,0.0015,0.0061,NA,NA,Atlanta,GA,0,1
Wade Gordon Hairdressing Academy,www.wadegordonacademy.com/,NA,NA,NA,9833,134,0.7107,0.3358,0.0896,0.4776,0.0149,0.0075,0,0.0373,0.0075,0.0299,NA,NA,Amarillo,TX,0,1
Mitsu Sato Hair Academy,www.mitsusatohairacademy.com/,NA,NA,NA,9500,97,0.587,0.3402,0.3505,0.2268,0.0103,0.0103,0,0.0412,0,0.0206,NA,NA,Overland Park,KS,0,1
FVI School of Nursing and Technology,www.fvi.edu/,NA,0.6128,NA,9396,553,0.7199,0.0344,0.1953,0.7667,0,0,0,0,0,0.0036,NA,NA,Miami,FL,0,1
Colorado State University Global,https://csuglobal.edu/,NA,0.9286,NA,25000,6202,0.2427,0.5561,0.0963,0.1866,0.0439,0,0.0019,0.0169,0.01,0.0884,NA,18384,Aurora,CO,1,1
Paul Mitchell the School-Overland Park,paulmitchell.edu/overlandpark,NA,NA,NA,9833,189,0.4535,0.6243,0.1481,0.0582,0.0053,0,0,0.164,0,0,NA,NA,Overland Park,KS,0,1
Medspa Academies,www.nima.edu/,NA,NA,NA,NA,263,0.2897,0.7034,0.0076,0.1977,0.0266,0.0076,0.0038,0.0304,0,0.0228,NA,NA,South Jordan,UT,0,1
Brighton Institute of Cosmetology,www.brightoninstitute.net/,NA,NA,NA,NA,44,0.0164,0.8864,0,0,0.0455,0,0,0,0,0.0682,NA,NA,Brighton,MI,0,1
West Coast University-Dallas,https://westcoastuniversity.edu/,NA,NA,NA,32946,1014,0.52,0.1903,0.3156,0.2821,0.1262,0.002,0.001,0.0572,0.0197,0.0059,NA,33502,Richardson,TX,0,1
Evangel University-James River Assembly of God Church,https://www.evangel.edu/,NA,0.7121,NA,24736,98,0.3918,0.7959,0.0306,0.0408,0.0102,0.0102,0,0.0408,0,0.0714,NA,29251,Ozark,MO,0,1
Empire Beauty School-Savannah,www.empire.edu/,NA,NA,NA,10667,137,0.4876,0.1314,0.6788,0.0657,0.0073,0,0,0.0511,0,0.0657,NA,NA,Savannah,GA,0,1
Ogle School Hair Skin Nails-Denton,www.ogleschool.edu/,NA,NA,NA,7917,198,0.5661,0.4596,0.1616,0.2374,0.0152,0.0253,0.0152,0.0808,0,0.0051,NA,NA,Denton,TX,0,1
Empire Beauty School-West Greensboro,www.empire.edu/,NA,NA,NA,13583,124,0.5745,0.1129,0.8065,0.0323,0.0081,0,0,0.0323,0,0.0081,NA,NA,Greensboro,NC,0,1
Hays Academy of Hair Design,haysacademy.com/,NA,NA,NA,9833,49,0.4625,0.7959,0.0204,0.1633,0,0,0,0.0204,0,0,NA,NA,Salina,KS,0,0
Bellus Academy,www.bellusacademy.edu/,NA,NA,NA,7917,223,0.4444,0.6592,0.0897,0.1659,0.009,0.0314,0,0.0448,0,0,NA,NA,Manhattan,KS,0,1
MotoRing Technical Training Institute,www.mtti.edu/,NA,NA,NA,9500,143,0.3382,0.5874,0.1049,0.2238,0.035,0,0,0.042,0,0.007,NA,NA,East Providence,RI,0,1
Unitek College,https://www.unitekcollege.edu/,NA,NA,NA,10700,326,0.4442,0.0276,0.1288,0.2546,0.273,0,0.0215,0.0031,0,0.2914,NA,NA,Hayward,CA,0,1
Pennsylvania State University-World Campus,https://www.worldcampus.psu.edu/,1198,0.8027,NA,25000,7554,0.2967,0.6426,0.0811,0.1217,0.0548,0.0028,0.002,0.0471,0.0258,0.0221,0.3297,27938,University Park,PA,1,1
Medical Career Institute,www.mcinj.edu/,NA,NA,NA,10836,162,0.4237,0.5864,0.1852,0.1173,0,0,0,0.0062,0.0123,0.0926,NA,NA,Ocean,NJ,0,1
Advance Beauty Techs Academy,www.abt.edu/,NA,NA,NA,5406,85,0.6527,0.1176,0.0941,0.7176,0.0471,0.0118,0,0,0,0.0118,NA,NA,San Jacinto,CA,0,1
Elevate Salon Institute-Westminster,www.esiwestminster.com/,NA,NA,NA,6333,115,0.5482,0.4261,0.0348,0.3913,0.0435,0,0,0.0696,0,0.0348,NA,NA,Westminster,CO,0,1
Brand College,brandcollege.edu/,NA,1,NA,NA,12,0,0.1667,0,0.5,0.1667,0,0.1667,0,0,0,NA,NA,Glendale,CA,0,1
Hinton Barber and Beauty College,hintonbarberbeauty.com/,NA,NA,NA,11445,62,0.8226,0.1129,0.1935,0.5645,0.0323,0,0.0161,0,0,0.0806,NA,NA,Vallejo,CA,0,1
Advanced Career Institute,https://advanced.edu/,NA,NA,NA,6331,780,0.2127,0.1987,0.1103,0.6487,0.0244,0.0026,0.0038,0.0026,0.0013,0.0077,NA,NA,Visalia,CA,0,1
Digital Film Academy,www.digitalfilmacademy.edu/,NA,NA,NA,6750,60,0.1885,0.2,0.2833,0.2833,0.0167,0,0,0.0333,0.1833,0,NA,NA,New York,NY,0,1
MyComputerCareer at Raleigh,www.mycomputercareer.edu/,NA,NA,NA,9500,1617,0.7063,0.2517,0.5356,0.1317,0.0148,0.0056,0.0019,0.047,0,0.0118,NA,NA,Raleigh,NC,0,1
South University-Austin,"www.southuniversity.edu/austin#location=Austin, TX",NA,NA,NA,26123,243,0.5382,0.2387,0.3251,0.321,0.037,0,0.0123,0.0247,0.0288,0.0123,0.2667,31666,Round Rock,TX,0,1
Bryant & Stratton College-Online,https://www.bryantstratton.edu/,NA,NA,NA,21549,7847,0.7524,0.456,0.3944,0.0661,0.0052,0.0085,0.0025,0.054,1e-4,0.013,0,20558,Orchard Park,NY,0,1
Ogle School Hair Skin Nails-San Antonio,www.ogleschool.edu/,NA,NA,NA,7917,438,0.6564,0.1689,0.1484,0.6027,0.0091,0.0046,0.0046,0.0434,0,0.0183,NA,NA,San Antonio,TX,0,1
Ideal Beauty Academy,idealbeautyacademy.net/,NA,NA,NA,NA,7,0.5806,0.4286,0.4286,0,0.1429,0,0,0,0,0,NA,NA,Louisville,KY,0,1
Warner Pacific University Professional and Graduate Studies,https://www.warnerpacific.edu/,NA,0.6706,NA,25000,161,0.29,0.3354,0.2547,0.2298,0.0435,0.0373,0.0186,0.0373,0,0.0435,1,NA,Portland,OR,0,1
Platt College-Riverside,www.plattcollege.edu/,NA,NA,NA,18685,416,0.6996,0.137,0.0529,0.7188,0.0168,0.0096,0.0048,0.0457,0,0.0144,NA,32321,Riverside,CA,0,1
Empire Beauty School-Glen Burnie,www.empire.edu/,NA,NA,NA,13000,73,0.5931,0.137,0.7534,0.0822,0.0137,0,0.0137,0,0,0,NA,NA,Glen Burnie,MD,0,1
UEI College-Stockton,https://www.uei.edu/,NA,NA,NA,9500,823,0.7096,0.0279,0.0437,0.2479,0.0146,0.0012,0.0036,0.0073,0,0.6537,NA,NA,Stockton,CA,0,1
Ross Medical Education Center-Dayton,https://rosseducation.edu/,NA,NA,NA,9500,106,0.8889,0.1226,0.2453,0.0094,0,0.0094,0.0189,0.0566,0.0094,0.5283,NA,NA,Dayton,OH,0,1
Ross Medical Education Center-Ontario,https://rosseducation.edu/,NA,NA,NA,9500,37,0.9016,0.4324,0.0811,0,0,0,0,0.027,0,0.4595,NA,NA,Ontario,OH,0,1
Ross Medical Education Center-Bowling Green,https://rosseducation.edu/,NA,NA,NA,9500,66,0.8941,0.2273,0.1364,0.0606,0,0,0,0.0455,0,0.5303,NA,NA,Bowling Green,KY,0,1
Florida Institute of Technology-Online,https://www.fit.edu/,NA,0.4444,NA,27000,628,0.4852,0.4618,0.1736,0.2134,0.0287,0.0048,0.0064,0.0223,0.0207,0.0685,NA,28715,Melbourne,FL,0,1
Rasmussen University-Kansas,https://rasmussen.edu/,NA,NA,NA,20899,333,0.5712,0.4865,0.2432,0.1021,0.03,0.012,0,0.03,0,0.0961,NA,24908,Topeka,KS,0,1
School of Missionary Aviation Technology,www.smat.edu/,NA,NA,NA,NA,36,0.3529,0.75,0.0833,0.0278,0,0,0,0.1111,0,0.0278,NA,NA,Ionia,MI,0,0
California Miramar University,www.calmu.edu/,NA,0.6552,NA,31000,105,0.4646,0,0.2476,0.2667,0.0095,0.019,0.019,0.0381,0.2857,0.1143,0.5385,16789,San Diego,CA,0,1
The College of Health Care Professions-Dallas,www.chcp.edu/,NA,NA,NA,9120,633,0.6803,0.09,0.2938,0.5118,0.0142,0.0016,0.0016,0.0427,0,0.0442,NA,NA,Dallas,TX,0,1
The College of Health Care Professions-Fort Worth,www.chcp.edu/,NA,NA,NA,9500,1025,0.6405,0.1834,0.1463,0.3805,0.0176,0.0059,0.0068,0.0156,0.0078,0.2361,NA,NA,Fort Worth,TX,0,1
Shear Finesse Beauty Academy,www.shearfinessehairacademy.com/,NA,NA,NA,NA,31,0.898,0.129,0.7742,0.0645,0,0,0.0323,0,0,0,NA,NA,Jacksonville,FL,0,1
Miami Media School,https://beonair.com/,NA,NA,NA,9500,37,0.6753,0.0811,0.2973,0.6216,0,0,0,0,0,0,NA,NA,Doral,FL,0,1
Academy of Salon Professionals,www.academyofsalonprofessionals.com/,NA,NA,NA,9833,46,0.4894,0.8913,0.0217,0.0435,0,0,0,0,0,0.0435,NA,NA,Sedalia,MO,0,0
CyberTex Institute of Technology,cybertex.edu/,NA,NA,NA,7811,195,0.7678,0.2615,0.359,0.3436,0.0359,0,0,0,0,0,NA,NA,Austin,TX,0,1
New England Tractor Trailer Training School of CT-Bridgeport,nettts.com/,NA,NA,NA,6333,517,0.7624,0.1238,0.5048,0.352,0.0039,0,0,0.0058,0.0039,0.0058,NA,NA,Bridgeport,CT,0,1
Designer Barber & Stylist School,designercollege.net/,NA,NA,NA,NA,91,0.4718,0.2637,0.2308,0.3626,0.033,0.011,0.033,0.0659,0,0,NA,NA,Fort Smith,AR,0,1
College of the Muscogee Nation,https://cmn.edu/,NA,NA,NA,NA,230,0.3492,0.0348,0,0.0435,0,0.7435,0,0.1783,0,0,NA,22018,Okmulgee,OK,1,0
The Salon Professional Academy-Huntsville,www.huntsvilletspa.com/,NA,NA,NA,NA,56,0.4805,0.8393,0.0893,0.0357,0,0,0,0.0357,0,0,NA,NA,Huntsville,AL,0,1
Midwives College of Utah,https://www.midwifery.edu/,NA,0.6,NA,21054,253,0.5161,0.5731,0.1779,0.0988,0.0079,0.0198,0.004,0.0435,0.004,0.0711,0,33358,Salt Lake City,UT,0,1
Aspen Beauty Academy of Laurel,www.aspenlaurel.edu/,NA,NA,NA,16500,118,0.5799,0.0763,0.661,0.1271,0.0339,0,0,0.0678,0.0254,0.0085,NA,NA,Laurel,MD,0,1
M T Training Center,mttrainingcenter.org/,NA,NA,NA,6755,261,0.3528,0.1762,0.5211,0.2452,0.0153,0,0.0038,0.0383,0,0,NA,NA,Grand Prairie,TX,0,1
Berks Career & Technology Center,www.berkscareer.com/ACE,NA,NA,NA,NA,47,0.26,0.8085,0.0426,0.1064,0,0.0213,0,0.0213,0,0,NA,NA,Leesport,PA,1,1
Carthage R9 School District-Carthage Technical Center,ctc.carthagetigers.org/,NA,NA,NA,NA,17,0.9429,0.8235,0,0,0,0,0,0.1765,0,0,NA,NA,Carthage,MO,1,0
Grace Mission University,www.gm.edu/,NA,NA,NA,NA,72,0.19,0,0,0,0.4583,0,0,0,0.5417,0,0.5556,NA,Fullerton,CA,0,1
World A Cuts Barber Institute,https://www.worldacuts.com/,NA,NA,NA,NA,30,1,0.1333,0.5333,0.3333,0,0,0,0,0,0,NA,NA,York,PA,0,1
Verve College,www.vervecollege.edu/,NA,NA,NA,11600,257,0.5896,0.0311,0.8366,0.0934,0.0389,0,0,0,0,0,NA,NA,Oak Brook,IL,0,1
Top Nails & Hair Beauty School,www.topbeautyschoolutah.com/,NA,NA,NA,NA,104,0.0242,0.0288,0,0.2019,0.7596,0,0.0096,0,0,0,NA,NA,Taylorsville,UT,0,1
Santa Ana Beauty College,www.savcusa.com/,NA,NA,NA,NA,74,0.6183,0.0135,0.0135,0.6351,0.2838,0.0135,0,0.0135,0,0.027,NA,NA,Santa Ana,CA,0,1
Shepherds College,www.shepherdscollege.edu/,NA,0.5833,NA,19000,91,0.4535,0.7033,0.044,0.0659,0.0549,0.011,0,0.033,0,0.0879,NA,NA,Union Grove,WI,0,0
Woodruff Medical and Wellness Training,www.woodruffmedical.edu/,NA,NA,NA,7917,71,0.6391,0.0423,0.8169,0.0563,0.0563,0,0,0.0141,0,0.0141,NA,NA,Tucker,GA,0,1
Helms College,www.helms.edu/,NA,NA,NA,9500,150,0.4412,0.26,0.6933,0.02,0.0067,0,0,0.02,0,0,NA,26400,Augusta,GA,0,1
Ukiah Adult School,https://adultschool.uusd.net/,NA,NA,NA,NA,0,0.375,0,0,0,0,0,0,0,0,0,NA,NA,Ukiah,CA,1,0
Riverside County Office of Education-School of Career Education,www.riversidesce.org/,NA,NA,NA,NA,108,0.6695,0.037,0.1111,0.6852,0.0093,0,0,0.0093,0,0.1481,NA,NA,Riverside,CA,1,0
Institute of Health Sciences,www.iohs.org/,NA,NA,NA,9500,176,0.4962,0.4261,0.3807,0.125,0.0398,0.017,0.0114,0,0,0,NA,27500,Hunt Valley,MD,0,1
Mid-South Christian College,https://www.midsouthchristian.edu/,NA,1,NA,NA,23,0.3529,0.1304,0.2609,0.3043,0,0,0,0,0.3043,0,1,19761,Memphis,TN,0,1
New York Institute of Beauty,www.nyib.edu/,NA,NA,NA,5422,241,0.3213,0.5726,0.0498,0.2822,0.0249,0.0083,0,0.0124,0.0166,0.0332,NA,NA,Islandia,NY,0,1
Ultrasound Medical Institute,www.nriinstitute.edu/,NA,NA,NA,20000,110,0.5,0.1091,0.6636,0.2091,0,0,0,0.0182,0,0,NA,NA,Royal Palm Beach,FL,0,1
Xavier College School of Nursing,www.xavier-college.com/,NA,NA,NA,16652,87,0.4539,0.2414,0.0575,0.2759,0.2644,0,0.1264,0.0345,0,0,NA,NA,Stockton,CA,0,1
Lawrence & Company College of Cosmetology,www.lawrenceandco.net/,NA,NA,NA,7400,34,0.4167,0.2059,0.0294,0.6765,0.0294,0.0294,0.0294,0,0,0,NA,NA,Hanford,CA,0,1
Kaizen Beauty Academy,kba.edu/,NA,NA,NA,6333,86,0.3784,0.1047,0.3953,0.4419,0.0581,0,0,0,0,0,NA,NA,Pembroke Pines,FL,0,1
Sharp Edgez Barber Institute,www.sharpedgez.com/,NA,NA,NA,5476,63,0.7005,0.1111,0.4444,0.381,0,0,0,0.0476,0,0.0159,NA,NA,Rochester,NY,0,1
The Salon Professional Academy-Nashville,www.nashvillebeautyschool.com/,NA,NA,NA,9833,34,0.3137,1,0,0,0,0,0,0,0,0,NA,NA,Nashville,TN,0,1
Prestige Health & Beauty Sciences Academy,phabsa.com/,NA,NA,NA,NA,41,0.0325,0.878,0,0.0732,0.0488,0,0,0,0,0,NA,NA,Hallandale Beach,FL,0,1
California Career Institute,www.calinstitute.edu/,NA,NA,NA,17363,517,0.6007,0.0619,0.265,0.4932,0.1103,0.0058,0,0.0522,0,0.0116,NA,NA,Anaheim,CA,0,1
Grace School of Theology,www.gsot.edu/,NA,NA,NA,NA,215,0.1196,0.0884,0.0558,0.0465,0,0,0.0047,0,0,0.8047,0,NA,Conroe,TX,0,1
Yeshiva Gedolah Kesser Torah,https://yeshivagedolahkessertorah.com/,NA,0.3571,NA,NA,82,0.3797,0.9756,0,0,0,0,0,0,0.0244,0,0.3889,20100,Monsey,NY,0,1
Universal Training Institute,www.universaluti.com/,NA,NA,NA,12546,133,0.5765,0.0301,0.8947,0.0602,0.015,0,0,0,0,0,NA,NA,Perth Amboy,NJ,0,1
Yeshiva Yesodei Hatorah,yeshivayesodeihatorahlakewood.com/,NA,1,NA,NA,72,0.3881,0.9444,0,0,0,0,0,0,0.0556,0,0.1765,18411,Lakewood,NJ,0,1
Center for the Healing Arts,https://centerforthehealingartsnj.com/,NA,NA,NA,NA,36,0.3273,0.4444,0.3611,0.1111,0,0,0,0.0556,0,0.0278,NA,NA,Voorhees,NJ,0,1
Bonnie Joseph Academy of Cosmetology & Barbering,bonniejosephacademy.edu/,NA,0.8571,NA,NA,15,0.2963,0.5333,0,0.4667,0,0,0,0,0,0,NA,NA,Heber City,UT,0,0
Healthcare Training Institute,healthcaretraininginstitutenola.net/,NA,NA,NA,20000,124,0.551,0.0081,0.9516,0.0323,0,0,0,0,0,0.0081,NA,NA,Kenner,LA,0,1
J D Academy of Salon and Spa,https://jdacademy.com/,NA,NA,NA,6211,106,0.2727,0.5283,0.0283,0.1038,0.0943,0.0755,0.0189,0.1509,0,0,NA,NA,Danville,CA,0,1
Boca Beauty Academy,www.bocabeautyacademy.edu/,NA,NA,NA,6333,211,0.7258,0.3507,0.237,0.2464,0.019,0.0095,0.0047,0.0521,0,0.0806,NA,NA,Boca Raton,FL,0,1
City Pointe Beauty Academy,www.citypointebeauty.com/,NA,NA,NA,7641,102,0.4497,0.8039,0.0294,0.0588,0,0.0196,0,0.0882,0,0,NA,NA,Webb City,MO,0,1
The Chrysm Institute of Esthetics,chrysm.edu/,NA,NA,NA,6333,255,0.4581,0.3294,0.4353,0.0824,0.0353,0,0,0.1137,0,0.0039,NA,NA,Virginia Beach,VA,0,1
Belle Academy of Cosmetology LLC,www.belleacademy.com/,NA,NA,NA,NA,12,0.25,0.4167,0.0833,0.5,0,0,0,0,0,0,NA,NA,Waterbury,CT,0,0
Empire Beauty School-Augusta,www.empire.edu/,NA,NA,NA,10667,88,0.6484,0.1932,0.7386,0.0114,0,0,0,0.0341,0,0.0227,NA,NA,Augusta,GA,0,1
South University-High Point,"www.southuniversity.edu/high-point#location=High Point, NC",NA,NA,NA,26123,70,0.5532,0.2143,0.6429,0.0429,0.0143,0.0286,0,0.0286,0,0.0286,0.1818,36215,High Point,NC,0,1
Empire Beauty School-Vernon Hills,www.empire.edu/,NA,NA,NA,13583,57,0.4588,0.1754,0.3158,0.4035,0.0351,0,0,0.0351,0,0.0351,NA,NA,Vernon Hills,IL,0,1
Empire Beauty School-Stone Park,www.empire.edu/,NA,NA,NA,13583,118,0.6142,0.0254,0.6441,0.2373,0.0085,0.0085,0,0.0508,0,0.0254,NA,NA,Stone Park,IL,0,1
San Joaquin Valley College-Lancaster,www.sjvc.edu/,NA,NA,NA,10674,239,0.6025,0.0795,0.2134,0.6318,0.0167,0.0042,0.0209,0.0084,0,0.0251,NA,NA,Lancaster,CA,0,1
Empire Beauty School-Rochester,www.empire.edu/,NA,NA,NA,10667,83,0.5152,0.3855,0.2651,0.2048,0.0361,0,0,0.0602,0,0.0482,NA,NA,Rochester,NY,0,1
Ross Medical Education Center-Kokomo,https://rosseducation.edu/,NA,NA,NA,9500,51,0.8381,0.3725,0.1176,0.0392,0,0,0,0.0196,0.0196,0.4314,NA,NA,Kokomo,IN,0,1
Ross Medical Education Center-Erlanger,https://rosseducation.edu/,NA,NA,NA,9500,67,0.7292,0.209,0.0299,0.0448,0,0,0,0.1194,0.0149,0.5821,NA,NA,Erlanger,KY,0,1
Ross Medical Education Center-Charleston,https://rosseducation.edu/,NA,NA,NA,9500,36,0.8701,0.3333,0.0556,0.0278,0,0,0,0.0556,0,0.5278,NA,NA,Charleston,WV,0,1
InterCoast Colleges-Fairfield,https://www.intercoast.edu/,NA,NA,NA,10313,139,0.4549,0.1079,0.1367,0.5252,0.0863,0.0072,0.0288,0.1079,0,0,NA,NA,Fairfield,CA,0,1
Southern Careers Institute-San Antonio,www.scitexas.edu/,NA,NA,NA,8708,939,0.6519,0.2386,0.1416,0.5144,0.0128,0.0053,0.0032,0.0341,0,0.0501,NA,NA,San Antonio,TX,0,1
Milan Institute-Merced,www.milaninstitute.edu/,NA,NA,NA,6333,308,0.6524,0.1169,0.0649,0.7305,0.0325,0.013,0.0032,0.026,0,0.013,NA,NA,Merced,CA,0,1
Midwest Technical Institute-Missouri,www.midwesttech.edu/,NA,NA,NA,9500,335,0.6035,0.791,0.0985,0.0448,0.003,0.003,0,0.0537,0,0.006,NA,NA,Springfield,MO,0,1
Augusta University,www.augusta.edu/,1113,0.8931,NA,20500,5282,0.3838,0.4593,0.2639,0.1024,0.0846,0.0023,0.0015,0.0594,0.0136,0.0129,0.5225,22146,Augusta,GA,1,1
Middle Georgia State University,https://www.mga.edu/,1055,0.9977,NA,19000,6655,0.4092,0.5025,0.3243,0.0781,0.0295,0.0018,8e-4,0.0425,0.017,0.0036,0.2857,20189,Macon,GA,1,1
Trenz Beauty Academy,www.trenzbeautyacademy.com/,NA,NA,NA,13822,73,0.1746,0,0.9589,0.0274,0,0,0,0,0,0.0137,NA,NA,Calumet City,IL,0,1
Paul Mitchell the School-Denver,paulmitchell.edu/denver,NA,NA,NA,9783,231,0.4574,0.329,0.0519,0.1515,0.0173,0.0087,0.0043,0.0173,0,0.4199,NA,NA,Lakewood,CO,0,1
Academy of Interactive Entertainment,https://seattle.aie.edu/,NA,0.65,NA,12000,76,0.4915,0.5132,0.0921,0.0658,0.0395,0.0132,0,0.1579,0,0.1184,NA,40039,Seattle,WA,0,1
Arrojo Cosmetology School,www.arrojocosmetology.com/,NA,NA,NA,NA,107,0.1652,0.4953,0.2056,0.2243,0.0467,0,0,0.0187,0,0.0093,NA,NA,New York,NY,0,1
Cosmetology Academy of Texarkana,cosmetologyacademyoftexarkana.com/,NA,NA,NA,10637,55,0.6981,0.6545,0.2364,0.0727,0,0,0,0.0364,0,0,NA,NA,Texarkana,TX,0,1
Veritas Baptist College,www.vbc.edu/,NA,1,NA,NA,114,0.3333,0.8509,0.0175,0.0526,0.0614,0,0,0.0175,0,0,0.3333,18643,Lawrenceburg,IN,0,0
Lynnes Welding Training,learntoweld.com/,NA,NA,NA,NA,36,0.1224,0.8333,0.0278,0.0556,0.0556,0,0,0,0,0.0278,NA,NA,Fargo,ND,0,1
Aviation Institute of Maintenance-Las Vegas,https://aviationmaintenance.edu/campuses/las-vegas-nv,NA,NA,NA,31500,332,0.6293,0.2711,0.2139,0.241,0.1386,0.003,0.0542,0.0783,0,0,NA,31041,Las Vegas,NV,0,1
UEI College-Bakersfield,https://www.uei.edu/,NA,NA,NA,9500,1385,0.7834,0.0238,0.0166,0.2014,0.0043,0.0022,7e-4,0.0036,0,0.7473,NA,NA,Bakersfield,CA,0,1
DeVry College of New York,https://www.devry.edu/,NA,1,NA,24807,175,0.5579,0.1143,0.3143,0.28,0.0686,0.0057,0,0.0229,0.0914,0.1029,0.3548,41672,New York,NY,0,1
DeVry University-Arizona,https://www.devry.edu/,NA,NA,NA,24807,22,0.5167,0.3636,0.2273,0.3182,0.0455,0,0,0,0.0455,0,0.3023,NA,Phoenix,AZ,0,1
DeVry University-California,https://www.devry.edu/,NA,0.4325,NA,24807,2081,0.5357,0.2494,0.1547,0.37,0.0932,0.0067,0.024,0.0317,0.0034,0.0668,0.0982,39643,Ontario,CA,0,1
DeVry University-Florida,https://www.devry.edu/,NA,1,NA,24807,188,0.5267,0.2926,0.3191,0.2979,0.0053,0.0106,0.0053,0.0213,0.0053,0.0426,0.2143,NA,Orlando,FL,0,1
DeVry University-Georgia,https://www.devry.edu/,NA,0.8125,NA,24807,472,0.611,0.1822,0.661,0.0614,0.0085,0.0042,0,0.0191,0.0127,0.0508,0.1071,39356,Decatur,GA,0,1
DeVry University-Illinois,https://www.devry.edu/,1050,0.4325,NA,24807,25975,0.6524,0.4002,0.3158,0.1536,0.0206,0.0076,0.004,0.029,0.0021,0.0671,0.3241,38020,Lisle,IL,0,1
DeVry University-Nevada,https://www.devry.edu/,NA,NA,NA,24807,4,0.3,0.25,0.25,0.5,0,0,0,0,0,0,0,NA,Henderson,NV,0,1
DeVry University-New Jersey,https://www.devry.edu/,NA,1,NA,24807,68,0.6023,0.25,0.3529,0.2206,0.0735,0,0,0,0.0294,0.0735,0.12,NA,Iselin,NJ,0,1
DeVry University-Ohio,https://www.devry.edu/,NA,0.8889,NA,24807,218,0.5459,0.5505,0.2936,0.0367,0.0138,0,0,0.0275,0.0092,0.0688,0.2286,NA,Columbus,OH,0,1
DeVry University-Texas,https://www.devry.edu/,NA,0,NA,24807,26,0.369,0.4231,0.1923,0.2308,0,0,0,0.0385,0.1154,0,0.25,NA,Irving,TX,0,1
DeVry University-Virginia,https://www.devry.edu/,NA,1,NA,24807,25,0.4237,0.12,0.64,0.04,0,0,0,0.04,0.12,0.04,0,33556,Arlington,VA,0,1
University of North Georgia,www.ung.edu/,1136,0.7216,NA,17750,15542,0.2769,0.7015,0.0358,0.1684,0.0337,0.0015,8e-4,0.0351,0.0097,0.0135,0.4799,18062,Dahlonega,GA,1,0
South Georgia State College,www.sgsc.edu/,NA,NA,NA,11500,1553,0.5223,0.5744,0.2511,0.1185,0.0026,0.0032,0.0013,0.0251,0.0058,0.018,NA,16015,Douglas,GA,1,0
Northeastern University Professional Programs,https://www.northeastern.edu/,NA,NA,NA,24250,1674,0.0428,0.3429,0.1362,0.1159,0.0842,0.0012,0.0012,0.0335,0.2312,0.0538,NA,NA,Boston,MA,0,1
Florida Polytechnic University,floridapoly.edu/,1294,0.5573,NA,14250,1556,0.3305,0.5578,0.0559,0.2519,0.0559,0.0019,0.0013,0.054,0.0122,0.009,0.5638,20807,Lakeland,FL,1,0
American Institute-Toms River,www.americaninstitute.edu/,NA,NA,NA,11979,463,0.7758,0.4212,0.2657,0.2462,0.0108,0.0022,0.0022,0.0475,0,0.0043,NA,NA,Toms River,NJ,0,1
Alamo City Barber College,www.alamocitybarbercollege.com/,NA,NA,NA,6937,180,0.7472,0.05,0.1333,0.7722,0.0056,0.0056,0,0.0333,0,0,NA,NA,San Antonio,TX,0,1
Arizona College-Mesa,https://www.arizonacollege.edu/,NA,NA,NA,9500,133,0.8372,0.2105,0.203,0.406,0.015,0.0902,0.0075,0.0677,0,0,NA,32204,Mesa,AZ,0,1
American College of Healthcare and Technology,www.ach.edu/,NA,NA,NA,9500,155,0.8835,0,0.0581,0.9032,0.0129,0,0,0.0065,0,0.0194,NA,NA,Huntington Park,CA,0,1
Antioch College,antiochcollege.edu/,NA,0.8167,NA,NA,127,0.748,0.4961,0.126,0.1654,0.0472,0.0157,0.0157,0.0472,0,0.0866,0.3214,50383,Yellow Springs,OH,0,0
Texas A&M University-Central Texas,tamuct.edu/,NA,1,NA,17750,1698,0.4847,0.3634,0.2261,0.30620000000000003,0.0453,0.0047,0.0082,0.0241,0.0018,0.02,NA,13220,Killeen,TX,1,0
Central Georgia Technical College,www.centralgatech.edu/,NA,NA,NA,9608,5602,0.3037,0.367,0.512,0.0602,0.0118,0.0034,4e-4,0.0407,0.0034,0.0012,NA,11885,Warner Robins,GA,1,1
Barber School of Pittsburgh,bsp.edu/,NA,NA,NA,13583,78,0.6552,0.4744,0.3718,0.0256,0.0256,0,0,0.0385,0,0.0641,NA,NA,Pittsburgh,PA,0,1
Innovate Salon Academy,www.innovatesalonacademy.com/,NA,NA,NA,6333,247,0.4853,0.2267,0.1619,0.5344,0.0405,0,0,0.0324,0,0.004,NA,NA,South Plainfield,NJ,0,1
Arizona State University Digital Immersion,www.asu.edu/,NA,0.6411,NA,19500,49000,0.3789,0.518,0.0755,0.2373,0.0483,0.0094,0.0032,0.0486,0.0016,0.058,0.2915,NA,Scottsdale,AZ,1,1
Louisiana Delta Community College,https://www.ladelta.edu/,NA,NA,NA,12500,2933,0.5251,0.4787,0.4361,0.0348,0.0065,0.0034,0.0017,0.0252,0,0.0136,NA,13941,Monroe,LA,1,1
The Fab School,https://www.thefabschool.com/,NA,NA,NA,NA,164,0.2996,0.4939,0.0305,0.3293,0.0427,0.0183,0.0061,0.0732,0,0.0061,NA,NA,Rancho Cucamonga,CA,0,1
Networks Barber College,www.networksbarbercollege.com/,NA,NA,NA,16500,50,0.764,0,0.98,0.02,0,0,0,0,0,0,NA,NA,Calumet City,IL,0,1
JB's Hair Design and Barber College,www.jbsbarbercollege.org/,NA,NA,NA,NA,63,0.5175,0.127,0.6984,0.1587,0,0.0159,0,0,0,0,NA,NA,Oklahoma City,OK,0,1
Paul Mitchell the School-Lombard,paulmitchell.edu/lombard,NA,NA,NA,13598,73,0.3459,0.589,0.137,0.2192,0.0274,0.0137,0,0.0137,0,0,NA,NA,Lombard,IL,0,1
Paul Mitchell the School-Greenville,paulmitchell.edu/greenville,NA,NA,NA,11740,147,0.5812,0.7347,0.1769,0.0408,0.0136,0.0136,0,0.0204,0,0,NA,NA,Greenville,SC,0,1
Barber and Beauty Academy of Pennsylvania,www.barberandbeautyacademyofpa.com/,NA,NA,NA,NA,44,0.1037,0.25,0.3182,0.1591,0.1136,0,0.0227,0.1136,0.0227,0,NA,NA,Harrisburg,PA,0,1
Delta College of Arts & Technology-Lafayette Campus,www.deltacollege.com/,NA,NA,NA,7393,183,0.6741,0.2623,0.6667,0.0273,0.0109,0,0,0.0328,0,0,NA,NA,Lafayette,LA,0,1
Delta College-Slidell Campus,deltacollege.com/,NA,NA,NA,6397,135,0.7065,0.2296,0.7111,0,0.0148,0.0074,0,0.037,0,0,NA,NA,Slidell,LA,0,1
Integrity College of Health,https://ich.edu/,NA,NA,NA,13194,158,0.4889,0.0443,0,0.8038,0.1013,0.0316,0.0063,0,0,0.0127,NA,NA,Pasadena,CA,0,1
Electrical and HVAC/R Training Center,https://www.electricaltrainingcenter.edu/,NA,NA,NA,6333,236,0.5178,0.3729,0.1653,0.3686,0.0297,0.0085,0.0042,0.0169,0,0.0339,NA,NA,Copiague,NY,0,1
Alexander Paul Institute of Hair Design,https://www.alexanderpaul.edu/,NA,NA,NA,8750,37,0.5821,0.7297,0.1622,0.027,0,0.027,0,0.0541,0,0,NA,NA,Greenville,NC,0,1
More Tech Institute,moretechinstitute.edu/,NA,NA,NA,NA,72,0.9355,0,0,1,0,0,0,0,0,0,NA,NA,Hialeah,FL,0,1
Dorsey College-Dearborn,www.dorsey.edu/,NA,NA,NA,13000,450,0.8357,0.1311,0.5844,0.1022,0,0.0022,0.0022,0.0489,0.0022,0.1267,NA,29357,Detroit,MI,0,1
Neecee's Barber College,neeceescollege.com/,NA,NA,NA,10667,33,0.6604,0.0909,0.3333,0.4848,0,0,0,0.0909,0,0,NA,NA,Abilene,TX,0,1
Bella Cosmetology and Barber College,bellacollege.com/,NA,NA,NA,10667,71,0.5135,0.6056,0.2113,0.1549,0.0141,0,0,0,0,0.0141,NA,NA,Greenville,TX,0,0
Franklin Hair Academy School of Cosmetology,franklinhairacademy.com/,NA,NA,NA,NA,75,0.5167,0.6667,0.1333,0.0267,0.0533,0,0,0.0933,0,0.0267,NA,NA,Franklin,TN,0,1
Ana G. Mendez University,www.agmu.edu/,NA,NA,NA,12188,4897,0.455,0.0243,0.0012,0.6769,0,2e-4,0,0.0012,0.0186,0.2775,NA,NA,Orlando,FL,0,1
Ohio Institute of Allied Health,https://www.oiah.edu/,NA,NA,NA,9500,39,0.746,0.3846,0.4872,0,0,0,0,0.1026,0,0.0256,NA,40476,Huber Heights,OH,0,1
Access Careers,www.accesscareers.net/,NA,NA,NA,5500,408,0.0265,0.053900000000000003,0.576,0.2525,0.0662,0.0074,0,0.0147,0.0025,0.027,NA,NA,Hempstead,NY,0,1
Luckes Beauty Academy LLC,www.luckesbeautyacademy.com/,NA,NA,NA,NA,21,0.7273,0.1429,0.8095,0.0476,0,0,0,0,0,0,NA,NA,Newport  News,VA,0,1
Total Transformation Institute of Cosmetology,ttioc.edu/,NA,NA,NA,7917,94,0.5736,0.3298,0.0638,0.5426,0.0106,0,0,0,0,0.0532,NA,NA,San Marcos,TX,0,1
Vibe Barber College,vibebarbercollege.edu/,NA,NA,NA,9500,63,0.6452,0.0317,0.7778,0.0794,0,0,0,0.0476,0,0.0635,NA,NA,Memphis,TN,0,1
Champ's Barber School,www.champsbarberschool.com/,NA,NA,NA,NA,45,0.7294,0.1556,0.3556,0.4444,0,0,0,0.0222,0,0.0222,NA,NA,Lancaster,PA,0,1
Washington University of Science and Technology,www.wust.edu/,NA,0.1149,NA,NA,302,0,0,0,0,0.0066,0,0,0,0.8444,0.149,0.2778,NA,Vienna,VA,0,1
East-West Healing Arts Institute,acupressureschool.com/,NA,NA,NA,NA,44,0.3889,0.7727,0.1136,0.0909,0.0227,0,0,0,0,0,NA,NA,Madison,WI,0,1
Standard Healthcare Services-College of Nursing,https://www.standardcollege.edu/,NA,0.2186,NA,14750,719,0.5,0.0278,0.8275,0.0584,0.0529,0.0028,0.0028,0.0264,0,0.0014,NA,NA,Falls Church,VA,0,1
Philadelphia Technician Training,www.ptt.edu/,NA,NA,NA,9500,492,0.8475,0.0244,0.8923,0.0711,0.002,0,0,0,0,0.0102,NA,NA,Philadelphia,PA,0,1
Grace International Beauty School,www.gibs.edu/,NA,NA,NA,NA,15,0.5528,0,0,0.0667,0.9333,0,0,0,0,0,NA,NA,Flushing,NY,0,1
Alliance Computing Solutions,www.acs.edu/,NA,NA,NA,NA,4,0.25,0.25,0.25,0,0.5,0,0,0,0,0,NA,NA,Flushing,NY,0,1
InterAmerican Technical Institute,www.iti.edu/,NA,NA,NA,NA,606,0.985,0,0,1,0,0,0,0,0,0,NA,NA,Miami,FL,0,1
Bay Area Medical Academy,www.bamasf.edu/,NA,NA,NA,9089,159,0.6183,0.0252,0.3082,0.3774,0.1195,0.0252,0.0252,0.044,0.044,0.0314,NA,NA,San Francisco,CA,0,1
Mind Body Institute,https://mindbody.edu/,NA,NA,NA,NA,36,0.3906,0.5556,0.4167,0.0278,0,0,0,0,0,0,NA,NA,Madison,TN,0,1
Parisian Spa Institute,psijax.edu/,NA,NA,NA,3167,198,0.2895,0.399,0.4646,0.1061,0.0152,0,0,0.0152,0,0,NA,NA,Jacksonville,FL,0,1
Creative Touch Cosmetology School,https://www.creativetouch.edu/,NA,NA,NA,NA,21,0.6207,0.8095,0,0.0952,0,0,0,0.0952,0,0,NA,NA,Waterloo,IL,0,0
LaBarberia Institute of Hair,www.labarberiainstitute.com/,NA,NA,NA,20000,213,0.4305,0.1033,0.8216,0.0563,0,0,0,0.0188,0,0,NA,NA,Mayfield Hts,OH,0,1
Bos-Man's Barber College,www.bosmansbarbercollege.com/,NA,1,NA,NA,54,1,0,0.9815,0.0185,0,0,0,0,0,0,NA,NA,Shreveport,LA,0,1
Lawrence & Company College of Cosmetology,www.lawrencecosmetology.com/,NA,NA,NA,NA,38,0.2836,0.0526,0.0263,0.9211,0,0,0,0,0,0,NA,NA,Selma,CA,0,0
High Desert Medical College,https://www.hdmc.edu/,NA,NA,NA,13555,1721,0.5547,0.147,0.122,0.5822,0.0383,0.0139,0.0046,0.0314,0.0012,0.0593,NA,NA,Lancaster,CA,0,1
Paul Mitchell the School-Schenectady,paulmitchell.edu/schenectady,NA,NA,NA,6650,93,0.4916,0.7312,0.0645,0.0645,0.0108,0,0,0.1075,0,0.0215,NA,NA,Schenectady,NY,0,1
Beyond Measure Barbering Institute,www.beyondmeasurebarbering.com/,NA,NA,NA,12533,49,0.9718,0.0816,0.7755,0.0816,0.0612,0,0,0,0,0,NA,NA,Mebane,NC,0,1
Barber Institute of Texas,www.bit.edu/,NA,NA,NA,9500,16,0.5963,0.0625,0.5,0.375,0,0,0,0.0625,0,0,NA,NA,Longview,TX,0,1
Jupiter Beauty Academy,www.jba.edu/,NA,NA,NA,NA,207,0.2548,0.0725,0.2174,0.1643,0.4879,0.0242,0.0145,0,0,0.0193,NA,NA,Boston,MA,0,1
MedQuest College,medquestcollege.edu/,NA,NA,NA,9500,273,0.439,0.5018,0.3516,0.0916,0.0183,0.0037,0,0.0293,0,0.0037,NA,NA,Louisville,KY,0,1
First Coast Barber Academy,firstcoastbarberacademy.com/,NA,NA,NA,12090,50,1,0.08,0.62,0.2,0.04,0,0,0.06,0,0,NA,NA,Jacksonville,FL,0,1
Debutantes School of Cosmetology and Nail Technology,www.debschool.com/,NA,NA,NA,7917,65,0.25,0.6308,0.0923,0.1692,0.0154,0,0,0.0923,0,0,NA,NA,Dekalb,IL,0,1
Paul Mitchell the School-Farmington Hills,paulmitchell.edu/farmingtonhills,NA,NA,NA,9833,105,0.414,0.4667,0.4286,0.0476,0.0095,0,0.0095,0.0286,0,0.0095,NA,NA,Farmington Hills,MI,0,1
Paul Mitchell the School-Merrillville,paulmitchell.edu/merrillville,NA,NA,NA,9833,70,0.375,0.4714,0.0714,0,0,0,0,0,0,0.4571,NA,NA,Merrillville,IN,0,1
TIGI Hairdressing Academy Newtown,tiginewtown.com/,NA,NA,NA,9833,96,0.3576,0.7188,0,0.2292,0.0521,0,0,0,0,0,NA,NA,Newtown,CT,0,1
Yahweh Beauty Academy,www.yahwehbeautyacademy.com/,NA,NA,NA,NA,42,0.4603,0.0238,0.7619,0.2143,0,0,0,0,0,0,NA,NA,Killeen,TX,0,1
Arizona School of Integrative Studies,https://www.asismassage.edu/,NA,NA,NA,8444,161,0.5355,0.4969,0.1056,0.2795,0.0062,0.0435,0.0062,0.0621,0,0,NA,NA,Mesa,AZ,0,1
Lee Professional Institute,www.leeproinstitute.edu/,NA,NA,NA,NA,35,0.954,0,0,1,0,0,0,0,0,0,NA,NA,Fort Myers,FL,0,1
Park Place Premier Barber School,www.parkplacebarberschool.edu/,NA,NA,NA,NA,22,0.8387,0.1364,0.8636,0,0,0,0,0,0,0,NA,NA,New Orleans,LA,0,1
The Salon Professional Academy-San Jose,www.tspasanjose.com/,NA,NA,NA,6333,231,0.4472,0.2814,0.0346,0.4848,0.1039,0.0303,0,0.0563,0,0.0087,NA,NA,San Jose,CA,0,1
Tri-Community Adult Education,www.tri-communityadulted.org/,NA,NA,NA,NA,217,0.1366,0.3134,0.1244,0.4839,0.0461,0,0,0.0323,0,0,NA,NA,Covina,CA,1,1
Ross Medical Education Center-Owensboro,https://rosseducation.edu/,NA,NA,NA,9500,29,0.7955,0.2759,0.1034,0.1034,0,0,0,0.0345,0,0.4828,NA,NA,Owensboro,KY,0,1
Ross Medical Education Center-Evansville,https://rosseducation.edu/,NA,NA,NA,9500,68,0.8478,0.1765,0.0882,0.0588,0,0,0,0.0294,0,0.6471,NA,NA,Evansville,IN,0,1
Ross Medical Education Center-Johnson City,https://rosseducation.edu/,NA,NA,NA,9500,67,0.8443,0.2836,0.0597,0.0149,0,0,0,0.0597,0.0448,0.5373,NA,NA,Johnson City,TN,0,1
North-West College-Anaheim,www.nw.edu/,NA,NA,NA,9500,455,0.6469,0.1692,0.0747,0.4637,0.1055,0.022,0.0088,0.1538,0,0.0022,NA,NA,Anaheim,CA,0,1
North-West College-Long Beach,www.nw.edu/,NA,NA,NA,9500,576,0.6038,0.2188,0.1528,0.3837,0.066,0.0139,0.0156,0.1267,0,0.0226,NA,NA,Long Beach,CA,0,1
Taylor Andrews Academy of Hair Design-Provo,https://www.taylorandrew.com/,NA,NA,NA,10556,148,0.3299,0.7703,0,0.1689,0.0068,0.0135,0.0068,0.0338,0,0,NA,NA,Provo,UT,0,1
University of Florida-Online,https://www.ufonline.ufl.edu/,1331,0.6438,36,15000,4577,0.2039,0.5709,0.0419,0.2338,0.0566,0.0017,9e-4,0.0496,0.0116,0.033,0.4706,17036,Gainesville,FL,1,1
Ogle School Hair Skin Nails-Stafford,ogleschool.edu/,NA,NA,NA,7917,516,0.7209,0.0833,0.5039,0.3101,0.0194,0.0019,0.0019,0.0581,0,0.0213,NA,NA,Stafford,TX,0,1
University of Phoenix-Arizona,https://www.phoenix.edu/,NA,NA,NA,31553,76996,0.4534,0.289,0.2437,0.1191,0.0105,0.0088,0.0061,0.0336,6e-4,0.2885,0.1015,19449,Phoenix,AZ,0,1
University of Phoenix-California,https://www.phoenix.edu/,NA,NA,NA,31553,155,0.2397,0.0968,0.1097,0.3548,0.0452,0.0065,0,0.0065,0,0.3806,0.2125,NA,Ontario,CA,0,1
University of Phoenix-Texas,https://www.phoenix.edu/,NA,NA,NA,31553,20,0.2222,0.15,0.15,0.15,0,0,0,0,0,0.55,0.1818,NA,Dallas,TX,0,1
Minerva University,https://minerva.edu/,NA,0.0355,NA,NA,603,0,0.0464,0,0.0017,0.0199,0.0017,0,0.0033,0.9237,0.0033,0.8068,NA,San Francisco,CA,0,1
University of West Los Angeles,www.uwla.edu/,NA,NA,NA,NA,6,0.1429,0.3333,0.1667,0.3333,0.1667,0,0,0,0,0,NA,NA,Inglewood,CA,0,1
Rabbinical College Ohr Yisroel,www.rabbinicalcollegeohryisroel.com/,NA,NA,NA,NA,116,0.3826,1,0,0,0,0,0,0,0,0,0.5185,15850,Brooklyn,NY,0,1
Aveda Institute-Phoenix,avedainspiregreatness.com/phoenix-campus/,NA,NA,NA,6333,202,0.3819,0.3861,0.099,0.1683,0.0198,0.0099,0.0149,0.0594,0,0.2426,NA,NA,Tempe,AZ,0,1
University of North Texas at Dallas,untdallas.edu/,916,0.9386,NA,18606,2914,0.5148,0.0954,0.2838,0.5426,0.0281,0.0017,7e-4,0.0305,0.0041,0.013,0.4299,21003,Dallas,TX,1,1
Dermal Science International Aesthetics and Nail Academy,dsiacademy.edu/,NA,NA,NA,NA,35,0.3053,0.6857,0.1429,0.0571,0.0571,0,0.0286,0.0286,0,0,NA,NA,Reston,VA,0,1
BridgeValley Community & Technical College,www.bridgevalley.edu/,NA,NA,NA,9829,1734,0.4168,0.8945,0.0565,0.0156,0.0075,0.0058,0,0,0,0.0202,NA,10892,South  Charleston,WV,1,1
Northwest College-Medford,www.nwcollege.edu/,NA,NA,NA,7564,72,0.902,0.6944,0,0.1667,0.0139,0.0556,0,0.0694,0,0,NA,NA,Medford,OR,0,1
Houston Training Schools-Gessner,houstontrainingschools.net/,NA,NA,NA,NA,155,0.9289,0.0194,0.3484,0.6,0.0323,0,0,0,0,0,NA,NA,Houston,TX,0,1
Empire Beauty School-Buffalo,www.empire.edu/,NA,NA,NA,10667,78,0.5372,0.2436,0.3846,0.1282,0.0513,0,0,0.0385,0,0.1538,NA,NA,Cheektowaga,NY,0,1
Paul Mitchell the School-Toledo,https://paulmitchell.edu/toledo,NA,NA,NA,12500,169,0.6653,0.4793,0.432,0.0473,0,0.0118,0,0.0296,0,0,NA,NA,Sylvania,OH,0,1
Georgia Military College,https://www.gmc.edu/,NA,NA,NA,8563,3936,0.3298,0.3872,0.3963,0.1044,0.0259,0.016,0.0058,0.001,0.0084,0.0549,NA,18298,Milledgeville,GA,1,0
Beau Monde Academy of Barbering and Cosmetology,www.beaumondeacademy.com/,NA,NA,NA,8769,120,0.331,0.4667,0.1833,0.2417,0.0333,0,0,0.05,0,0.025,NA,NA,Portland,OR,0,1
Fountain of Youth Academy of Cosmetology,fountainofyouthacademy.edu/,NA,NA,NA,6333,52,0.1864,0.3846,0.4615,0.0192,0.0577,0,0,0.0577,0,0.0192,NA,NA,Pittsburgh,PA,0,1
West Coast University-Miami,https://westcoastuniversity.edu/,NA,NA,NA,32946,900,0.6389,0.0511,0.1567,0.7489,0.0178,0,0,0.0233,0.0011,0.0011,0,42172,Doral,FL,0,1
Aparicio-Levy Technical College,https://www.hillsboroughschools.org/altc,NA,NA,NA,NA,137,0.071,0.4599,0.1241,0.3285,0.0146,0,0,0.073,0,0,NA,NA,Tampa,FL,1,1
The Vocational Nursing Institute Inc,www.vocationalnursinginstitute.com/,NA,1,NA,NA,20,0.85,0.15,0.65,0.2,0,0,0,0,0,0,NA,NA,Houston,TX,0,1
Hollywood Institute of Beauty Careers-West Palm Beach,www.hi.edu/,NA,NA,NA,6199,287,0.6869,0.1115,0.3171,0.3902,0,0,0,0.0035,0,0.1777,NA,NA,West Palm Beach,FL,0,1
Hollywood Institute of Beauty Careers-Casselberry,www.hi.edu/,NA,NA,NA,6199,303,0.7017,0.1122,0.3762,0.4587,0.0132,0,0.0165,0.0066,0,0.0165,NA,NA,Casselberry,FL,0,1
Empire Beauty School-Cheltenham,www.empire.edu/,NA,NA,NA,10667,151,0.5579,0.0199,0.5563,0.0596,0,0.0066,0,0.0265,0,0.3311,NA,NA,Wyncote,PA,0,1
Coachella Valley Beauty College-Hemet,cvbeautycollege.com/,NA,NA,NA,2905,101,0.6406,0.198,0.099,0.6139,0.0198,0.0099,0,0.0495,0.0099,0,NA,NA,Hemet,CA,0,1
Coastal Pines Technical College,www.coastalpines.edu/,NA,NA,NA,NA,1688,0.2712,0.5977,0.2826,0.0788,0.0047,0.0018,6e-4,0.0296,0.003,0.0012,NA,9670,Waycross,GA,1,0
Studio Beauty School,https://www.studiobeautyschool.com/,NA,NA,NA,6582,106,0.5122,0.7642,0.0283,0.0755,0.0189,0.0283,0.0094,0.0755,0,0,NA,NA,Spokane Valley,WA,0,1
Latin Beauty Academy,www.latinbeautyacademy.edu/,NA,NA,NA,7333,214,0.4773,0.0047,0,0.9907,0,0,0,0,0.0047,0,NA,NA,greenacres,FL,0,1
Associated Barber College of San Diego,associatedbarbercollege.edu/,NA,NA,NA,16500,116,0.8344,0.0776,0.2241,0.6034,0.0603,0,0,0.0259,0,0.0086,NA,NA,San Diego,CA,0,1
ABCO Technology,www.abcotechnology.edu/,NA,NA,NA,NA,121,0.1265,0.1983,0.4215,0.1901,0.0992,0,0,0.0909,0,0,NA,NA,Inglewood,CA,0,1
Lionel University,lionel.edu/,NA,NA,NA,12668,480,0.3686,0.525,0.2438,0.15,0.0021,0.0167,0.0021,0.0563,0,0.0042,NA,31812,Carpinteria,CA,0,1
California Intercontinental University,https://www.caluniversity.edu/,NA,NA,NA,NA,141,0.78,0.2979,0.3901,0.156,0.0213,0.0142,0.0071,0.0213,0,0.0922,1,NA,Sioux Falls,SD,0,1
Infinity College,www.infinitycollege.edu/,NA,NA,NA,6333,104,0.4011,0.0769,0.9231,0,0,0,0,0,0,0,NA,NA,Lafayette,LA,0,1
Universal Healthcare Careers College,www.uhcc.edu/,NA,NA,NA,NA,279,0.5485,0.7061,0.0036,0.2545,0.0287,0,0,0,0,0.0072,NA,NA,Los Angeles,CA,0,1
New Beginnings Beauty Academy,nbbacosmetology.com/,NA,NA,NA,NA,25,1,0.08,0.92,0,0,0,0,0,0,0,NA,NA,Pine Bluff,AR,0,0
Dolce The Academy,www.dolceacademy.edu/,NA,NA,NA,9833,42,0.4167,0.119,0.3095,0.5238,0,0.0238,0,0.0238,0,0,NA,NA,Waterbury,CT,0,1
American College of the Building Arts,acba.edu/,1137,0.6207,NA,12500,140,0.1986,0.9286,0.0214,0.0143,0.0071,0.0143,0.0071,0.0071,0,0,0.4583,38984,Charleston,SC,0,1
River Valley School of Massage,https://www.rvsmassage.com/,NA,NA,NA,NA,12,0.5,0.9167,0,0.0833,0,0,0,0,0,0,NA,NA,Russellville,AR,0,0
Atlantis University,https://atlantisuniversity.edu/,NA,NA,NA,25870,313,0.4944,0.0447,0.1885,0.4153,0.0096,0.0032,0,0.0032,0.3099,0.0256,0.7794,24866,Miami,FL,0,1
Westchester School for Medical & Dental Assistants,www.wsmda.edu/,NA,NA,NA,4171,35,0.8376,0.1143,0.0857,0.8,0,0,0,0,0,0,NA,NA,Ardsley,NY,0,1
Studio Incamminati,www.studioincamminati.edu/,NA,1,NA,NA,40,0.0769,0.7,0.1,0.1,0.075,0,0,0,0.025,0,NA,NA,Philadelphia,PA,0,1
Salon Boutique Academy,www.salonboutiqueacademy.com/,NA,NA,NA,7917,191,0.466,0.267,0.2565,0.4503,0.0262,0,0,0,0,0,NA,NA,Addison,TX,0,1
GA Beauty & Barber School,www.gabeautybarber.com/,NA,NA,NA,2783,199,0.4737,0.005,0,0.995,0,0,0,0,0,0,NA,NA,McAllen,TX,0,1
The Recording Conservatory of Austin,trcoa.edu/,NA,NA,NA,NA,82,0.4301,0.5488,0.3049,0.122,0.0122,0,0,0,0,0.0122,NA,NA,Austin,TX,0,0
VH Barber & Styling Academy,vhacademy.edu/,NA,NA,NA,14250,24,0.5439,0.125,0.8333,0,0,0,0,0.0417,0,0,NA,NA,Bossier City,LA,0,1
Bet Medrash Gadol Ateret Torah,betmedrashgadolaterettorah.com/,NA,0.6531,NA,NA,108,0.5824,1,0,0,0,0,0,0,0,0,0.6364,16500,Brooklyn,NY,0,1
Yeshiva Ohr Yisrael,www.yoy.edu/,NA,1,NA,NA,17,0.2609,0.9412,0,0,0,0,0,0,0.0588,0,0,18645,Brooklyn,NY,0,1
Yeshiva Sholom Shachna,https://yeshivasholomshachna.com/,NA,0.8696,NA,NA,118,0.4766,1,0,0,0,0,0,0,0,0,0.1786,19450,Brooklyn,NY,0,1
Bethlehem College & Seminary,bcsmn.edu/,NA,NA,NA,NA,92,0,0.8587,0.0109,0.0217,0.0652,0,0,0,0.0435,0,0.6087,NA,Minneapolis,MN,0,1
Theatre of Arts,www.toa.edu/,NA,NA,NA,NA,37,0.2564,0.1892,0.1622,0.0811,0.1622,0,0,0.0541,0.2162,0.1351,NA,NA,Hollywood,CA,0,1
Westchester College of Nursing & Allied Health,www.westchestercollege.edu/,NA,NA,NA,NA,11,0.9091,0.0909,0.5455,0.3636,0,0,0,0,0,0,NA,NA,Los Angeles,CA,0,1
Treasure Coast Technical College,tctc.indianriverschools.org/,NA,NA,NA,NA,67,0.3158,0.2537,0.4478,0.2239,0.0149,0,0,0.0597,0,0,NA,NA,Vero Beach,FL,1,1
American College of Barbering,www.americancollegeofbarbering.com/,NA,NA,NA,14143,75,0.4587,0.4267,0.4133,0.1067,0.0133,0,0,0.04,0,0,NA,NA,Louisville,KY,0,1
Beth Medrash Meor Yitzchok,https://bethmedrashmeoryitzchok.com/,NA,0.5212,NA,NA,222,0.5344,0.973,0,0,0,0,0,0,0.027,0,0,22200,Monsey,NY,0,1
Mingo Extended Learning Center,www.mingoschools.com/Domain/15,NA,1,NA,NA,13,0.5652,1,0,0,0,0,0,0,0,0,NA,NA,Delbarton,WV,1,0
San Ignacio University,www.sanignaciouniversity.edu/,NA,NA,NA,NA,75,0.0588,0.0133,0,0.5467,0.0267,0,0,0,0.4133,0,1,14305,Doral,FL,0,1
ZMS The Academy,www.zmsacademy.com/,NA,NA,NA,NA,228,0.1073,0.1184,0.0921,0.7149,0.0395,0,0.0044,0.0175,0,0.0132,NA,NA,Los Angeles,CA,0,1
Valor Christian College,https://www.valorcollege.edu/,NA,NA,NA,15250,352,0.5789,0.4659,0.2727,0.1477,0.0426,0.0085,0.0057,0.0256,0.0085,0.0227,NA,30234,Canal Winchester,OH,0,1
Bethany Global University,https://bethanygu.edu/,NA,0.9388,NA,12000,162,0.4685,0.7469,0.0185,0.0494,0.037,0.0123,0,0.0309,0.0062,0.0988,0.5581,29638,Bloomington,MN,0,1
HVAC Technical Institute,www.hvac-tech.com/,NA,NA,NA,6851,216,0.4536,0.0787,0.1759,0.6852,0.0185,0,0,0.0046,0,0.037,NA,NA,Chicago,IL,0,1
United International College,www.uinternational.edu/,NA,NA,NA,NA,175,0,0.1029,0.12,0.08,0,0.0229,0,0,0.6743,0,1,NA,Miramar,FL,0,1
San Francisco Film School,www.sanfranciscofilmschool.edu/,NA,NA,NA,NA,141,0.172,0.1418,0.0993,0.0496,0.0213,0.0071,0,0.0142,0,0.6667,NA,NA,San Francisco,CA,0,1
Center for Ultrasound Research & Education,www.cure.edu/,NA,NA,NA,14635,35,0.3971,0.3714,0.2,0.4,0.0286,0,0,0,0,0,NA,NA,White Plains,NY,0,1
Culinary Tech Center,www.culinarytechcenter.edu/,NA,NA,NA,6333,44,0.5417,0.0682,0.4773,0.3636,0.0909,0,0,0,0,0,NA,NA,White Plains,NY,0,1
Randolph Technical Center,rtc.rand.k12.wv.us/,NA,NA,NA,NA,11,0.8095,1,0,0,0,0,0,0,0,0,NA,NA,Elkins,WV,1,0
AMG School of Nursing,amg.edu/,NA,NA,NA,14167,570,0.679,0.0281,0.8579,0.0737,0.0386,0,0.0018,0,0,0,NA,NA,Brooklyn,NY,0,1
Saint Michael College of Allied Health,https://www.smcah.edu/,NA,0.6421,NA,17713,123,0.2635,0,1,0,0,0,0,0,0,0,NA,45405,Washington,DC,0,1
Sandra Academy of Salon Services,www.sandraacademy.edu/,NA,NA,NA,9833,73,0.8916,0.9589,0.0411,0,0,0,0,0,0,0,NA,NA,New Tazewell,TN,0,0
California Jazz Conservatory,www.cjc.edu/,NA,1,NA,NA,20,0.3478,0.5,0,0.45,0,0,0,0.05,0,0,1,NA,Berkeley,CA,0,1
California Barber and Beauty College,https://www.californiabarberandbeauty.com/,NA,NA,NA,NA,61,0.7579,0.2295,0,0.541,0.1639,0.0656,0,0,0,0,NA,NA,San Diego,CA,0,1
Laredo CHI Academy Beauty School,www.laredochi.com/,NA,NA,NA,NA,56,0.5484,0,0,1,0,0,0,0,0,0,NA,NA,Laredo,TX,0,1
Florida International Training Institute,www.fitischools.com/,NA,0.8502,NA,3077,695,0.9775,0,0,1,0,0,0,0,0,0,NA,NA,Miami,FL,0,1
Gould's Academy,www.gouldsacademy.com/,NA,NA,NA,7767,164,0.6308,0.2561,0.6341,0.0549,0,0,0,0.0549,0,0,NA,NA,Memphis,TN,0,1
Aviation Institute of Maintenance-Fremont,https://aviationmaintenance.edu/campuses/fremont-ca,NA,NA,NA,31786,256,0.5792,0.125,0.1836,0.3672,0.1875,0,0.0508,0.0859,0,0,NA,29407,Fremont,CA,0,1
Paul Mitchell the School-Tulsa,paulmitchell.edu/tulsa,NA,NA,NA,10150,249,0.5479,0.5502,0.0482,0.0924,0.012,0.1968,0,0.1004,0,0,NA,NA,Tulsa,OK,0,1
PPG Technical College,estudiappg.com/,NA,NA,NA,NA,194,0.9652,0,0,1,0,0,0,0,0,0,NA,13587,Caguas,PR,0,1
Academy of Professional Cosmetology,www.apcschools.com/,NA,NA,NA,5500,171,0.1438,0.4561,0.0468,0.3977,0.0175,0,0,0.0819,0,0,NA,NA,Rogers,AR,0,1
Empire Beauty School-Northlake,www.empire.edu/,NA,NA,NA,13583,117,0.5112,0.0256,0.8803,0.0256,0,0,0,0.0427,0,0.0256,NA,NA,Atlanta,GA,0,1
Ross Medical Education Center-Huntsville,https://rosseducation.edu/,NA,NA,NA,9500,109,0.8555,0.1284,0.2569,0.0367,0,0,0,0.0092,0.0092,0.5596,NA,NA,Huntsville,AL,0,1
Ross Medical Education Center-Knoxville,https://rosseducation.edu/,NA,NA,NA,9500,75,0.8992,0.2133,0.1067,0.04,0,0,0,0.0133,0,0.6267,NA,NA,Knoxville,TN,0,1
Ross Medical Education Center-Muncie,https://rosseducation.edu/,NA,NA,NA,9500,54,0.8111,0.3148,0.0926,0.0185,0,0,0,0.037,0.037,0.5,NA,NA,Muncie,IN,0,1
Cortiva Institute-Arlington,www.cortiva.edu/,NA,NA,NA,7521,90,0.8601,0.1889,0.5333,0.2333,0,0,0,0.0222,0,0.0222,NA,NA,Arlington,TX,0,1
Tulsa Welding School-Houston,https://www.tws.edu/,NA,NA,NA,9500,1799,0.6735,0.1634,0.2968,0.4336,0.0117,0.01,0.0039,0,0,0.0806,NA,NA,Houston,TX,0,1
Pima Medical Institute-El Paso,https://pmi.edu/,NA,NA,NA,9500,667,0.627,0.1034,0.0495,0.7856,0.0105,0.0075,0,0.0435,0,0,NA,NA,El Paso,TX,0,1
Pima Medical Institute-Phoenix,https://pmi.edu/,NA,NA,NA,8521,830,0.4801,0.2964,0.0458,0.5096,0.012,0.0386,0.0024,0.0916,0,0.0036,NA,NA,Phoenix,AZ,0,1
Kennesaw State University,www.kennesaw.edu/,1120,0.6918,29,23833,39503,0.3538,0.4258,0.2669,0.1565,0.0582,0.0013,0.001,0.0487,0.0173,0.0241,0.5267,24618,Kennesaw,GA,1,1
Entourage Institute of Beauty and Esthetics,https://www.entouragebeautyne.com/,NA,NA,NA,9955,49,0.5111,0.6735,0.0408,0.1837,0,0.0204,0,0.0408,0,0.0408,NA,NA,Lincoln,NE,0,1
Eastern Suffolk BOCES,https://adulteducation.esboces.org/programs-services/cosmetology-program/about-cosmetology,NA,NA,NA,9500,9,0.3333,0.6667,0,0.2222,0,0,0,0,0,0.1111,NA,NA,Riverhead,NY,1,1
Eastern Suffolk BOCES,https://adulteducation.esboces.org/programs-services/cosmetology-program/about-cosmetology,NA,NA,NA,9500,31,0.2105,0.4839,0.0968,0.1613,0.0323,0,0,0,0,0.2258,NA,NA,Oakdale,NY,1,1
Milligan University,www.milligan.edu/,1195,0.7027,NA,25219,783,0.2344,0.7229,0.0524,0.0639,0.0166,0.0013,0.0026,0.0383,0.0868,0.0153,0.7005,49850,Milligan,TN,0,1
Chamberlain University-Nevada,https://www.chamberlain.edu/,NA,0.75,NA,20919,573,0.4268,0.2513,0.103,0.2723,0.3072,0.0087,0.0192,0.0244,0,0.014,0,44446,Las Vegas,NV,0,1
Chamberlain University-Michigan,https://www.chamberlain.edu/,NA,0.8889,NA,20919,643,0.4474,0.6392,0.1851,0.0482,0.0715,0.0031,0,0.0233,0.0016,0.028,NA,27697,Troy,MI,0,1
Chamberlain University-New Jersey,https://www.chamberlain.edu/,NA,0.9,NA,20919,1316,0.3442,0.2044,0.4514,0.2059,0.0912,0.003,0.003,0.0137,0.0068,0.0205,1,41740,North Brunswick,NJ,0,1
Paul Mitchell the School-Madison,paulmitchell.edu/madison,NA,NA,NA,10194,52,0.597,0.4615,0.1923,0.2308,0.0577,0,0,0.0577,0,0,NA,NA,Madison,WI,0,1
The University of Tennessee Health Science Center,www.uthsc.edu/,NA,NA,NA,12500,376,0.1254,0.5691,0.2766,0.0585,0.0319,0,0.0027,0.0266,0.016,0.0186,NA,NA,Memphis,TN,1,1
Unitech Training Academy-New Orleans,www.unitechta.edu/,NA,NA,NA,8721,65,0.7163,0.1846,0.8154,0,0,0,0,0,0,0,NA,NA,New Orleans,LA,0,1
Wade Gordon Hairdressing Academy-Lubbock,wadegordonacademy.com/,NA,NA,NA,9833,101,0.6212,0.3267,0.1089,0.505,0.0099,0.0099,0,0.0099,0,0.0297,NA,NA,Lubbock,TX,0,1
Protege Academy,www.protegeacademy.com/,NA,NA,NA,9833,33,0.625,0.8788,0.0303,0.0909,0,0,0,0,0,0,NA,NA,Mt. Pleasant,MI,0,0
Emory University-Oxford College,www.oxford.emory.edu/,1513,0.1725,NA,18250,973,0.1574,0.2878,0.0761,0.1182,0.3176,0,0,0.0308,0.149,0.0206,NA,78814,Oxford,GA,0,1
Southern Regional Technical College,southernregional.edu/,NA,NA,NA,NA,2960,0.4408,0.4595,0.3929,0.1132,0.0051,0.001,0,0.025,0.0024,0.001,NA,11478,Thomasville,GA,1,0
Texas College of Cosmetology-Lubbock,www.texascollegecosmetology.com/,NA,NA,NA,6333,89,0.7196,0.4494,0.1011,0.4494,0,0,0,0,0,0,NA,NA,Lubbock,TX,0,1
Fortis College-Cuyahoga Falls,https://www.fortis.edu/,NA,NA,NA,13000,489,0.7593,0.3436,0.5481,0.0143,0.0204,0,0.002,0.0573,0,0.0143,NA,32568,Cuyahoga Falls,OH,0,1
Jones Technical Institute,www.jtech.org/,NA,NA,NA,10294,522,0.6264,0.4713,0.2644,0.1418,0.023,0.0019,0.0134,0.069,0,0.0153,NA,26274,Jacksonville,FL,0,1
Texas State Technical College,www.tstc.edu/,NA,NA,NA,9500,9153,0.4542,0.3243,0.0618,0.5376,0.0087,0.0034,0.001,0.0029,0,0.0602,NA,20011,Waco,TX,1,1
Aveda Institute Portland-Vancouver Campus,avedapdx.com/,NA,NA,NA,6826,130,0.4899,0.6769,0.0923,0.1,0.0077,0,0.0154,0.0615,0,0.0462,NA,NA,Vancouver,WA,0,1
Arizona College of Nursing-Las Vegas,https://www.arizonacollege.edu/,NA,1,NA,9500,1185,0.5739,0.162,0.1511,0.319,0.2439,0.0042,0.0346,0.0776,0,0.0076,NA,36044,Las Vegas,NV,0,1
Florida Career College-Pembroke Pines,https://www.floridacareercollege.edu/,NA,NA,NA,9500,156,0.7139,0.0128,0.2372,0.2051,0.0128,0.0064,0.0064,0.0064,0,0.5128,NA,NA,Pembroke Pines,FL,0,1
Florida Career College-West Palm Beach,https://www.floridacareercollege.edu/,NA,NA,NA,9500,193,0.6804,0.0415,0.3368,0.2332,0.0052,0,0,0.0052,0,0.3782,NA,NA,West Palm Beach,FL,0,1
Florida Career College-Hialeah,https://www.floridacareercollege.edu/,NA,NA,NA,9500,185,0.7136,0.027,0.1622,0.2378,0,0.0108,0,0.0162,0,0.5459,NA,NA,Hialeah,FL,0,1
Florida Career College-Lauderdale Lakes,https://www.floridacareercollege.edu/,NA,NA,NA,9500,204,0.7529,0.0098,0.348,0.098,0.0049,0,0.0049,0.0049,0,0.5294,NA,NA,Lauderdale Lakes,FL,0,1
Florida Career College-Tampa,https://www.floridacareercollege.edu/,NA,NA,NA,9500,159,0.697,0.0566,0.1572,0.1572,0.0126,0,0.0063,0,0,0.6101,NA,NA,Tampa,FL,0,1
Florida Career College-Jacksonville,https://www.floridacareercollege.edu/,NA,NA,NA,9500,173,0.7432,0.0867,0.3179,0.0809,0.0058,0.0058,0.0058,0.0058,0,0.4913,NA,NA,Jacksonville,FL,0,1
Florida Career College-Boynton Beach,https://www.floridacareercollege.edu/,NA,NA,NA,9500,149,0.6834,0.0268,0.2483,0.094,0.0067,0,0,0.0067,0,0.6174,NA,NA,Boynton Beach,FL,0,1
Florida Career College-Margate,https://www.floridacareercollege.edu/,NA,NA,NA,9500,130,0.6923,0.0462,0.5077,0.1846,0.0077,0,0,0.0077,0,0.2462,NA,NA,Margate,FL,0,1
Florida Career College-Orlando,https://www.floridacareercollege.edu/,NA,NA,NA,9500,153,0.6882,0.0392,0.268,0.2222,0.0065,0.0065,0,0.0131,0,0.4444,NA,NA,Orlando,FL,0,1
UEI College-Phoenix,https://www.uei.edu/,NA,NA,NA,9500,1148,0.7036,0.0479,0.0793,0.3014,0.0026,0.0401,0.0017,0.0131,0,0.5139,NA,NA,Phoenix,AZ,0,1
Florida Career College-Houston,https://www.floridacareercollege.edu/,NA,NA,NA,9500,264,0.7251,0.0303,0.1856,0.1098,0.0038,0.0076,0,0.0076,0,0.6553,NA,NA,Houston,TX,0,1
Aveda Institute-Madison,www.ibw.edu/,NA,NA,NA,6333,85,0.3288,0.7059,0.0824,0.1059,0.0588,0.0118,0,0.0235,0,0.0118,NA,NA,Madison,WI,0,1
Husson University,www.husson.edu/,1110,0.8643,NA,27000,2395,0.3466,0.8284,0.0576,0.0084,0.0121,0.0046,0,0.0468,0.018,0.0242,0.5495,34073,Bangor,ME,0,1
Tricoci University of Beauty Culture-Elgin,www.tricociuniversity.edu/,NA,NA,NA,7307,154,0.4493,0.3831,0.0714,0.474,0.013,0,0,0.039,0.0195,0,NA,NA,Elgin,IL,0,1
Concorde Career College-Southaven,https://www.concorde.edu/campus/southaven-mississippi,NA,1,NA,9500,114,0.7882,0.0877,0.7368,0.0351,0,0.0263,0,0.0088,0,0.1053,NA,NA,Southaven,MS,0,1
Universal Technical Institute-Southern California,https://www.uti.edu/,NA,NA,NA,13124,1447,0.5617,0.1161,0.0422,0.6614,0.0339,0.0076,0.0083,0.1009,7e-4,0.029,NA,NA,Long Beach,CA,0,1
Northwest University-Center for Online and Extended Education,www.northwestu.edu/,NA,NA,NA,20891,477,0.2072,0.5451,0.0943,0.1237,0.0189,0,0.0063,0.0839,0.0063,0.1216,0.45,30923,Kirkland,WA,0,1
Celebrity Barber School,www.celebritystylistbeautyschool.com/,NA,NA,NA,9500,16,0.5152,0.0625,0.875,0,0,0,0,0.0625,0,0,NA,NA,Monroe,LA,0,1
Academy of Interactive Entertainment,lafayette.aie.edu/,NA,0.8,NA,12000,113,0.4787,0.5133,0.3628,0.0177,0.0177,0,0,0.0442,0,0.0442,NA,36693,Lafayette,LA,0,1
The Temple Annapolis-A Paul Mitchell Partner School,paulmitchell.edu/annapolis,NA,NA,NA,9833,221,0.3899,0.6244,0.1946,0.1041,0.0136,0,0,0.0181,0.0045,0.0407,NA,NA,Annapolis,MD,0,1
Yeshiva Zichron Aryeh,https://yeshivazichronaryeh.com/,NA,0.6,NA,NA,36,0.1071,0.9722,0,0,0,0,0,0,0.0278,0,0.6,NA,Far Rockaway,NY,0,1
Butte County Regional Occupational Program,cte.bcoe.org/,NA,NA,NA,NA,41,0.2712,0.5854,0.0488,0.2683,0.0244,0.0488,0,0,0,0.0244,NA,NA,Chico,CA,1,1
Arclabs,https://www.arclabs.edu/,NA,NA,NA,9500,643,0.5672,0.3468,0.2519,0.3188,0.0031,0.0047,0.0078,0.056,0.0078,0.0031,NA,NA,Piedmont,SC,0,1
Top of the Line Barber College,www.topofthelinebarbercollege.edu/,NA,NA,NA,NA,60,0.7391,0.0833,0.8667,0.0333,0,0,0,0.0167,0,0,NA,NA,Charleston,SC,0,1
Midfield Institute of Cosmetology,https://midfieldic.edu/,NA,NA,NA,NA,13,1,0,1,0,0,0,0,0,0,0,NA,NA,Midfield,AL,0,1
American Institute of Alternative Medicine,massageschoolnewjersey.com/,NA,NA,NA,NA,32,0.2174,0.4375,0.2813,0.0938,0.0938,0,0,0.0938,0,0,NA,NA,East Brunswick,NJ,0,1
Felbry College,felbrycollege.edu/,NA,0.6466,NA,17000,214,0.4341,0.0421,0.8832,0.0187,0.0561,0,0,0,0,0,NA,66505,Columbus,OH,0,1
Regional Center for Border Health,www.rcbh.edu/index.html,NA,NA,NA,NA,191,0,0.1257,0.0157,0.7853,0,0.0733,0,0,0,0,NA,NA,Somerton,AZ,0,0
Kentucky Horseshoeing School,khs.edu/,NA,NA,NA,NA,24,0.4167,0.9167,0,0,0.0833,0,0,0,0,0,NA,NA,Richmond,KY,0,0
Image Maker Beauty Institute,https://www.imagemakerbeauty.com/,NA,NA,NA,9833,64,0.5618,0.8125,0.0781,0.0938,0,0.0156,0,0,0,0,NA,NA,Hendersonville,TN,0,1
Dalton Institute of Esthetics and Cosmetology,www.daltoninstitute.com/,NA,NA,NA,6222,71,0.6479,0.3944,0.2254,0.3239,0.0282,0.0141,0,0.0141,0,0,NA,NA,Dalton,GA,0,1
CAAN Academy of Nursing,caanacademy.org/,NA,NA,NA,12766,90,0.4741,0,0.9667,0.0333,0,0,0,0,0,0,NA,NA,Matteson,IL,0,1
Martinsburg College,www.martinsburgcollege.edu/,NA,1,NA,NA,3214,0.8071,0.4471,0.3202,0.1596,0.0078,0.0227,0.0044,0.0358,0,0.0025,NA,NA,Martinsburg,WV,0,1
Alhambra Medical University,www.amu.edu/,NA,NA,NA,NA,35,NA,0.0286,0,0,0.9143,0,0,0,0.0571,0,NA,NA,Alhambra,CA,0,1
Central Yeshiva Beth Joseph,https://centralyeshivabethjoseph.com/,NA,NA,NA,NA,22,0.3929,0.6818,0,0,0,0,0,0,0.3182,0,NA,NA,Brooklyn,NY,0,1
Garden State Science and Technology Institute,https://www.gssti.edu/,NA,NA,NA,9403,576,0.7984,0.0156,0.5451,0.3733,0.0139,0.0087,0.0017,0.0278,0,0.0139,NA,NA,Jersey City,NJ,0,1
Barber Tech Academy,www.barbertechacademy.com/,NA,NA,NA,NA,67,0.602,0,1,0,0,0,0,0,0,0,NA,NA,Orangeburg,SC,0,0
Abraham Lincoln University,https://www.alu.edu/,NA,NA,NA,NA,49,0.4894,0.449,0.1224,0.2245,0.0408,0.0204,0.0204,0.0612,0,0.0612,NA,31720,Glendale,CA,0,1
Med College,www.medcollege.edu/,NA,NA,NA,23447,297,0.6935,0.0774,0.0976,0.8047,0.0101,0,0.0034,0.0034,0,0.0034,NA,69752,Hialeah,FL,0,1
Sonoran Desert Institute,https://www.sdi.edu/,NA,NA,NA,9500,4763,0.2685,0.7235,0.0527,0.136,0.0107,0.0103,0.0044,0.0464,0,0.016,NA,23864,Tempe,AZ,0,1
Natural Images Beauty College,natural-images-bc.com/,NA,NA,NA,7917,87,0.486,0.3678,0.1264,0.4483,0,0,0,0.0575,0,0,NA,NA,Clute,TX,0,1
Textures Institute of Cosmetology,texturesinstitute.org/,NA,NA,NA,NA,23,0.6129,0.0435,0.8261,0.0435,0.0435,0,0,0.0435,0,0,NA,NA,Indianapolis,IN,0,1
Williams Technical College,https://www.williamstechnicalcollege.com/,NA,NA,NA,6333,99,0.6634,0.2222,0.7172,0.0202,0,0.0303,0,0,0,0.0101,NA,NA,Houma,LA,0,1
PiBerry Institute,https://www.piberry.edu/,NA,NA,NA,9500,96,0.3494,0,0.0417,0.8958,0,0,0,0,0.0625,0,NA,NA,Homestead,FL,0,1
Ea La Mar's Cosmetology & Barber College,https://www.ealamarscollege.com/,NA,NA,NA,11960,32,0.7708,0.0625,0.7813,0.1563,0,0,0,0,0,0,NA,NA,Kansas City,MO,0,1
Regina Webb Academy,reginawebbacademy.com/,NA,NA,NA,NA,15,0.56,0.9333,0,0,0,0,0,0,0,0.0667,NA,NA,Bowling Green,KY,0,1
DeHart Technical School,www.deharttech.edu/,NA,NA,NA,8950,80,0.4016,0.325,0.0125,0.5375,0.0625,0,0.0125,0.0125,0,0.0375,NA,NA,Modesto,CA,0,1
Medical Career & Technical College,www.medicalcareerandtechnicalcollege.edu/,NA,NA,NA,6333,199,0.6502,0.8342,0.0905,0.0201,0,0,0.005,0.0452,0.005,0,NA,NA,Richmond,KY,0,0
Center for Neurosomatic Studies,https://cns.edu/,NA,NA,NA,NA,23,0.3043,0.7391,0.1304,0.0435,0.087,0,0,0,0,0,NA,NA,Clearwater,FL,0,1
Focus Personal Training Institute,www.fpti.edu/,NA,NA,NA,NA,69,0.225,0.1884,0.2319,0.2029,0.0145,0,0,0.2174,0,0.1449,NA,NA,New York,NY,0,1
Hair Academy School of Barbering & Beauty,hairacademysbb.edu/,NA,NA,NA,NA,25,0.5313,0.16,0.48,0.36,0,0,0,0,0,0,NA,NA,Newark,DE,0,1
Fosbre Academy of Hair Design,www.fosbre-academy.com/,NA,NA,NA,13000,86,0.4323,0.6744,0.0465,0.1395,0.0233,0.0116,0.0465,0.0581,0,0,NA,NA,Olympia,WA,0,1
National Personal Training Institute,nptiflorida.edu/,NA,NA,NA,6333,43,0.4405,0.4651,0.2093,0.2326,0,0,0,0.093,0,0,NA,NA,Orlando,FL,0,1
Mission Beauty Institute,www.missionbeautyinstitute.com/,NA,NA,NA,NA,34,0.7049,0,0,0.9706,0.0294,0,0,0,0,0,NA,NA,Mission,TX,0,1
Elim Bible Institute and College,https://elim.edu/,NA,1,NA,10247,94,0.4737,0.6064,0.117,0.0638,0,0,0,0.0319,0.0851,0.0957,NA,19182,Lima,NY,0,0
Beth Medrash of Asbury Park,https://baismedrashzichronmeir.com/,NA,0.4231,NA,NA,109,0.4433,0.844,0,0,0,0,0,0,0.156,0,0,18810,Lakewood,NJ,0,1
Hope College of Arts and Sciences,hcas.edu/,NA,NA,NA,17229,71,0.2214,0.0282,0.9155,0.0282,0.0282,0,0,0,0,0,NA,NA,Pompano Beach,FL,0,1
Yeshiva Gedolah Shaarei Shmuel,https://yeshivagedolahshaareishmuel.com/,NA,0.53,NA,NA,132,0.384,1,0,0,0,0,0,0,0,0,0.1765,16075,Lakewood,NJ,0,1
Premier Barber Institute,www.premierbarberinstitute.com/,NA,NA,NA,13583,83,0.6822,0.2771,0.5422,0.1446,0,0,0,0.012,0,0.0241,NA,NA,Norristown,PA,0,1
International Beauty Education Center,spokanebeautyschool.com/,NA,NA,NA,7746,111,0.8105,0.8829,0.045,0.036,0.027,0,0.009,0,0,0,NA,NA,Airway Heights,WA,0,1
Claremont Lincoln University,https://claremontlincoln.edu/,NA,NA,NA,NA,17,NA,0.2941,0.2353,0.2941,0.1176,0,0.0588,0,0,0,NA,NA,Claremont,CA,0,1
Phipps Academy of Barbering,www.phippsacademy.com/,NA,NA,NA,9500,26,0.8986,0,1,0,0,0,0,0,0,0,NA,NA,Richton Park,IL,0,1
Hoss Lee Academy,hossleeacademy.com/,NA,NA,NA,6333,97,0.314,0.6082,0.0309,0.2062,0.0515,0.0206,0,0.0825,0,0,NA,NA,Roseville,CA,0,1
Indiana Wellness College,https://www.indianawellnesscollege.edu/,NA,0.6029,NA,7661,154,0.4291,0.7143,0.1883,0.0519,0.0065,0.0065,0,0.013,0,0.0195,NA,NA,Carmel,IN,0,1
Kenny's Academy of Barbering,kennysacademy.com/,NA,NA,NA,16500,147,0.6009,0.1293,0.7687,0.0544,0.0204,0,0,0.0068,0,0.0204,NA,NA,Indianapolis,IN,0,1
Seattle Film Institute,https://www.sfi.edu/#fronttable,NA,NA,NA,13000,60,0.4058,0.5333,0.15,0.1167,0.0667,0,0.05,0.0833,0,0,NA,47496,Seattle,WA,0,1
California College of Music,https://ccmla.edu/,NA,0.4737,NA,NA,7,0.0714,0.2857,0.5714,0,0,0,0,0,0.1429,0,NA,25816,Pasadena,CA,0,1
Christian Culinary Academy,https://www.christianculinary.org/,NA,1,NA,NA,21,0,0.7143,0,0.0952,0.0952,0,0,0,0.0952,0,NA,NA,Cannon Beach,OR,0,0
Glitz School of Cosmetology,www.glitz.edu/,NA,NA,NA,7999,33,0.6085,0.0606,0,0.8485,0,0,0,0.0303,0,0.0606,NA,NA,Las Cruces,NM,0,1
Indiana Wesleyan University-National & Global,https://www.indwes.edu/,NA,NA,NA,24250,5808,0.4758,0.5969,0.2485,0.0637,0.0105,0.0043,0.0024,0.017,0.0257,0.031,NA,22117,Marion,IN,0,0
NationsUniversity,https://www.nationsu.edu/,NA,NA,NA,NA,447,0,0.0828,0.0112,0.0089,0,0,0,0.0022,0,0.8949,NA,NA,New Orleans,LA,0,1
Northeast Lakeview College,www.alamo.edu/nlc,NA,NA,NA,NA,5689,0.1825,0.2152,0.1011,0.5925,0.0276,0.0028,0.0026,0.051,0,0.0072,NA,11087,Universal City,TX,1,1
Paul Mitchell the School-Jessup,https://paulmitchell.edu/jessup,NA,NA,NA,9500,125,0.4602,0.248,0.536,0.16,0.056,0,0,0,0,0,NA,NA,Jessup,MD,0,1
John Patrick University of Health and Applied Sciences,https://jpu.edu/,NA,1,NA,NA,289,0.175,0.4118,0.1869,0.2526,0.0554,0.0035,0.0035,0.0173,0,0.0692,NA,25028,South Bend,IN,0,1
University of Saint Katherine,www.usk.edu/,NA,0.4625,NA,21500,230,0.3491,0.2478,0.0696,0.4696,0.0478,0.013,0.013,0.0783,0.0609,0,NA,48604,San Marcos,CA,0,1
Teachers College of San Joaquin,www.teacherscollegesj.edu/,NA,NA,NA,NA,585,0,0.4786,0.0496,0.2103,0.1043,0.0308,0.012,0.0342,0,0.0803,NA,NA,Stockton,CA,1,1
U.S. Truck Driver Training School,https://ustdts.edu/,NA,NA,NA,NA,265,0.1981,0.1849,0.7283,0.0302,0.0264,0.0113,0,0.0189,0,0,NA,NA,Sterling Heights,MI,0,1
University of the People,www.uopeople.edu/,NA,NA,NA,NA,19276,0,0.0554,0.029,0.0282,0.0166,9e-4,7e-4,0.0055,0,0.8637,0.1502,NA,Pasadena,CA,0,1
South Dade Technical College-South Dade Skills Center Campus,www.southdadetech.edu/,NA,NA,NA,NA,205,0.1727,0.0195,0.2634,0.6683,0,0,0,0,0.0488,0,NA,NA,HOMESTEAD,FL,1,1
Alabama School of Nail Technology & Cosmetology,www.asntc.edu/,NA,NA,NA,16500,102,0.7934,0.4608,0.4902,0.0392,0.0098,0,0,0,0,0,NA,NA,Jackson,AL,0,0
Tulsa Technology Center,https://tulsatech.edu/,NA,NA,NA,NA,1284,0.1363,0.4813,0.1145,0.1939,0.0436,0.1059,0.0031,0.0576,0,0,NA,NA,Tulsa,OK,1,1
Ross Medical Education Center-Elyria,https://rosseducation.edu/,NA,NA,NA,9500,58,0.8977,0.069,0.1379,0.2241,0,0,0,0.0862,0.0172,0.4655,NA,NA,Elyria,OH,0,1
Ross Medical Education Center-Lafayette,https://rosseducation.edu/,NA,NA,NA,9500,77,0.8559,0.1818,0.1818,0.039,0,0,0.013,0.013,0.026,0.5455,NA,NA,Lafayette,IN,0,1
Ross Medical Education Center-Midland,https://rosseducation.edu/,NA,NA,NA,9500,36,0.5618,0.3333,0.0278,0.0556,0,0,0.0278,0.0556,0.0278,0.4722,NA,NA,Midland,MI,0,1
Paul Mitchell the School-Clear Lake,paulmitchell.edu/clearlake,NA,NA,NA,11336,129,0.639,0.4419,0.1163,0.4186,0.0078,0.0078,0,0.0078,0,0,NA,NA,Webster,TX,0,1
Paul Mitchell the School-Nampa,paulmitchell.edu/nampa,NA,NA,NA,10555,107,0.625,0.5701,0,0.2991,0,0,0,0.1215,0,0.0093,NA,NA,Nampa,ID,0,1
Academy of Beauty Professionals,https://www.academyofbeautyprofessionals.com/,NA,NA,NA,6333,65,0.4595,0.5077,0.2,0.1385,0.0615,0,0,0.0923,0,0,NA,NA,Madison,WI,0,1
Academy of Beauty Professionals,https://www.academyofbeautyprofessionals.com/,NA,NA,NA,6333,77,0.4472,0.4545,0.0909,0.2078,0.1429,0.013,0,0.0519,0,0.039,NA,NA,Appleton,WI,0,1
Academy of Beauty Professionals,https://www.academyofbeautyprofessionals.com/,NA,NA,NA,6333,84,0.5063,0.4881,0.0714,0.2024,0.0833,0.0595,0.0119,0.0833,0,0,NA,NA,Green Bay,WI,0,1
Kenneth Shuler School of Cosmetology-Goose Creek,www.kennethshuler.com/,NA,NA,NA,5858,128,0.6731,0.4063,0.5313,0.0547,0,0,0,0.0078,0,0,NA,NA,Goose Creek,SC,0,1
Clovis Community College,www.cloviscollege.edu/,NA,NA,NA,NA,6759,0.2043,0.2804,0.0346,0.4982,0.1292,0.0044,0.0016,0.045,0,0.0067,NA,17820,Fresno,CA,1,1
Boca Beauty Academy-Parkland,www.bocabeautyacademy.edu/,NA,NA,NA,6333,205,0.5784,0.2244,0.3512,0.2927,0.0244,0,0.0049,0.0244,0,0.078,NA,NA,Parkland,FL,0,1
American Beauty Academy-West Valley Campus,americanbeautyutah.com/,NA,NA,NA,10060,26,0.4416,0.3077,0,0.3462,0,0,0,0.0385,0.1154,0.1923,NA,NA,West Valley City,UT,0,1
Caribbean Aviation Training Institute Inc,www.caribav.com/,NA,NA,NA,NA,191,0.615,0,0,1,0,0,0,0,0,0,NA,15487,Carolina,PR,0,1
The College of Health Care Professions-McAllen Campus,www.chcp.edu/,NA,NA,NA,9500,728,0.7811,0.0069,0.0027,0.9835,0.0027,0.0027,0,0.0014,0,0,NA,NA,McAllen,TX,0,1
Chamberlain University-North Carolina,https://www.chamberlain.edu/,NA,0.6667,NA,20919,216,0.3806,0.2963,0.4722,0.1435,0.0324,0.0046,0.0046,0.0417,0,0.0046,NA,27697,Charlotte,NC,0,1
Chamberlain University-California,https://www.chamberlain.edu/,NA,0.6,NA,20919,676,0.3166,0.3166,0.0695,0.2115,0.3328,0.0015,0.0133,0.0178,0.0015,0.0355,NA,NA,Rancho Cordova,CA,0,1
Spartan College of Aeronautics and Technology,www.spartan.edu/,NA,NA,NA,20000,261,0.3333,0.1839,0.092,0.5517,0.0728,0.0038,0.0153,0.0651,0.0038,0.0115,NA,NA,Riverside,CA,0,1
Purdue University Global,https://www.purdueglobal.edu/,NA,NA,NA,26078,31502,0.4793,0.5296,0.1799,0.161,0.0306,0.0056,0.0042,0.0434,0.0046,0.0411,0.3,17994,West Lafayette,IN,1,1
Pima Medical Institute-Dillon,https://pmi.edu/,NA,NA,NA,5500,21,0.3506,0.7619,0,0.0952,0,0.0952,0,0.0476,0,0,NA,NA,Dillon,MT,0,0
Arthur's Beauty College,www.arthursbeautycollege.com/,NA,NA,NA,10500,67,0.7222,0.6567,0.2985,0.0299,0,0.0149,0,0,0,0,NA,NA,Jonesboro,AR,0,1
Carolina University,https://www.carolinau.edu/,NA,0.34,NA,20287,424,0.4562,0.3585,0.1533,0.125,0.0118,0.0024,0.0024,0.0637,0.2712,0.0118,0.4231,29965,Winston-Salem,NC,0,1
National Personal Training Institute-Tampa,nptiflorida.edu/npti-tampa/,NA,NA,NA,6333,26,0.34,0.5,0.2692,0.1538,0,0,0,0.0769,0,0,NA,NA,Tampa,FL,0,1
Presbyterian Theological Seminary in America,ch.ptsa.edu/en,NA,NA,NA,NA,38,0.4722,0,0,0,0.5789,0,0,0,0.1842,0.2368,1,NA,Santa Fe Springs,CA,0,1
HCI College,www.hci.edu/,NA,NA,NA,24149,169,0.3244,0.1361,0.5976,0.213,0.0059,0,0.0059,0.0296,0,0.0118,NA,33825,West Palm Beach,FL,0,1
America Evangelical University,www.aeu.edu/,NA,NA,NA,NA,71,0.549,0.1549,0.169,0.0845,0.3239,0,0.0563,0,0.2113,0,NA,26400,Gardena,CA,0,1
Gadsden Technical College,www.gadsdentech.org/,NA,NA,NA,NA,58,0.3,0.1379,0.8103,0.0517,0,0,0,0,0,0,NA,NA,Quincy,FL,1,0
Nashville Film Institute,nfi.edu/,NA,NA,NA,5500,33,0.4186,0.5455,0.303,0.0909,0.0303,0,0,0.0303,0,0,NA,NA,Nashville,TN,0,1
Los Angeles Academy of Figurative Art,laafa.edu/,NA,NA,NA,NA,4,0.6,0.25,0,0.25,0.5,0,0,0,0,0,NA,NA,Van Nuys,CA,0,1
Westcliff University,www.westcliff.edu/,NA,0.4513,NA,23750,2037,0.0209,0.0628,0.027,0.0265,0.0093,0.0025,0.0054,0.0201,0.0967,0.7496,0.6712,35995,Irvine,CA,0,1
World Class Academy of Beauty Careers,https://www.worldclassacademybeautycareers.com/,NA,NA,NA,9000,24,0.6226,0,1,0,0,0,0,0,0,0,NA,NA,Tallahassee,FL,0,1
Allied Health Careers Institute,www.ahci.edu/,NA,NA,NA,NA,47,0.7105,0.1277,0.617,0.2128,0.0426,0,0,0,0,0,NA,NA,Murfreesboro,TN,0,1
Sacramento Ultrasound Institute,sui.edu/,NA,0.7709,NA,17000,104,0.2671,0.375,0.0673,0.2596,0.1827,0,0,0.1154,0,0,NA,NA,Sacramento,CA,0,1
Regan Career Institute,rci.edu/,NA,NA,NA,NA,51,0.2034,0.0588,0.0784,0.3725,0.2353,0.1961,0,0.0392,0.0196,0,NA,NA,El Monte,CA,0,1
Bolivar Technical College,www.bolivarcollege.edu/,NA,0.8182,NA,15000,144,0.6154,0.875,0.0347,0.0486,0.0069,0.0069,0,0.0278,0,0,NA,NA,Bolivar,MO,0,0
MAK Beauty Institute,www.makbeautyinstitute.com/,NA,0.5833,NA,NA,9,0.64,0.7778,0,0,0.2222,0,0,0,0,0,NA,NA,Cumming,GA,0,1
Reformed University,runiv.edu/,NA,0.7342,NA,NA,287,0,0.0348,0.0035,0.0941,0.4808,0,0,0,0.3868,0,NA,NA,Lawrenceville,GA,0,1
Mobile Technical Training,www.mobiletechtraining.com/,NA,NA,NA,NA,31,0.8732,0.1613,0.0645,0.6774,0.0968,0,0,0,0,0,NA,NA,South Hackensack,NJ,0,1
American Barber and Beauty Academy,americanbarberbeauty.com/,NA,NA,NA,11583,118,0.3915,0.339,0.1695,0.4661,0,0,0,0.0169,0,0.0085,NA,NA,Reading,PA,0,1
Master's Barber & Styling College,mastersbarbercollege.edu/,NA,NA,NA,12500,26,0.3143,0.8462,0,0.0769,0,0,0,0.0385,0,0.0385,NA,NA,Old Hickory,TN,0,1
Yeshiva Shaar Ephraim,shaarephraim.org/,NA,NA,NA,NA,138,0.7333,1,0,0,0,0,0,0,0,0,0.1739,20397,Monsey,NY,0,1
California Institute of Arts & Technology,www.ciat.edu/,NA,NA,NA,22209,14,0.3127,0.2143,0.5,0.1429,0,0,0,0.1429,0,0,NA,40465,San Diego,CA,0,1
Elite Cosmetology Barber & Spa Academy,elitecbsacademy.com/,NA,NA,NA,6966,55,0.6732,0.4364,0.0182,0.2909,0,0,0,0.2545,0,0,NA,NA,Yakima,WA,0,1
Cutting Edge Academy,www.cuttingedgeacademynj.com/,NA,NA,NA,9500,94,0.4286,0.6064,0.0426,0.266,0.0106,0,0,0,0.0319,0.0426,NA,NA,Succasunna,NJ,0,1
Yeshiva Bais Aharon,https://www.yeshivabaisaharon.com/,NA,0.75,NA,NA,13,0.75,1,0,0,0,0,0,0,0,0,0.0417,NA,Lakewood,NJ,0,1
Mechon L'hoyroa,https://www.mechonlhoyroa.com/,NA,NA,NA,NA,124,0.8316,1,0,0,0,0,0,0,0,0,NA,NA,Monsey,NY,0,1
Elyon College,elyon.edu/,NA,NA,NA,NA,25,0.589,1,0,0,0,0,0,0,0,0,NA,24772,Brooklyn,NY,0,1
Harmony Health Care Institute,www.harmony-health.org/,NA,0.9286,NA,12685,164,0.3175,0.1037,0.7012,0.0732,0.0244,0,0,0.0061,0.0915,0,NA,NA,Merrimack,NH,0,1
American Beauty Schools,www.americanbeautyschools.com/,NA,NA,NA,NA,80,0.15310000000000001,0,0,1,0,0,0,0,0,0,NA,NA,Miami,FL,0,1
Hogan Institute of Cosmetology and Esthetics,www.hoganice.edu/,NA,NA,NA,10666,71,0.6417,0.0845,0.6338,0.1549,0.0282,0,0.0141,0.0423,0,0.0423,NA,NA,Lilburn,GA,0,1
J's Barber College,jsbarbercollege.com/,NA,NA,NA,NA,23,0.5946,0.3043,0.5652,0,0,0,0,0.1304,0,0,NA,NA,New Iberia,LA,0,0
Ann Webb Skin Institute,awskininstitute.com/,NA,NA,NA,NA,181,0.2587,0.4144,0.1105,0.3481,0.0276,0.0055,0.011,0.0829,0,0,NA,NA,Austin,TX,0,1
Apex Academy Hair Skin Nails School of Cosmetology,https://www.apexacademy2013.com/,NA,NA,NA,NA,16,0.2877,1,0,0,0,0,0,0,0,0,NA,NA,Ontario,OH,0,1
The Esthetic Institute,estheticinstitute.com/,NA,NA,NA,NA,107,0.45,0.1589,0.2991,0.2897,0.0374,0.0093,0.0748,0.1028,0,0.028,NA,NA,Vienna,VA,0,1
Massage Institute of Memphis,www.themassageinstitute.com/,NA,NA,NA,NA,20,0.7143,0.35,0.5,0.1,0,0,0,0.05,0,0,NA,NA,Memphis,TN,0,1
Metro Detroit Barber College,mdbcollege.org/,NA,NA,NA,NA,30,0.6441,0.0667,0.8,0.1333,0,0,0,0,0,0,NA,NA,Detroit,MI,0,1
Digital Media Institute,www.dmi.edu/,NA,0.3191,NA,NA,13,0.2745,0.9231,0.0769,0,0,0,0,0,0,0,NA,NA,Shreveport,LA,0,1
Yeshiva Ohr Naftoli,https://www.yeshivaohrnaftoli.com/,NA,0.8065,NA,NA,43,0.225,0.9767,0,0,0,0,0,0,0.0233,0,NA,19280,New Windsor,NY,0,1
Bais Medrash Mayan Hatorah,https://baismedrashmayanhatorah.com/,NA,0.6667,NA,NA,25,0.2059,1,0,0,0,0,0,0,0,0,0.125,18400,Lakewood,NJ,0,1
Allgood Beauty Institute,allgoodbeauty.com/,NA,NA,NA,NA,20,0.6111,0.4,0.45,0.15,0,0,0,0,0,0,NA,NA,Frisco,TX,0,1
Ray J's College of Hair,www.rayjscollegeofhair.info/,NA,NA,NA,14896,34,0.6462,0.0294,0.9706,0,0,0,0,0,0,0,NA,NA,Baton Rouge,LA,0,1
Manuel and Theresa's School of Hair Design,www.manuelandtheresasschoolofhair.com/,NA,NA,NA,7924,4,0.4444,0.5,0,0.5,0,0,0,0,0,0,NA,NA,Brenham,TX,0,0
Cincinnati School of Barbering & Hair Design,cincinnatischoolofbarbering.com/,NA,NA,NA,NA,48,0.3944,0.1667,0.7917,0,0.0208,0,0,0.0208,0,0,NA,NA,Cincinnati,OH,0,1
L Makeup Institute,lmi.edu/,NA,NA,NA,6746,95,0.432,0.4211,0.0316,0.3368,0.0526,0.0105,0,0.0737,0,0.0737,NA,NA,Las Vegas,NV,0,1
Peloton College,pelotoncollege.edu/,NA,NA,NA,9500,103,0.7273,0.0874,0.6117,0.2233,0,0,0,0.0583,0.0097,0.0097,NA,NA,Arlington,TX,0,1
Northern Technical College,www.northerntechnicalcolleges.com/,NA,NA,NA,NA,30,0.7447,0.0333,0.8,0.1667,0,0,0,0,0,0,NA,NA,Pine Bluff,AR,0,0
Maine Media College,https://www.mainemedia.edu/college/,NA,NA,NA,NA,0,0.1,0,0,0,0,0,0,0,0,0,NA,NA,Rockport,ME,0,0
Purdue University Northwest,www.pnw.edu/,1034,0.7063,NA,21229,5786,0.277,0.5164,0.1134,0.2553,0.032,0.0014,0.001,0.0346,0.0311,0.0149,0.4232,16287,Hammond,IN,1,1
Ross Medical Education Center-Portage,https://rosseducation.edu/,NA,NA,NA,9500,94,0.7697,0.2979,0.0957,0.0638,0.0106,0,0,0.0426,0.0106,0.4787,NA,NA,Portage,MI,0,1
Ross College-Canton,https://rosseducation.edu/,NA,NA,NA,9500,344,0.8154,0.1686,0.2035,0.0145,0,0,0,0.0378,0.0029,0.5727,NA,NA,Canton,OH,0,1
Ross College-Grand Rapids North,https://rosseducation.edu/,NA,NA,NA,9500,267,0.7887,0.1273,0.2584,0.0562,0.0075,0.0112,0,0.0487,0.015,0.4757,NA,NA,Grand Rapids,MI,0,1
American Institute-Somerset,www.americaninstitute.edu/,NA,NA,NA,11979,274,0.8182,0.1752,0.2628,0.5146,0.0146,0,0,0.0255,0,0.0073,NA,NA,Somerset,NJ,0,1
Platt College-Anaheim,www.plattcollege.edu/,NA,NA,NA,18685,405,0.5981,0.1259,0.0148,0.6617,0.1309,0.0074,0.0049,0.0469,0,0.0074,NA,31348,Anaheim,CA,0,1
Advantage Career Institute,www.aci.edu/,NA,NA,NA,4856,149,0.302,0.3826,0.2215,0.3154,0.047,0,0,0.0268,0,0.0067,NA,NA,Eatontown,NJ,0,1
Bull City Durham Beauty and Barber College,www.bullcitybarbercollege.com/,NA,NA,NA,12179,32,1,0.0313,0.9063,0.0625,0,0,0,0,0,0,NA,NA,Durham,NC,0,1
Fortis College-Cutler Bay,https://www.fortis.edu/,NA,NA,NA,13000,358,0.761,0.0391,0.2374,0.6732,0.0112,0.0056,0.0028,0.014,0,0.0168,NA,33580,Cutler Bay,FL,0,1
Yeshiva Kollel Tifereth Elizer,https://www.yeshivakolleltiferethelizer.com/,NA,0.75,NA,NA,373,0.8904,1,0,0,0,0,0,0,0,0,0.0714,24728,Brooklyn,NY,0,1
Strand Institute of Beauty & Esthetics,thestrandinstitute.edu/,NA,NA,NA,7917,71,0.1391,0.2535,0.0141,0.5493,0,0,0,0.1831,0,0,NA,NA,Portland,TX,0,1
Arkansas Welding Academy,https://arkansasweldingacademy.edu/,NA,NA,NA,5500,74,0.7333,0.6081,0.1892,0.0811,0,0.0405,0,0.0811,0,0,NA,NA,Jacksonville,AR,0,1
Unitech Training Academy-Baton Rouge,www.unitechta.edu/,NA,NA,NA,8721,85,0.7565,0.2941,0.7059,0,0,0,0,0,0,0,NA,NA,Baton Rouge,LA,0,1
Empire Beauty School-Tampa,www.empire.edu/,NA,NA,NA,10667,93,0.503,0.2796,0.4731,0.1505,0,0.0108,0,0.0323,0,0.0538,NA,NA,Tampa,FL,0,1
Empire Beauty School-Lakeland,www.empire.edu/,NA,NA,NA,10231,132,0.4633,0.4318,0.2273,0.2727,0,0,0.0076,0.0455,0,0.0152,NA,NA,Lakeland,FL,0,1
Galen College of Nursing-ARH,www.galencollege.edu/nursing-programs/hazard/,NA,NA,NA,24166,424,0.7021,0.8656,0.0024,0.0094,0.0047,0,0,0.0118,0,0.1061,NA,34063,Hazard,KY,0,0
The Chicago School at San Diego,https://www.thechicagoschool.edu/in-the-community/locations/,NA,1,NA,20000,5,0.5,0.2,0.2,0.4,0,0,0,0,0,0.2,NA,NA,San Diego,CA,0,1
Commercial Divers International,commercialdiversinternational.edu/,NA,NA,NA,NA,47,0.5043,0.3617,0.1277,0.2979,0,0.0213,0,0.0426,0,0.1489,NA,NA,Goodyear,AZ,0,1
Tricoci University of Beauty Culture-Janesville,www.tricociuniversity.edu/,NA,NA,NA,9333,102,0.6,0.6373,0.0882,0.2059,0.0098,0.0098,0,0.049,0,0,NA,NA,Janesville,WI,0,1
Unlimited Cosmetology School,www.unlmtdcosmetologyschoolms.com/,NA,NA,NA,NA,26,0.2037,0.1538,0.6923,0.0769,0.0385,0,0,0.0385,0,0,NA,NA,Hattiesburg,MS,0,1
Johnny Matthew's Hairdressing Training School,www.johnnymatthews.com/,NA,NA,NA,8297,59,0.4906,0.322,0.0169,0.3559,0,0,0.0339,0.2034,0.0169,0.0508,NA,NA,Salem,OR,0,1
The Culinary School of Fort Worth,https://www.csftw.edu/,NA,0.6322,NA,9500,69,0.2936,0.5072,0.1304,0.2319,0.0435,0,0.0145,0.0725,0,0,NA,NA,Fort Worth,TX,0,1
Centralia Beauty College,www.centraliabeautycollege.com/,NA,NA,NA,NA,88,0.2366,0.6818,0.0455,0.2045,0.0114,0,0,0.0568,0,0,NA,NA,Centralia,WA,0,0
University of Wisconsin-Milwaukee Flex,https://flex.wisconsin.edu/,NA,0.9231,NA,23000,570,0.1732,0.7596,0.0614,0.0702,0.0246,0.0018,0,0.0333,0,0.0491,NA,NA,Milwaukee,WI,1,1
University of Wisconsin-Parkside Flex,https://flex.wisconsin.edu/,NA,NA,NA,20492,143,0.1849,0.7413,0.0699,0.0909,0.014,0.007,0,0.035,0,0.042,NA,NA,Kenosha,WI,1,0
Miller-Motte College-STVT-Arlington,https://www.stvt.edu/,NA,NA,NA,15917,174,0.4737,0.1782,0.4943,0.2586,0.0057,0.0172,0.0057,0.0287,0,0.0115,NA,NA,Arlington,TX,0,1
Bnos Zion Of Bobov Seminary,https://www.bnoszionbobov.com/,NA,0.8788,NA,NA,142,0.7296,1,0,0,0,0,0,0,0,0,NA,15743,Brooklyn,NY,0,1
ABC Adult School,https://www.abcadultschool.edu/,NA,NA,NA,NA,185,0.2602,0.0703,0.0703,0.6108,0.2162,0.0054,0,0.027,0,0,NA,NA,Cerritos,CA,1,1
Polytech Adult Education,www.polytechworks.com/,NA,NA,NA,NA,631,0.0348,0.4897,0.3471,0.1236,0.0048,0.0063,0,0.0285,0,0,NA,NA,Woodside,DE,1,1
California Institute of Medical Science,cims.edu/,NA,NA,NA,6670,36,0.525,0.1389,0.1111,0.6389,0.0278,0.0278,0,0,0.0278,0.0278,NA,NA,Clovis,CA,0,1
Union Bible College,https://ubca.org/,NA,0.8673,NA,NA,155,0.2647,0.4452,0.0258,0.2581,0.2581,0,0,0.0065,0.0065,0,0.375,15351,Westfield,IN,0,1
Pets Playground Grooming School,www.petsplayground.edu/,NA,NA,NA,NA,18,0.381,0.4444,0,0.5,0,0,0,0,0.0556,0,NA,NA,Pompano Beach,FL,0,1
San Bernardino Beauty College,barber-beautycollege.com/,NA,NA,NA,NA,77,0.375,0.039,0.1429,0.6104,0.1818,0.026,0,0,0,0,NA,NA,San Bernardino,CA,0,1
Christina and Company Education Center,www.ccedcenter.com/,NA,NA,NA,NA,32,0.2885,0.7813,0,0.1875,0,0,0,0,0,0.0313,NA,NA,Lafayette,IN,0,1
Institute of Medical Ultrasound,www.imu.edu/,NA,NA,NA,20000,29,0.8649,0.3448,0.6207,0,0.0345,0,0,0,0,0,NA,58558,Atlanta,GA,0,1
Mystros Barber Academy,https://mystrosbarberacademy.org/,NA,NA,NA,NA,14,0.1,0.0714,0.8571,0.0714,0,0,0,0,0,0,NA,NA,Houston,TX,0,1
European Medical School of Massage,emsom.edu/,NA,NA,NA,NA,23,0.7941,0.4783,0.1739,0.3478,0,0,0,0,0,0,NA,NA,Sinking Spring,PA,0,1
Yeshiva Gedolah Tiferes Boruch,https://yeshivagedolahtiferesboruch.com/,NA,1,NA,NA,70,0.5507,1,0,0,0,0,0,0,0,0,0,15300,North Plainfield,NJ,0,1
Yeshiva Chemdas Hatorah,www.yeshivachemdashatorah.com/,NA,0.75,NA,NA,79,0.4691,0.9494,0,0,0,0,0,0,0.0506,0,0.381,19517,Lakewood,NJ,0,1
Women's Institute of Torah Seminary and College,www.wits.edu/,NA,0.9615,NA,NA,141,0.2428,1,0,0,0,0,0,0,0,0,0.6667,29600,Baltimore,MD,0,1
Yeshiva Gedolah Keren Hatorah,https://yeshivagedolahkerenhatorah.com/,NA,0.95,NA,NA,189,0.6022,1,0,0,0,0,0,0,0,0,0.0455,15350,Lakewood,NJ,0,1
ICOHS College,https://icohs.edu/,NA,NA,NA,6658,215,0.2909,0.2558,0.2698,0.3163,0.0837,0.0186,0.0326,0.0093,0,0.014,NA,NA,San Diego,CA,0,1
Neo-Esthetique European Institute,www.institutoneo.com/,NA,NA,NA,NA,137,0.7893,0,0,1,0,0,0,0,0,0,NA,NA,San Juan,PR,0,1
Lehigh Valley Barber School,www.lehighvalleybarberschool.com/,NA,NA,NA,11979,53,0.5556,0.1509,0.3019,0.5283,0.0189,0,0,0,0,0,NA,NA,Bethlehem,PA,0,1
International Barber College,internationalbarber.net/,NA,NA,NA,NA,30,0.5238,0.2333,0.2667,0.3,0,0.0667,0.0333,0.1,0,0,NA,NA,Chandler,AZ,0,1
Brown Beauty Barber School,brownbeautybarberschool.edu/,NA,NA,NA,9833,54,0.7108,0.0741,0.8704,0.037,0,0,0,0.0185,0,0,NA,NA,Bessemer,AL,0,1
Rexburg College of Massage Therapy,rexburgcmt.com/,NA,NA,NA,NA,59,0.4342,0.8983,0,0.0508,0.0169,0,0.0169,0.0169,0,0,NA,NA,Rexburg,ID,0,0
Yeshiva Gedolah of Cliffwood,https://yeshivagedolahcliffwood.com/,NA,0.8,NA,NA,53,0.0938,0.9057,0,0,0,0,0,0,0.0943,0,0.2,NA,Keyport,NJ,0,1
Goshen School of Cosmetology,https://www.goshenschoolofcosmetology.co/,NA,NA,NA,11000,27,0.6857,0,0.963,0,0,0.037,0,0,0,0,NA,NA,Cleveland,MS,0,0
IBS School of Cosmetology and Massage,ibs-hi.com/,NA,NA,NA,NA,64,0.1402,0.2656,0.0313,0.0938,0.1563,0,0.2188,0.2188,0,0.0156,NA,NA,Kahului,HI,0,1
UR Beauty & Barber Academy,urbeautybarber.vpweb.com/,NA,NA,NA,13000,24,0.4,0.2917,0.1667,0.4583,0,0,0,0.0833,0,0,NA,NA,Sebring,FL,0,1
Urban Barber College,https://urbanbarbercollege.com/,NA,NA,NA,12365,163,0.625,0.1411,0.227,0.5644,0.0307,0,0,0.0061,0.0123,0.0184,NA,NA,Concord,CA,0,1
Yeshivas Emek Hatorah,yeshivasemekhatorah.com/,NA,1,NA,NA,93,0.0968,1,0,0,0,0,0,0,0,0,0.0385,15550,Howell,NJ,0,0
Transitions Career Institute School of Nursing,tcilpn.org/,NA,NA,NA,11366,182,0.4352,0.0165,0.6319,0.0879,0.2198,0,0.044,0,0,0,NA,NA,Flushing,NY,0,1
Wilton Simpson Technical College,hernandoschools.org/schools/stc,NA,NA,NA,NA,114,0.3488,0.6842,0.0877,0.1842,0,0,0.0175,0.0263,0,0,NA,NA,Brooksville,FL,1,1
Stacey James Institute,www.staceyjamesinstitute.com/,NA,NA,NA,6333,68,0.1867,0.6471,0.0147,0.2059,0.0441,0.0294,0,0.0441,0,0.0147,NA,NA,Parker,CO,0,1
Seminary Bnos Chaim,www.seminarybnoschaim.com/,NA,0.4342,NA,NA,177,0.645,1,0,0,0,0,0,0,0,0,NA,22008,Lakewood,NJ,0,1
Avenue Academy A Cosmetology Institute,www.theavenueacademy.com/,NA,NA,NA,6333,97,0.5632,0.2165,0,0.6392,0,0.0309,0.0103,0.1031,0,0,NA,NA,Albuquerque,NM,0,1
Salon Professional Academy of San Antonio,www.tspasanantonio.com/,NA,NA,NA,7917,114,0.5062,0.2982,0.1404,0.0965,0.0088,0.0088,0,0.4474,0,0,NA,NA,San Antonio,TX,0,1
Red Lake Nation College,www.rlnc.education/,NA,NA,NA,NA,256,0.8913,0,0,0.0039,0,0.9844,0,0.0117,0,0,NA,13220,Red Lake,MN,1,0
Princess Institute of Beauty,www.piofb.com/,NA,NA,NA,8095,41,0.5882,0.0488,0,0.9268,0.0244,0,0,0,0,0,NA,NA,Reedley,CA,0,0
Vogue International Academy,www.vogueinternationalacademy.com/,NA,NA,NA,NA,9,0.4737,0,0.4444,0.3333,0.1111,0,0,0,0,0.1111,NA,NA,Houston,TX,0,1
Independent Training & Apprenticeship Program,www.itap.edu/,NA,NA,NA,NA,102,0.3894,0.4412,0.0882,0.3627,0.049,0,0.0098,0.0294,0,0.0196,NA,NA,Sacramento,CA,0,1
Victory Career College,victorycareercollege.edu/,NA,NA,NA,6333,97,0.5482,0.0515,0.1443,0.5155,0.1959,0,0,0.0825,0,0.0103,NA,NA,Carson,CA,0,1
Winonah's International School of Cosmetology,www.winonah.net/,NA,NA,NA,9500,110,0.5222,0.1364,0.7091,0.1455,0.0091,0,0,0,0,0,NA,NA,Hoover,AL,0,1
Yeshiva Gedola Tiferes Yerachmiel,https://yeshivagedolatiferesyerachmiel.com/,NA,0.4262,NA,NA,172,0.4326,0.8953,0,0,0,0,0,0,0.1047,0,0,14750,Lakewood,NJ,0,1
Southeastern Esthetics Institute,https://www.seestheticsinstitute.com/,NA,NA,NA,6333,318,0.465,0.305,0.5503,0.0786,0.0063,0,0.0031,0.0346,0,0.022,NA,NA,Elgin,SC,0,1
Installer Institute,installerinstitute.edu/,NA,NA,NA,NA,14,0.4762,0,0.2143,0.2857,0,0,0.5,0,0,0,NA,NA,Holly Hill,FL,0,1
Caris College,www.cariscollege.edu/,NA,NA,NA,8708,189,0.5798,0.7672,0.1376,0.0317,0.0106,0.0106,0.0053,0.037,0,0,NA,NA,Jeffersonville,IN,0,1
Contra Costa Medical Career College,www.ccmcc.edu/,NA,NA,NA,6333,337,0.0682,0.1424,0.1276,0.5401,0.1009,0.0059,0.0119,0.0208,0,0.0504,NA,NA,Antioch,CA,0,1
Another Level Barbering and Cosmetology School,www.albcschool.edu/,NA,NA,NA,11833,77,0.8049,0.026,0.9221,0.013,0,0,0,0.039,0,0,NA,NA,Petersburg,VA,0,1
The Salon Professional Academy-Georgetown,www.tspageorgetown.com/,NA,NA,NA,NA,72,0.3978,0.6528,0.0278,0.1389,0.0278,0,0.0139,0.1389,0,0,NA,NA,Georgetown,TX,0,1
Elite Academy of Hair Design,www.eliteacademyofhairdesign.com/,NA,NA,NA,6837,84,0.551,0.8095,0.0714,0.0357,0,0.0119,0,0.0714,0,0,NA,NA,Bridgeport,OH,0,1
Americare Technical School,https://www.americaretech.com/,NA,0.9333,NA,NA,28,0.2136,0.1786,0.25,0.1429,0.3929,0.0357,0,0,0,0,NA,47827,Park Ridge,IL,0,1
Champion Christian College,champion.edu/,NA,NA,NA,NA,128,0.6111,0.5859,0.2188,0.0547,0.0078,0.0391,0,0.0625,0.0156,0.0156,NA,20376,Hot Springs,AR,0,1
Chicago Professional Center,www.chicagoprofessionalcenter.com/,NA,NA,NA,NA,92,0,0.4239,0.0761,0.3587,0.0761,0.0109,0.0217,0.0217,0,0.0109,NA,NA,Prospect Heights,IL,0,1
D&S School of Cosmetology,dandsschoolofcosmetology.com/,NA,NA,NA,NA,3,0.3,0.3333,0.6667,0,0,0,0,0,0,0,NA,NA,Waterford,MI,0,1
DSDT,https://dsdt.edu/,NA,NA,NA,6333,202,0.0824,0.1485,0.6733,0.1188,0.0149,0,0.0099,0.0347,0,0,NA,NA,Detroit,MI,0,1
Elite Beauty College,https://ebcollege.net/student-handbook/student-handbook/,NA,NA,NA,NA,16,0.625,0.3125,0.125,0,0.0625,0.4375,0,0.0625,0,0,NA,NA,Muskogee,OK,0,0
GoodFellas Barber College,www.gfbc.edu/,NA,NA,NA,16500,34,0.5439,0,1,0,0,0,0,0,0,0,NA,NA,Little Rock,AR,0,1
Escondido Adult School,www.escondidoadultschool.org/,NA,NA,NA,NA,195,0,0.4051,0.041,0.4718,0.0769,0,0,0.0051,0,0,NA,NA,Escondido,CA,1,1
Poway Adult School,www.powayadultschool.com/,NA,NA,NA,NA,153,0,0.4706,0.0261,0.2745,0.1961,0.0196,0.0131,0,0,0,NA,NA,Poway,CA,1,1
Vista Adult School,vistaadultschool.org/,NA,NA,NA,NA,127,0,0.2283,0.0394,0.6929,0.0079,0.0079,0,0.0236,0,0,NA,NA,Vista,CA,1,1
The Salon Professional Academy-Delray Beach,www.tspadelraybeach.com/,NA,NA,NA,7528,32,0.4588,0.25,0.5,0,0,0,0,0.25,0,0,NA,NA,Delray Beach,FL,0,1
No Grease Barber School,www.nogreasebarberschool.com/,NA,NA,NA,12179,15,1,0,0.8,0.1333,0,0,0,0,0,0.0667,NA,NA,Charlotte,NC,0,1
Pima Medical Institute-San Marcos,https://pmi.edu/,NA,NA,NA,9500,630,0.4229,0.2508,0.0397,0.5032,0.0921,0.0048,0.0175,0.0873,0,0.0048,NA,NA,San Marcos,CA,0,1
EDP University of Puerto Rico-Villalba,www.edpuniversity.edu/,NA,0.8839,NA,14000,281,0.6991,0,0,1,0,0,0,0,0,0,NA,14835,Villalba,PR,0,1
The Chicago School at Dallas,https://www.thechicagoschool.edu/in-the-community/locations/,NA,NA,NA,20000,4,NA,0,0.75,0.25,0,0,0,0,0,0,NA,NA,Richardson,TX,0,1
American Massage & Bodywork Institute,www.ambi.edu/,NA,NA,NA,7389,105,0.5698,0.2095,0.419,0.1905,0.0476,0,0.0095,0.0762,0,0.0476,NA,NA,Vienna,VA,0,1
KCK Beauty & Barber Academy,www.kckbbacademy.org/,NA,NA,NA,NA,33,0.5581,0.1212,0.8485,0,0,0,0.0303,0,0,0,NA,NA,Jacksonville,FL,0,1
California College of Barbering and Cosmetology,calcbc.com/,NA,NA,NA,6333,272,0.666,0.2243,0.1213,0.5257,0.0368,0.0147,0.0588,0.0074,0.011,0,NA,NA,Stockton,CA,0,1
Texas Tech University Health Sciences Center-El Paso,elpaso.ttuhsc.edu/,NA,NA,NA,12500,235,0.531,0.0298,0.0426,0.8766,0,0.0085,0,0.0085,0,0.034,NA,NA,El Paso,TX,1,1
The College of Health Care Professions-South San Antonio,chcp.edu/,NA,NA,NA,9500,390,0.732,0.0769,0.0487,0.8564,0.0026,0,0,0.0103,0,0.0051,NA,NA,San Antonio,TX,0,1
Innovate Salon Academy,innovatesalonacademy.com/,NA,NA,NA,6333,153,0.5078,0.1895,0.5752,0.2157,0,0,0,0.0065,0,0.0131,NA,NA,Ewing,NJ,0,1
Chamberlain University-Louisiana,https://www.chamberlain.edu/,NA,0.9091,NA,20919,516,0.3616,0.2655,0.5814,0.0872,0.0194,0.0078,0.0039,0.0116,0.0019,0.0213,NA,41617,Jefferson,LA,0,1
Drury University-College of Continuing Professional Studies,www.drury.edu/go/,NA,NA,NA,20979,694,0.5876,0.6974,0.062,0.1182,0.0202,0.0058,0.0043,0.0317,0.0029,0.0576,0.2308,19985,Springfield,MO,0,1
Global Medical & Technical Training Institute,www.gmtti.edu/,NA,NA,NA,8709,524,0.985,0,0,1,0,0,0,0,0,0,NA,NA,Miami,FL,0,1
Salon Success Academy-West Covina,www.salonsuccessacademy.com/,NA,NA,NA,7177,82,0.4935,0.0122,0,0.8902,0.0122,0,0,0,0,0.0854,NA,NA,West Covina,CA,0,1
Indiana Institute of Technology-College of Professional Studies,cps.indianatech.edu/,NA,NA,NA,26391,2446,0.5261,0.5266,0.2866,0.0597,0.0106,0.009,0.002,0.0339,8e-4,0.0707,0.1527,24563,Fort Wayne,IN,0,1
Advantage Technical College,https://www.adtecpr.com/,NA,NA,NA,NA,283,0.5279,0,0,1,0,0,0,0,0,0,NA,NA,San Juan,PR,0,1
Institute of Culinary Education,https://www.ice.edu/losangeles,NA,NA,NA,6439,452,0.2958,0.1327,0.042,0.6925,0.0664,0.0022,0.0022,0.0221,0.0265,0.0133,NA,NA,Pasadena,CA,0,1
Universal Technical Institute-Bloomfield,www.uti.edu/,NA,NA,NA,14267,1200,0.529,0.1883,0.1067,0.5042,0.0267,0.0025,0.0017,0.1108,8e-4,0.0583,NA,NA,Bloomfield,NJ,0,1
Gould's Academy,gouldsacademy.com/,NA,NA,NA,7767,177,0.5776,0.4576,0.4294,0.0734,0.0056,0,0,0.0282,0,0.0056,NA,NA,Bartlett,TN,0,1
Urban Academy of Beauty,paulmitchell.edu/albuquerque,NA,NA,NA,10556,0,0.4706,0,0,0,0,0,0,0,0,0,NA,NA,Rio Rancho,NM,0,1
WellSpring School of Allied Health-Springfield,www.wellspring.edu/,NA,NA,NA,7917,79,0.7676,0.8228,0.0127,0.0633,0,0,0.0127,0.0759,0,0.0127,NA,NA,Springfield,MO,0,1
Medical Career College of Northern California,https://medicalcareercollege.edu/,NA,NA,NA,NA,10,1,0.3,0.1,0.3,0,0,0,0,0,0.3,NA,31864,Roseville,CA,0,1
Premiere International College,picollege.edu/,NA,NA,NA,NA,106,0.4545,0.0849,0.566,0.1698,0.1698,0,0,0.0094,0,0,NA,NA,Fort Myers,FL,0,1
San Diego Global Knowledge University,https://sdgku.edu/,NA,NA,NA,NA,98,0.053,0.102,0.1122,0.2143,0.051,0,0.0102,0,0.5102,0,NA,NA,San Diego,CA,0,1
Global Tech College,https://www.globaltech.edu/,NA,NA,NA,NA,63,0.4359,0.3492,0.3651,0.1746,0.0476,0,0,0.0159,0,0.0476,NA,15497,Toledo,OH,0,1
Crown Cutz Academy Bristol,www.bristolschoolofhairdesign.com/,NA,NA,NA,NA,32,0.493,0.6563,0.1563,0,0.0625,0,0.0625,0.0625,0,0,NA,NA,Bristol,VA,0,1
MCI,www.mcallencareersinstitute.edu/,NA,NA,NA,9500,117,0.2659,0.0171,0,0.9744,0,0,0,0,0,0.0085,NA,NA,McAllen,TX,0,1
Central Pennsylvania Diesel Institute,www.cpdiesel.com/,NA,NA,NA,NA,22,0.3333,0.7273,0.1364,0.0455,0,0,0,0.0909,0,0,NA,NA,Liverpool,PA,0,0
Bellasa Professional Institute,www.bellasa.edu/,NA,NA,NA,NA,90,0.1456,0.1111,0.2889,0.6,0,0,0,0,0,0,NA,NA,Miami Springs,FL,0,1
PMCA Pittsburgh Multicultural Cosmetology Academy,pmcapgh.com/,NA,NA,NA,NA,16,0.5455,0.1875,0.75,0.0625,0,0,0,0,0,0,NA,NA,Pittsburgh,PA,0,1
Health and Technology Training Institute,https://www.httiphila.org/,NA,NA,NA,NA,57,0.4868,0.0526,0.8246,0.0702,0.0526,0,0,0,0,0,NA,NA,Philadelphia,PA,0,1
Yeshiva of Ocean,yeshivaofocean.com/,NA,0.38,NA,NA,57,0.625,0.9825,0,0,0,0,0,0,0.0175,0,0.125,14550,Greenfield Park,NY,0,0
Congregation Talmidei Mesivta Tiferes Shmiel Aleksander,yeshivaaleksander.org/,NA,NA,NA,NA,169,0.7765,1,0,0,0,0,0,0,0,0,NA,25625,Brooklyn,NY,0,1
Young Americans College of the Performing Arts,https://www.yacollege.edu/,NA,1,NA,NA,16,0.1304,0.25,0.25,0.1875,0.0625,0,0.0625,0.1875,0,0,NA,37205,Corona,CA,0,1
Pro Beauty Academy,www.probeautyacademy.com/,NA,NA,NA,5500,100,0.1613,0.31,0.32,0.23,0.1,0,0,0.01,0.01,0.02,NA,NA,Edison,NJ,0,1
South Eastern Beauty Academy,southeasternbeautyacademy.com/,NA,NA,NA,NA,19,0.8143,1,0,0,0,0,0,0,0,0,NA,NA,Paintsville,KY,0,0
Ohel Margulia Seminary,ohelmarguliaseminary.com/,NA,0.9195,NA,NA,243,0.8171,1,0,0,0,0,0,0,0,0,NA,14900,Monsey,NY,0,1
Montana Barber Institute,www.montanabarberinstitute.com/,NA,NA,NA,NA,16,0.381,0,0.25,0.75,0,0,0,0,0,0,NA,NA,El Paso,TX,0,1
Yeshivat Hechal Shemuel,hechalshemuel.com/,NA,1,NA,NA,65,0.3667,0.9846,0,0,0,0,0,0,0.0154,0,0.3333,18180,Brooklyn,NY,0,1
Professional University Dr. Carlos J. Borrero Rios,https://upcjbr.university/,NA,NA,NA,NA,5,NA,0,0,1,0,0,0,0,0,0,NA,NA,Hato Rey,PR,0,1
American Institute of Healthcare & Technology,https://www.aiht.edu/,NA,NA,NA,7125,94,0.3226,0.3085,0.3404,0.266,0.0319,0.0106,0,0.0106,0,0.0319,NA,NA,Stratford,CT,0,1
Premier Academy of Cosmetology,https://premiercosmo.com/,NA,NA,NA,NA,40,0.6964,0.675,0,0.05,0,0.275,0,0,0,0,NA,NA,McAlester,OK,0,0
Yeshiva Gedolah of Woodlake Village,yeshivaohrzechariah.com/,NA,0.9545,NA,NA,79,0.3165,0.8481,0,0,0,0,0,0,0.1519,0,0.0455,14650,Lakewood,NJ,0,1
Yeshiva Gedola Tiferes Yaakov Yitzchok,yeshivatyy.com/,NA,0.5,NA,NA,69,0.1912,1,0,0,0,0,0,0,0,0,0.2941,19900,Lakewood,NJ,0,1
Houston Barber School,www.htxbarberschool.com/,NA,NA,NA,10667,225,0.7575,0.0356,0.6578,0.2978,0.0089,0,0,0,0,0,NA,NA,Houston,TX,0,1
Health-Tech Institute of Memphis,www.htim.edu/,NA,NA,NA,NA,4,0,0,1,0,0,0,0,0,0,0,NA,NA,Memphis,TN,0,1
MIXED Institute of Cosmetology & Barber,mixed.institute/,NA,NA,NA,9833,139,0.581,0.0791,0.4029,0.259,0.0791,0.0072,0.0072,0.0719,0,0.0935,NA,NA,Sacramento,CA,0,1
Vski Cosmetology School,www.vskicosmetology.com/,NA,NA,NA,NA,24,0.3333,0.9167,0.0833,0,0,0,0,0,0,0,NA,NA,Charleston,SC,0,1
New York Seminary,thenyseminary.com/,NA,0.6977,NA,NA,120,0.3684,1,0,0,0,0,0,0,0,0,NA,18500,Brooklyn,NY,0,1
Deluxe Barber College,www.deluxebarbercollege.com/,NA,NA,NA,6500,103,0.619,0.0194,0.4078,0.5631,0,0,0,0,0,0.0097,NA,NA,San Antonio,TX,0,1
Falcon Institute of Health and Science,www.falconihs.com/,NA,1,NA,17083,186,0.4938,0.1022,0.4409,0.2796,0.0161,0,0,0.0484,0,0.1129,NA,50989,Bethlehem,PA,0,1
College Unbound,collegeunbound.edu/,NA,NA,NA,12500,398,0.5684,0.1583,0.3392,0.3618,0.0101,0.0151,0,0.0503,0,0.0653,NA,26634,Providence,RI,0,1
Midwest Barber College,www.midwestbarbercollege.com/,NA,NA,NA,NA,32,0.4545,0.2813,0.3125,0.25,0,0,0,0.1563,0,0,NA,NA,Topeka,KS,0,1
A Better U Beauty Barber Academy,https://abuacademy.com/,NA,NA,NA,NA,52,0.8784,0.0385,0.1154,0.7692,0.0192,0.0577,0,0,0,0,NA,NA,Albuquerque,NM,0,1
SANS Technology Institute,www.sans.edu/,NA,NA,NA,NA,643,0,0.6003,0.0669,0.1322,0.084,0.0031,0.0047,0.0295,0.0638,0.0156,NA,NA,North Bethesda,MD,0,1
Tuana European Beauty Academy,www.tuanaacademy.com/,NA,NA,NA,NA,39,0.4583,0.5897,0.0256,0.3333,0,0.0256,0,0,0,0.0256,NA,NA,Fort Collins,CO,0,1
College of Athens,https://collegeofathens.edu/,NA,NA,NA,NA,70,0,0.3,0.0429,0.0286,0,0,0,0.0143,0,0.6143,NA,NA,Watkinsville,GA,0,1
Southern Careers Institute-Waco,www.scitexas.edu/,NA,NA,NA,8708,205,0.645,0.239,0.3024,0.3415,0.0098,0,0.0098,0.0244,0,0.0732,NA,NA,Waco,TX,0,1
Elevate Salon Institute,www.esidurham.com/,NA,NA,NA,6333,85,0.28,0.2,0.6471,0.1059,0,0,0,0.0471,0,0,NA,NA,Durham,NC,0,1
Lil Lou's Beauty and Barber College-Hammond,www.lillousbeautyandbarbercollege.com/,NA,NA,NA,14302,24,0.8824,0.0417,0.7083,0.25,0,0,0,0,0,0,NA,NA,Hammond,IN,0,1
Arizona College of Nursing-Dallas,https://www.arizonacollege.edu/,NA,1,NA,9500,383,0.6542,0.188,0.5091,0.1932,0.0705,0,0,0.0313,0,0.0078,NA,39211,Dallas,TX,0,1
The Salon Professional Academy-Washington DC,www.tspadc.com/,NA,NA,NA,6333,117,0.1568,0.0342,0.8034,0.1026,0,0,0,0,0,0.0598,NA,NA,Washington,DC,0,1
Valley College-Cleveland,www.valley.edu/,NA,NA,NA,9500,787,0.7717,0.1334,0.6112,0.0394,0.0064,0.0064,0,0.0267,0,0.1766,NA,NA,Cleveland,OH,0,1
EDP University of Puerto Rico-Humacao,www.edpuniversity.edu/,NA,0.8488,NA,14000,269,0.6214,0,0,1,0,0,0,0,0,0,NA,16543,Humacao,PR,0,1
EDP University of Puerto Rico-Manati,www.edpuniversity.edu/,NA,0.6636,NA,14000,449,0.3705,0,0,1,0,0,0,0,0,0,NA,14489,Manati,PR,0,1
UEI College-Sacramento,https://www.uei.edu/,NA,NA,NA,9500,1086,0.7239,0.0451,0.1105,0.2274,0.0562,0.0046,0.0138,0.0414,0,0.5009,NA,NA,Sacramento,CA,0,1
Fortis Institute-Cookeville,www.fortis.edu/,NA,NA,NA,13000,301,0.7258,0.8538,0.0365,0.0631,0.0133,0.01,0.0066,0.0166,0,0,NA,31068,Cookeville,TN,0,0
Derech Hachaim Seminary,derechhachaimseminary.com/,NA,0.9292,NA,NA,285,0.6207,1,0,0,0,0,0,0,0,0,NA,16800,Monroe,NY,0,1
Evvaylois Academy School of Beauty,https://www.evvayloisschoolofbeauty.com/,NA,NA,NA,NA,14,0.5789,0.2143,0.2857,0.4286,0,0,0,0.0714,0,0,NA,NA,Brenham,TX,0,0
Avenue Five Institute-South Austin Campus,www.avenuefive.edu/,NA,NA,NA,7917,131,0.5176,0.3588,0.0534,0.4809,0.0076,0.0076,0,0.084,0,0.0076,NA,NA,Austin,TX,0,1
Sattler College,https://sattler.edu/,NA,0.5429,NA,NA,55,0,0.7818,0,0,0,0,0,0,0.2182,0,NA,NA,Boston,MA,0,1
Pima Medical Institute-San Antonio,https://pmi.edu/,NA,NA,NA,9500,341,0.5148,0.2053,0.0968,0.5924,0.0235,0.0059,0.0029,0.0733,0,0,NA,NA,San Antonio,TX,0,1
Faith Theological Seminary and Christian College,www.ftscc.org/,NA,NA,NA,NA,63,NA,0.2857,0.3016,0.3968,0,0,0,0.0159,0,0,0.3333,NA,Tampa,FL,0,1
The Southwestern Baptist Theological Seminary,swbts.edu/,NA,0.5275,NA,NA,334,0,0.476,0.024,0.1796,0.053900000000000003,0.006,0,0.012,0.1617,0.0868,0.3854,NA,Fort Worth,TX,0,1
Lotus Professional College,lotus.edu/,NA,NA,NA,NA,157,0.4819,0.4395,0.3503,0.0701,0.051,0.0064,0,0.0764,0,0.0064,NA,NA,Richmond,VA,0,1
Christ Mission College,cmctx.edu/,NA,NA,NA,NA,43,0.5957,0.0465,0,0.814,0,0.0233,0,0,0.1163,0,0.5,15142,San Antonio,TX,0,1
Esteem Academy of Beauty,www.esteem-academy.com/,NA,NA,NA,NA,58,0.25,0.6552,0,0.2931,0,0,0,0.0517,0,0,NA,NA,South Ogden,UT,0,1
KC Beauty Academy,www.kcbeautyacademy.com/,NA,NA,NA,NA,49,0.5225,0.1224,0.0408,0.7347,0.0612,0,0,0.0204,0.0204,0,NA,NA,Los Angeles,CA,0,1
Urshan College,urshancollege.org/,1035,0.8387,NA,NA,512,0.3996,0.707,0.0469,0.1602,0.0098,0.0137,0,0.0547,0,0.0078,0.375,16089,Wentzville,MO,0,1
Texas Healthtech Institute,www.txinstitute.edu/,NA,NA,NA,6967,83,0.6324,0.2289,0.6867,0.0241,0.0482,0,0,0,0,0.012,NA,NA,Beaumont,TX,0,1
Xtylo Beauty College,www.xtylocollege.com/,NA,NA,NA,NA,35,0.45,0.0571,0,0.8571,0,0,0,0,0.0857,0,NA,NA,Phoenix,AZ,0,1
Tonsorial Arts Barber College,https://www.tonsorialartsbarbercollege.com/,NA,NA,NA,10667,107,0.8934,0.0654,0.7944,0.0935,0,0.0093,0,0.0187,0,0.0187,NA,NA,Texarkana,TX,0,1
Michael's Barber & Hair Stylist Academy,barberstylistacademy.com/,NA,NA,NA,NA,49,0.8488,0.0408,0.7143,0.2041,0.0408,0,0,0,0,0,NA,NA,Irving,TX,0,1
Yeshiva Yesoda Hatorah Vetz Chaim,yeshivayh.org/,NA,NA,NA,NA,205,0.8315,1,0,0,0,0,0,0,0,0,NA,23824,Brooklyn,NY,0,1
North-West College-San Diego,nw.edu/,NA,NA,NA,9500,551,0.4924,0.2015,0.1107,0.2976,0.2486,0.0036,0.0218,0.1089,0,0.0073,NA,NA,San Diego,CA,0,1
West Virginia Junior College-United Career Institute,unitedcareer.edu/,NA,NA,NA,9881,57,0.75,0.8246,0.1404,0,0.0351,0,0,0,0,0,NA,23121,Irwin,PA,0,1
Aviation Institute of Maintenance-Charlotte,https://aviationmaintenance.edu/campuses/charlotte-nc,NA,NA,NA,29773,212,0.574,0.3396,0.4245,0.1651,0.0236,0.0047,0,0.0377,0,0.0047,NA,25130,Charlotte,NC,0,1
Ponce Health Sciences University-East,https://www.psm.edu/,NA,0.5795,NA,NA,65,0.8696,0.0308,0,0.9692,0,0,0,0,0,0,NA,28734,Ponce,PR,0,1
Fortis College-Landover,www.fortis.edu/,NA,NA,NA,9500,576,0.7253,0.0747,0.6406,0.2222,0.026,0.0017,0.0035,0.0226,0,0.0087,NA,33666,Landover,MD,0,1
Stautzenberger College-Rockford Career College,https://www.rockfordcareercollege.edu/,NA,NA,NA,14302,733,0.7167,0.3479,0.3015,0.2838,0.0095,0.0014,0.0014,0.0491,0,0.0055,NA,25508,Rockford,IL,0,1
WellSpring School of Allied Health-Wichita,www.wellspring.edu/,NA,NA,NA,7917,67,0.8345,0.6418,0.1343,0.1045,0.0149,0.0149,0,0.0896,0,0,NA,NA,Wichita,KS,0,1
Access Careers-Islandia,www.accesscareers.net/,NA,NA,NA,5500,314,0.0197,0.1688,0.4459,0.3248,0.0541,0,0,0.0064,0,0,NA,NA,Islandia,NY,0,1
Northern Pennsylvania Regional College,https://regionalcollegepa.org/,NA,NA,NA,NA,62,0,0.8226,0.0161,0.0806,0,0,0,0.0484,0,0.0323,NA,NA,Warren,PA,1,0
Apex College of Veterinary Technology,https://www.apexcvt.edu/,NA,NA,NA,NA,30,0.3611,0.6667,0,0.2,0.0333,0.0333,0,0.0333,0,0.0333,NA,15950,Colorado Springs,CO,0,1
Meryma'at Barber College,https://www.merymaatbarbercollege.com/,NA,NA,NA,NA,51,0.9706,0.2549,0.4314,0.3137,0,0,0,0,0,0,NA,NA,Cleveland,OH,0,1
Western Maricopa Education Center,https://west-mec.edu/findyourhappy,NA,NA,NA,NA,220,0.1677,0.2636,0.0182,0.3864,0.0227,0.0091,0.0045,0.0864,0,0.2091,NA,NA,Glendale,AZ,1,1
Bais Medrash of Dexter Park,https://bmdpark.com/,NA,0.9231,NA,NA,22,0.2059,1,0,0,0,0,0,0,0,0,NA,30590,Chestnut Ridge,NY,0,1
Makana Esthetics Wellness Academy,https://makanaacademy.edu/,NA,NA,NA,NA,68,0.3861,0.25,0.0294,0.0441,0.25,0,0.1618,0.25,0,0.0147,NA,NA,Honolulu,HI,0,1
Oak Valley College,https://oakvalley.edu/,NA,NA,NA,NA,52,0.4468,0.3654,0.1154,0.5,0,0,0,0.0192,0,0,NA,23575,Rialto,CA,0,1
Paul Mitchell the School-San Jose,https://paulmitchell.edu/sanjose,NA,NA,NA,NA,108,0.7125,0.1574,0.037,0.6944,0.0556,0,0,0.0185,0,0.037,NA,NA,San Jose,CA,0,1
Zion Massage College,www.zmc.edu/,NA,NA,NA,NA,64,0.375,0.7656,0,0.125,0.0469,0,0.0313,0.0313,0,0,NA,NA,St. George,UT,0,1
Great Lakes Boat Building School,www.glbbs.edu/,NA,NA,NA,NA,28,0.3478,0.8929,0,0.0357,0,0,0,0.0714,0,0,NA,33453,Cedarville,MI,0,0
Austin Career Institute,https://www.austincareerinstitute.edu/,NA,NA,NA,NA,51,0.5782,0.2353,0.0588,0.6471,0,0,0,0,0,0.0588,NA,NA,Austin,TX,0,1
Professional Culinary Academy,professionalculinaryacademy.com/,NA,NA,NA,NA,17,0.7308,0.2353,0.5294,0.2353,0,0,0,0,0,0,NA,NA,Buffalo,NY,0,1
Pacific Northwest Christian College,https://www.pnwcc.edu/,NA,NA,NA,NA,129,0.4699,0.3101,0.0543,0.5349,0,0.0155,0.0155,0.0698,0,0,NA,13489,Kennewick,WA,0,1
Hollywood Cultural College,www.hccollege.edu/,NA,NA,NA,NA,35,0.2034,0,0,0.8286,0,0,0,0.0286,0.0857,0.0571,NA,NA,Los Angeles,CA,0,1
Mariano Moreno Culinary Institute,www.mmci.edu/,NA,NA,NA,NA,141,0.3661,0.0851,0.078,0.6738,0.0071,0.0071,0.0071,0,0.1418,0,NA,NA,Miami,FL,0,1
Webb's Barber School of Arts,https://webbsbarberschoolofarts.com/,NA,NA,NA,NA,18,0.5556,0.0556,0.9444,0,0,0,0,0,0,0,NA,NA,Macon,GA,0,1
Adrian H. Wallace Barber Academy,https://www.ahwbarberacademy.com/,NA,NA,NA,NA,29,0.7736,0.2759,0.6552,0.069,0,0,0,0,0,0,NA,NA,Pensacola,FL,0,1
St. Louis Med Tech,www.stlmedtech.org/,NA,NA,NA,NA,9,0.75,0,0,0,0,0,0,1,0,0,NA,NA,St. Louis,MO,0,1
Total Beauty Institute,https://totalbeautyinstitute.com/,NA,NA,NA,NA,23,0.7143,0.1304,0.8696,0,0,0,0,0,0,0,NA,NA,Jacksonville,FL,0,1
Pearlands Innovative School of Beauty,www.pearlandinnovative.com/,NA,NA,NA,NA,84,0.9355,0.0714,0.6429,0.2738,0.0119,0,0,0,0,0,NA,NA,Pearland,TX,0,1
Durant Institute of Hair Design,https://www.durantinstituteofhairdesign.com/,NA,NA,NA,NA,41,0.6056,0.5366,0.0244,0.0976,0,0.2927,0,0.0488,0,0,NA,NA,Durant,OK,0,0
Premiere Aesthetics Institute,www.premiereaestheticsinstitute.com/,NA,NA,NA,NA,52,0.3404,0.75,0,0.0577,0,0,0.0385,0.1538,0,0,NA,NA,Bend,OR,0,1
California Indian Nations College,https://cincollege.org/,NA,NA,NA,NA,111,0,0.018,0,0.4775,0,0.3964,0,0.0901,0.009,0.009,NA,NA,Palm Desert,CA,1,1
Indian Bible College,https://www.indianbible.org/,NA,NA,NA,NA,30,0.6563,0.2,0.0333,0,0,0.7667,0,0,0,0,1,17263,Flagstaff,AZ,0,1
Florida Professional Institute,www.fpi.edu/,NA,NA,NA,NA,104,0.4963,0.2692,0.0192,0.6538,0,0,0,0.0577,0,0,NA,NA,Miami,FL,0,1
The Professional Cosmetology Academy,https://www.tpcalaredo.com/,NA,NA,NA,NA,120,0.6901,0.0083,0,0.9667,0,0,0,0,0.0167,0.0083,NA,NA,Laredo,TX,0,1
Taylor Andrews Academy of Hair Design-Hair Lab Detroit Barber School,https://www.hairlabdetroitbarberschool.com/,NA,NA,NA,10556,53,0.4324,0.283,0.434,0.2075,0,0,0,0.0377,0,0.0377,NA,NA,Southgate,MI,0,1
Paul Mitchell the School-North Tahoe,https://paulmitchell.edu/northtahoe,NA,NA,NA,10500,9,0.375,0.6667,0.1111,0.1111,0,0,0,0.1111,0,0,NA,NA,Truckee,CA,0,0
Paul Mitchell the School-Fort Lauderdale,https://paulmitchell.edu/fortlauderdale,NA,NA,NA,6650,72,0.578,0.1528,0.5278,0.2778,0.0139,0.0139,0,0.0139,0,0,NA,NA,Plantation,FL,0,1
PCI Academy-Iowa City,https://www.pci-academy.com/,NA,NA,NA,5828,103,0.3139,0.7767,0.0777,0.1262,0.0097,0,0,0.0097,0,0,NA,NA,Iowa City,IA,0,1
Larry's Barber College,https://www.larrysbarbercollege.com/,NA,NA,NA,3945,30,0.8788,0,0.8333,0.1667,0,0,0,0,0,0,NA,NA,Chicago,IL,0,1
Paul Mitchell the School-Provo,https://paulmitchell.edu/provo,NA,NA,NA,9917,135,0.447,0.7111,0.0222,0.1704,0.0074,0.0074,0,0.0741,0,0.0074,NA,NA,Provo,UT,0,1
Arizona College of Nursing-Tampa,https://www.arizonacollege.edu/,NA,1,NA,9500,337,0.5311,0.276,0.2404,0.3769,0.0386,0,0.0089,0.0564,0.003,0,NA,36515,Tampa,FL,0,1
Arizona College of Nursing-Fort Lauderdale,https://www.arizonacollege.edu/,NA,NA,NA,9500,412,0.6667,0.0995,0.6602,0.1893,0.0218,0,0.0049,0.0218,0.0024,0,NA,42272,Fort Lauderdale,FL,0,1
Arizona College of Nursing-Tucson,https://www.arizonacollege.edu/,NA,1,NA,9500,566,0.6415,0.2739,0.0512,0.5901,0.0353,0.0159,0.0053,0.023,0,0.0053,NA,32730,Tucson,AZ,0,1
Arizona College of Nursing-Phoenix,https://www.arizonacollege.edu/,NA,1,NA,9500,1062,0.5255,0.306,0.1111,0.4143,0.0424,0.0113,0.0019,0.1055,0,0.0075,NA,38789,Phoenix,AZ,0,1
Empire Beauty School-Newport News,https://www.empire.edu/,NA,NA,NA,10667,78,0.4924,0.2564,0.4487,0.1026,0,0,0,0,0,0.1923,NA,NA,Newport News,VA,0,1
Tricoci University of Beauty Culture-Normal,https://www.tricociuniversity.edu/,NA,NA,NA,7307,92,0.5205,0.5978,0.1848,0.1196,0.0326,0,0,0.0652,0,0,NA,NA,Normal,IL,0,1
Elite Welding Academy,https://www.eliteweldingacademy.com/,NA,NA,NA,9483,29,0.449,0.069,0.1034,0.3448,0,0.0345,0,0.0345,0,0.4138,NA,NA,Houston,TX,0,1
Paul Mitchell the School-Murfreesboro-Nashville,https://nashville.paulmitchell.edu/,NA,NA,NA,7917,266,0.47,0.594,0.3008,0.0451,0.0038,0.0038,0,0.0451,0.0038,0.0038,NA,NA,Hendersonville,TN,0,1
Dorsey College-Woodhaven,https://www.dorsey.edu/,NA,NA,NA,13000,212,0.822,0.3868,0.4387,0.0377,0.033,0.0094,0,0.0519,0,0.0425,NA,31409,Woodhaven,MI,0,1
Pathways College,https://www.pathwayscollege.edu/,NA,NA,NA,NA,9,0,0.5556,0,0.2222,0,0.1111,0,0.1111,0,0,NA,NA,Phoenix,AZ,0,1
San Joaquin Valley College-Delano,https://www.sjvc.edu/,NA,NA,NA,10674,83,0.7557,0.0361,0,0.9036,0.0482,0,0.012,0,0,0,NA,NA,Delano,CA,0,0
San Joaquin Valley College-Rancho Mirage,https://www.sjvc.edu/,NA,NA,NA,10674,242,0.6055,0.124,0.0537,0.719,0.0248,0.0041,0.0083,0.0041,0,0.062,NA,NA,Rancho Mirage,CA,0,1
San Joaquin Valley College-Santa Maria,https://www.sjvc.edu/,NA,NA,NA,10674,163,0.6209,0.1104,0.0245,0.7546,0.0307,0.0123,0.0184,0.0184,0,0.0307,NA,NA,Santa Maria,CA,0,1
Advantage Technical College-Aguadilla,https://www.adtecpr.com/,NA,NA,NA,NA,251,0.5657,0,0,1,0,0,0,0,0,0,NA,NA,Aguadilla,PR,0,1
San Joaquin Valley College-Porterville,https://www.sjvc.edu/,NA,NA,NA,10674,98,0.8226,0.051,0.0102,0.8367,0.0102,0.0204,0.0102,0,0,0.0612,NA,NA,Porterville,CA,0,1
Ruben's Five Star Academy,https://rubens5staracademy.com/,NA,NA,NA,NA,11,0.5,0.0909,0.4545,0.3636,0,0,0,0,0,0.0909,NA,NA,Lake Wales,FL,0,1
Mason Anthony School of Cosmetology Arts & Sciences,https://www.masonanthony.com/,NA,NA,NA,NA,175,NA,0.5086,0.1714,0.0971,0.1714,0,0,0.04,0,0.0114,NA,NA,Columbus,OH,0,1
California Institute of Arts & Technology-National City,https://www.ciat.edu/,NA,NA,NA,22209,1410,0.1648,0.2234,0.278,0.1532,0.0454,0.0071,0.0128,0.2801,0,0,NA,26286,National City,CA,0,1
Triangle Tech-Chambersburg,https://triangle-tech.edu/,NA,NA,NA,18084,63,0.52,0.873,0,0.1111,0,0.0159,0,0,0,0,NA,27701,Chambersburg,PA,0,1
Provo College-Idaho Falls Campus,https://www.eaglegatecollege.edu/,NA,NA,NA,41733,226,0.6105,0.677,0.0088,0.1018,0.0221,0.0088,0.0088,0,0,0.1726,NA,34871,Idaho Falls,ID,0,1
Eagle Gate College-Boise Campus,https://www.eaglegatecollege.edu/,NA,NA,NA,43021,467,0.4866,0.6017,0.0407,0.1435,0.0236,0.0128,0.0107,0.0021,0,0.1649,NA,34345,Boise,ID,0,1
Elite Welding Academy South Point,https://www.eliteweldingacademy.com/,NA,NA,NA,9483,17,0.6667,1,0,0,0,0,0,0,0,0,NA,NA,South Point,OH,0,1
Agape College of Business and Science,https://www.acbscollege.org/,NA,NA,NA,NA,41,0.4054,0.0488,0.3171,0.6341,0,0,0,0,0,0,NA,13465,Fresno,CA,0,1
Zorganics Institute of Beauty and Wellness,https://www.zorganicsinstitute.edu/,NA,NA,NA,NA,11,0,0.2727,0.1818,0.3636,0,0.0909,0,0.0909,0,0,NA,NA,Bellingham,WA,0,1
Motion Picture Institute,https://www.motionpicture.edu/,NA,0.925,NA,NA,56,0.1284,0.6786,0.2321,0.0536,0.0179,0.0179,0,0,0,0,NA,NA,Troy,MI,0,1
Zen Shiatsu Chicago,www.zenshiatsuchicago.org/,NA,NA,NA,NA,95,0.0686,0.3895,0.0947,0.1368,0.0316,0.0105,0,0.0211,0,0.3158,NA,NA,Evanston,IL,0,1
The  Salon Professional Academy of Holland,www.tspaholland.com/,NA,NA,NA,NA,72,0.2203,0.9028,0.0278,0.0556,0.0139,0,0,0,0,0,NA,NA,Holland,MI,0,1
Dymond Designs Beauty School,https://ddbs.edu/,NA,NA,NA,NA,69,0.2444,0,0.9855,0.0145,0,0,0,0,0,0,NA,NA,Detroit,MI,0,1
National Institute for Medical Assistant Advancement (NIMAA),https://www.nimaa.edu/,NA,0.2071,NA,NA,203,0.3738,0.3005,0.0985,0.4187,0.0345,0.0394,0.0591,0.0345,0.0049,0.0099,NA,NA,Denver,CO,0,1
California Northstate University,www.cnsu.edu/,NA,0.8485,NA,NA,69,0,0.1884,0.058,0,0.6232,0,0,0.058,0,0.0725,1,NA,Elk Grove,CA,0,1
Antigua College International,www.antigua.edu/,NA,NA,NA,NA,266,0.7371,0.015,0.0714,0.9098,0,0,0,0,0,0.0038,0.5526,25822,Miami Lakes,FL,0,1
Burlington County Institute of Technology-Adult Education,www.bcit.cc/adulted,NA,NA,NA,NA,112,0.0642,0.5,0.25,0.0804,0.0625,0,0.0089,0.0625,0,0.0357,NA,NA,Westampton,NJ,1,0
Sri Sai Krish Institute,www.sskinstitute.org/,NA,NA,NA,NA,61,0.303,0,0.1148,0.5082,0.377,0,0,0,0,0,NA,NA,ORANGE,CA,0,1
Riggins Urban Barber College,www.rigginsurbanbarbercollegellc.com/,NA,NA,NA,NA,43,0.2952,0.0465,0.5814,0.2326,0.0698,0.0233,0,0.0465,0,0,NA,NA,San Diego,CA,0,1
Hair Arts Institute,www.hairartsinstitute.com/,NA,NA,NA,NA,32,0.5,0.8438,0.0313,0.0625,0,0.0313,0,0.0313,0,0,NA,NA,Oklahoma City,OK,0,1
Florida Academy of Nursing,www.fan.edu/,NA,NA,NA,NA,54,0.662,0.0556,0.8148,0.0556,0.0185,0,0,0,0,0.0556,NA,NA,Miramar,FL,0,1
Body Wisdom Massage Therapy School,www.bodywisdomschool.com/,NA,NA,NA,NA,36,0.05,0.8056,0.0833,0.0556,0,0,0,0.0556,0,0,NA,NA,Urbandale,IA,0,1
Lakewood University,https://lakewood.edu/,NA,NA,NA,NA,100,0.0549,0.2,0.62,0.13,0.02,0.03,0,0,0,0,NA,NA,Cleveland Heights,OH,0,1
CTK Healthcare & Career Institute,www.ctkhealthcare.com/,NA,NA,NA,NA,45,0.4626,0,0.4222,0,0.5778,0,0,0,0,0,NA,NA,Irving,TX,0,1
Aesthetics Institute,https://www.aiskin.org/,NA,NA,NA,NA,16,0.2143,0,0,0,0,0,0,1,0,0,NA,NA,St. Louis,MO,0,1
Sierra Academy of Style,sascarsoncity.com/,NA,NA,NA,NA,94,0.4968,0.5532,0.0106,0.2979,0,0.0319,0.0213,0.0638,0.0213,0,NA,NA,Carson City,NV,0,1
Institute of Allied Healthcare,https://www.alliedhealthedu.com/,NA,NA,NA,NA,69,0,0.1594,0.1884,0.4638,0.0145,0,0,0.1739,0,0,NA,NA,San Antonio,TX,0,1
NewU University,https://newu.university/,NA,0.9902,NA,NA,34,0,0,0.6176,0.2353,0.0588,0,0,0.0882,0,0,NA,NA,Washington,DC,0,1
Branford Academy of Hair & Cosmetology-Bridgeport,https://branfordacademy.com/,NA,NA,NA,6333,36,1,0,0.6667,0.3056,0.0278,0,0,0,0,0,NA,NA,Bridgeport,CT,0,1
United Education Institute-Las Vegas,https://www.uei.edu/,NA,NA,NA,9500,749,0.7129,0.0387,0.1656,0.2523,0.0053,0.0013,0.0107,0.0227,0,0.5033,NA,NA,Las Vegas,NV,0,1
UEI College-Mesa,https://www.uei.edu/,NA,NA,NA,9500,565,0.7316,0.0566,0.0549,0.2478,0.0053,0.1239,0.0053,0.0018,0,0.5044,NA,NA,Mesa,AZ,0,1
Larry's Barber College-Joliet,https://www.larrysbarbercollege.com/,NA,NA,NA,3945,22,1,0,0.4545,0.5455,0,0,0,0,0,0,NA,NA,Joliet,IL,0,1
Herzing University-Tampa,https://herzing.edu/,NA,0.8696,NA,21500,237,0.4865,0.2658,0.4093,0.2152,0.0295,0.0084,0,0.0169,0,0.0549,NA,26118,Tampa,FL,0,1
Galen Health Institutes-Miami Campus,https://galencollege.edu/campuses/miami,NA,NA,NA,24166,635,0.5478,0.1039,0.474,0.2425,0.0205,0.0047,0.0047,0.0094,0,0.1402,NA,33847,Pembroke Pines,FL,0,1
Remington College-Online Dallas,https://www.remingtoncollege.edu/locations/online/,NA,NA,NA,13271,111,0.8894,0.0541,0.3874,0.009,0,0,0,0.009,0,0.5405,NA,28936,Dallas,TX,0,1
Abilene Christian University-Undergraduate Online,https://www.acu.edu/academics/online/undergraduate,NA,1,NA,24250,918,0.5992,0.4499,0.195,0.2364,0.0142,0.0033,0,0.0338,0.0098,0.0577,NA,19042,Addison,TX,0,1
Madera Community College,https://www.maderacollege.edu/,NA,NA,NA,NA,3852,0.1806,0.17,0.0293,0.6778,0.0807,0.0039,0.001,0.0286,0,0.0086,NA,9875,Madera,CA,1,0
Ogle School Hair Skin Nails-Willowbrook,https://ogleschool.edu/,NA,NA,NA,7917,438,0.654,0.1073,0.5228,0.274,0.0183,0.0091,0.0023,0.0571,0,0.0091,NA,NA,Houston,TX,0,1
University of Silicon Andhra,https://www.uofsa.edu/,NA,0.9545,NA,NA,87,0,0,0,0,0.6207,0,0,0,0.3793,0,NA,NA,Milpitas,CA,0,1
Galen Health Institutes-Austin Campus,https://galencollege.edu/campuses/austin,NA,NA,NA,24166,917,0.5144,0.2715,0.289,0.2301,0.048,0.0044,0.0011,0.0327,0,0.1232,NA,31562,Round Rock,TX,0,1
Galen Health Institutes-Nashville Campus,https://galencollege.edu/campuses/nashville,NA,NA,NA,24166,763,0.4218,0.4731,0.2936,0.055,0.0157,0.0079,0.0026,0.0236,0,0.1284,NA,31743,Nashville,TN,0,1
Ohio Business College-Dayton-Driving Academy,https://ohiobusinesscollege.edu/,NA,NA,NA,12416,126,0.0323,0.4683,0.4921,0.0079,0.0079,0,0,0,0,0.0238,NA,NA,Trotwood,OH,0,1
The Rapha School,https://www.theraphaschool.com/,NA,0.3846,NA,NA,51,0.5273,0.8824,0.098,0,0.0196,0,0,0,0,0,NA,NA,Home,PA,0,0
Academy of Allied Health Careers,https://www.aahctn.edu/,NA,NA,NA,NA,196,0.3214,0.5408,0.3469,0.051,0.0051,0.0102,0,0.0408,0,0.0051,NA,NA,Chattanooga,TN,0,1
Mei Barber School,https://www.meibarberschool.com/,NA,NA,NA,NA,96,0.4663,0,0,0.9583,0,0,0,0,0.0417,0,NA,NA,Brownsville,TX,0,1
Great Northern University,https://www.greatnorthernu.org/,NA,1,NA,NA,36,0.4571,0.7778,0,0.1667,0.0278,0,0,0,0,0.0278,NA,32695,Spokane,WA,0,1
Salon Professional Academy-Elevate Salon Institute,https://www.esimiamibeach.com/,NA,NA,NA,7528,55,0.3784,0.3636,0.1273,0.3818,0.0545,0,0.0182,0.0182,0,0.0364,NA,NA,Miami Beach,FL,0,1
Arizona College of Nursing-Salt Lake City,https://www.arizonacollege.edu/,NA,1,NA,9500,323,0.4845,0.6347,0.0402,0.2012,0.0433,0.0093,0.031,0.0372,0,0.0031,NA,35805,Murray,UT,0,1
Arizona College-Glendale,https://www.arizonacollege.edu/,NA,NA,NA,9500,306,0.7263,0.2059,0.1895,0.4739,0.0196,0.0392,0.0098,0.0621,0,0,NA,31871,Glendale,AZ,0,1
Universal Technical Institute-West Texas,https://www.uti.edu/,NA,NA,NA,14267,955,0.656,0.2492,0.0702,0.512,0.0094,0.0042,0.0073,0.1257,0,0.022,NA,NA,Austin,TX,0,1
Avalon Institute-Las Vegas,https://avalon.edu/las-vegas-nv/,NA,NA,NA,6332,342,0.7278,0.1433,0.2251,0.4181,0.076,0.0058,0.0058,0.0994,0,0.0263,NA,NA,Las Vegas,NV,0,1
Medspa Academies-National Institute of Modern Aesthetics,https://www.nima.edu/,NA,NA,NA,NA,176,0.4343,0.3352,0.0795,0.3068,0.0852,0.0114,0.0284,0.1136,0,0.0398,NA,NA,Las Vegas,NV,0,1
American Institute-Cherry Hill,https://www.americaninstitute.edu/,NA,NA,NA,11979,400,0.8458,0.17,0.47,0.28,0.015,0,0.0025,0.0625,0,0,NA,NA,Cherry Hill,NJ,0,1
Glendale Career College-North-West College-Bakersfield,https://www.success.edu/,NA,NA,NA,9500,387,0.6658,0.1628,0.0879,0.4522,0.0879,0.0052,0.0078,0.1938,0,0.0026,NA,NA,Bakersfield,CA,0,1
Barber Education Academy,https://thebarbereducation.com/,NA,NA,NA,NA,43,0.6833,0.0233,0,0.9535,0,0,0,0.0233,0,0,NA,NA,Laredo,TX,0,1
Legends Barber College,https://www.legends-barber-college.com/,NA,NA,NA,NA,28,0.7872,0.0714,0.5357,0.3929,0,0,0,0,0,0,NA,NA,Lufkin,TX,0,0
Academia Medical Institute,https://www.amiohio.edu/,NA,0.4081,NA,NA,133,0.7763,0.0752,0.9173,0,0.0075,0,0,0,0,0,NA,28083,Columbus,OH,0,1
Barbers Trade School,https://www.barbersinctx.com/,NA,NA,NA,NA,14,0.8113,0.2143,0.6429,0.1429,0,0,0,0,0,0,NA,NA,Beaumont,TX,0,1
Top of the Line Barber School,https://totlbarberschool.org/,NA,NA,NA,NA,98,0.5724,0.102,0.3265,0.5204,0,0,0,0.0306,0,0.0204,NA,NA,San Antonio,TX,0,1
Bridges Christian College,https://www.bcc.edu/,NA,NA,NA,NA,108,0.4262,0.7778,0.1389,0.0741,0,0,0,0.0093,0,0,NA,NA,New Orleans,LA,0,1
Kino College,https://kinocollege.edu/,NA,NA,NA,NA,29,0.6786,0.2759,0.0345,0.4828,0.0345,0,0,0.0345,0,0.1379,NA,NA,Tucson,AZ,0,1
Salon Professional Academy,https://www.tspahowell.com/,NA,NA,NA,NA,143,0.3394,0.5455,0.1119,0.2937,0.028,0.007,0.014,0,0,0,NA,NA,Howell,NJ,0,1
Southern California College of Barber and Beauty,https://sccbb.edu/,NA,NA,NA,NA,75,0.5378,0.12,0.12,0.7067,0,0.0133,0,0.04,0,0,NA,NA,Escondido,CA,0,1
Hello Gorgeous Barbers Stillwater's School of Barbering,https://www.hellogorgeousbarberschool.com/,NA,NA,NA,NA,19,0.4324,0.8947,0.0526,0,0,0,0,0.0526,0,0,NA,NA,Stillwater,OK,0,0
Jackson Theological Seminary,https://jtseminary.edu/,NA,NA,NA,NA,1,NA,0,1,0,0,0,0,0,0,0,NA,NA,North Little Rock,AR,0,1
Redeemers University North America,https://www.rccgnaseminary.org/,NA,0.9231,NA,NA,6,0.0061,0,1,0,0,0,0,0,0,0,NA,NA,Greenville,TX,0,0
Personal Touch Beauty and Barber College,https://www.ptbbcollege.com/,NA,NA,NA,NA,12,0.7857,0.0833,0.9167,0,0,0,0,0,0,0,NA,NA,Kingstree,SC,0,0
Reach University,https://www.reach.edu/,NA,0.9915,NA,NA,1226,0.6111,0.5734,0.2749,0.0783,0.0065,0.0106,0.0041,0.022,0,0.0302,NA,24225,Oakland,CA,0,1
Technology Learning Center,https://tlcedu.com/,NA,NA,NA,NA,24,0.1786,0.7083,0.2917,0,0,0,0,0,0,0,NA,NA,Oxford,MA,0,1
Hair Academy,https://www.hairacademyllc.com/,NA,NA,NA,NA,9,0.36,0.8889,0.1111,0,0,0,0,0,0,0,NA,NA,Chillicothe,OH,0,0
Sweetwater Institute of Cosmetology,https://www.sweetwatercosmetology.com/,NA,NA,NA,NA,33,0.4872,0.9091,0,0.0606,0.0303,0,0,0,0,0,NA,NA,Sweetwater,TN,0,0
American College of Healthcare and Technology-Santa Ana,https://www.ach.edu/,NA,NA,NA,9500,85,0.8704,0.1059,0.0118,0.8353,0.0235,0,0,0.0118,0,0.0118,NA,NA,Santa Ana,CA,0,1
Aviation Institute of Maintenance-Chicago,https://aviationmaintenance.edu/campuses/chicago-il,NA,NA,NA,31301,221,0.7,0.095,0.4299,0.3937,0.0271,0.0136,0.0045,0.0362,0,0,NA,30941,Chicago,IL,0,1
Evangel University-College of Online Learning,https://www.evangel.edu/,NA,0.45,NA,24736,213,0.525,0.8075,0.0188,0.108,0.0282,0.0141,0,0.0047,0.0047,0.0141,NA,20433,Springfield,MO,0,1
Marian University-Ancilla,https://www.marian.edu/ancilla,NA,0.8953,NA,27000,217,0.5066,0.576,0.2028,0.1198,0,0,0,0.0599,0.0184,0.023,NA,36245,Plymouth,IN,0,0
Spa Tech Institute-North Andover,https://www.spatech.edu/,NA,NA,NA,6333,144,0.3607,0.4514,0.0694,0.3681,0.0625,0.0069,0,0.0347,0,0.0069,NA,NA,North Andover,MA,0,1
Aveda Arts & Sciences Institute Lafayette-Arlington,https://avedaarts.edu/,NA,NA,NA,7916,211,0.504,0.2322,0.4171,0.1943,0.019,0.0047,0.0047,0.0284,0,0.0995,NA,NA,Arlington,VA,0,1
Concorde Career College-Broadway,https://www.concorde.edu/campus/kansas-city-missouri,NA,0.9767,NA,9500,31,0.662,0.1613,0.3871,0.1613,0,0.0323,0.0323,0.0323,0,0.1935,NA,NA,Kansas City,MO,0,1
United Education Institute-Stone Mountain,https://www.uei.edu/,NA,NA,NA,9500,785,0.8664,0.0089,0.4013,0.0535,0.0051,0.0025,0.0038,0.0089,0,0.5159,NA,NA,Stone Mountain,GA,0,1
UEI College-Tacoma,https://www.uei.edu/,NA,NA,NA,9500,557,0.6954,0.1005,0.0646,0.1724,0.0108,0.0126,0.0431,0.0233,0,0.5727,NA,NA,Tacoma,WA,0,1
Montgomery Beauty School-Baltimore Beauty & Barber School,https://www.https//www.baltimorebeautybarberschool.com,NA,NA,NA,11845,252,0.3941,0.0476,0.881,0.0635,0,0.0079,0,0,0,0,NA,NA,Baltimore,MD,0,1
Commonwealth of Puerto Rico Department of Education-PRAMI,https://prami-fajardo.wixsite.com/admin,NA,NA,NA,NA,81,0,0,0,1,0,0,0,0,0,0,NA,NA,Fajardo,PR,1,1
Universal Technical Institute-South Florida Miramar,https://www.uti.edu/,NA,NA,NA,13124,497,0.807,0.1328,0.2072,0.4708,0.0141,0.006,0.002,0.1087,0,0.0584,NA,NA,Miramar,FL,0,1
Arizona College of Nursing-Southfield,https://www.arizonacollege.edu/,NA,1,NA,9500,415,0.6667,0.253,0.6241,0.0482,0.0193,0.0072,0.0024,0.0458,0,0,NA,38951,Southfield,MI,0,1
Galen Health Institutes-Sarasota,https://galencollege.edu/campuses/sarasota,NA,NA,NA,24166,404,0.5154,0.4257,0.255,0.1287,0.0149,0.0099,0.0025,0.0347,0,0.1287,NA,54064,Sarasota,FL,0,1
Galen Health Institutes-Gainesville,https://galencollege.edu/campuses/gainesville,NA,NA,NA,24166,638,0.6563,0.315,0.4075,0.0455,0.0266,0.0031,0,0.0298,0,0.1724,NA,54524,Gainesville,FL,0,1
Galen Health Institutes-Richmond,https://galencollege.edu/campuses/richmond,NA,NA,NA,24166,374,0.4575,0.2326,0.492,0.0561,0.0374,0.0027,0.0027,0.0214,0,0.1551,NA,47865,Richmond,VA,0,1
Galen Health Institutes-Myrtle Beach,https://galencollege.edu/campuses/myrtle-beach,NA,NA,NA,24166,629,0.4286,0.496,0.2734,0.0397,0.0048,0.0032,0.0016,0.0334,0,0.1479,NA,49542,Myrtle Beach,SC,0,1
Galen Health Institutes-Asheville,https://galencollege.edu/campuses/asheville,NA,NA,NA,24166,183,0.5769,0.5574,0.2186,0.0492,0,0,0.0055,0.0273,0,0.1421,NA,79782,Asheville,NC,0,1
The Salon Professional Academy Maplewood,https://www.tspamaplewood.com/,NA,NA,NA,NA,73,0.2115,0.7534,0.0411,0.0548,0.1233,0,0,0.0274,0,0,NA,NA,Maplewood,MN,0,1
Xtylo Beauty College,https://xtylocollege.com/,NA,NA,NA,NA,93,0.4405,0.0323,0,0.828,0.043,0,0,0,0.0968,0,NA,NA,Tolleson,AZ,0,1
San Francisco School of Massage & Bodywork,https://www.sfsm.edu/,NA,NA,NA,NA,131,0.1104,0.3817,0.0458,0.1603,0.1527,0,0.0229,0.1374,0.0916,0.0076,NA,NA,San Francisco,CA,0,1
Chancellor Institute,https://ichancellor.edu/,NA,0.8961,NA,NA,102,0.314,0.2255,0.5784,0.1667,0,0,0.0098,0.0196,0,0,NA,NA,Ft Laurderdale,FL,0,1
The Salon Professional Academy,https://www.tspacollegeville.com/,NA,NA,NA,NA,72,0.069,0.7222,0.0972,0.0833,0,0,0,0.0972,0,0,NA,NA,Collegeville,PA,0,1
Studio 75 Hair Academy,https://studio75academy.com/,NA,NA,NA,NA,12,0.6,0.25,0.75,0,0,0,0,0,0,0,NA,NA,Millington,TN,0,0
Commercial Diving Technologies Institute,https://www.cdtdiving.com/,NA,NA,NA,NA,177,0.3493,0.904,0.0169,0.0113,0,0,0,0,0,0.0678,NA,NA,Hudson,FL,0,1
Boone Career and Technical Center,https://www.gobctc.com/,NA,NA,NA,NA,85,0.1988,0.9882,0.0118,0,0,0,0,0,0,0,NA,NA,Foster,WV,1,0
Edge Academy of Beauty,https://edgeacademy.edu/,NA,NA,NA,NA,37,0.4203,0.9189,0,0,0,0.027,0,0.0541,0,0,NA,NA,Manchester,KY,0,0
Premier Barber School,https://www.premierbarberschool.com/,NA,NA,NA,NA,48,0.2069,0.0208,0.7083,0.2708,0,0,0,0,0,0,NA,NA,Houston,TX,0,1
Arizona College of Nursing-Falls Church,https://www.arizonacollege.edu/,NA,1,NA,9500,284,0.5208,0.1303,0.5211,0.1972,0.0915,0.0035,0.0106,0.0458,0,0,NA,38123,Falls Church,VA,0,1
Arizona College of Nursing-Ontario,https://www.arizonacollege.edu/,NA,1,NA,9500,279,0.5933,0.0717,0.1254,0.5771,0.0896,0.0036,0.0072,0.1004,0,0.0251,NA,43703,Ontario,CA,0,1
Galen Health Institutes-Houston,https://galencollege.edu/campuses/houston,NA,NA,NA,24166,543,NA,0.1234,0.4899,0.105,0.0387,0.0074,0.0018,0.0074,0,0.2265,NA,NA,Houston,TX,0,1
Galen Health Institutes-Pikeville,https://galencollege.edu/campuses/pikeville,NA,NA,NA,24166,122,0.7308,0.9262,0.0082,0.0082,0,0,0,0.0082,0,0.0492,NA,42163,Pikeville,KY,0,0
Stellar Career College,https://stellarcollege.edu/,NA,NA,NA,4834,78,0.6468,0.0128,0.1795,0.7692,0.0385,0,0,0,0,0,NA,NA,Chicago,IL,0,1
Commonwealth University of Pennsylvania,https://www.commonwealthu.edu/,1093,0.9475,NA,26000,9309,0.2934,0.7739,0.059,0.0686,0.0108,0.0028,6e-4,0.0258,0.0044,0.054,0.5831,25781,Bloomsburg,PA,1,0
Pennsylvania Western University,https://www.pennwest.edu/,1076,0.9365,NA,23725,8134,0.3686,0.7434,0.0805,0.0397,0.0096,0.0014,0.0011,0.0312,0.0119,0.0811,0.5324,27618,California,PA,1,0
Aveda Institute Montana,https://www.avedainstitutemontana.com/,NA,NA,NA,NA,34,0.0339,0.7941,0,0,0,0.0294,0.0588,0.0294,0,0.0882,NA,NA,Billings,MT,0,1
Lehigh Career & Technical Institute,https://www.lcti.org/adulted,NA,NA,NA,NA,12,0,0.5833,0.1667,0.25,0,0,0,0,0,0,NA,NA,Schnecksville,PA,1,0
CalCopa Massage School,https://www.calcopamassageschool.com/,NA,NA,NA,NA,19,0.3871,0.3158,0,0.1579,0.4211,0,0.0526,0,0.0526,0,NA,NA,Huntington Beach,CA,0,1
Medical Solutions Academy,https://www.medicalsolutionsacademy.org/,NA,NA,NA,NA,106,0,0.1415,0.8396,0.0189,0,0,0,0,0,0,NA,NA,Danville,VA,0,0
Sami Halaseh Institute,https://www.samihalasehinstitute.com/,NA,NA,NA,NA,23,0.0185,0.6522,0.087,0.1739,0,0,0,0.0435,0,0.0435,NA,NA,Andover,KS,0,1
Beaver Beauty Academy,https://bba.edu/,NA,NA,NA,NA,57,0.9194,0,1,0,0,0,0,0,0,0,NA,NA,Decatur,GA,0,1
Upper Kutz Barber & Style College,https://www.upperkutzbarbercollege.com/,NA,NA,NA,NA,28,0.6222,0.0357,0.8929,0.0357,0,0.0357,0,0,0,0,NA,NA,Greenville,MS,0,0
All In The Wrist Barber Academy,https://www.aitwbarberacademy.com/,NA,NA,NA,NA,17,0.5217,0,0.8235,0.1765,0,0,0,0,0,0,NA,NA,Smyrna,DE,0,1
Yeshiva of Kasho,https://yokny.org/,NA,NA,NA,NA,174,0.7342,1,0,0,0,0,0,0,0,0,NA,19153,Brooklyn,NY,0,1
Cutting Edge Barber Academy,https://thecuttingedgebarberacademy.com/,NA,NA,NA,NA,28,0.6875,0.1429,0.25,0.5714,0,0,0,0.0357,0,0,NA,NA,Lancaster,PA,0,1
JT's Cuts Academy,https://www.jtcutsacademy.com/,NA,NA,NA,NA,36,0.3273,0.1667,0.3056,0.4167,0,0.0556,0,0,0,0.0556,NA,NA,Fort Lauderdale,FL,0,1
The Nurse Academy,https://thenurseacademy.com/,NA,NA,NA,NA,34,0.8182,0.0882,0.0294,0.3529,0.5,0,0,0.0294,0,0,NA,NA,National City,CA,0,1
Heartland Welding Academy,https://www.heartlandweldingacademy.com/,NA,NA,NA,NA,34,0.2,0.7059,0,0.2059,0,0,0,0.0294,0,0.0588,NA,NA,Andover,KS,0,1
Jazz Barber and Hairstyling Academy,https://jazzhairacademy.com/,NA,NA,NA,NA,36,0.4727,0.0556,0.9444,0,0,0,0,0,0,0,NA,NA,Petersburg,VA,0,1
Renaissance Beauty Academy,https://www.renaissancebeautyacademy.com/,NA,NA,NA,NA,68,0.2717,0.8529,0.1029,0,0,0,0,0,0,0.0441,NA,NA,Cape Girardeau,MO,0,1
Central Valley Barber College,https://www.centralvalleybarbercollege.com/,NA,NA,NA,NA,101,0.259,0.2079,0.0297,0.703,0.0495,0,0,0.0099,0,0,NA,NA,Riverbank,CA,0,1
One Stop Academy,https://www.onestopacademync.com/,NA,NA,NA,NA,19,0.4167,0.0526,0.5263,0.2632,0,0,0.1053,0.0526,0,0,NA,NA,Fayetteville,NC,0,1
East Texas Cosmetology College,https://www.easttxcc.com/,NA,NA,NA,NA,39,0,0.7949,0,0.1282,0,0,0,0.0769,0,0,NA,NA,Lufkin,TX,0,0
Yeshivas Sanz Klauzenburg,https://yeshivasanzk.org/,NA,NA,NA,NA,107,0.7476,1,0,0,0,0,0,0,0,0,NA,17500,Brooklyn,NY,0,1
URBE University,https://urbeuniversity.edu/,NA,NA,NA,NA,28,0,0,0,1,0,0,0,0,0,0,NA,NA,Sweetwater,FL,0,1
Artisan Academy of Cosmetology,https://art22academy.com/,NA,NA,NA,NA,42,0,0.8333,0,0.1667,0,0,0,0,0,0,NA,NA,Fort Wayne,IN,0,1
Champ's Barber School-Lebanon,https://www.champsbarberschool.com/,NA,NA,NA,NA,19,0.5294,0.2632,0.1053,0.6316,0,0,0,0,0,0,NA,NA,Lebanon,PA,0,1
Collectiv Hair Dressing Academy-Collectiv Academy-Dallas,https://collectivacademy.com/,NA,NA,NA,10540,149,0.6216,0.3289,0.2617,0.2081,0.0336,0.0268,0.0067,0.047,0,0.0872,NA,NA,Dallas,TX,0,1
Homestead Schools-Costa Mesa,https://homesteadschools.net/,NA,NA,NA,18040,24,0.6667,0.0417,0.3333,0.375,0.25,0,0,0,0,0,NA,NA,Costa Mesa,CA,0,1
Innovate Salon Academy,https://www.innovatesalonacademy.com/,NA,NA,NA,6333,166,0.1613,0.6325,0.0723,0.1446,0.012,0,0,0.0964,0,0.0422,NA,NA,Brick Township,NJ,0,1
Herzing University-Nashville,https://www.herzing.edu/,NA,0.9118,NA,21500,75,NA,0.4533,0.4,0.0533,0,0.0133,0,0.0133,0,0.0667,NA,NA,Nashville,TN,0,1
College of Biomedical Equipment Technology,https://www.cbet.edu/,NA,NA,NA,NA,296,0,0.0912,0.0304,0.0541,0.0372,0.0034,0.0034,0.0034,0.0068,0.7703,NA,NA,Schertz,TX,0,1
Dorsey College-Grand Rapids,https://www.dorsey.edu/,NA,NA,NA,13000,85,0,0.7529,0.0824,0.0588,0,0,0,0.0824,0,0.0235,NA,NA,Grand Rapids,MI,0,1
Baltimore Beauty & Barber School II,https://baltimorebeautybarberschool2.com/,NA,NA,NA,13000,65,0.7647,0.1077,0.8308,0.0308,0,0,0.0154,0,0,0.0154,NA,NA,Timonium,MD,0,1
Galen Health Institutes-Dallas,https://galencollege.edu/campuses/dallas,NA,NA,NA,24166,554,NA,0.1552,0.4892,0.0758,0.0614,0.0018,0.0018,0.0126,0,0.2022,NA,NA,Richardson,TX,0,1
Galen Health Institutes-Roanoke,https://www.galencollege.edu/roanoke,NA,NA,NA,24166,173,NA,0.5549,0.2601,0.0058,0.0058,0.0116,0.0058,0.0289,0,0.1272,NA,NA,Roanoke,VA,0,1
Galen Health Institutes-Wichita,https://galencollege.edu/campuses/wichita,NA,NA,NA,24166,97,NA,0.4845,0.2887,0.0309,0.0206,0.0103,0,0.0206,0,0.1443,NA,NA,Wichita,KS,0,1
Galen Health Institutes-Salt Lake City,https://galencollege.edu/campuses/salt-lake-city,NA,NA,NA,24166,63,NA,0.7302,0.0635,0,0.0159,0.0317,0.0159,0,0,0.1429,NA,NA,Draper,UT,0,1
Academy of Cosmetology Barbering and Esthetics,https://www.acbebeautycollege.com/,NA,NA,NA,NA,40,0.4286,0.4,0.45,0.15,0,0,0,0,0,0,NA,NA,Oklahoma City,OK,0,1
Aveda Institute Tucson-Avondale,https://www.avedainstituteavondale.com/,NA,NA,NA,6333,75,0.5114,0.3067,0.0533,0.52,0,0,0.0133,0.0267,0,0.08,NA,NA,Avondale,AZ,0,1
Premiere Aesthetics Institute-Meridian,https://www.premiereaestheticsinstitute.com/,NA,NA,NA,NA,36,0.2826,0.8889,0.0278,0,0.0278,0,0,0.0556,0,0,NA,NA,Meridian,ID,0,1
Arizona College of Nursing-Sarasota,https://www.arizonacollege.edu/,NA,1,NA,9500,98,0.6,0.3878,0.2857,0.2449,0.0306,0,0,0.051,0,0,NA,NA,University Park,FL,0,1
Arizona College of Nursing-Aurora,https://www.arizonacollege.edu/,NA,1,NA,9500,212,NA,0.3113,0.184,0.4009,0.0472,0.0094,0.0047,0.0425,0,0,NA,NA,Aurora,CO,0,1
Arizona College of Nursing-Cincinnati,https://www.arizonacollege.edu/,NA,1,NA,9500,65,NA,0.2769,0.6,0.0462,0.0154,0,0,0.0615,0,0,NA,NA,Cincinnati,OH,0,1
Arizona College of Nursing-Cleveland,https://www.arizonacollege.edu/,NA,1,NA,9500,84,NA,0.131,0.7619,0.0714,0,0,0,0.0357,0,0,NA,NA,Beachwood,OH,0,1
Glendale Career College-North-West College-MFSON,https://nw.edu/,NA,NA,NA,9500,218,0.5229,0.0505,0.0413,0.5459,0.2798,0.0092,0.0138,0.0505,0.0046,0.0046,NA,NA,West Covina,CA,0,1
Denver College of Nursing-Houston,https://www.denvercollegeofnursing.edu/,NA,NA,NA,26500,70,NA,0.1571,0.5143,0.1429,0.1571,0,0.0143,0,0,0.0143,NA,NA,Houston,TX,0,1
Gwinnett Institute,https://www.gwinnettcollege.edu/,NA,NA,NA,13000,324,0.685,0.0679,0.7377,0.1173,0.0185,0,0.0031,0.0062,0,0.0494,NA,NA,Orlando,FL,0,1
Puerto Rico Advance Institute,www.prai2010.com/,NA,NA,NA,NA,25,0,0,0,1,0,0,0,0,0,0,NA,NA,Bayamon,PR,0,1
Austin Medical Assistant Training,https://amat.edu/,NA,NA,NA,NA,158,0,0.1203,0.0759,0.5443,0.1582,0.0316,0,0,0,0.0696,NA,NA,Forest Hills,NY,0,1
Albany Beauty Academy,https://www.albanybeautyacademy.com/,NA,NA,NA,NA,8,0,0,1,0,0,0,0,0,0,0,NA,NA,Albany,GA,0,1
Wade Gordon Hairdressing Academy-Oklahoma,https://wadegordonacademy.com/,NA,NA,NA,9833,13,0,0.6923,0.0769,0.0769,0.0769,0.0769,0,0,0,0,NA,NA,Oklahoma City,OK,0,1
EDP University of Puerto Rico-Caguas,https://www.edpuniversity.edu/,NA,NA,NA,14000,0,NA,0,0,0,0,0,0,0,0,0,NA,NA,Caguas,PR,0,1
Aviation Institute of Maintenance-Phoenix,https://aviationmaintenance.edu/phoenix-2/,NA,NA,NA,29773,0,NA,0,0,0,0,0,0,0,0,0,NA,NA,Phoenix,AZ,0,1
Galen Health Institutes-Las Vegas,https://galencollege.edu/,NA,NA,NA,24166,0,NA,0,0,0,0,0,0,0,0,0,NA,NA,Las Vegas,NV,0,1
Stellar Career College-Crown Point,https://in.stellarcollege.edu/,NA,NA,NA,4834,76,0,0.0526,0.4079,0.5,0,0,0,0.0263,0,0.0132,NA,NA,Crown Point,IN,0,1
Tulsa Welding School-Dallas Campus,https://www.tws.edu/,NA,NA,NA,9500,244,NA,0.2131,0.2664,0.3975,0.0123,0.0041,0.0041,0,0,0.1025,NA,NA,Irving,TX,0,1
Barber Tech Academy-Columbia,https://barbertechacademy.com/,NA,NA,NA,NA,32,0,0,1,0,0,0,0,0,0,0,NA,NA,Columbia,SC,0,1
