INSTNM,UGDS,UGDS_MEN,UGDS_WOMEN,UGDS_WHITE,UGDS_BLACK,UGDS_HISP,UGDS_ASIAN,UGDS_AIAN,UGDS_NHPI,UGDS_2MOR,UGDS_NRA,UGDS_UNKN,PCTPELL
Alabama A & M University,5726,0.4172,0.5828,0.018,0.9043,0.015,0.0017,0.0012,0.001,0.0182,0.0196,0.021,0.6441
University of Alabama at Birmingham,12118,0.3737,0.6263,0.4832,0.2657,0.0776,0.0915,0.002,7e-4,0.0515,0.0214,0.0064,0.3318
Amridge University,226,0.3717,0.6283,0.2788,0.6681,0.031,0,0.0044,0.0044,0,0,0.0133,0.6842
University of Alabama in Huntsville,6650,0.6096,0.3904,0.694,0.0907,0.0719,0.0423,0.0074,0.0015,0.0508,0.0129,0.0286,0.225
Alabama State University,3322,0.3624,0.6376,0.0223,0.9082,0.0111,0.0018,0.0015,0.0012,0.0126,0.0205,0.0208,0.7203
The University of Alabama,32323,0.4395,0.5605,0.7227,0.1103,0.0692,0.0148,0.0029,9e-4,0.0356,0.0078,0.0359,0.1799
Central Alabama Community College,1134,0.3792,0.6208,0.6508,0.2601,0.0423,0.0044,9e-4,0,0.0353,0.0044,0.0018,0.2853
Athens State University,2407,0.2842,0.7158,0.7603,0.1172,0.0536,0.0075,0.0137,8e-4,0.0353,0.0037,0.0079,0.4238
Auburn University at Montgomery,2693,0.339,0.661,0.4218,0.4203,0.0178,0.033,0.0041,0.0011,0.0486,0.046,0.0071,0.4275
Auburn University,25732,0.4995,0.5005,0.8303,0.0418,0.0432,0.0283,0.0026,6e-4,0.0299,0.0199,0.0034,0.1226
Birmingham-Southern College,713,0.5512,0.4488,0.7041,0.1613,0.0799,0.0182,0,0,0.0154,0.0196,0.0014,0.2256
Chattahoochee Valley Community College,1044,0.3228,0.6772,0.3506,0.4923,0.0824,0.0105,0.001,0.001,0.0575,0,0.0048,0.3931
South University-Montgomery,302,0.1589,0.8411,0.1755,0.7815,0.0066,0.0066,0,0,0.0132,0.0066,0.0099,0.6952
Enterprise State Community College,1476,0.5047,0.4953,0.6152,0.2161,0.0623,0.0108,0.0095,0.002,0.0671,0.0075,0.0095,0.3502
Coastal Alabama Community College,4714,0.3432,0.6568,0.6245,0.2403,0.0482,0.0066,0.0165,0.0019,0.0566,0.0028,0.0025,0.346
Faulkner University,1555,0.4624,0.5376,0.4508,0.4019,0.0559,0.0096,0.0032,0.0013,0.0129,0.0418,0.0225,0.4381
Gadsden State Community College,3619,0.3573,0.6427,0.6709,0.1802,0.0729,0.0099,0.003,6e-4,0.0531,0.0083,0.0011,0.4736
New Beginning College of Cosmetology,39,0,1,0.8205,0,0.1795,0,0,0,0,0,0,0.4557
George C Wallace Community College-Dothan,3053,0.2915,0.7085,0.5237,0.3344,0.0714,0.0108,0.0016,0.002,0.0481,0.0029,0.0049,0.487
George C Wallace State Community College-Hanceville,4413,0.3222,0.6778,0.763,0.0872,0.0947,0.0075,0.0039,5e-4,0.0363,0.0061,9e-4,0.3229
George C Wallace State Community College-Selma,828,0.3635,0.6365,0.1329,0.814,0.0133,0.0085,0.0012,0,0.0254,0.0036,0.0012,0.3677
Herzing University-Birmingham,445,0.1528,0.8472,0.2674,0.6292,0.0337,0.0022,0.0022,0.0045,0.0337,0,0.027,0.6368
Huntingdon College,865,0.5653,0.4347,0.6647,0.2,0.0566,0.0046,0.0058,0.0023,0.0462,0,0.0197,0.3879
Heritage Christian University,63,0.8889,0.1111,0.8254,0.0952,0.0476,0,0.0159,0,0,0.0159,0,0.3537
J. F. Drake State Community and Technical College,719,0.3658,0.6342,0.249,0.5981,0.0695,0.0056,0.0028,0.0014,0.057,0.0083,0.0083,0.4436
J F Ingram State Technical College,826,0.8814,0.1186,0.4128,0.5375,0.0291,0.0036,0.0024,0.0024,0.0024,0.0085,0.0012,0
Jacksonville State University,7030,0.403,0.597,0.6011,0.2455,0.0516,0.0065,0.003,0.0011,0.043,0.0309,0.0172,0.4309
Jefferson State Community College,5443,0.3489,0.6511,0.5574,0.2552,0.1034,0.0217,0.0024,2e-4,0.0371,0.0208,0.0018,0.2863
John C Calhoun State Community College,6928,0.4326,0.5674,0.6136,0.1682,0.1015,0.0199,0.0101,0.0017,0.0745,0.0069,0.0036,0.3143
Lawson State Community College,2720,0.3467,0.6533,0.1051,0.7985,0.0474,0.0037,7e-4,0.0011,0.0379,0.0044,0.0011,0.5978
University of West Alabama,2666,0.2888,0.7112,0.4745,0.3807,0.0323,0.0019,0.0075,4e-4,0.0263,0.0233,0.0533,0.5401
Lurleen B Wallace Community College,1122,0.3734,0.6266,0.6845,0.2228,0.0303,0.008,0.0036,9e-4,0.0446,0.0018,0.0036,0.3624
Marion Military Institute,308,0.7305,0.2695,0.5455,0.2727,0.0877,0.013,0.0097,0.0032,0.0584,0.0032,0.0065,0.4344
Miles College,1151,0.4709,0.5291,0.0252,0.9513,0.0182,9e-4,0,0,0.0026,0,0.0017,0.7552
University of Mobile,1079,0.3967,0.6033,0.6228,0.1761,0.0315,0.013,0.0204,0.0019,0.0575,0.0306,0.0463,0.2986
University of Montevallo,2087,0.3977,0.6023,0.6555,0.1639,0.0733,0.0053,0.0043,5e-4,0.0326,0.0398,0.0249,0.3904
Northwest Shoals Community College,1924,0.3675,0.6325,0.7396,0.1081,0.0915,0.0052,0.0026,0.0016,0.0457,0.0036,0.0021,0.2753
University of North Alabama,5468,0.374,0.626,0.7176,0.0949,0.0481,0.0219,0.0038,9e-4,0.0433,0.0647,0.0046,0.2411
Northeast Alabama Community College,1547,0.3652,0.6348,0.7285,0.0149,0.1597,0.0045,0.0116,0.0013,0.0763,0.0032,0,0.378
Oakwood University,1253,0.4158,0.5842,0.0152,0.6935,0.0774,0,0.0024,0,0.0255,0.1516,0.0343,0.4735
Reid State Technical College,365,0.3644,0.6356,0.2767,0.6521,0.0137,0.011,0.0055,0,0.0384,0,0.0027,0.4631
Bishop State Community College,2100,0.34,0.66,0.2195,0.6748,0.0229,0.0195,0.0076,0.001,0.0371,0.0143,0.0033,0.4195
Samford University,3828,0.3412,0.6588,0.8574,0.0447,0.0468,0.0133,0.0018,0.0013,0.0214,0.0076,0.0057,0.1084
Selma University,34,0.5882,0.4118,0,1,0,0,0,0,0,0,0,0
Shelton State Community College,3191,0.408,0.592,0.5099,0.3867,0.0505,0.0063,0.0028,9e-4,0.0342,0.0075,0.0013,0.3987
Snead State Community College,1494,0.3588,0.6412,0.6426,0.0763,0.2242,0.0067,0.004,0.0013,0.0388,0.0047,0.0013,0.3359
University of South Alabama,8540,0.3823,0.6177,0.6091,0.2203,0.0521,0.0398,0.006,0.0013,0.0451,0.0112,0.0151,0.3713
Spring Hill College,850,0.4482,0.5518,0.5718,0.1341,0.0965,0.0129,0.0082,0,0.0188,0.1035,0.0541,0.3301
Stillman College,761,0.4455,0.5545,0.0749,0.8581,0.0053,0.0013,0,0,0,0.0355,0.025,0.682
Talladega College,782,0.5627,0.4373,0.0499,0.7788,0.0844,0.0013,0.0038,0.0013,0.0141,0,0.0665,0.7551
H Councill Trenholm State Community College,1584,0.3535,0.6465,0.1843,0.7178,0.0499,0.0095,0.0025,6e-4,0.0303,0.0044,6e-4,0.5519
Troy University,10089,0.3573,0.6427,0.5305,0.3195,0.0474,0.0076,0.0028,0.0013,0.0426,0.0261,0.0223,0.423
Tuskegee University,2367,0.3629,0.6371,0.0072,0.9248,0.0017,0.003,0.0025,4e-4,0.0351,0,0.0253,0.4767
United States Sports Academy,136,0.875,0.125,0.3456,0.2794,0.1324,0,0.0147,0,0.0147,0.0074,0.2059,0.3478
Bevill State Community College,2189,0.3591,0.6409,0.7437,0.1759,0.0306,0.0046,0.0023,0.0014,0.0402,0,0.0014,0.3027
University of Alaska Anchorage,6916,0.4037,0.5963,0.4863,0.0369,0.1134,0.1252,0.0535,0.0068,0.1163,0.0182,0.0435,0.191
Alaska Bible College,34,0.5588,0.4412,0.8529,0.0294,0.0294,0,0,0,0.0882,0,0,0.4872
University of Alaska Fairbanks,4027,0.3919,0.6081,0.5309,0.0335,0.0976,0.0313,0.1331,0.006,0.1065,0.0112,0.0499,0.2237
University of Alaska Southeast,920,0.3185,0.6815,0.538,0.0109,0.0946,0.0641,0.1065,0.0033,0.1424,0.0076,0.0326,0.1398
Alaska Pacific University,400,0.275,0.725,0.3325,0.0275,0.09,0.07,0.2325,0.015,0.115,0.0075,0.11,0.3442
Alaska Vocational Technical Center,452,0.7876,0.2124,0.4978,0.0155,0.0288,0.0088,0.2478,0.0066,0.0752,0,0.1195,0.0602
Charter College,2277,0.2894,0.7106,0.3808,0.0839,0.2306,0.0413,0.0979,0.0347,0.0913,0.0114,0.0281,0.5579
Alaska Career College,255,0.1294,0.8706,0.251,0.102,0.0824,0.149,0.2549,0.0392,0.1137,0,0.0078,0.581
Empire Beauty School-Tucson,213,0.0376,0.9624,0.3099,0.0469,0.5023,0.0188,0.0188,0,0.0986,0,0.0047,0.4952
Carrington College-Phoenix North,1087,0.2797,0.7203,0.1536,0.0791,0.5667,0.023,0.0524,0.0018,0.0092,0.0055,0.1086,0.5536
Carrington College-Mesa,492,0.2724,0.7276,0.2602,0.0833,0.4451,0.0183,0.0589,0.0041,0.0061,0.0041,0.1199,0.5402
Carrington College-Tucson,437,0.357,0.643,0.1396,0.0664,0.6979,0.0229,0.0229,0.0069,0.0137,0,0.0297,0.6093
Arizona Academy of Beauty,49,0.0408,0.9592,0.2449,0.1224,0.4898,0.0204,0,0,0.1224,0,0,0.6719
Miller-Motte College-Arizona Automotive Institute,513,0.8538,0.1462,0.2671,0.0955,0.4503,0.0019,0.117,0.0039,0.0624,0,0.0019,0.7302
Brookline College-Phoenix,714,0.1134,0.8866,0.1919,0.1218,0.3291,0.0224,0.063,0.0056,0.0084,0.0028,0.2549,0.5823
Arizona State University Campus Immersion,64398,0.5155,0.4845,0.435,0.0425,0.2603,0.0908,0.0104,0.002,0.0498,0.0762,0.033,0.2966
Arizona Western College,6198,0.3969,0.6031,0.1118,0.0123,0.738,0.0087,0.0108,6e-4,0.0153,0.0176,0.0849,0.3918
University of Arizona,40769,0.4429,0.5571,0.4721,0.0431,0.2762,0.0495,0.0151,0.0022,0.0498,0.0453,0.0466,0.2624
Central Arizona College,4892,0.3741,0.6259,0.3136,0.0542,0.4231,0.0168,0.0219,0.0057,0.0243,0.0168,0.1237,0.2874
Charles of Italy Beauty College,88,0.0114,0.9886,0.4432,0.0227,0.2159,0.0227,0.0227,0.0114,0,0,0.2614,0.5802
Cochise County Community College District,3007,0.4569,0.5431,0.3389,0.0452,0.5101,0.0153,0.0057,0.004,0.0442,0.0269,0.0096,0.3858
Empire Beauty School-Chandler,98,0.0612,0.9388,0.102,0.1735,0.2959,0.0204,0.051,0,0.0408,0,0.3163,0.5932
Avalon Institute-Mesa,388,0.0284,0.9716,0.4021,0.1134,0.3711,0.0206,0.0155,0,0.0412,0,0.0361,0.5676
Eastern Arizona College,3058,0.4192,0.5808,0.5948,0.0249,0.2263,0.0082,0.068,0.0049,0.0131,0.019,0.0409,0.1721
Embry-Riddle Aeronautical University-Prescott,3245,0.7193,0.2807,0.5569,0.0206,0.1569,0.0666,0.0055,0.0052,0.0801,0.0851,0.0231,0.174
Glendale Community College,10180,0.4381,0.5619,0.3394,0.0659,0.4528,0.0455,0.0128,0.0016,0.0485,0.0127,0.0208,0.2614
Grand Canyon University,68619,0.3015,0.6985,0.4773,0.158,0.2424,0.0284,0.0088,0.0059,0.0471,0.0095,0.0225,0.4308
GateWay Community College,3473,0.2966,0.7034,0.2525,0.1109,0.5189,0.0348,0.0233,0.0029,0.0403,0.0035,0.013,0.2862
Mesa Community College,12049,0.4666,0.5334,0.4161,0.0622,0.3601,0.04,0.0331,0.0036,0.0502,0.0179,0.0168,0.2006
Mohave Community College,2750,0.2865,0.7135,0.6022,0.0171,0.2873,0.0142,0.0138,0.004,0.0469,0,0.0145,0.3093
Universal Technical Institute of Arizona Inc-Motorcycle Mechanics Institute Division,567,0.9259,0.0741,0.5732,0.0459,0.1499,0.0088,0.0229,0.0035,0.1411,0.0018,0.0529,0.392
Dine College,1507,0.2687,0.7313,0.0033,0.0013,0,0.0013,0.9907,0,7e-4,0.0027,0,0.3895
Northern Arizona University,23041,0.365,0.635,0.5443,0.0292,0.265,0.0383,0.0347,0.0023,0.0561,0.0191,0.0111,0.2983
Northland Pioneer College,1024,0.2979,0.7021,0.3408,0.001,0.1553,0.0127,0.3428,0.002,0.0195,0,0.126,0.1369
Phoenix College,6952,0.3501,0.6499,0.2222,0.0928,0.5718,0.0283,0.0214,0.0013,0.0335,0.0121,0.0165,0.2888
Pima Community College,13869,0.4325,0.5675,0.3288,0.0516,0.5198,0.0274,0.0164,0.003,0.0331,0.0069,0.0129,0.3267
Pima Medical Institute-Tucson,2619,0.2138,0.7862,0.3276,0.1027,0.3765,0.0668,0.0221,0.0095,0.084,4e-4,0.0103,0.4846
Pima Medical Institute-Albuquerque,737,0.1872,0.8128,0.1493,0.0204,0.5346,0.019,0.1737,0.0041,0.095,0,0.0041,0.5995
Prescott College,253,0.3597,0.6403,0.6759,0.0316,0.0632,0.0514,0.004,0.004,0.004,0,0.166,0.4728
Refrigeration School Inc,1271,0.8977,0.1023,0.2769,0.1448,0.3674,0.0126,0.1652,0.011,0.0016,0,0.0205,0.6661
Rio Salado College,4879,0.3579,0.6421,0.3958,0.1373,0.337,0.0326,0.0176,0.0035,0.0465,0.0037,0.026,0.073
Roberto-Venn School of Luthiery,15,0.9333,0.0667,0.8667,0.0667,0,0.0667,0,0,0,0,0,0.1957
Scottsdale Community College,4274,0.4364,0.5636,0.4871,0.0442,0.2983,0.0325,0.0487,7e-4,0.0559,0.0112,0.0213,0.1358
South Mountain Community College,2612,0.4085,0.5915,0.1524,0.1436,0.5674,0.0214,0.0436,0.0015,0.041,0.005,0.0241,0.2736
Arizona Christian University,1127,0.5901,0.4099,0.4845,0.1118,0.2671,0.0115,0.008,0.0115,0.0736,0.0275,0.0044,0.3318
Universal Technical Institute of Arizona Inc,1791,0.9369,0.0631,0.3674,0.0318,0.3685,0.0313,0.0419,0.0262,0.1106,0,0.0223,0.4444
Yavapai College,3732,0.4191,0.5809,0.6109,0.0158,0.2337,0.0134,0.0263,0.0048,0.0399,0.0048,0.0504,0.1949
University of Arkansas at Little Rock,4740,0.361,0.639,0.5,0.2618,0.0304,0.0194,0.0089,2e-4,0.143,0.0287,0.0076,0.4105
University of Arkansas for Medical Sciences,1361,0.1602,0.8398,0.6032,0.1058,0.0992,0.0852,0.0044,0.0022,0.0397,0.0081,0.0522,0.2694
Arkansas Baptist College,373,0.7373,0.2627,0.0107,0.9115,0.0456,0,0.0027,0,0.0161,0.008,0.0054,0.4597
Arkansas Beauty School-Little Rock,111,0.009,0.991,0.045,0.8649,0.0901,0,0,0,0,0,0,0.5714
Arkansas Beauty College,56,0,1,0.6607,0.1429,0.125,0.0357,0,0,0.0357,0,0,0.6226
Lyon College,563,0.5702,0.4298,0.4671,0.087,0.0799,0.0142,0.0036,0,0.0195,0.0515,0.2771,0.3596
Arkansas Technical School,111,0.5766,0.4234,0.1622,0.8108,0.018,0,0,0,0.009,0,0,0.6286
University of Arkansas,27312,0.4404,0.5596,0.7456,0.0395,0.1097,0.0286,0.0082,0.0016,0.0462,0.0122,0.0083,0.173
University of Arkansas at Pine Bluff,1899,0.4471,0.5529,0.0258,0.8994,0.0258,0.0026,0.0042,0.0032,0.0195,0.0195,0,0.6687
Arkansas State University-Beebe,1902,0.3591,0.6409,0.8207,0.0557,0.0678,0.0042,0.0068,0.0016,0.0384,5e-4,0.0042,0.3289
Arkansas State University,7994,0.3787,0.6213,0.6709,0.1454,0.0494,0.0099,0.0029,6e-4,0.0345,0.0781,0.0084,0.3679
Arkansas Tech University,5993,0.4228,0.5772,0.7187,0.0641,0.1178,0.0185,0.008,5e-4,0.0499,0.0225,0,0.3375
University of Arkansas at Monticello,1868,0.3983,0.6017,0.5418,0.3003,0.0889,0.0016,0.0027,0.0016,0.0562,0.007,0,0.4938
Arthur's Beauty College,47,0.0213,0.9787,0.7872,0.1915,0.0213,0,0,0,0,0,0,0.7885
Baptist Health College Little Rock,512,0.1074,0.8926,0.6035,0.291,0.0527,0.0078,0.002,0.002,0.0371,0.002,0.002,0.3898
Black River Technical College,938,0.3529,0.6471,0.8902,0.0235,0.0373,0.0032,0.0011,0.0021,0.0288,0,0.0139,0.4036
University of Central Arkansas,7426,0.3828,0.6172,0.6476,0.1673,0.0768,0.0221,0.0031,0.0012,0.0498,0.0306,0.0016,0.3734
Central Baptist College,477,0.5639,0.4361,0.5765,0.1698,0.0964,0.0042,0.0063,0.0021,0.0482,0.0755,0.021,0.422
Cossatot Community College of the University of Arkansas,835,0.3257,0.6743,0.4563,0.1485,0.309,0.0036,0.0132,0.0012,0.0683,0,0,0.3529
Crowley's Ridge College,162,0.4938,0.5062,0.7963,0.179,0.0185,0,0.0062,0,0,0,0,0.48
East Arkansas Community College,492,0.3171,0.6829,0.4431,0.4553,0.0203,0.0041,0.0081,0.0081,0.0407,0.0122,0.0081,0.2689
Paul Mitchell the School-Little Rock,411,0.0584,0.9416,0.5012,0.2798,0.0438,0.0073,0.0438,0,0.0633,0,0.0608,0.5844
National Park College,1706,0.3769,0.6231,0.7978,0.1084,0.0651,0.0135,0.0094,0.0041,0,0,0.0018,0.4679
University of Arkansas Community College-Batesville,788,0.2982,0.7018,0.7855,0.0266,0.0926,0.0051,0.0102,0.0013,0.0698,0.0089,0,0.4494
Harding University,3323,0.4544,0.5456,0.7969,0.0503,0.0445,0.0135,0.0048,9e-4,0.037,0.0518,3e-4,0.1922
Henderson State University,1491,0.4735,0.5265,0.5889,0.2696,0.0698,0.0107,0.0087,0.002,0.0215,0.0268,0.002,0.477
Hendrix College,1094,0.4973,0.5027,0.6956,0.0704,0.0905,0.0411,0.0082,0.0027,0.0475,0.0192,0.0247,0.2341
Hot Springs Beauty College,92,0.0435,0.9565,0.663,0.1848,0.087,0,0,0,0.0652,0,0,0.6462
Jefferson Regional School of Nursing,80,0.175,0.825,0.6875,0.275,0.0375,0,0,0,0,0,0,0.5826
John Brown University,1415,0.4247,0.5753,0.6848,0.0113,0.1187,0.0177,0.012,0.0021,0.0608,0.0912,0.0014,0.2138
Career Academy of Hair Design,244,0.0164,0.9836,0.6107,0.0779,0.1926,0,0.0943,0.0041,0.0164,0,0.0041,0.6514
Academy of Salon and Spa,81,0.0247,0.9753,0.6667,0.0494,0.1605,0.0247,0.0617,0,0.0247,0,0.0123,0.6423
Arkansas State University Mid-South,435,0.3862,0.6138,0.3264,0.5701,0.0414,0,0.0046,0,0.0391,0.0138,0.0046,0.3565
Arkansas Northeastern College,787,0.2973,0.7027,0.5654,0.3418,0.0648,0.0025,0.0025,0.0013,0.0038,0,0.0178,0.2349
New Tyler Barber College Inc,58,0.6379,0.3621,0.0345,0.9655,0,0,0,0,0,0,0,0.7797
North Arkansas College,1184,0.3666,0.6334,0.815,0.0169,0.0921,0.0051,0.0042,0.0017,0.0422,0.0068,0.016,0.361
Northwest Technical Institute,217,0.7281,0.2719,0.5253,0.0092,0.3779,0.0138,0.023,0.0507,0,0,0,0.6219
Ouachita Baptist University,1612,0.4342,0.5658,0.8158,0.0577,0.0596,0.0081,0.0031,6e-4,0.0354,0.0199,0,0.226
Arkansas State University Three Rivers,514,0.356,0.644,0.6595,0.2451,0.0506,0.0039,0.0195,0.0039,0.0156,0.0019,0,0.1392
Ozarka College,564,0.2872,0.7128,0.9362,0.0142,0.0337,0.0018,0.0142,0,0,0,0,0.469
University of the Ozarks,753,0.4449,0.5551,0.4329,0.0584,0.1514,0.0106,0.008,0.0066,0.0412,0.2749,0.0159,0.3597
University of Arkansas Community College-Morrilton,1538,0.368,0.632,0.7139,0.0949,0.1242,0.0078,0.0013,0,0.0527,0.0013,0.0039,0.4338
Philander Smith University,842,0.4786,0.5214,0.0439,0.7922,0.0356,0.0012,0,0.0202,0.0119,0.0772,0.0178,0.7139
Phillips Community College of the University of Arkansas,595,0.3008,0.6992,0.4017,0.5496,0.0269,0.0017,0.0034,0,0.0151,0,0.0017,0.359
Southeast Arkansas College,748,0.3837,0.6163,0.2393,0.5749,0.1537,0.0094,0.004,0.0013,0.0174,0,0,0.6292
University of Aesthetics & Cosmetology,34,0,1,0.5882,0.2647,0.0588,0,0,0,0.0294,0,0.0588,0.7708
University of Arkansas-Pulaski Technical College,3791,0.3318,0.6682,0.3574,0.4136,0.1298,0.0153,0.0047,0.0011,0.0393,0.0145,0.0243,0.5312
University of Arkansas Hope-Texarkana,697,0.2726,0.7274,0.4821,0.3329,0.1205,0.0029,0.0072,0.0072,0.0359,0.0086,0.0029,0.3754
University of Arkansas Community College Rich Mountain,475,0.3937,0.6063,0.7411,0.0147,0.1347,0.0126,0.0316,0.0042,0.0189,0.0421,0,0.38
Paul Mitchell the School-Arkansas,107,0.0467,0.9533,0.7196,0.0654,0.1495,0.0093,0.0467,0,0,0,0.0093,0.3082
Searcy Beauty College,87,0,1,0.8621,0.0805,0.0345,0,0.0115,0,0.0115,0,0,0.5096
Shorter College,290,0.4448,0.5552,0.1931,0.7552,0.0276,0.0034,0.0172,0,0,0,0.0034,0.8255
Williams Baptist University,490,0.498,0.502,0.7469,0.1245,0.0327,0.0061,0.002,0.002,0.0224,0.0633,0,0.4715
South Arkansas College,879,0.2651,0.7349,0.4869,0.3902,0.0717,0.0023,0.0023,0,0.0364,0.0068,0.0034,0.4208
Southern Arkansas University Main Campus,2865,0.4227,0.5773,0.623,0.2314,0.0565,0.0063,0.0073,0,0.0576,0.0147,0.0031,0.446
Southern Arkansas University Tech,663,0.356,0.644,0.5143,0.3861,0.0362,0.0015,0,0,0.0618,0,0,0.4051
Velvatex College of Beauty Culture,12,0.0833,0.9167,0,1,0,0,0,0,0,0,0,0.5714
University of Arkansas-Fort Smith,4133,0.3879,0.6121,0.578,0.0387,0.1914,0.0486,0.0223,5e-4,0.1074,0.0131,0,0.3914
Academy of Art University,4131,0.4219,0.5781,0.2583,0.1169,0.1997,0.0649,0.0044,0.0053,0.0605,0.1467,0.1433,0.4176
College of Alameda,4274,0.424,0.576,0.1685,0.1975,0.2782,0.2267,0.0028,0.0047,0.0739,0.0136,0.0342,0.0993
Allan Hancock College,7812,0.4654,0.5346,0.1918,0.0188,0.7021,0.0301,0.0032,0.0055,0.0301,0.002,0.0164,0.2327
American Academy of Dramatic Arts-Los Angeles,169,0.4201,0.5799,0.3491,0.1065,0.1243,0.0296,0,0,0.0828,0.3077,0,0.2785
Berkeley School of Theology,28,0.6786,0.3214,0.0357,0.25,0.4286,0.0357,0,0.0714,0,0.1786,0,0
American Beauty College,250,0.212,0.788,0.112,0.08,0.744,0.04,0.008,0,0,0,0.016,0.5763
American Career College-Los Angeles,2066,0.2318,0.7682,0.0639,0.1254,0.6326,0.121,0.0039,0.0097,0.0402,0,0.0034,0.5888
American River College,25758,0.5363,0.4637,0.3615,0.0696,0.329,0.1117,0.0056,0.0086,0.0521,0.0017,0.0602,0.1989
Antelope Valley Community College District,10905,0.4313,0.5687,0.1295,0.1346,0.6481,0.0343,0.0022,0.0014,0.0375,0.0019,0.0105,0.4203
Art Center College of Design,2054,0.409,0.591,0.0944,0.0151,0.1013,0.3043,0,0.0024,0.0394,0.443,0,0.245
Associated Technical College-Los Angeles,159,0.3145,0.6855,0.3019,0.3774,0.2201,0.0063,0,0,0.0566,0,0.0377,0.6218
Associated Technical College-San Diego,77,0.4935,0.5065,0.1169,0.039,0.7532,0.013,0.013,0.0519,0.013,0,0,0.8939
Azusa Pacific University,2977,0.3161,0.6839,0.2623,0.0665,0.3839,0.1407,0.004,0.0094,0.0527,0.0417,0.0386,0.3465
Bakersfield College,16451,0.4493,0.5507,0.2095,0.0551,0.6509,0.0381,0.0031,0.0011,0.034,0.0031,0.005,0.2876
Barstow Community College,2585,0.3451,0.6549,0.2139,0.1981,0.4476,0.0375,0.0062,0.0081,0.075,0.0015,0.012,0.4745
Bellus Academy-Chula Vista,379,0.1478,0.8522,0.1029,0.0871,0.6438,0.0712,0.0026,0.0158,0.066,0.0053,0.0053,0.6065
Bethesda University,212,0.6934,0.3066,0.0849,0.184,0.1887,0.0283,0.0094,0.0094,0.0566,0.4292,0.0094,0.25
Biola University,3390,0.4047,0.5953,0.4032,0.031,0.2363,0.1286,0.0012,0.0018,0.0858,0.0678,0.0442,0.2601
Brownson Technical School,284,0.9894,0.0106,0.1549,0.0493,0.6972,0.0986,0,0,0,0,0,0.7064
Bryan University,2083,0.1344,0.8656,0.4258,0.2516,0.1119,0.0086,0.0115,0.0038,0.0855,0,0.1013,0.747
Butte College,8384,0.4399,0.5601,0.482,0.0225,0.3373,0.0553,0.016,0.0019,0.063,0.0107,0.0112,0.3359
California Institute of Integral Studies,57,0.193,0.807,0.4912,0.1579,0.1228,0.0351,0,0,0.1579,0,0.0351,0.5402
Cabrillo College,7404,0.4335,0.5665,0.3779,0.0089,0.5103,0.0266,0.0027,0.002,0.0552,0.0063,0.01,0.224
California Baptist University,7914,0.3772,0.6228,0.3201,0.0625,0.423,0.0615,0.0048,0.0068,0.0576,0.0195,0.0441,0.4096
California College of the Arts,1004,0.3297,0.6703,0.2012,0.0349,0.1643,0.1584,0.003,0,0.0618,0.3406,0.0359,0.2474
California Institute of Technology,1023,0.567,0.433,0.1994,0.0371,0.1896,0.3539,0.002,0,0.0899,0.1232,0.0049,0.1487
California Lutheran University,2374,0.4629,0.5371,0.3648,0.04,0.4132,0.0543,0.0013,0.0051,0.0653,0.0358,0.0202,0.3016
California Polytechnic State University-San Luis Obispo,21521,0.4985,0.5015,0.4972,0.0069,0.2311,0.144,0.0011,0.0026,0.079,0.0086,0.0296,0.1832
Alliant International University-San Diego,355,0.3859,0.6141,0.4169,0.062,0.369,0.0479,0.0085,0.0028,0.0085,0.031,0.0535,0.0219
California State University-Bakersfield,8183,0.3473,0.6527,0.1235,0.0422,0.6883,0.0692,0.0031,9e-4,0.0213,0.0145,0.0372,0.612
California State University-Stanislaus,8564,0.3392,0.6608,0.1732,0.0285,0.6297,0.0893,0.0021,0.0062,0.0253,0.0041,0.0416,0.5531
California State University-San Bernardino,15771,0.3884,0.6116,0.0997,0.0524,0.7228,0.0607,0.0015,0.001,0.0252,0.0116,0.0249,0.5713
California State Polytechnic University-Pomona,24271,0.5562,0.4438,0.1322,0.0245,0.5426,0.2224,0.001,0.0017,0.0385,0.0124,0.0246,0.4603
California State University-Chico,13057,0.4451,0.5549,0.4205,0.0281,0.3842,0.0574,0.0044,0.0023,0.0575,0.0103,0.0352,0.4008
California State University-Dominguez Hills,12642,0.3994,0.6006,0.0424,0.1199,0.7165,0.0672,6e-4,0.0021,0.0212,0.0079,0.0221,0.6104
California State University-Fresno,21070,0.4165,0.5835,0.1503,0.0301,0.6228,0.118,0.0028,0.0012,0.0239,0.0243,0.0265,0.5573
California State University-Fullerton,36956,0.43120000000000003,0.5688,0.144,0.0236,0.5432,0.2151,0.0011,0.0015,0.0364,0.0122,0.0229,0.4714
California State University-East Bay,10422,0.4122,0.5878,0.1524,0.0923,0.4088,0.2206,0.0012,0.0101,0.0517,0.0232,0.0398,0.4357
California State University-Long Beach,34131,0.4155,0.5845,0.1485,0.0359,0.5127,0.2124,0.001,0.0023,0.0469,0.0214,0.019,0.4932
California State University-Los Angeles,21478,0.433,0.567,0.0406,0.0397,0.7716,0.1014,8e-4,6e-4,0.0146,0.0106,0.0203,0.6605
California State University-Northridge,32357,0.4682,0.5318,0.1874,0.0526,0.572,0.089,8e-4,0.0015,0.0311,0.0313,0.0343,0.5599
California State University-Sacramento,27867,0.4457,0.5543,0.2176,0.0664,0.3862,0.2087,0.0026,0.0099,0.0585,0.0153,0.0349,0.4863
University of California-Berkeley,33073,0.4406,0.5594,0.1952,0.0213,0.218,0.3524,0.0011,0.001,0.0622,0.1149,0.0339,0.2733
University of California-Davis,31777,0.4081,0.5919,0.2054,0.0174,0.2457,0.3134,0.0011,0.0022,0.063,0.1308,0.0211,0.3078
University of California-Irvine,29494,0.441,0.559,0.1289,0.0191,0.2624,0.3863,0.0015,0.0011,0.0641,0.1189,0.0178,0.3729
University of California-Los Angeles,33040,0.3895,0.6105,0.2511,0.033,0.2321,0.2989,0.0015,0.0016,0.0752,0.0769,0.0298,0.271
University of California-Riverside,22644,0.4779,0.5221,0.105,0.0341,0.4008,0.358,5e-4,0.0016,0.0474,0.0399,0.0127,0.4669
University of California-San Diego,33787,0.462,0.538,0.1818,0.0179,0.2526,0.3432,8e-4,7e-4,0.0634,0.118,0.0216,0.3289
University of California-Santa Barbara,23205,0.4301,0.5699,0.3173,0.0203,0.2604,0.1867,0.0015,6e-4,0.0885,0.0977,0.027,0.2799
University of California-Santa Cruz,17812,0.4837,0.5163,0.3078,0.0195,0.285,0.2465,8e-4,0.0013,0.0851,0.031,0.023,0.3175
Sofia University,7,0.1429,0.8571,0.4286,0,0,0.2857,0.1429,0,0.1429,0,0,0.5
California Beauty School,73,0,1,0.274,0,0.6575,0.0137,0.0137,0,0.0274,0,0.0137,0.3636
Haven University,22,0.4091,0.5909,0,0.1364,0.0455,0.1364,0,0,0,0.6818,0,NA
California Hair Design Academy,125,0.224,0.776,0.344,0.08,0.376,0.056,0,0,0.144,0,0,0.5068
California Institute of the Arts,881,0.395,0.605,0.3303,0.0465,0.151,0.0885,0.0023,0.0011,0.0749,0.2736,0.0318,0.2213
California State University Maritime Academy,761,0.8108,0.1892,0.477,0.0315,0.2221,0.1025,0.0053,0.0092,0.0946,0.0039,0.053900000000000003,0.2871
Canada College,4878,0.3993,0.6007,0.2474,0.0295,0.4301,0.1671,0.001,0.0139,0.0472,0.0314,0.0324,0.1001
College of the Canyons,15365,0.5588,0.4412,0.2527,0.0527,0.5277,0.0903,0.0012,0.0033,0.0373,0.0075,0.0273,0.1663
Career Academy of Beauty,207,0.0145,0.9855,0.1836,0.0242,0.6425,0.1063,0.0145,0.0048,0.0145,0.0048,0.0048,0.5245
Casa Loma College-Los Angeles,581,0.3373,0.6627,0.2306,0.0275,0.4785,0.0568,0,0.0034,0.0207,0,0.1824,0.5511
CET-San Diego,225,0.8889,0.1111,0.1289,0.12,0.4089,0.3111,0.0044,0.0089,0.0133,0,0.0044,0.2914
CET-San Jose,175,0.8343,0.1657,0.08,0.0114,0.8457,0.0343,0,0.0114,0.0171,0,0,0.3721
CET-El Centro,167,0.8084,0.1916,0.006,0,0.988,0,0,0,0.006,0,0,0.2776
CET-Colton,191,0.9319,0.0681,0.089,0.0838,0.7749,0.0052,0,0.0105,0.0366,0,0,0.527
CET-Watsonville,149,0.6309,0.3691,0.0134,0.0067,0.9732,0,0,0.0067,0,0,0,0.23
CET-Salinas,187,0.1604,0.8396,0.0053,0,0.9947,0,0,0,0,0,0,0.3047
Cerritos College,18710,0.4641,0.5359,0.0976,0.068,0.7027,0.0709,0.0021,0.0036,0.0239,0.002,0.0291,0.35
Cerro Coso Community College,3496,0.4273,0.5727,0.3816,0.0675,0.4422,0.0412,0.0163,0.0034,0.042,3e-4,0.0054,0.1409
Chabot College,10861,0.5151,0.4849,0.1609,0.0863,0.4233,0.2199,0.0017,0.0144,0.0617,0.0063,0.0258,0.1782
Chaffey College,13568,0.4158,0.5842,0.1408,0.0682,0.6267,0.0705,0.0022,0.0019,0.0337,0.0309,0.0251,0.2834
Chapman University,7629,0.3909,0.6091,0.4822,0.0225,0.1861,0.1646,0.0013,0.0025,0.0886,0.0286,0.0235,0.1974
Charles R Drew University of Medicine and Science,233,0.3906,0.6094,0.0343,0.3433,0.206,0.0987,0,0,0.2833,0,0.0343,0.313
Concordia University-Irvine,1456,0.4114,0.5886,0.4519,0.0302,0.2878,0.103,0.0027,0.0041,0.0755,0.0391,0.0055,0.2295
San Diego Christian College,91,0.5055,0.4945,0.3077,0.1099,0.3407,0.022,0.011,0.033,0.0549,0.022,0.0989,0.1605
Citrus College,8126,0.4545,0.5455,0.1512,0.0352,0.6607,0.082,0.0021,0.0022,0.0338,0.0222,0.0106,0.2898
Citrus Heights Beauty College,110,0.0273,0.9727,0.6818,0.0273,0.1636,0.0182,0,0.0182,0.0364,0.0273,0.0273,0.3361
City College of San Francisco,16060,0.4611,0.5389,0.2089,0.0699,0.2767,0.3204,0.0029,0.0074,0.054,0.0182,0.0417,0.171
Claremont McKenna College,1379,0.4975,0.5025,0.3662,0.0508,0.1537,0.1566,0,0.0015,0.0819,0.1443,0.045,0.1948
Milan Institute-Visalia,632,0.0285,0.9715,0.144,0.0285,0.7484,0.0206,0.019,0.0016,0.0316,0,0.0063,0.7356
Clovis Adult Education,268,0.1269,0.8731,0.0746,0.0709,0.6231,0.1978,0,0.0037,0.0149,0,0.0149,0.1134
Coastline Community College,7007,0.5757,0.4243,0.2722,0.1,0.3241,0.1985,0.0053,0.004,0.0392,0.0231,0.0335,0.1018
University of Silicon Valley,377,0.748,0.252,0.2679,0.0902,0.2626,0.1804,0.0106,0.0027,0.1114,0.0106,0.0637,0.4749
Coba Academy,100,0.32,0.68,0.09,0.03,0.76,0.03,0.04,0.01,0.01,0,0.03,0.4604
Columbia College,1917,0.4528,0.5472,0.6641,0.035,0.2457,0.0203,0.0162,0.0026,0.0047,5e-4,0.011,0.22
California College of ASU,149,0.5638,0.4362,0.4094,0.1879,0.094,0.0872,0.0268,0.0067,0.047,0.0067,0.1342,0.474
Compton College,2881,0.3634,0.6366,0.0285,0.3457,0.5356,0.0219,0.0014,0.0042,0.033,0,0.0299,0.2712
Contra Costa College,4805,0.3992,0.6008,0.117,0.1496,0.4549,0.1704,0.0017,0.0056,0.0656,0.0181,0.0171,0.2321
Cosumnes River College,13527,0.443,0.557,0.2205,0.091,0.2935,0.2435,0.0035,0.0132,0.0601,0.0032,0.0715,0.2521
Crafton Hills College,5074,0.4594,0.5406,0.2913,0.0404,0.5402,0.0642,0.0022,0.0014,0.0526,6e-4,0.0071,0.1461
Cuesta College,6879,0.4723,0.5277,0.4961,0.0237,0.3535,0.0313,0.0047,0.0025,0.0669,0.0026,0.0188,0.1809
Cuyamaca College,6788,0.4546,0.5454,0.5116,0.0365,0.3198,0.0446,0.005,0.0021,0.0423,0.0019,0.0361,0.2378
Cypress College,12309,0.4248,0.5752,0.1162,0.0375,0.548,0.212,0.0016,0.0036,0.0626,0.0076,0.011,0.3215
De Anza College,14953,0.5115,0.4885,0.1656,0.0273,0.2854,0.3809,0.0011,0.005,0.0526,0.0745,0.0077,0.1799
International School of Beauty Inc,173,0.2659,0.7341,0.3064,0.0347,0.6127,0.0231,0.0058,0,0.0116,0,0.0058,0.518
College of the Desert,8900,0.4287,0.5713,0.1394,0.0245,0.761,0.0285,0.0027,0.0012,0.0278,0.009,0.0058,0.3244
Design Institute of San Diego,92,0.0652,0.9348,0.5,0.1087,0.163,0.087,0,0.0217,0,0.0217,0.0978,0.5484
Diablo Valley College,14734,0.5019,0.4981,0.2953,0.0582,0.3073,0.1822,0.0017,0.0052,0.0882,0.0431,0.0189,0.1673
Dominican University of California,1178,0.2784,0.7216,0.2165,0.0628,0.3098,0.3022,0.0034,0.0076,0.0662,0.0255,0.0059,0.2958
East Los Angeles College,24401,0.5173,0.4827,0.1166,0.0636,0.6488,0.0616,0.002,0.0016,0.0098,0.0066,0.0895,0.2227
El Camino Community College District,18994,0.4764,0.5236,0.1517,0.1277,0.4925,0.0931,0.0028,0.0045,0.0208,0.0155,0.0913,0.2937
Evergreen Valley College,7670,0.4606,0.5394,0.0943,0.0339,0.4511,0.3446,0.0047,0.0029,0.0316,0.0094,0.0276,0.2405
FIDM-Fashion Institute of Design & Merchandising,1319,0.1638,0.8362,0.2904,0.0743,0.2509,0.1168,0.0106,0.0099,0.0045,0.2039,0.0387,0.262
Feather River Community College District,1574,0.4682,0.5318,0.3272,0.0978,0.3806,0.033,0.0216,0.0095,0.0267,0.0172,0.0864,0.2031
Federico Beauty Institute,245,0.0776,0.9224,0.2612,0.102,0.4571,0.1143,0.0041,0.0041,0.049,0.0041,0.0041,0.4807
Redondo Beach Beauty College,52,0.0769,0.9231,0.1538,0.0769,0.2885,0.4808,0,0,0,0,0,0.2913
Foothill College,10922,0.5251,0.4749,0.2796,0.0331,0.3231,0.237,0.0024,0.007,0.0614,0.0371,0.0192,0.0843
Fredrick and Charles Beauty College,67,0.0746,0.9254,0.5672,0.0299,0.194,0.0149,0.0896,0,0.1045,0,0,0.5407
Fresno City College,18774,0.4679,0.5321,0.1507,0.0475,0.6541,0.1058,0.0043,0.0015,0.0298,0.001,0.0053,0.2827
Fresno Pacific University,1614,0.2825,0.7175,0.2032,0.053900000000000003,0.6152,0.0496,0.0087,0.0056,0.0087,0.0341,0.0211,0.5872
Fullerton College,16637,0.4744,0.5256,0.151,0.0301,0.6017,0.1335,0.0014,0.0023,0.0528,0.0103,0.0166,0.259
Gavilan College,4410,0.4696,0.5304,0.2098,0.0195,0.6544,0.046,0.0025,0.0039,0.0356,7e-4,0.0277,0.2412
Gemological Institute of America-Carlsbad,308,0.4773,0.5227,0.2597,0.0292,0.1136,0.1104,0,0,0.0032,0.3506,0.1331,0.129
Glendale Community College,9807,0.4718,0.5282,0.5452,0.0254,0.2895,0.0754,0.0019,0.0015,0.0187,0.0209,0.0215,0.353
Glendale Career College,854,0.2506,0.7494,0.2002,0.0609,0.2248,0.1838,0.0105,0.0199,0.281,0,0.0187,0.5503
Golden Gate University,550,0.6036,0.3964,0.2873,0.1691,0.1691,0.0855,0.0182,0.0273,0,0.0182,0.2255,0.2196
Golden West College,8919,0.4725,0.5275,0.2352,0.0196,0.3341,0.2988,0.0019,0.0053,0.052,0.0265,0.0266,0.2274
Grossmont College,11467,0.4203,0.5797,0.3973,0.0461,0.3815,0.0665,0.0028,0.0037,0.0498,0.0157,0.0365,0.2367
Salon Success Academy-Riverside,173,0.185,0.815,0.1387,0.1214,0.7052,0.0116,0,0.0116,0,0,0.0116,0.6092
Hartnell College,7153,0.475,0.525,0.0617,0.0176,0.8285,0.0337,0.0021,0.0022,0.021,3e-4,0.033,0.2747
Harvey Mudd College,915,0.5038,0.4962,0.2306,0.0525,0.2317,0.223,0.0022,0.0011,0.1082,0.1038,0.047,0.141
Hilltop Beauty School,79,0.0506,0.9494,0.0127,0.0506,0.6709,0.1646,0.0759,0,0,0,0.0253,0.5778
California State Polytechnic University-Humboldt,5491,0.4453,0.5547,0.5096,0.0262,0.2972,0.0306,0.0118,0.0031,0.0727,0.0027,0.0461,0.4571
Humphreys University-Stockton and Modesto Campuses,178,0.1742,0.8258,0.264,0.0787,0.4326,0.0843,0.0056,0.0225,0.0337,0.073,0.0056,0.5535
Imperial Valley College,6881,0.456,0.544,0.0373,0.0096,0.9082,0.0048,0.0015,4e-4,0.0067,0,0.0315,0.5042
Institute for Business and Technology,609,0.8309,0.1691,0.11,0.046,0.67490000000000006,0.0772,0,0.0082,0.0066,0,0.0772,0.3239
Interior Designers Institute,107,0.0748,0.9252,0.5701,0.0467,0.1869,0.1028,0.0093,0,0.0561,0.028,0,0.3438
Irvine Valley College,9577,0.5229,0.4771,0.2867,0.0218,0.2495,0.2995,0.0014,0.0019,0.06,0.0553,0.0239,0.2061
Bellus Academy-El Cajon,205,0.0293,0.9707,0.3707,0.122,0.3463,0.0244,0.0049,0.0098,0.1073,0,0.0146,0.5587
American Jewish University,69,0.0435,0.9565,0.5652,0.1014,0.1739,0.029,0,0,0.0725,0.029,0.029,0.119
Reedley College,4853,0.4498,0.5502,0.1696,0.0274,0.7231,0.0449,0.0029,0.0014,0.0229,0,0.0078,0.2821
Life Pacific University,393,0.4427,0.5573,0.3588,0.0712,0.4249,0.0433,0.0102,0.0025,0.0509,0.0051,0.0331,0.4861
University of La Verne,3341,0.387,0.613,0.1565,0.079,0.6324,0.0527,0.0021,0.0036,0.0371,0.0207,0.0159,0.4754
Laguna College of Art and Design,776,0.2513,0.7487,0.4394,0.0206,0.2255,0.1778,0.0052,0.0039,0.0786,0.0425,0.0064,0.3141
Lake Tahoe Community College,2909,0.6662,0.3338,0.4283,0.0468,0.2901,0.0681,0.012,0.0086,0.0265,0.0038,0.1158,0.1476
Lancaster Beauty School,131,0.2366,0.7634,0.1145,0.3282,0.5038,0,0,0,0.0458,0,0.0076,0.7487
Laney College,7158,0.4753,0.5247,0.1801,0.215,0.2639,0.2133,0.0029,0.005,0.0602,0.0115,0.0481,0.1604
Lassen Community College,1564,0.6624,0.3376,0.4201,0.0959,0.3178,0.0396,0.0281,0.0102,0.0448,0.0058,0.0377,0.1334
Latin American Bible Institute,78,0.4103,0.5897,0,0,1,0,0,0,0,0,0,0.5217
Lincoln University,223,0.7623,0.2377,0.0852,0.4978,0.0493,0.0135,0,0,0,0.3543,0,0
Southern California Seminary,30,0.7,0.3,0.4,0.2667,0.2333,0.0333,0,0.0333,0,0.0333,0,0.3214
La Sierra University,1155,0.43120000000000003,0.5688,0.0926,0.0701,0.5177,0.1706,9e-4,0.0078,0.0623,0.0762,0.0017,0.4735
Loma Linda University,867,0.2722,0.7278,0.203,0.0323,0.4602,0.2353,0,0.0012,0.0427,0.0254,0,0.3241
Long Beach City College,21899,0.4429,0.5571,0.1199,0.1195,0.6004,0.0899,0.0016,0.0062,0.053,0.0035,0.0061,0.3726
Southern California University of Health Sciences,132,0.1742,0.8258,0.197,0.1136,0.3485,0.2045,0.0076,0,0.0758,0.0152,0.0379,0.0922
Los Angeles Harbor College,6496,0.4027,0.5973,0.1566,0.1096,0.585,0.0776,0.002,0.0051,0.0363,0.0031,0.0248,0.228
Los Angeles Pierce College,13029,0.4622,0.5378,0.2819,0.05,0.4944,0.0848,0.0015,0.0016,0.0445,0.0105,0.0308,0.268
Los Angeles Southwest College,3793,0.3496,0.6504,0.1221,0.3593,0.4242,0.0345,0.0011,0.0016,0.0401,0.0013,0.0158,0.2459
Los Angeles Trade Technical College,10165,0.5991,0.4009,0.078,0.1417,0.7089,0.0284,0.0025,0.001,0.0212,0.0036,0.0148,0.3123
Los Angeles Valley College,12470,0.4342,0.5658,0.3169,0.0573,0.5088,0.0551,0.0012,0.0014,0.0286,0.0055,0.0251,0.2594
The Master's University and Seminary,1606,0.5286,0.4714,0.609,0.0255,0.2042,0.0648,0.0037,0.0044,0.0579,0,0.0305,0.1938
Los Angeles City College,10857,0.4413,0.5587,0.2132,0.0932,0.5025,0.0947,0.0016,0.0011,0.0356,0.0309,0.0271,0.2624
Los Angeles County College of Nursing and Allied Health,220,0.3,0.7,0.1,0.0682,0.5045,0.2636,0.0091,0,0.0545,0,0,0.359
Los Angeles Mission College,8031,0.4156,0.5844,0.1487,0.0493,0.7055,0.0432,0.0012,7e-4,0.0171,0.0029,0.0314,0.2113
Los Medanos College,7100,0.4354,0.5646,0.1861,0.1289,0.4683,0.1199,0.002,0.007,0.0706,0.0038,0.0135,0.2499
Loyola Marymount University,7171,0.467,0.533,0.3952,0.0775,0.2457,0.1011,3e-4,8e-4,0.0824,0.0968,1e-4,0.1303
Lu Ross Academy,277,0.2455,0.7545,0.1516,0.0036,0.769,0.0144,0.0325,0,0.0036,0.0108,0.0144,0.495
Lyle's College of Beauty,96,0.0104,0.9896,0.2292,0.0417,0.6771,0.0104,0,0,0.0208,0,0.0208,0.3485
Lyle's College of  Beauty,77,0.039,0.961,0.3766,0.039,0.4545,0.0779,0,0,0.039,0.013,0,0.3867
Lytles Redwood Empire Beauty College,114,0.0263,0.9737,0.5439,0.0088,0.3947,0.0175,0.0351,0,0,0,0,0.4292
MTI College,1025,0.2107,0.7893,0.2702,0.1707,0.3668,0.0898,0.0049,0.0127,0.0654,0,0.0195,0.4055
College of Marin,3928,0.4323,0.5677,0.4483,0.0344,0.361,0.0619,0.0013,0.0031,0.0634,0.0135,0.0132,0.1684
Mendocino College,2857,0.3287,0.6713,0.3913,0.0231,0.3861,0.0378,0.0522,0.0035,0.0165,4e-4,0.0893,0.2541
Menlo College,811,0.5734,0.4266,0.1628,0.0432,0.3255,0.0666,0.0086,0.0197,0.1097,0.2256,0.0382,0.2938
Merced College,9677,0.4124,0.5876,0.1691,0.0385,0.6619,0.0714,0.0041,0.003,0.0353,0.005,0.0117,0.3339
Merritt College,5153,0.3464,0.6536,0.1877,0.2366,0.2884,0.1725,0.0016,0.0047,0.0586,0.0085,0.0415,0.0936
Northeastern University Oakland,542,0.4889,0.5111,0.2565,0.0535,0.1365,0.3782,0,0,0.0664,0.059,0.0498,NA
MiraCosta College,10474,0.4247,0.5753,0.3453,0.0358,0.4364,0.0722,0.0037,0.0068,0.0655,0.0082,0.0261,0.2724
Mission College,5557,0.4673,0.5327,0.1189,0.0396,0.3711,0.352,0.0027,0.0074,0.0664,0.0184,0.0236,0.1622
Modern Beauty Academy,62,0.3226,0.6774,0.0484,0,0.7742,0.0323,0.0323,0,0.0161,0.0806,0.0161,0.2816
Modesto Junior College,14714,0.393,0.607,0.3173,0.0342,0.5603,0.0637,0.0054,0.0096,5e-4,0.0021,0.0069,0.2617
Moler Barber College,335,0.5522,0.4478,0.0537,0.3851,0.3881,0.0478,0.006,0.0179,0.0507,0.003,0.0478,0.5575
Middlebury Institute of International Studies at Monterey,8,0.375,0.625,0.5,0,0.25,0.125,0,0,0,0.125,0,0.0556
Monterey Peninsula College,5759,0.4588,0.5412,0.304,0.026,0.4978,0.0642,0.0023,0.0089,0.0667,0.0028,0.0273,0.194
Moorpark College,12011,0.4703,0.5297,0.3593,0.0217,0.4259,0.0803,0.0017,0.0023,0.0935,0.0046,0.0107,0.1874
Mt San Antonio College,25311,0.473,0.527,0.0827,0.0374,0.6545,0.1795,0.0013,0.0019,0.0315,0.009,0.0021,0.3422
Mount Saint Mary's University,1746,0.0745,0.9255,0.0905,0.0538,0.5447,0.1901,0.0092,0.0029,0.0172,0.0052,0.0865,0.5515
Mt San Jacinto Community College District,14859,0.4013,0.5987,0.2211,0.0553,0.5178,0.0726,0.0036,0.0042,0.0501,0,0.0752,0.3319
Musicians Institute,735,0.732,0.268,0.2,0.0667,0.0857,0.0789,0.0082,0.0054,0.0517,0.4354,0.068,0.1769
Napa Valley College,3205,0.4084,0.5916,0.2262,0.0406,0.4889,0.1385,0.0031,0.0066,0.0546,9e-4,0.0406,0.1905
National Holistic Institute,1134,0.2795,0.7205,0.2822,0.1279,0.3034,0.0802,0.0097,0.0071,0.127,0,0.0626,0.5923
National University,9725,0.4666,0.5334,0.2977,0.1566,0.3295,0.0706,0.0075,0.0108,0.0364,1e-4,0.0908,0.2553
Newschool of Architecture and Design,212,0.5802,0.4198,0.2736,0.1226,0.3679,0.0991,0.0094,0.0094,0.0472,0.0425,0.0283,0.4629
North Adrian's College of Beauty Inc,213,0.061,0.939,0.2535,0.0704,0.5399,0.0235,0.0094,0.0047,0.061,0,0.0376,0.4403
North-West College-Pomona,315,0.1683,0.8317,0.1429,0.1238,0.4286,0.0794,0.019,0.0127,0.1905,0,0.0032,0.638
North-West College-West Covina,635,0.1417,0.8583,0.1984,0.0551,0.4205,0.1071,0.0142,0.0094,0.1953,0,0,0.6155
North-West College-Van Nuys,225,0.2178,0.7822,0.1733,0.0933,0.6044,0.0978,0.0044,0.0089,0.0178,0,0,0.5271
San Francisco Bay University,62,0.5968,0.4032,0,0.0161,0.0161,0.7258,0,0,0,0.129,0.1129,0
Notre Dame de Namur University,14,0.5,0.5,0.1429,0.1429,0.5714,0.0714,0,0,0.0714,0,0,NA
Occidental College,1844,0.4121,0.5879,0.4799,0.0412,0.1746,0.1329,0.0011,0.0011,0.1128,0.0412,0.0152,0.1595
Ohlone College,6958,0.5195,0.4805,0.1339,0.0328,0.2489,0.4306,0.0013,0.0082,0.054,0.0415,0.0487,0.1127
Orange Coast College,16117,0.5018,0.4982,0.2863,0.0168,0.361,0.2157,0.0019,0.0025,0.0533,0.0523,0.0102,0.2358
Otis College of Art and Design,1242,0.3092,0.6908,0.2238,0.0556,0.2174,0.1731,8e-4,0,0.0797,0.2407,0.0089,0.3068
Oxnard College,6059,0.4729,0.5271,0.1258,0.0177,0.7529,0.0523,0.0023,0.002,0.0323,0.004,0.0107,0.3547
Hope International University,549,0.4463,0.5537,0.2714,0.0674,0.2678,0.0455,0.0146,0.0109,0.1749,0.0328,0.1148,0.4288
Concorde Career College-San Diego,178,0.1461,0.8539,0.0674,0.0449,0.2528,0.0337,0.0056,0.0056,0,0,0.5899,0.5717
Palo Alto University,19,0.0526,0.9474,0.2632,0.2105,0.2632,0.1053,0,0.0526,0,0,0.1053,0.1923
Pacific Oaks College,346,0.1069,0.8931,0.1734,0.1243,0.5665,0.0231,0,0.0029,0.0462,0.0116,0.052,0.5503
Pacific States University,17,0.7059,0.2941,0,0,0,0,0,0,0,1,0,NA
Pacific Union College,910,0.3692,0.6308,0.178,0.0593,0.2967,0.211,0,0.0088,0.1264,0.0264,0.0934,0.3337
University of the Pacific,3247,0.4463,0.5537,0.1632,0.0311,0.2664,0.3437,0.0018,0.0043,0.0533,0.0711,0.065,0.343
Palo Verde College,2909,0.8463,0.1537,0.2413,0.1189,0.5125,0.0358,0.0117,0.0065,0.0265,0,0.0468,0.0639
Palomar College,16167,0.5593,0.4407,0.3364,0.031,0.4851,0.0598,0.0045,0.0046,0.0593,0.0082,0.0111,0.1716
Pasadena City College,20624,0.4645,0.5355,0.1701,0.0342,0.4759,0.2363,0.0016,0.0012,0.0371,0.0261,0.0175,0.2995
Pepperdine University,3629,0.4103,0.5897,0.4464,0.0361,0.1874,0.1499,0.0019,0.003,0.0755,0.0835,0.0163,0.1961
Pitzer College,1191,0.4039,0.5961,0.4861,0.0445,0.1276,0.1192,0.0059,0.0034,0.0999,0.0806,0.0327,0.1015
Point Loma Nazarene University,3132,0.3368,0.6632,0.5297,0.0204,0.2634,0.0651,0.0032,0.0029,0.0811,0.0115,0.0227,0.2273
Pomona College,1638,0.4518,0.5482,0.2924,0.1081,0.1654,0.1777,0,0.0049,0.0946,0.1239,0.033,0.1853
Porterville College,2775,0.3946,0.6054,0.1971,0.0231,0.7294,0.0205,0.0043,0.0011,0.0223,7e-4,0.0014,0.3584
Professional Institute of Beauty,90,0.0444,0.9556,0.0111,0,0.7333,0.0111,0,0,0,0.2444,0,0.5064
Santa Ana College,22011,0.6107,0.3893,0.1778,0.0157,0.5311,0.0747,0.002,0.0025,0.019,0.0065,0.1707,0.1608
Shasta School of Cosmetology,101,0.1188,0.8812,0.6436,0.0198,0.198,0.0297,0.0297,0,0.0792,0,0,0.36
University of Redlands,2095,0.4267,0.5733,0.368,0.0501,0.4305,0.0496,0.0095,0.0048,0.0644,0.0095,0.0134,0.3511
College of the Redwoods,3514,0.502,0.498,0.5088,0.0361,0.2351,0.029,0.0569,0.0026,0.0965,3e-4,0.0347,0.3339
Salon Success Academy-Upland,238,0.0378,0.9622,0.2017,0.0924,0.6387,0.0336,0.0084,0,0.0042,0,0.021,0.536
Salon Success Academy-Corona,216,0.0046,0.9954,0.2407,0.0833,0.5833,0.037,0,0.0278,0.0278,0,0,0.4866
Rio Hondo College,15365,0.5787,0.4213,0.1041,0.0213,0.7103,0.0525,0.0015,0.0016,0.01,0.0017,0.0971,0.2385
Riverside City College,17361,0.4196,0.5804,0.1329,0.0713,0.6751,0.0622,0.0019,0.0033,0.0423,0.0059,0.005,0.329
Dongguk University Los Angeles,4,0,1,0,0,0,1,0,0,0,0,0,NA
Sacramento City College,16952,0.4149,0.5851,0.2673,0.094,0.325,0.159,0.0044,0.0126,0.0669,0.0031,0.0677,0.2503
Saddleback College,15959,0.4569,0.5431,0.4468,0.0231,0.3024,0.1208,0.0026,0.0023,0.0626,0.015,0.0243,0.1532
Samuel Merritt University,712,0.1868,0.8132,0.2879,0.0646,0.2388,0.2683,0.0042,0.0084,0.1096,0,0.0183,0.1776
San Diego City College,10584,0.4635,0.5365,0.2285,0.0948,0.4881,0.1033,0.0015,0.0044,0.0667,0.0011,0.0116,0.2195
San Diego Mesa College,15899,0.4472,0.5528,0.2813,0.0673,0.4086,0.1421,0.0018,0.0042,0.0798,0.0039,0.0109,0.1556
San Diego Miramar College,10740,0.5494,0.4506,0.3189,0.052,0.3344,0.1879,0.0019,0.006,0.0807,0.0017,0.0166,0.1147
San Diego State University,33654,0.4358,0.5642,0.3426,0.0366,0.3617,0.1336,0.0022,0.0032,0.0702,0.0207,0.0292,0.3142
University of San Diego,5619,0.4424,0.5576,0.456,0.0457,0.2552,0.0705,0.0025,0.0034,0.0753,0.0626,0.0288,0.1935
San Francisco Conservatory of Music,215,0.6326,0.3674,0.3023,0.0372,0.1349,0.0744,0,0,0.1023,0.3023,0.0465,0.1584
San Francisco State University,20033,0.4583,0.5417,0.1542,0.0646,0.3985,0.2386,0.0016,0.0059,0.0593,0.0354,0.0418,0.414
University of San Francisco,5697,0.3493,0.6507,0.2305,0.0753,0.215,0.2617,0.0018,0.0033,0.1018,0.095,0.0156,0.2722
San Joaquin Delta College,13964,0.4101,0.5899,0.1464,0.072,0.5231,0.182,0.0025,0.0062,0.0591,6e-4,0.0079,0.2309
San Joaquin Valley College-Visalia,2270,0.2573,0.7427,0.1938,0.0696,0.5916,0.0551,0.0132,0.0079,0.0115,0.0013,0.0559,0.4917
San Joaquin Valley College-Bakersfield,820,0.3232,0.6768,0.1317,0.05,0.6817,0.0415,0.0134,0.0098,0.0073,0,0.0646,0.5673
William Jessup University,1021,0.4251,0.5749,0.4466,0.0558,0.2488,0.0431,0.0176,0.0127,0.0578,0.0343,0.0833,0.343
San Jose City College,7039,0.4351,0.5649,0.1098,0.0493,0.5286,0.2152,0.002,0.0067,0.0425,0.0172,0.0287,0.2074
San Jose State University,26757,0.5213,0.4787,0.1256,0.0348,0.3193,0.3911,7e-4,0.0047,0.0543,0.0372,0.0324,0.3545
College of San Mateo,7359,0.4904,0.5096,0.2566,0.0272,0.3492,0.209,0.001,0.023,0.0641,0.0428,0.0272,0.1271
Santa Barbara City College,10070,0.445,0.555,0.4019,0.0248,0.3843,0.0478,0.0023,0.0025,0.0583,0.0412,0.0369,0.1552
Santa Clara University,6235,0.5144,0.4856,0.3751,0.035,0.1873,0.2148,3e-4,0.0024,0.0889,0.0776,0.0186,0.1087
Santa Monica College,21194,0.4473,0.5527,0.2523,0.0917,0.4116,0.0864,0.0013,0.001,0.0538,0.0777,0.0241,0.2627
Santa Rosa Junior College,14327,0.455,0.545,0.4064,0.0198,0.4068,0.0436,0.0053,0.003,0.0528,0.0063,0.056,0.165
Scripps College,1077,0,1,0.5357,0.0409,0.1226,0.1365,0,0,0.1133,0.0399,0.0111,0.1147
College of the Sequoias,10752,0.4388,0.5612,0.1762,0.018,0.7212,0.0339,0.0032,0.0012,0.0299,0.0014,0.0151,0.3515
Shasta Bible College and Graduate School,12,0.5,0.5,0.6667,0,0.1667,0,0,0,0.1667,0,0,0.5417
Shasta College,5536,0.3958,0.6042,0.599,0.0228,0.2001,0.0466,0.0222,0.0042,0.0831,0,0.022,0.3662
Sierra College,13455,0.4565,0.5435,0.5392,0.0342,0.2378,0.0823,0.0055,0.0049,0.0796,0.0044,0.012,0.1992
Sierra College of Beauty,245,0.3306,0.6694,0.0816,0.049,0.7551,0.0367,0,0,0.0163,0,0.0612,0.6147
Simpson University,751,0.4407,0.5593,0.474,0.0333,0.2783,0.0439,0.0133,0.0093,0.0919,0.0466,0.0093,0.4221
College of the Siskiyous,1080,0.538,0.462,0.5926,0.0296,0.187,0.0213,0.0222,0.0074,0.0926,0.0111,0.0361,0.2786
Charles A Jones Career and Education Center,90,0.3222,0.6778,0.1556,0.2222,0.1889,0.3444,0.0222,0.0333,0.0333,0,0,0.3393
Skyline College,7132,0.4574,0.5426,0.1826,0.0286,0.3437,0.30620000000000003,0.0014,0.0126,0.058,0.0414,0.0255,0.1009
San Bernardino Valley College,11106,0.3881,0.6119,0.1059,0.1018,0.7006,0.0448,0.0013,0.0044,0.0355,6e-4,0.0051,0.2699
Saint Mary's College of California,2024,0.4466,0.5534,0.3824,0.0519,0.3137,0.0949,0.0025,0.0124,0.0929,0.0267,0.0227,0.2381
Solano Community College,7688,0.456,0.544,0.2128,0.1431,0.3777,0.1476,0.0042,0.0077,0.0881,0.0016,0.0173,0.2081
Sonoma State University,5374,0.388,0.612,0.4042,0.0272,0.4168,0.0493,0.0032,0.0037,0.0566,0.005,0.0341,0.3615
South Coast College,241,0.0705,0.9295,0.249,0.0456,0.5145,0.0788,0.0124,0,0.0705,0,0.029,0.5274
Vanguard University of Southern California,1975,0.3458,0.6542,0.3063,0.0532,0.4765,0.0446,0.0025,0.0061,0.0238,5e-4,0.0866,0.4288
Concorde Career College-Garden Grove,202,0.2228,0.7772,0.0941,0.0396,0.3564,0.198,0,0.005,0.0149,0,0.2921,0.4563
Southwestern College,16640,0.4582,0.5418,0.0985,0.0436,0.6883,0.1046,0.0019,0.004,0.0383,7e-4,0.0201,0.3504
Southern California Institute of Architecture,236,0.5975,0.4025,0.1483,0.0169,0.1271,0.1186,0,0,0.0339,0.5508,0.0042,0.212
University of Southern California,20817,0.4824,0.5176,0.2757,0.0705,0.1827,0.2477,0.0017,0.0024,0.0645,0.1373,0.0176,0.2166
Taft College,3216,0.537,0.463,0.181,0.0398,0.6676,0.0162,0.005,0.0016,0.0221,0.0016,0.0653,0.1788
Thomas Aquinas College,539,0.4972,0.5028,0.6215,0,0.1967,0.0223,0,0.0019,0.0557,0.0649,0.0371,0.1977
Epic Bible College & Graduate School,60,0.3833,0.6167,0.3667,0.3333,0.1333,0.05,0,0.0167,0.0833,0.0167,0,0.5513
UEI College-Huntington Park,1036,0.444,0.556,0.0058,0.0222,0.2973,0.0058,0.0058,0.0019,0.0019,0,0.6593,0.7484
Concorde Career College-San Bernardino,260,0.1692,0.8308,0.0423,0.0885,0.4115,0.0115,0.0077,0.0038,0.0231,0,0.4115,0.7067
Concorde Career College-North Hollywood,143,0.2448,0.7552,0.035,0.0769,0.5734,0.049,0.007,0.007,0.007,0,0.2448,0.5443
Ventura College,9971,0.4324,0.5676,0.2058,0.0209,0.6612,0.0446,0.0029,0.002,0.0447,0.0049,0.0129,0.2548
Bridges Beauty College,80,0.2,0.8,0.225,0.1375,0.6,0.0375,0,0,0,0,0,0.3333
Victor Valley College,12107,0.4036,0.5964,0.1747,0.1052,0.6416,0.0194,0.0033,0.0024,0.0454,7e-4,0.0072,0.3478
Berkeley City College,4541,0.4349,0.5651,0.2303,0.1678,0.2803,0.1865,0.0018,0.0031,0.0751,0.0152,0.0399,0.1258
Walden University,7337,0.1443,0.8557,0.4187,0.3812,0.0977,0.0144,3e-4,0.003,0.024,0.0046,0.056,0.5043
Waynes College of Beauty,46,0.1304,0.8696,0.1304,0,0.8043,0.0217,0.0435,0,0,0,0,0.6944
Coalinga College,2177,0.4984,0.5016,0.1277,0.0528,0.7382,0.023,0.0092,0.0041,0.0193,0.0032,0.0225,0.2207
West Los Angeles College,7277,0.4179,0.5821,0.1795,0.224,0.4718,0.0414,0.0027,0.0019,0.0431,0.0052,0.0304,0.1998
West Valley College,6086,0.4402,0.5598,0.303,0.0274,0.3414,0.1873,8e-4,0.0035,0.1132,0.0069,0.0164,0.1056
Carrington College-Sacramento,2262,0.2493,0.7507,0.1857,0.1048,0.4761,0.076,0.0234,0.0186,0.0195,0.0053,0.0906,0.559
Westmont College,1310,0.3863,0.6137,0.516,0.0244,0.2344,0.0649,0.0023,0.0015,0.0809,0.0168,0.0588,0.1858
Whittier College,812,0.4064,0.5936,0.2278,0.0369,0.4901,0.053,0,0.0025,0.069,0.1158,0.0049,0.3185
Woodbury University,825,0.4521,0.5479,0.4073,0.0485,0.2933,0.1261,0.0109,0.0024,0.023,0.0436,0.0448,0.4896
Yeshiva Ohr Elchonon Chabad West Coast Talmudical Seminary,157,1,0,0.9936,0,0,0,0,0,0,0.0064,0,0.5461
Yuba College,4311,0.3997,0.6003,0.2839,0.0309,0.405,0.1538,0.0063,0.0037,0.0733,0,0.0431,0.2799
Adams State University,1239,0.5456,0.4544,0.3616,0.0815,0.3705,0.0056,0.0178,0.0113,0.0541,0.0145,0.0831,0.3499
Aims Community College,3182,0.4673,0.5327,0.4843,0.0239,0.4032,0.016,0.0069,0.0028,0.0226,0.0016,0.0387,0.1712
Arapahoe Community College,5392,0.4021,0.5979,0.6133,0.0393,0.1907,0.0408,0.0054,0.0019,0.046,0.0159,0.0467,0.1049
Bel-Rea Institute of Animal Technology,161,0.1118,0.8882,0.5714,0.0311,0.2484,0.0248,0.0062,0,0.0311,0,0.087,0.4067
University of Colorado Denver/Anschutz Medical Campus,10686,0.4396,0.5604,0.3789,0.0682,0.2766,0.1072,0.004,0.0019,0.0561,0.0952,0.0119,0.2579
University of Colorado Colorado Springs,8870,0.483,0.517,0.5964,0.052,0.205,0.0383,0.0047,0.0027,0.0755,0.009,0.0163,0.2625
Spartan College of Aeronautics and Technology,321,0.8692,0.1308,0.5327,0.0561,0.1713,0.0592,0.0093,0.0218,0.0218,0,0.1277,0.0951
University of Colorado Boulder,31578,0.5332,0.4668,0.6776,0.0182,0.1349,0.0621,0.0018,0.0011,0.0674,0.0272,0.0097,0.1477
Colorado Christian University,5363,0.2998,0.7002,0.6142,0.1467,0.1503,0.0127,0.0084,0.0032,0.0373,2e-4,0.027,0.329
Colorado College,2139,0.4268,0.5732,0.6755,0.0257,0.1127,0.05,0.0019,0.0019,0.0715,0.05,0.0108,0.1381
Concorde Career College-Aurora,196,0.1173,0.8827,0.2449,0.0816,0.3571,0.0306,0.0051,0,0.0255,0,0.2551,0.5689
Colorado Mountain College,2821,0.3761,0.6239,0.5771,0.0113,0.3343,0.0103,0.0039,0.0011,0.033,0,0.0291,0.1343
Colorado Northwestern Community College,500,0.382,0.618,0.678,0.024,0.22,0.01,0.016,0,0.032,0.012,0.008,0.1764
Colorado School of Mines,5801,0.6794,0.3206,0.6809,0.0138,0.13,0.0653,0.005,9e-4,0.0645,0.0241,0.0155,0.1333
Colorado School of Trades,108,0.9352,0.0648,0.8519,0.0093,0,0.0278,0,0,0,0,0.1111,0.2821
Colorado State University-Fort Collins,25148,0.4549,0.5451,0.701,0.0247,0.1564,0.0292,0.0055,0.0016,0.0514,0.0231,0.0071,0.1889
Colorado Technical University-Colorado Springs,25932,0.354,0.646,0.2825,0.2051,0.0017,0.0083,0.0122,0.0041,0.0327,0,0.4534,0.6832
Community College of Aurora,3346,0.4127,0.5873,0.2606,0.2197,0.3449,0.0619,0.0063,0.0057,0.0478,0.0406,0.0126,0.1647
Technical College of the Rockies,142,0.3451,0.6549,0.5634,0.0141,0.3873,0,0.0352,0,0,0,0,0.2703
Community College of Denver,5156,0.3673,0.6327,0.3474,0.1197,0.3755,0.0576,0.0078,0.0029,0.0436,0.0357,0.0099,0.3098
Lincoln College of Technology-Denver,1104,0.8895,0.1105,0.3986,0.0743,0.4058,0.0163,0.0254,0.0091,0.0553,9e-4,0.0145,0.4578
University of Denver,6059,0.4486,0.5514,0.6801,0.0279,0.137,0.0376,0.0043,0.0012,0.0635,0.032,0.0163,0.1471
Emily Griffith Technical College,5914,0.871,0.129,0.4711,0.0551,0.3713,0.0172,0.0299,0.0057,0.002,0.0041,0.0435,0.0729
Fort Lewis College,3070,0.4759,0.5241,0.4261,0.0124,0.1469,0.0046,0.2824,0.0016,0.1192,0.0055,0.0013,0.361
Front Range Community College,11132,0.4067,0.5933,0.5776,0.0245,0.2782,0.0402,0.0067,0.0022,0.0406,0.0163,0.0136,0.1649
International Salon and Spa Academy,307,0.202,0.798,0.4169,0.1857,0.2997,0.0391,0.0358,0.0033,0.013,0,0.0065,0.5756
Lamar Community College,406,0.4483,0.5517,0.3793,0.0591,0.4335,0.0049,0.032,0.0074,0.0345,0.0369,0.0123,0.3174
Colorado Mesa University,7604,0.4654,0.5346,0.6486,0.0158,0.2102,0.0139,0.0067,0.0039,0.0433,0.0138,0.0438,0.274
Metropolitan State University of Denver,14932,0.4486,0.5514,0.4278,0.0782,0.3665,0.0446,0.0097,0.0027,0.0546,0.0059,0.01,0.3508
Morgan Community College,619,0.3053,0.6947,0.4071,0.0856,0.4685,0.0145,0.0032,0,0.0113,0,0.0097,0.212
Naropa University,368,0.288,0.712,0.6495,0.0217,0.1196,0.0245,0.0027,0,0.0761,0.0272,0.0788,0.5656
Nazarene Bible College,336,0.4762,0.5238,0.7619,0.0685,0.1042,0.0149,0.0119,0.003,0.0357,0,0,0.1449
Northeastern Junior College,825,0.4121,0.5879,0.6812,0.0339,0.1733,0.0024,0.0048,0.0012,0.0352,0.0594,0.0085,0.3734
University of Northern Colorado,5693,0.3276,0.6724,0.6018,0.0425,0.2607,0.0214,0.0042,0.0019,0.0499,0.0119,0.0056,0.2619
Otero College,642,0.4346,0.5654,0.4159,0.0576,0.3863,0.0093,0.0125,0.0031,0.0327,0.0701,0.0125,0.3423
Pikes Peak State College,9307,0.4094,0.5906,0.5232,0.0829,0.251,0.0342,0.0074,0.0055,0.0676,0.015,0.0132,0.3078
Pueblo Community College,3293,0.3058,0.6942,0.471,0.031,0.4057,0.0137,0.0276,0.0012,0.0361,0.0043,0.0094,0.2833
Red Rocks Community College,4281,0.4838,0.5162,0.6155,0.0271,0.2345,0.0318,0.0068,0.0026,0.0362,0.0194,0.0262,0.1931
Regis University,2599,0.3128,0.6872,0.4602,0.0635,0.317,0.0646,0.0038,0.0035,0.0385,0.01,0.0389,0.2615
Rocky Mountain College of Art and Design,1878,0.246,0.754,0.5634,0.1097,0.1406,0.0362,0.016,0.0011,0.0399,0.0011,0.0921,0.4599
Montessori Education Center of the Rockies,6,0,1,0,0.5,0.5,0,0,0,0,0,0,0.1667
Colorado State University Pueblo,3028,0.4706,0.5294,0.4171,0.0624,0.3616,0.0192,0.0073,0.0036,0.0918,0.0205,0.0165,0.2785
Pickens Technical College,646,0.5077,0.4923,0.2322,0.1594,0.4954,0.0557,0.0015,0.0031,0.0263,0.0263,0,0.3302
Intellitec College-Colorado Springs,816,0.685,0.315,0.5208,0.19,0.2304,0.027,0.0098,0,0,0,0.0221,0.5315
Intellitec College-Grand Junction,1160,0.3836,0.6164,0.5172,0.05,0.3647,0.0095,0.0414,0.0017,0,0,0.0155,0.6434
Trinidad State College,1168,0.4957,0.5043,0.3545,0.083,0.4443,0.0068,0.0231,0,0.0334,0.0231,0.0317,0.4106
United States Air Force Academy,4124,0.7061,0.2939,0.6341,0.058,0.1193,0.0723,0.0017,0.0058,0.0827,0.0145,0.0116,NA
Empire Beauty School-Thornton,104,0.0288,0.9712,0.3077,0.0577,0.4135,0,0.0096,0,0.0288,0,0.1827,0.4154
Western Colorado University,1653,0.5681,0.4319,0.7247,0.0315,0.1289,0.0121,0.0115,0.0018,0.0375,0.0079,0.0442,0.1347
Albertus Magnus College,882,0.407,0.593,0.3571,0.2732,0.2574,0.0159,0.0011,0,0.0351,0.042,0.0181,0.4711
Bais Binyomin Academy,50,1,0,0.94,0,0,0,0,0,0,0.06,0,0.6667
University of Bridgeport,1450,0.2952,0.7048,0.2531,0.3262,0.3055,0.0448,0.0034,0,0.0048,0.0421,0.02,0.5168
Central Connecticut State University,7670,0.543,0.457,0.5425,0.1349,0.2,0.0501,0.001,4e-4,0.0306,0.0186,0.0218,0.3486
Charter Oak State College,1620,0.2321,0.7679,0.4944,0.2068,0.2247,0.029,0.0012,0.0019,0.0235,0.0037,0.0148,0.3771
Cortiva Institute,220,0.0909,0.9091,0.2864,0.25,0.35,0.0409,0,0,0.0136,0,0.0591,0.4218
Connecticut College,1960,0.3888,0.6112,0.6867,0.0439,0.1158,0.0362,0,0.001,0.0388,0.0607,0.0168,0.1432
Porter & Chester Institute of Hamden,333,0.5766,0.4234,0.1922,0.2913,0.3093,0.03,0.006,0,0.048,0,0.1231,0.5892
University of Connecticut,19147,0.4595,0.5405,0.5034,0.0728,0.1614,0.1304,9e-4,4e-4,0.0462,0.0776,0.0068,0.2416
Goodwin University,2761,0.1333,0.8667,0.3716,0.2633,0.2485,0.0272,0.0054,0.0022,0.0087,0.004,0.0692,0.4843
Lincoln Technical Institute-East Windsor,971,0.8939,0.1061,0.3708,0.1267,0.207,0.0185,0.001,0.0021,0.0371,0,0.2369,0.4672
Eastern Connecticut State University,3377,0.4163,0.5837,0.6444,0.0891,0.1377,0.0234,3e-4,9e-4,0.0403,0.0038,0.0601,0.2817
Fairfield University,4938,0.4259,0.5741,0.8147,0.0113,0.0751,0.019,2e-4,4e-4,0.0174,0.02,0.0417,0.0683
Paul Mitchell the School-North Haven,191,0.0157,0.9843,0.3351,0.2565,0.3194,0.0105,0.0052,0.0052,0.0419,0.0052,0.0209,0.3838
Connecticut State Community College,32292,0.399,0.601,0.396,0.1691,0.3234,0.0413,0.0023,0.0015,0.0377,0.0051,0.0234,0.4371
American Institute-West Hartford,396,0.0808,0.9192,0.1944,0.1995,0.3535,0.1111,0.0177,0,0.0328,0,0.0909,0.674
University of Hartford,4032,0.4323,0.5677,0.5107,0.1639,0.1726,0.0392,0.0042,0.0017,0.0206,0.034,0.0531,0.2976
Holy Apostles College and Seminary,203,0.5025,0.4975,0.6502,0.0099,0.202,0.0591,0.0049,0,0.0049,0.0591,0.0099,0.1624
Mitchell College,421,0.5534,0.4466,0.5582,0.1473,0.1948,0.0119,0.0071,0.0024,0.0333,0.0048,0.0404,0.3933
Lincoln Technical Institute-New Britain,783,0.3831,0.6169,0.2439,0.3372,0.3282,0.0204,0.0013,0.0013,0.0587,0,0.0089,0.5975
New England Tractor Trailer Training School of Connecticut,293,0.901,0.099,0.3413,0.3447,0.3072,0,0,0.0068,0,0,0,0.568
University of New Haven,4799,0.4226,0.5774,0.5374,0.1084,0.2069,0.031,0.0017,6e-4,0.0363,0.0342,0.0436,0.274
Paier College,183,0.3388,0.6612,0.4372,0.224,0.2295,0.0492,0.0055,0.0109,0.0383,0,0.0055,0.6636
Porter & Chester Institute,1405,0.5722,0.4278,0.2676,0.2747,0.2199,0.0142,0.0028,0.0498,0.0434,0,0.1274,0.4664
Post University,18975,0.2705,0.7295,0.4331,0.3734,0.0652,0.0096,0.0132,0.0042,0.0869,4e-4,0.0139,0.7298
Quinnipiac University,6208,0.394,0.606,0.7384,0.0412,0.1149,0.0345,0.001,6e-4,0.0282,0.0185,0.0227,0.1551
Sacred Heart University,6904,0.3582,0.6418,0.7646,0.0346,0.1301,0.0169,0.001,3e-4,0.0236,0.0109,0.018,0.1517
University of Saint Joseph,825,0.2909,0.7091,0.5927,0.1042,0.1818,0.057,0,0,0.0364,0.017,0.0109,0.361
Southern Connecticut State University,6180,0.3914,0.6086,0.4356,0.1994,0.2458,0.0395,0.0013,2e-4,0.0443,0.0068,0.0272,0.3727
Trinity College,2193,0.4738,0.5262,0.6097,0.0561,0.0907,0.0451,0.0023,0,0.0392,0.1377,0.0192,0.1518
United States Coast Guard Academy,1081,0.6059,0.3941,0.6281,0.0287,0.136,0.0574,9e-4,0.0028,0.1073,0.0278,0.0111,NA
Wesleyan University,2973,0.4692,0.5308,0.5402,0.0585,0.1026,0.0928,3e-4,7e-4,0.073,0.1036,0.0283,0.1499
Western Connecticut State University,3434,0.4921,0.5079,0.4968,0.0944,0.2941,0.0451,0.0047,3e-4,0.0536,0.0029,0.0082,0.3464
Yale University,6811,0.4823,0.5177,0.3239,0.0881,0.1571,0.2283,0.0041,0.0015,0.0722,0.1063,0.0185,0.1916
Margaret H Rollins School of Nursing at Beebe Medical Center,43,0.0698,0.9302,0.7674,0.093,0.0465,0,0,0,0.093,0,0,0.4314
Dawn Career Institute LLC,385,0.3481,0.6519,0.0987,0.639,0.1195,0.0156,0,0,0.0779,0,0.0494,0.408
Delaware Technical Community College-Terry,11012,0.3158,0.6842,0.4182,0.2813,0.1762,0.032,0.0041,9e-4,0.0459,0.0093,0.0321,0.3849
Delaware State University,4630,0.3501,0.6499,0.0715,0.7514,0.0849,0.0108,0.0015,6e-4,0.0587,0.0188,0.0017,0.4335
University of Delaware,18812,0.4014,0.5986,0.6743,0.0637,0.0988,0.0552,0.0013,3e-4,0.0521,0.0379,0.0163,0.1565
Goldey-Beacom College,634,0.5079,0.4921,0.3722,0.2145,0.1656,0.0142,0.0016,0.0016,0.0473,0.0789,0.1041,0.3887
Schilling-Douglas School of Hair Design,166,0.0482,0.9518,0.3916,0.3494,0.1627,0.0482,0,0,0.0482,0,0,0.4777
Wilmington University,8497,0.3894,0.6106,0.47,0.2243,0.1619,0.0326,0.0044,0.0021,0.0455,0.0307,0.0284,0.2631
American University,7593,0.3645,0.6355,0.5687,0.0788,0.128,0.0711,3e-4,5e-4,0.0569,0.0661,0.0296,0.1273
The Catholic University of America,3063,0.4345,0.5655,0.5759,0.093,0.1943,0.03,7e-4,3e-4,0.0464,0.0307,0.0287,0.1674
University of the District of Columbia,3080,0.3305,0.6695,0.0321,0.5419,0.2789,0.013,0.0029,3e-4,0.0273,0.036,0.0675,0.4282
Gallaudet University,879,0.4812,0.5188,0.4209,0.1752,0.2298,0.0501,0.0068,0.0068,0.0171,0.0444,0.0489,0.5427
George Washington University,10848,0.3678,0.6322,0.4929,0.0765,0.1309,0.1495,5e-4,7e-4,0.0548,0.0768,0.0173,0.1483
Georgetown University,7462,0.415,0.585,0.4854,0.0505,0.0622,0.1514,7e-4,0.0015,0.0607,0.1375,0.0501,0.1032
Howard University,9604,0.273,0.727,0.0026,0.7143,0.0691,0.0308,0.0037,0.0011,0.0514,0.0494,0.0775,0.4053
Strayer University-District of Columbia,309,0.2104,0.7896,0.0809,0.7994,0.0615,0,0.0032,0.0032,0.0388,0,0.0129,0.7111
National Conservatory of Dramatic Arts,25,0.4,0.6,0.36,0.32,0,0,0.04,0,0.24,0,0.04,0.1667
Trinity Washington University,1415,0.0226,0.9774,0.0148,0.5809,0.3371,0.0106,0,0,0.0219,0.0113,0.0233,0.5131
Atlantic Technical College,2672,0.8728,0.1272,0.3746,0.2882,0.3031,0.0079,0.0037,0.0019,0.0206,0,0,0.0618
Baptist University of Florida,248,0.5242,0.4758,0.6331,0.0565,0.0121,0.0161,0.004,0,0.0685,0,0.2097,0.3403
Barry University,2245,0.3693,0.6307,0.1087,0.3782,0.3479,0.0143,0.0031,9e-4,0.0312,0.1065,0.0094,0.4571
Bethune-Cookman University,2414,0.3666,0.6334,0.0054,0.5812,0.0331,4e-4,0.0017,4e-4,0.0162,0.0186,0.343,0.7694
Lynn University,2820,0.4957,0.5043,0.5032,0.0915,0.1922,0.0145,0.0018,0.0011,0.0333,0.1301,0.0323,0.2272
North Florida Technical College,65,0.5692,0.4308,0.6,0.3692,0,0,0,0.0308,0,0,0,0.125
Eastern Florida State College,10162,0.4129,0.5871,0.5837,0.1167,0.1848,0.0248,0.0024,0.0018,0.0562,0.0163,0.0133,0.2788
Broward College,23799,0.4038,0.5962,0.1227,0.3307,0.377,0.0327,0.002,0.0024,0.0416,0.0623,0.0287,0.4002
Albizu University-Miami,225,0.1378,0.8622,0.0311,0.0178,0.8756,0,0,0,0,0.0089,0.0667,0.5161
College of Central Florida,4717,0.3617,0.6383,0.5739,0.109,0.2039,0.0267,0.0017,0.0032,0.0411,0.0201,0.0204,0.4047
Johnson University Florida,136,0.7426,0.2574,0.2206,0.1985,0.2059,0,0,0,0.0294,0.3015,0.0441,0.4645
University of Central Florida,59095,0.4573,0.5427,0.435,0.0919,0.3078,0.0772,0.0011,0.0012,0.0479,0.0289,0.009,0.3342
Charlotte Technical College,295,0.5966,0.4034,0.6203,0.1254,0.1763,0.0237,0.0102,0.0034,0.0305,0.0102,0,0.3015
Chipola College,1218,0.3966,0.6034,0.6585,0.1585,0.0649,0.0074,0.0025,0.0016,0.0517,0.0181,0.0369,0.2689
Lorenzo Walker Technical College,767,0.4537,0.5463,0.2034,0.193,0.575,0.013,0.0013,0.0013,0.013,0,0,0.1723
Daytona State College,9367,0.4119,0.5881,0.5286,0.1429,0.2269,0.024,0.0018,9e-4,0.0501,0.006,0.0189,0.3393
South University-West Palm Beach,284,0.1972,0.8028,0.1232,0.5634,0.1937,0.0141,0.0106,0.0035,0.0282,0.0211,0.0423,0.5677
Eckerd College,1984,0.2949,0.7051,0.756,0.0257,0.0993,0.0197,0.0015,0.001,0.0585,0.0368,0.0015,0.1621
Florida SouthWestern State College,10613,0.3708,0.6292,0.3386,0.1387,0.379,0.02,0.004,0.001,0.0237,0.0301,0.065,0.3357
Edward Waters University,1113,0.5274,0.4726,0.0494,0.8401,0.0198,0.0027,0.0036,0.0018,0.0171,0.0027,0.0629,0.7557
Embry-Riddle Aeronautical University-Daytona Beach,7535,0.7301,0.2699,0.5735,0.0451,0.1521,0.049,0.002,0.0013,0.053,0.1011,0.023,0.1507
Florida Agricultural and Mechanical University,7516,0.3371,0.6629,0.0305,0.8924,0.054,0.0028,9e-4,0,0.0184,9e-4,1e-4,0.5557
Florida Atlantic University,23458,0.4286,0.5714,0.415,0.1733,0.2887,0.0393,8e-4,9e-4,0.0408,0.0279,0.0132,0.3515
Florida State College at Jacksonville,17739,0.3575,0.6425,0.4253,0.2746,0.0938,0.0317,0.0032,0.0045,0.119,0.0402,0.0077,0.3336
Flagler College,2404,0.3211,0.6789,0.7242,0.0295,0.1344,0.0096,0.0017,8e-4,0.0387,0.0308,0.0304,0.2831
Florida College,589,0.489,0.511,0.7555,0.034,0.0645,0.0187,0.0051,0.0051,0.0441,0.0374,0.0357,0.209
Concorde Career Institute-Jacksonville,140,0.0786,0.9214,0.1071,0.3929,0.0643,0.0071,0.0071,0,0.0286,0,0.3929,0.7052
Concorde Career Institute-Miramar,137,0.1606,0.8394,0.0146,0.3358,0.1752,0.0073,0.0146,0,0.0073,0,0.4453,0.6335
Concorde Career Institute-Tampa,132,0.1667,0.8333,0.1515,0.2121,0.3939,0.0076,0,0.0076,0.0076,0,0.2197,0.6967
AdventHealth University,1068,0.147,0.853,0.309,0.1713,0.3708,0.0403,0,0.0056,0.0281,0.0449,0.03,0.3739
Florida Institute of Technology,3235,0.673,0.327,0.5428,0.0488,0.1598,0.025,0.0028,0.0015,0.0303,0.162,0.0269,0.201
Florida International University,38761,0.4419,0.5581,0.0885,0.1109,0.6768,0.0271,5e-4,4e-4,0.0206,0.0703,0.005,0.4042
The College of the Florida Keys,823,0.4204,0.5796,0.4727,0.1021,0.3123,0.0085,0.0012,0.0024,0.0231,0.0194,0.0583,0.2999
Florida Memorial University,1299,0.465,0.535,0.0293,0.7737,0.0377,0.0015,8e-4,0,0.0054,0.1316,0.02,0.6621
Florida Career College-Miami,130,0.4077,0.5923,0.0154,0.1538,0.4154,0,0,0,0.0154,0,0.4,0.7377
Florida School of Massage,32,0.4375,0.5625,0.7813,0.1875,0,0,0,0,0.0313,0,0,0.5341
Florida Southern College,2607,0.3682,0.6318,0.6659,0.0633,0.1542,0.0269,0.0042,0.0015,0.0395,0.0418,0.0027,0.2602
Florida State University,31812,0.4347,0.5653,0.5821,0.0739,0.2318,0.0373,9e-4,7e-4,0.0435,0.0166,0.0132,0.2375
University of Florida,34102,0.4446,0.5554,0.4999,0.0508,0.2424,0.1194,5e-4,4e-4,0.0491,0.0215,0.016,0.2198
Fort Pierce Beauty Academy,30,0.3667,0.6333,0.4,0.6,0,0,0,0,0,0,0,0.9767
Full Sail University,25195,0.6907,0.3093,0.3703,0.3038,0.1885,0.0178,0.0069,0.0023,0.0684,1e-4,0.0419,0.5669
George Stone Technical College,566,0.818,0.182,0.6272,0.1873,0.076,0.0124,0.0035,0.0035,0.0901,0,0,0.2094
George T Baker Aviation Technical College,922,0.9273,0.0727,0.0792,0.1128,0.8026,0,0,0,0.0043,0,0.0011,0.2594
Gulf Coast State College,3614,0.3484,0.6516,0.6801,0.1253,0.0814,0.0335,0.0066,3e-4,0.0551,0.0072,0.0105,0.2763
Key College,16,0,1,0.5,0.25,0.125,0,0,0,0,0.125,0,0.2609
Hillsborough Community College,19998,0.4076,0.5924,0.308,0.1754,0.3874,0.035,0.0019,0.0018,0.0482,0.0173,0.0251,0.416
Hobe Sound Bible College,125,0.52,0.48,0.672,0.04,0.088,0,0,0,0.008,0.112,0.08,0.2667
Hollywood Institute of Beauty Careers,286,0.1259,0.8741,0.0594,0.5594,0.2762,0.007,0,0.0944,0.0035,0,0,0.729
Cortiva Institute,138,0.1449,0.8551,0.471,0.1957,0.2246,0.0362,0,0,0.0507,0,0.0217,0.4138
Indian River State College,11571,0.4025,0.5975,0.3156,0.1294,0.4785,0.0118,0.0014,9e-4,0.0227,0.0178,0.0219,0.3302
International Academy,191,0.1414,0.8586,0.5183,0.3508,0.0995,0.0105,0,0,0.0052,0,0.0157,0.4509
Jacksonville University,2649,0.4035,0.5965,0.5334,0.1487,0.1601,0.0227,0.0026,0.0023,0.0464,0.0506,0.0332,0.2993
Keiser University-Ft Lauderdale,17370,0.2884,0.7116,0.2131,0.1873,0.2718,0.0161,0.0072,0.0033,0.0151,0.0184,0.2676,0.5756
La Belle Beauty School,239,0.0042,0.9958,0,0,1,0,0,0,0,0,0,0.1051
Florida Gateway College,2231,0.3156,0.6844,0.6885,0.1784,0.0896,0.0081,0.0031,0,0.0296,9e-4,0.0018,0.3755
Lake Technical College,738,0.5271,0.4729,0.5854,0.1409,0.2371,0.0163,0.0027,0.0027,0.0149,0,0,0.2766
Lake-Sumter State College,3572,0.3813,0.6187,0.47,0.1271,0.2982,0.0398,0.0073,0.0031,0.0218,0.0084,0.0244,0.3002
Fort Myers Technical College,668,0.726,0.274,0.4491,0.1347,0.3653,0.0045,0.0015,0.0015,0.0284,0.015,0,0.265
Lively Technical College,785,0.6064,0.3936,0.372,0.5083,0.0624,0.0076,0.0025,0,0.0446,0.0025,0,0.2359
Lindsey Hopkins Technical College,388,0.5825,0.4175,0.0361,0.4948,0.2964,0.0052,0,0,0.0052,0.1624,0,0.2015
Loraines Academy & Spa,85,0.0588,0.9412,0.3765,0.3176,0.1294,0.0235,0,0.0118,0.0588,0,0.0824,0.6162
Luther Rice College & Seminary,195,0.6821,0.3179,0.4923,0.441,0.0308,0.0154,0.0051,0,0,0,0.0154,0.4953
State College of Florida-Manatee-Sarasota,7161,0.3692,0.6308,0.5427,0.0876,0.256,0.0388,0.0057,0.0013,0.0034,0.0268,0.0378,0.3606
Manatee Technical College,1117,0.6061,0.3939,0.4324,0.1074,0.3697,0.0134,0,9e-4,0.0555,0.0206,0,0.282
Traviss Technical College,336,0.6518,0.3482,0.4167,0.1935,0.3006,0.0089,0.003,0.003,0.0357,0.0387,0,0.4014
Merryfield Academy,65,0.1538,0.8462,0.2308,0.1846,0.5231,0.0615,0,0,0,0,0,0.5752
Trinity International University-Florida,69,0.3913,0.6087,0.1304,0.3043,0.4203,0,0,0,0,0.058,0.087,0.5738
Miami Lakes Educational Center and Technical College,730,0.6397,0.3603,0.0466,0.3288,0.5658,0.0096,0.0027,0.0014,0.0041,0.0411,0,0.1017
Miami Dade College,35001,0.4204,0.5796,0.0381,0.1393,0.7184,0.0097,4e-4,4e-4,0.0085,0.0791,0.0061,0.4504
University of Miami,12570,0.4603,0.5397,0.4829,0.0824,0.2359,0.0475,0.001,8e-4,0.0426,0.0798,0.0271,0.154
Orange Technical College-South Campus,1157,0.8876,0.1124,0.357,0.21,0.3639,0.0294,0.0078,0.0043,0.0043,0.0233,0,0.0797
Paul Mitchell the School-Jacksonville,117,0.0256,0.9744,0.6838,0.1966,0.0427,0.0085,0,0,0.0598,0,0.0085,0.3763
North Florida College,817,0.2852,0.7148,0.5692,0.2938,0.0942,0.0061,0.0049,0.0024,0.0196,0.0024,0.0073,0.3878
University of North Florida,13915,0.4243,0.5757,0.5676,0.122,0.1626,0.0584,0.0022,0.0013,0.0561,0.0191,0.0108,0.3075
Nova Southeastern University,7171,0.2822,0.7178,0.2754,0.1517,0.3357,0.1178,8e-4,0.0011,0.0296,0.0622,0.0257,0.3685
Northwest Florida State College,3193,0.3874,0.6126,0.6254,0.099,0.1334,0.0288,0.0078,0.0034,0.0758,0.0113,0.015,0.2187
Orange Technical College,189,0.1799,0.8201,0.164,0.455,0.3175,0.0476,0,0,0.0106,0,0.0053,0.0994
Palm Beach Atlantic University,2427,0.3486,0.6514,0.5266,0.0952,0.1739,0.0231,0.0037,8e-4,0.1075,0.0532,0.0161,0.251
Palm Beach State College,20532,0.3997,0.6003,0.2461,0.3031,0.355,0.0248,0.0017,0.0015,0.0253,0.0254,0.0172,0.3811
Pasco-Hernando State College,6933,0.3954,0.6046,0.5181,0.0676,0.2565,0.028,0.0016,0.0014,0.044,0.0149,0.0679,0.2963
Pensacola State College,6725,0.3453,0.6547,0.5749,0.2034,0.1007,0.023,0.007,0.0039,0.0724,0.0147,0,0.3496
Pinellas Technical College-Clearwater,730,0.6123,0.3877,0.5096,0.1616,0.2205,0.0384,0,0.0055,0.0233,0.0411,0,0.1942
Polk State College,5954,0.3467,0.6533,0.4234,0.1896,0.2961,0.0277,0.002,0.002,0.0341,0.0148,0.0102,0.3256
Radford M Locklin Technical College,235,0.8213,0.1787,0.8213,0.0638,0.0426,0.0085,0.0085,0,0.0553,0,0,0.1599
Ridge Technical College,375,0.512,0.488,0.312,0.256,0.424,0.0027,0,0,0,0,0.0053,0.5672
Ringling College of Art and Design,1719,0.2583,0.7417,0.4427,0.0303,0.1507,0.0948,0.0023,0.0017,0.0471,0.2059,0.0244,0.2111
Robert Morgan Educational Center and Technical College,868,0.6475,0.3525,0.0749,0.2074,0.6302,0.0081,0.0023,0.0012,0.0115,0.0645,0,0.223
Rollins College,2582,0.4047,0.5953,0.5906,0.0577,0.1805,0.0325,8e-4,0.0015,0.0418,0.0778,0.0167,0.221
First Coast Technical College,369,0.5041,0.4959,0.6504,0.1707,0.1274,0.019,0,0,0.0325,0,0,0.2914
Saint Leo University,6999,0.4099,0.5901,0.2499,0.181,0.1572,0.0081,0.0031,0.0011,0.0173,0.048,0.3342,0.3682
St Petersburg College,18759,0.3824,0.6176,0.545,0.1398,0.1973,0.0424,0.003,0.0025,0.0423,0.0098,0.0179,0.3309
Pinellas Technical College-St. Petersburg,1421,0.5165,0.4835,0.4293,0.3251,0.1541,0.0246,0.0021,7e-4,0.0415,0.0225,0,0.2109
Santa Fe College,11133,0.4653,0.5347,0.5045,0.1204,0.2258,0.0393,0.0027,0.0011,0.0469,0.031,0.0284,0.275
Suncoast Technical College,1102,0.6416,0.3584,0.6207,0.0917,0.235,0.0209,0,0,0.0318,0,0,0.1052
Seminole State College of Florida,11790,0.4262,0.5738,0.4081,0.1556,0.3152,0.0377,0.0016,0.0018,0.0405,0.0232,0.0163,0.2695
Sheridan Technical College,1245,0.5189,0.4811,0.1422,0.5213,0.2755,0.0169,0.0072,0.0016,0.0353,0,0,0.2654
St. John Vianney College Seminary,18,0.8889,0.1111,0.3333,0.0556,0.3333,0.0556,0.0556,0,0,0.1667,0,0
Saint Johns River State College,3909,0.3512,0.6488,0.6165,0.12,0.1522,0.0279,0.0038,0.0026,0.0448,0.0059,0.0263,0.1916
South Florida State College,2084,0.3162,0.6838,0.3546,0.12,0.4453,0.0216,5e-4,0.0038,0.0182,0.0144,0.0216,0.4374
University of South Florida,36299,0.4364,0.5636,0.4439,0.079,0.2325,0.0863,0.001,0.0011,0.0437,0.0829,0.0294,0.2988
St. Thomas University,1963,0.5257,0.4743,0.1075,0.3561,0.3072,0.0036,0.002,0.0025,0.0367,0.1381,0.0464,0.2498
Stetson University,2292,0.4311,0.5689,0.5039,0.1222,0.1968,0.0166,0.0013,0.0013,0.062,0.086,0.01,0.3542
Southeastern University,4646,0.3956,0.6044,0.5594,0.1119,0.2383,0.0146,0.008,0.0032,0.0411,0.0146,0.0088,0.2214
Bene's Career Academy,288,0.2118,0.7882,0.6076,0.1111,0.2326,0.0035,0,0,0.0382,0,0.0069,0.6444
Riveroak Technical College,241,0.4025,0.5975,0.5851,0.1867,0.1909,0.0041,0,0.0041,0.029,0,0,0.3326
Tallahassee Community College,10357,0.4397,0.5603,0.3741,0.2639,0.2871,0.0129,0.0016,0.001,0.0323,0.0218,0.0051,0.3699
Talmudic College of Florida,26,1,0,0.8846,0,0,0,0,0,0,0.1154,0,0.3939
The University of Tampa,10093,0.4129,0.5871,0.7053,0.0269,0.1292,0.0177,0.0016,4e-4,0.0345,0.0525,0.0319,0.1561
Big Bend Technical College,160,0.5313,0.4688,0.6875,0.2563,0.0438,0,0,0,0.0125,0,0,0.3902
Tom P. Haney Technical College,432,0.5671,0.4329,0.6134,0.1736,0.0856,0.0069,0.0069,0,0.0949,0.0185,0,0.4342
Trinity Baptist College,363,0.6006,0.3994,0.6033,0.1708,0.146,0.0028,0.0055,0.0028,0.0331,0.0055,0.0303,0.4647
Trinity College of Florida,187,0.5187,0.4813,0.4759,0.2193,0.1765,0.0107,0,0.0107,0.0481,0.0053,0.0535,0.5637
Valencia College,35125,0.4091,0.5909,0.2277,0.1673,0.4394,0.0422,0.002,0.002,0.0316,0.0727,0.015,0.3892
Warner University,753,0.5126,0.4874,0.4143,0.2722,0.2151,0.0066,0.0053,0.0013,0.0398,0.0452,0,0.5348
Florida Panhandle Technical College,201,0.5323,0.4677,0.6816,0.2289,0.0398,0.0149,0.0199,0,0.0149,0,0,0.3405
Webber International University,879,0.6826,0.3174,0.4152,0.3117,0.1081,0.0125,0.0034,0.0034,0.0137,0.1013,0.0307,0.5435
Rasmussen University-Florida,3034,0.1305,0.8695,0.321,0.2518,0.2245,0.0326,0.003,0.004,0.0201,0,0.143,0.5503
University of West Florida,9042,0.4263,0.5737,0.6169,0.1023,0.1128,0.0331,0.0041,0.0023,0.0627,0.0201,0.0457,0.3255
Orange Technical College-West Campus,607,0.7644,0.2356,0.3839,0.2422,0.3245,0.0231,0.0049,0.0066,0.0066,0,0.0082,0.0665
William T McFatter Technical College,617,0.6045,0.3955,0.1945,0.4327,0.316,0.0211,0.0016,0.0032,0.0308,0,0,0.2678
Orange Technical College-East Campus,372,0.6559,0.3441,0.3172,0.2661,0.3683,0.0188,0,0.0054,0.0161,0,0.0081,0.025
Withlacoochee Technical College,262,0.6718,0.3282,0.6985,0.0687,0.145,0.0115,0,0,0.0763,0,0,0.3574
Abraham Baldwin Agricultural College,3218,0.4055,0.5945,0.7862,0.0752,0.1035,0.0081,0.0025,6e-4,0.0149,0.0078,0.0012,0.3412
Agnes Scott College,898,0,1,0.4009,0.314,0.1392,0.0445,0.0011,0.0033,0.0635,0.0212,0.0122,0.3613
Interactive College of Technology-Chamblee,529,0.6957,0.3043,0.1512,0.4783,0.225,0.1456,0,0,0,0,0,0.5746
Interactive College of Technology-Morrow,113,0.3805,0.6195,0,0.885,0.0796,0.0354,0,0,0,0,0,0.7419
Albany Technical College,2214,0.30620000000000003,0.6938,0.1481,0.7886,0.0271,0.0041,0.0018,5e-4,0.0285,0.0014,0,0.6151
Albany State University,5829,0.2613,0.7387,0.0674,0.8245,0.0429,0.0034,0.0021,0,0.0196,0.0034,0.0367,0.6498
Andrew College,287,0.3972,0.6028,0.453,0.3206,0.115,0.007,0,0,0.0383,0.0139,0.0523,0.6235
Georgia Career Institute,586,0.0273,0.9727,0.2423,0.6553,0.0666,0.0068,0,0,0.0154,0,0.0137,0.5697
Atlanta Technical College,3044,0.3614,0.6386,0.0335,0.8282,0.0703,0.0138,0.0023,0,0.0348,0.0102,0.0069,0.5376
Point University,2617,0.4597,0.5403,0.5541,0.1804,0.136,0.0222,0.0038,0.0011,0.0107,0.0057,0.086,0.3217
Atlanta Metropolitan State College,1348,0.3464,0.6536,0.0223,0.8702,0.0467,0.0104,0.0015,0,0.0326,0.0134,0.003,0.5382
Atlanta School of Massage,319,0.0784,0.9216,0.185,0.5486,0.1254,0.0219,0,0.0094,0.094,0,0.0157,0.4425
Clark Atlanta University,3482,0.2298,0.7702,0.0034,0.6238,0.0146,3e-4,0.0014,0,0.0752,0.0037,0.2774,0.691
Augusta Technical College,3531,0.36870000000000003,0.6313,0.3285,0.5214,0.0725,0.0156,0.0023,0.0028,0.0496,0.0017,0.0057,0.4234
Berry College,2213,0.3732,0.6268,0.7239,0.0859,0.1008,0.028,0.0018,0.0014,0.0474,0.0036,0.0072,0.2434
Beulah Heights University,158,0.4557,0.5443,0.1709,0.4684,0.1139,0.0949,0.019,0.0127,0,0.0127,0.1076,0.2238
Brenau University,981,0.0754,0.9246,0.4373,0.2446,0.1896,0.0183,0,0.001,0.0398,0.0581,0.0112,0.4671
Brewton-Parker College,684,0.6784,0.3216,0.4576,0.3538,0.0994,0.0058,0.0102,0.0029,0.0234,0.0336,0.0132,0.461
College of Coastal Georgia,2794,0.2899,0.7101,0.5977,0.2058,0.0823,0.0143,0.0025,0.0029,0.0168,0.0157,0.0619,0.4051
West Georgia Technical College,4811,0.3087,0.6913,0.4762,0.3457,0.1087,0.0102,0.0033,8e-4,0.0482,0.0017,0.0052,0.3878
Clayton  State University,4390,0.2991,0.7009,0.0957,0.6492,0.12,0.0542,0.003,9e-4,0.031,0.0125,0.0335,0.5191
Columbus Technical College,2668,0.3107,0.6893,0.3055,0.5199,0.093,0.012,0.0034,0.0022,0.0551,0.0034,0.0056,0.5428
Columbus State University,5537,0.4165,0.5835,0.413,0.3798,0.0941,0.0262,0.0033,0.0013,0.0453,0.011,0.026,0.444
Georgia Northwestern Technical College,4080,0.338,0.662,0.6184,0.0936,0.2453,0.0049,0.0022,2e-4,0.0299,0.0049,5e-4,0.3882
Covenant College,858,0.4685,0.5315,0.8706,0.0128,0.035,0.0315,0.0035,0,0.0117,0.028,0.007,0.1845
Dalton State College,4419,0.379,0.621,0.5141,0.0425,0.3729,0.0172,0.0029,0.0011,0.019,0.0122,0.0179,0.4977
Pro Way Hair School,54,0.7963,0.2037,0,1,0,0,0,0,0,0,0,0.7941
South University-Savannah,246,0.1423,0.8577,0.2561,0.5691,0.0854,0.0163,0.0122,0.0081,0.0203,0,0.0325,0.7231
East Georgia State College,1368,0.4474,0.5526,0.3823,0.4605,0.076,0.0073,0.0015,0,0.0475,0.0029,0.0219,0.4958
Emmanuel University,719,0.548,0.452,0.5925,0.1266,0.064,0.007,0.0028,0.0056,0.0542,0.1474,0,0.2976
Emory University,7275,0.429,0.571,0.3115,0.0932,0.1182,0.2518,7e-4,0,0.0477,0.1622,0.0147,0.1818
Georgia Highlands College,4441,0.3443,0.6557,0.5589,0.1718,0.1997,0.0113,0.0014,9e-4,0.041,0.0097,0.0054,0.3936
Fort Valley State University,2541,0.3451,0.6549,0.0157,0.9244,0.0244,0.002,0.0012,0.0012,0.0283,0.0016,0.0012,0.7195
Grady Health System Professional Schools,60,0.2667,0.7333,0.2,0.6,0.1,0.05,0,0,0.05,0,0,0.2459
Georgia Institute of Technology-Main Campus,18260,0.6023,0.3977,0.3602,0.0827,0.0848,0.3273,4e-4,4e-4,0.0464,0.0882,0.0096,0.1367
Georgia Southwestern State University,2291,0.3156,0.6844,0.5412,0.344,0.0502,0.0135,0.0044,0,0.0327,0.0113,0.0026,0.4066
Georgia College & State University,5599,0.3545,0.6455,0.8241,0.0329,0.0704,0.0166,0.0018,9e-4,0.0332,0.0052,0.015,0.1637
Georgia Southern University,21029,0.4336,0.5664,0.5811,0.246,0.0843,0.0185,0.0027,8e-4,0.0489,0.0126,0.005,0.3549
Georgia State University,27109,0.4056,0.5944,0.1664,0.4239,0.146,0.1663,6e-4,5e-4,0.0509,0.04,0.0052,0.5011
University of Georgia,31310,0.4217,0.5783,0.6705,0.0599,0.0762,0.1275,8e-4,6e-4,0.0423,0.0102,0.0121,0.1722
Gordon State College,2605,0.3436,0.6564,0.4668,0.4219,0.056,0.0092,0,4e-4,0.0365,0.0038,0.0054,0.4723
Southern Crescent Technical College,4035,0.3046,0.6954,0.3088,0.5497,0.0798,0.0154,0.0015,0.0015,0.0349,0.0035,0.005,0.4853
Gupton Jones College of Funeral Service,451,0.3193,0.6807,0.3792,0.4922,0.1197,0.0044,0,0,0.0044,0,0,0.3688
Gwinnett College-Lilburn,132,0.1364,0.8636,0.0985,0.6667,0.1894,0.0303,0,0,0,0,0.0152,0.8231
Gwinnett Technical College,7395,0.4072,0.5928,0.2154,0.3885,0.2471,0.0745,8e-4,0.0016,0.0395,0.0201,0.0124,0.3944
LaGrange College,566,0.5795,0.4205,0.6025,0.265,0.0671,0.0106,0.0053,0,0.0371,0.0124,0,0.4366
Lanier Technical College,4147,0.3998,0.6002,0.5537,0.0885,0.2862,0.0287,0.0029,0.001,0.0256,0.0096,0.0039,0.2781
Life University,869,0.5201,0.4799,0.3026,0.2555,0.1922,0.0299,0.0219,0,0,0.1646,0.0334,0.3923
Chattahoochee Technical College,7555,0.4402,0.5598,0.4012,0.2974,0.2045,0.0282,0.0029,5e-4,0.0425,0.0169,0.0058,0.3308
Herzing University-Atlanta,499,0.1383,0.8617,0.0721,0.7194,0.0641,0.0521,0.002,0.002,0.024,0,0.0641,0.6829
Mercer University,4620,0.3554,0.6446,0.4284,0.3186,0.0833,0.0825,0.0017,0.0013,0.0424,0.0201,0.0216,0.333
Morehouse College,2736,0.9996,4e-4,0.0011,0.9784,0.0011,4e-4,4e-4,0,0.0146,0.004,0,0.4438
Morris Brown College,338,0.4467,0.5533,0,0.9408,0.0355,0,0.0059,0,0.0178,0,0,0.6245
North Georgia Technical College,1966,0.4115,0.5885,0.7787,0.0621,0.1043,0.0097,0.0046,5e-4,0.0331,0.002,0.0051,0.4218
Oglethorpe University,1429,0.3807,0.6193,0.2953,0.2022,0.2827,0.0378,0.0035,0,0.0378,0.0287,0.112,0.3374
Paine College,338,0.4201,0.5799,0.0178,0.858,0.0325,0,0.003,0,0.0325,0.0385,0.0178,0.7129
Piedmont University,1235,0.319,0.681,0.6785,0.1142,0.1126,0.0146,0.0024,0,0.0275,0.0105,0.0397,0.4145
Miami Ad School-Atlanta,74,0.3919,0.6081,0.473,0.1622,0.1757,0.0811,0.0135,0,0.0135,0,0.0811,0.2239
Reinhardt University,1012,0.5494,0.4506,0.5702,0.2144,0.0929,0.0099,0.0059,0.002,0.0109,0.0435,0.0504,0.3909
Savannah Technical College,2967,0.3809,0.6191,0.2942,0.5106,0.1223,0.0145,0.0024,0.0013,0.0445,0.0084,0.0017,0.4681
Savannah College of Art and Design,14423,0.2969,0.7031,0.5236,0.12,0.0708,0.0627,0.0064,0.002,0.0095,0.1482,0.0567,0.1854
Savannah State University,2727,0.3656,0.6344,0.0304,0.8577,0.0488,0,7e-4,0.0011,0.0319,0.0198,0.0095,0.6485
Shorter University,1091,0.472,0.528,0.6187,0.1897,0.0944,0.0101,0.0073,9e-4,0.0431,0.0293,0.0064,0.3744
South Georgia Technical College,1302,0.4969,0.5031,0.3479,0.5384,0.0538,0.0046,0.0046,0,0.0353,0.0131,0.0023,0.5108
Spelman College,3633,0.071,0.929,0.0311,0.7363,0,0.008,0.0063,0.0011,0.0094,0.0063,0.2015,0.2937
Thomas University,813,0.4957,0.5043,0.353,0.3469,0.0664,0.0172,0.0098,0,0.0025,0.0012,0.203,0.4678
Toccoa Falls College,820,0.3927,0.6073,0.7268,0.1073,0.0768,0.028,0.0049,0,0.0293,0.0207,0.0061,0.1972
Truett McConnell University,768,0.4987,0.5013,0.7526,0.0885,0.0482,0.0104,0.0026,0.0026,0.0039,0.0169,0.0742,0.1037
Wiregrass Georgia Technical College,2762,0.3088,0.6912,0.4218,0.4323,0.1014,0.0069,0.0022,4e-4,0.0319,0.0018,0.0014,0.394
Valdosta State University,6858,0.3307,0.6693,0.4405,0.379,0.1101,0.0134,0.0017,4e-4,0.0389,0.0115,0.0044,0.5086
Wesleyan College,466,0,1,0.3541,0.3734,0.1438,0.0086,0.0021,0.0064,0.0494,0.0558,0.0064,0.4446
University of West Georgia,7485,0.3633,0.6367,0.4958,0.323,0.0938,0.0115,0.0017,9e-4,0.0486,0.0112,0.0134,0.418
Young Harris College,810,0.421,0.579,0.6568,0.0852,0.0519,0.0099,0.0049,0.0037,0.0333,0.0704,0.084,0.2106
Chaminade University of Honolulu,1648,0.2743,0.7257,0.0837,0.017,0.1402,0.2597,0.0024,0.0916,0.1559,6e-4,0.2488,0.422
University of Hawaii at Hilo,2260,0.3717,0.6283,0.2009,0.0137,0.1664,0.1332,0.0031,0.0832,0.3509,0.0456,0.0031,0.3953
University of Hawaii at Manoa,14306,0.4047,0.5953,0.2092,0.015,0.1402,0.3263,0.0021,0.0215,0.2465,0.0318,0.0074,0.2451
Hawaii Institute of Hair Design,70,0.5143,0.4857,0.0857,0.0714,0.1143,0.3286,0,0.1,0.3,0,0,0.5196
Hawaii Pacific University,2502,0.3541,0.6459,0.2918,0.0608,0.2254,0.1615,0.0052,0.0216,0.1651,0.052,0.0168,0.2
Honolulu Community College,1897,0.6384,0.3616,0.077,0.0232,0.1545,0.3569,0,0.0675,0.3031,0.0074,0.0105,0.1724
Kapiolani Community College,3955,0.3512,0.6488,0.0918,0.0159,0.1181,0.3681,3e-4,0.0589,0.2442,0.0941,0.0086,0.1702
Kauai Community College,726,0.3623,0.6377,0.1295,0.011,0.1529,0.2658,0.0014,0.0496,0.3623,0.0165,0.011,0.2424
Leeward Community College,3382,0.427,0.573,0.0689,0.021,0.165,0.353,0.0012,0.0568,0.3173,0.0109,0.0059,0.1953
University of Hawaii Maui College,1635,0.337,0.663,0.1321,0.0141,0.148,0.3174,6e-4,0.0667,0.2917,0.0214,0.008,0.218
University of Hawaii-West Oahu,2510,0.3498,0.6502,0.0801,0.0191,0.1526,0.3522,8e-4,0.0438,0.341,0.006,0.0044,0.2966
Windward Community College,1109,0.3291,0.6709,0.1344,0.0081,0.1885,0.1262,9e-4,0.0866,0.4319,0.0018,0.0216,0.1321
Carrington College-Boise,433,0.2032,0.7968,0.4434,0.0323,0.3141,0.0624,0.0115,0.0023,0.0139,0.0069,0.1132,0.4653
Boise Bible College,103,0.4854,0.5146,0.9126,0.0291,0.0097,0,0,0.0097,0.0097,0.0291,0,0.4688
Boise State University,17081,0.4363,0.5637,0.7079,0.018,0.1516,0.0278,0.0054,0.0042,0.0542,0.008,0.0228,0.1794
College of Eastern Idaho,1396,0.341,0.659,0.7128,0.0072,0.1999,0.0043,0.0086,0.0021,0.0244,0.0014,0.0394,0.2679
Idaho State University,7260,0.4037,0.5963,0.7113,0.0114,0.1533,0.0116,0.0175,0.0047,0.0379,0.0233,0.0291,0.2684
University of Idaho,7363,0.499,0.501,0.7405,0.0125,0.1065,0.0155,0.0124,0.0012,0.0445,0.0522,0.0148,0.2276
The College of Idaho,1049,0.4919,0.5081,0.5481,0.0181,0.1697,0.021,0.0105,0.0057,0.0553,0.1382,0.0334,0.2405
Lewis-Clark State College,2277,0.3527,0.6473,0.7554,0.0105,0.0931,0.0105,0.0211,0.0022,0.0518,0.0206,0.0347,0.2401
Aveda Institute-Twin Falls,93,0.0968,0.9032,0.5269,0.0215,0.4301,0,0.0215,0,0,0,0,0.5434
North Idaho College,2488,0.3621,0.6379,0.7781,0.0092,0.0872,0.0113,0.0105,0.004,0.0543,0.0072,0.0382,0.2451
Northwest Nazarene University,1138,0.4271,0.5729,0.6678,0.0167,0.1467,0.0141,0.007,9e-4,0.0685,0.0114,0.0668,0.2947
Nathan Layne Institute of Cosmetology,69,0.058,0.942,0.7101,0,0.1739,0.0145,0.0435,0,0.058,0,0,0.6339
Brigham Young University-Idaho,42090,0.4495,0.5505,0.589,0.0264,0.1854,0.0122,0.0017,0.0055,0.0183,0.0322,0.1294,0.2487
College of Southern Idaho,3476,0.3662,0.6338,0.6062,0.0164,0.29,0.0095,0.0063,0.0037,0.027,0.0184,0.0224,0.1871
Adler University,9,1,0,0.7778,0.2222,0,0,0,0,0,0,0,NA
American Academy of Art College,90,0.3111,0.6889,0.5667,0.1333,0.2,0.0444,0,0,0.0556,0,0,0.6306
American Islamic College,6,0.3333,0.6667,0.3333,0.5,0,0.1667,0,0,0,0,0,0
School of the Art Institute of Chicago,2762,0.2422,0.7578,0.3418,0.0489,0.1184,0.1097,4e-4,4e-4,0.0478,0.2972,0.0355,0.1911
Augustana College,2418,0.4648,0.5352,0.5831,0.0426,0.1274,0.0244,4e-4,4e-4,0.0364,0.1679,0.0174,0.2192
Aurora University,4021,0.3382,0.6618,0.3917,0.0594,0.4225,0.0348,0.0015,0,0.0241,0.0075,0.0584,0.4345
Southwestern Illinois College,5280,0.4352,0.5648,0.5775,0.2337,0.0708,0.01,0.0025,8e-4,0.061,0.0078,0.036,0.2588
Black Hawk College,2266,0.3738,0.6262,0.5909,0.1249,0.1695,0.0296,0.0018,9e-4,0.045,0.011,0.0265,0.2478
Blackburn College,341,0.4516,0.5484,0.7155,0.0469,0.0997,0.0088,0.0029,0,0.0264,0.0029,0.0968,0.544
Blessing Rieman College of Nursing and Health Sciences,176,0.0739,0.9261,0.9034,0.0284,0,0.017,0.0057,0,0.0114,0,0.0341,0.366
Bradley University,3865,0.4872,0.5128,0.6264,0.1066,0.142,0.0427,0.0021,0.0013,0.0274,0.023,0.0285,0.2942
Paul Mitchell the School-Tinley Park,253,0.0316,0.9684,0.4506,0.3399,0.1344,0.0079,0.0079,0,0.0237,0,0.0356,0.692
Cameo Beauty Academy,87,0,1,0.1494,0.5747,0.2759,0,0,0,0,0,0,0.5287
Cannella School of Hair Design-Villa Park,43,0.0233,0.9767,0,0.0465,0.8837,0,0,0,0,0,0.0698,0.4902
Cannella School of Hair Design-Chicago,8,0,1,0,0.875,0.125,0,0,0,0,0,0,0.25
Cannella School of Hair Design-Chicago,60,0.0167,0.9833,0,0.05,0.95,0,0,0,0,0,0,0.1429
Capri Beauty College,32,0.0313,0.9688,0.3438,0.5938,0.0625,0,0,0,0,0,0,0.5781
Carl Sandburg College,1124,0.3292,0.6708,0.6664,0.0988,0.1584,0.0098,9e-4,0.0018,0.0498,0,0.0142,0.4319
The Chicago School at Chicago,31,0.1935,0.8065,0.129,0.2258,0.4839,0.0323,0.0323,0,0.0323,0,0.0645,0.4706
Chicago State University,1414,0.3069,0.6931,0.0276,0.7617,0.07,0.0071,0.0035,0,0.0212,0.0403,0.0686,0.5497
University of Chicago,7540,0.5341,0.4659,0.3093,0.0696,0.1711,0.1969,3e-4,1e-4,0.0708,0.1598,0.022,0.1447
City Colleges of Chicago-Kennedy-King College,1564,0.4591,0.5409,0.0269,0.7014,0.218,0.0032,0.0019,0,0.0403,0.007,0.0013,0.3782
City Colleges of Chicago-Malcolm X College,5847,0.2134,0.7866,0.053900000000000003,0.3588,0.521,0.0274,0.001,5e-4,0.0246,0.0106,0.0022,0.4208
City Colleges of Chicago-Olive-Harvey College,1425,0.4456,0.5544,0.0253,0.6737,0.24,0.0049,0.0014,0.0014,0.0449,0.0056,0.0028,0.3075
City Colleges of Chicago-Harry S Truman College,2248,0.4017,0.5983,0.1766,0.2647,0.399,0.0912,0.0018,9e-4,0.036,0.0258,0.004,0.2087
City Colleges of Chicago-Richard J Daley College,2540,0.5732,0.4268,0.1331,0.1358,0.7035,0.0063,8e-4,8e-4,0.015,0.0039,8e-4,0.2168
City Colleges of Chicago-Harold Washington College,4146,0.4175,0.5825,0.1088,0.2663,0.4846,0.0666,0.001,5e-4,0.0352,0.034,0.0031,0.3479
City Colleges of Chicago-Wilbur Wright College,4186,0.4964,0.5036,0.1782,0.0743,0.6271,0.0741,0.001,7e-4,0.0299,0.0141,7e-4,0.269
Columbia College Chicago,6294,0.3847,0.6153,0.4072,0.1765,0.2882,0.0353,0.0017,6e-4,0.045,0.0369,0.0086,0.4318
Concordia University-Chicago,1337,0.4779,0.5221,0.4241,0.1294,0.3426,0.0217,0.0052,0.003,0.0509,0.0075,0.0157,0.4458
Danville Area Community College,1360,0.3963,0.6037,0.611,0.2338,0.0699,0.0096,0.0037,0,0.0199,0,0.0522,0.2406
Tricoci University of Beauty Culture,171,0.0292,0.9708,0.4971,0.3333,0.0994,0.0175,0.0175,0,0.0351,0,0,0.6952
DePaul University,14283,0.4493,0.5507,0.4594,0.0772,0.2423,0.1206,6e-4,8e-4,0.0451,0.0367,0.0174,0.3066
Cosmetology & Spa Academy,377,0.3103,0.6897,0.3236,0.1088,0.5225,0.0133,0,0,0.0212,0,0.0106,0.5781
College of DuPage,15185,0.4738,0.5262,0.4271,0.0807,0.2848,0.1096,0.0019,0.0017,0.0353,0.0178,0.041,0.2048
East-West University,528,0.5341,0.4659,0.0227,0.3542,0.3239,0.0114,0.0076,0.0019,0.0189,0.2595,0,0.8015
Eastern Illinois University,4398,0.395,0.605,0.5714,0.1835,0.1028,0.0134,0.0025,0.0011,0.0318,0.0275,0.0659,0.3087
Elgin Community College,6463,0.4674,0.5326,0.3621,0.0402,0.4451,0.0678,0.0048,5e-4,0.0433,0.0169,0.0193,0.2185
Elmhurst University,2954,0.3778,0.6222,0.4672,0.0508,0.3087,0.0846,0.0014,0.001,0.0281,0.0345,0.0237,0.368
Eureka College,522,0.5077,0.4923,0.682,0.1207,0.0958,0.0019,0.0096,0,0.0287,0.0134,0.0479,0.2272
First Institute of Travel Inc.,274,0.073,0.927,0.2664,0.1569,0.5365,0.0219,0,0.0036,0,0,0.0146,0.5206
Fox College,239,0.2008,0.7992,0.4519,0.159,0.3222,0.0293,0.0042,0,0.0126,0,0.0209,0.4603
Gem City College,42,0.3333,0.6667,0.9524,0.0238,0.0238,0,0,0,0,0,0,0.6531
Governors State University,2518,0.3817,0.6183,0.282,0.4083,0.1974,0.0222,0.0012,4e-4,0.0381,0.0238,0.0266,0.524
Graham Hospital School of Nursing,36,0.0833,0.9167,0.9167,0.0556,0,0,0,0,0.0278,0,0,0.7273
Greenville University,873,0.5166,0.4834,0.5899,0.1375,0.0756,0.0092,0,0.0011,0.0355,0.1409,0.0103,0.3766
G Skin & Beauty Institute,494,0.0202,0.9798,0.3684,0.1275,0.3664,0.0567,0.0081,0.002,0.0628,0.0081,0,0.3173
Hair Professionals Career College,65,0.0154,0.9846,0.4462,0.1692,0.2154,0,0,0.0154,0.0923,0,0.0615,0.5
Hair Professionals School of Cosmetology,121,0.0165,0.9835,0.3884,0.0744,0.4132,0.0083,0,0,0.0826,0.0083,0.0248,0.497
Hebrew Theological College,81,0.3951,0.6049,0.8889,0,0.0247,0,0,0,0.0123,0.0494,0.0247,0.1188
Highland Community College,926,0.3531,0.6469,0.6857,0.1328,0.0713,0.0076,0.0043,0.0022,0.0421,0.0346,0.0194,0.3024
University of Illinois Chicago,21814,0.4679,0.5321,0.2284,0.0795,0.3659,0.2073,5e-4,3e-4,0.0299,0.071,0.0171,0.4957
Benedictine University,1817,0.5234,0.4766,0.4199,0.0881,0.2102,0.2069,0.0061,0.0044,0.0275,0.0187,0.0182,0.3918
University of Illinois Urbana-Champaign,34623,0.5265,0.4735,0.3873,0.056,0.1388,0.2297,3e-4,3e-4,0.0388,0.1365,0.0124,0.2381
Illinois Wesleyan University,1570,0.5185,0.4815,0.658,0.0841,0.1019,0.0567,0.0013,6e-4,0.0191,0.058,0.0204,0.2318
Illinois Central College,4909,0.3913,0.6087,0.6802,0.1526,0.0666,0.0181,0.0016,0.001,0.0589,0.0185,0.0024,0.2225
Illinois College,925,0.4714,0.5286,0.7027,0.0984,0.1005,0.0086,0.0022,0,0.0281,0.0497,0.0097,0.3512
Olney Central College,549,0.4281,0.5719,0.898,0.0146,0.0401,0.0091,0.0036,0.0018,0.0182,0,0.0146,0.3406
Illinois Institute of Technology,2812,0.6682,0.3318,0.3407,0.0473,0.2504,0.165,7e-4,4e-4,0.0395,0.1412,0.0149,0.2906
Illinois State University,18414,0.439,0.561,0.6647,0.1153,0.1385,0.028,8e-4,3e-4,0.0396,0.0075,0.0053,0.3005
Illinois Valley Community College,1851,0.4646,0.5354,0.7115,0.0222,0.1934,0.007,0.0032,0.0027,0.0227,0.0043,0.033,0.2851
John A Logan College,2018,0.3964,0.6036,0.7121,0.1239,0.0486,0.0094,0.0064,0.0015,0.0282,0.003,0.0669,0.2916
John Wood Community College,1387,0.3634,0.6366,0.8392,0.0483,0.0281,0.013,0.0036,0,0.0519,0,0.0159,0.3935
Joliet Junior College,8843,0.4494,0.5506,0.503,0.0985,0.3048,0.0292,0.0037,0.0011,0.0282,7e-4,0.0309,0.2293
Judson University,780,0.5397,0.4603,0.3718,0.1038,0.3321,0.0167,0.0026,0.0013,0.0141,0.0846,0.0731,0.3972
Kankakee Community College,1904,0.3908,0.6092,0.5625,0.1381,0.2174,0.0058,0.0016,5e-4,0.0504,0.0131,0.0105,0.3712
Kaskaskia College,1842,0.3626,0.6374,0.8398,0.0581,0.038,0.0065,0.0016,0,0.0445,0,0.0114,0.2199
Kishwaukee College,1794,0.4142,0.5858,0.5134,0.1394,0.2648,0.0123,0.0017,0.0011,0.0513,0.0039,0.0123,0.2522
Knox College,997,0.4794,0.5206,0.4845,0.0582,0.1284,0.0401,0.003,0.001,0.0552,0.1956,0.0341,0.2972
Educators of Beauty College of Cosmetology-Peru,60,0.0167,0.9833,0.8,0.0167,0.1333,0,0,0,0.0167,0,0.0333,0.6104
College of Lake County,9282,0.4633,0.5367,0.3218,0.0729,0.4656,0.0541,0.0016,0.0014,0.0323,0.0129,0.0373,0.2371
Lake Forest College,1782,0.4248,0.5752,0.4663,0.0337,0.1852,0.0629,0.0022,0,0.0342,0.1829,0.0325,0.3515
Lake Land College,2492,0.4001,0.5999,0.8744,0.0325,0.0345,0.0036,0.002,0,0.0329,0.0112,0.0088,0.2662
Lakeview College of Nursing,81,0.1728,0.8272,0.6173,0.1728,0.0617,0.0247,0.0123,0,0.0988,0,0.0123,0.4828
Lewis and Clark Community College,2252,0.3863,0.6137,0.7873,0.0972,0.0315,0.0058,0.0036,0,0.0386,0,0.036,0.2119
Lewis University,3665,0.5154,0.4846,0.531,0.0625,0.2521,0.0756,0.0016,0.0011,0.0327,0.0297,0.0136,0.3089
Lincoln Christian University,44,0.7045,0.2955,0.7955,0.1136,0.0227,0.0227,0,0,0.0227,0.0227,0,0.3908
Lincoln Land Community College,3917,0.3727,0.6273,0.7062,0.1361,0.0505,0.0153,0.0038,0.001,0.0544,0,0.0327,0.3733
Lincoln College of Technology-Melrose Park,1345,0.742,0.258,0.0833,0.2967,0.5725,0.0104,0.0037,0.0015,0.0208,0,0.0112,0.677
Loyola University Chicago,11576,0.3116,0.6884,0.4919,0.0719,0.2221,0.1319,0.0013,8e-4,0.0491,0.0219,0.0092,0.2324
Trinity College of Nursing & Health Sciences,59,0.0508,0.9492,0.6271,0.0847,0.1525,0,0,0,0.0847,0,0.0508,0.5432
Steven Papageorge Hair Academy,68,0.0441,0.9559,0.3971,0.0882,0.4706,0.0441,0,0,0,0,0,0.5256
Generations College,317,0.0568,0.9432,0.2208,0.5836,0.0883,0.0032,0.0189,0.0189,0.0631,0,0.0032,0.7822
McHenry County College,4335,0.4556,0.5444,0.6108,0.0201,0.2577,0.0272,0.0023,7e-4,0.0436,2e-4,0.0374,0.1152
McKendree University,1600,0.4944,0.5056,0.5981,0.1188,0.0619,0.0063,0.0019,6e-4,0.0631,0.0956,0.0538,0.2909
Methodist College,374,0.0829,0.9171,0.6818,0.2005,0.0294,0.0267,0.0053,0,0.0428,0,0.0134,0.5589
Millikin University,1458,0.4554,0.5446,0.6653,0.1811,0.0473,0.0192,7e-4,0.0014,0.0213,0.0377,0.0261,0.3472
Monmouth College,725,0.5214,0.4786,0.6924,0.0979,0.1186,0.0166,0.0028,0,0.0345,0.0083,0.029,0.3091
Moody Bible Institute,1586,0.5158,0.4842,0.6204,0.0662,0.0883,0.0284,0.0019,6e-4,0.0347,0.099,0.0605,0.3272
Moraine Valley Community College,7417,0.4677,0.5323,0.4576,0.0905,0.3048,0.0361,0.0043,8e-4,0.019,0.0147,0.0721,0.2878
Morrison Institute of Technology,54,0.9259,0.0741,0.8333,0,0.0926,0,0,0,0.0185,0,0.0556,0.3824
Morton College,2593,0.4192,0.5808,0.0463,0.0324,0.8357,0.0085,0.0023,4e-4,0.0077,0,0.0667,0.3501
National Louis University,4100,0.26,0.74,0.1466,0.2144,0.5124,0.0256,0.0024,5e-4,0.0146,0.05,0.0334,0.5728
National University of Health Sciences,22,0.3182,0.6818,0.6364,0.0455,0.1818,0,0,0,0.0455,0,0.0909,0.1818
Cosmetology Concepts Niles,55,0.0364,0.9636,0.5091,0.1091,0.3636,0.0182,0,0,0,0,0,0.4941
North Central College,2360,0.4864,0.5136,0.6191,0.0572,0.1729,0.0424,0.0013,4e-4,0.0369,0.0419,0.028,0.247
North Park University,1844,0.4338,0.5662,0.3026,0.0922,0.3482,0.0819,0.0011,0.0016,0.0342,0.1106,0.0277,0.432
Northern Illinois University,11277,0.4699,0.5301,0.4211,0.2127,0.2507,0.0664,0.0048,9e-4,0.0221,0.0136,0.0077,0.4555
Northwestern University,8960,0.4547,0.5453,0.3408,0.0738,0.1506,0.2167,0.001,9e-4,0.0765,0.1031,0.0366,0.187
Northeastern Illinois University,3869,0.4272,0.5728,0.1716,0.1005,0.5154,0.0817,0.0021,0.0013,0.0176,0.0121,0.0977,0.5377
Oakton College,6229,0.4962,0.5038,0.3946,0.0814,0.2066,0.2161,0.0011,0.0027,0.0339,0.0169,0.0467,0.1618
Oehrlein School of Cosmetology,67,0,1,0.8955,0.0746,0.0299,0,0,0,0,0,0,0.5538
Olivet Nazarene University,2485,0.4406,0.5594,0.6101,0.0958,0.1412,0.0266,0.0024,0.0137,0.0382,0.0213,0.0507,0.3533
Parkland College,3293,0.498,0.502,0.5949,0.1373,0.1221,0.0401,6e-4,9e-4,0.0647,0.0282,0.0112,0.2515
Prairie State College,2448,0.3913,0.6087,0.1311,0.5368,0.2263,0.0102,0.0033,0.002,0.0364,0.02,0.0339,0.3563
Principia College,337,0.5994,0.4006,0.3798,0.0682,0.0504,0.0119,0,0.003,0.0326,0.4243,0.0297,0
Professional's Choice Hair Design Academy,58,0.0172,0.9828,0.431,0.0862,0.4828,0,0,0,0,0,0,0.2667
Quincy University,1038,0.5713,0.4287,0.6705,0.1089,0.0732,0.0145,0.0029,0,0,0.0684,0.0617,0.2964
Rend Lake College,1196,0.3871,0.6129,0.8813,0.0794,0.0234,0.0059,0.0033,8e-4,0,0,0.0059,0.3099
Richland Community College,1412,0.3024,0.6976,0.6105,0.2684,0.0524,0.0142,0.0028,7e-4,0.046,7e-4,0.0042,0.3349
Rock Valley College,4362,0.4697,0.5303,0.5433,0.0919,0.263,0.0369,0.003,7e-4,0.0186,0.003,0.0397,0.2058
Rockford University,956,0.4655,0.5345,0.4069,0.1506,0.1904,0.022,0.0052,0,0.0293,0.0816,0.114,0.4175
Roosevelt University,2583,0.386,0.614,0.2799,0.2098,0.3519,0.0465,0.005,8e-4,0.0356,0.0534,0.017,0.4642
Dominican University,2271,0.2902,0.7098,0.1889,0.0506,0.6852,0.0317,0.0018,4e-4,0.0141,0.0035,0.0238,0.4934
Rush University,120,0.2667,0.7333,0.2,0.2917,0.35,0.0833,0,0,0.0333,0.0083,0.0333,0.3565
Saint Francis Medical Center College of Nursing,267,0.1423,0.8577,0.8914,0.0375,0.0262,0.03,0,0,0.0037,0,0.0112,0.3238
University of St Francis,1292,0.3359,0.6641,0.4868,0.0967,0.3088,0.0364,0.0015,8e-4,0.0248,0.0317,0.0124,0.3706
St. John's College-Department of Nursing,76,0.0921,0.9079,0.8421,0.0921,0.0263,0.0132,0,0,0.0132,0,0.0132,0.3171
Saint Xavier University,3030,0.3861,0.6139,0.2957,0.1175,0.5178,0.0218,0.001,3e-4,0.0241,0,0.0218,0.5599
University of Illinois Springfield,2292,0.4459,0.5541,0.6178,0.1265,0.1073,0.0397,9e-4,0.0031,0.0537,0.0349,0.0161,0.3585
Sauk Valley Community College,1164,0.39,0.61,0.7234,0.043,0.1718,0.0137,0.0034,0,0.0318,9e-4,0.012,0.3528
Shawnee Community College,675,0.3778,0.6222,0.7215,0.1911,0.0489,0.003,0.0207,0.0015,0,0,0.0133,0.3441
St. Augustine College,749,0.1455,0.8545,0.012,0.0587,0.7824,0.0214,0,0,0.0013,0.036,0.0881,0.7338
Southeastern Illinois College,659,0.434,0.566,0.8725,0.0379,0.0288,0.0076,0.0091,0.0015,0.0288,0.0061,0.0076,0.2306
National Latino Education Institute,2,0,1,0,0,1,0,0,0,0,0,0,0.5
Spoon River College,735,0.3238,0.6762,0.8395,0.0816,0.0435,0.0054,0.0027,0.0014,0.0259,0,0,0.2995
Saint Anthony College of Nursing,152,0.0855,0.9145,0.6579,0.0658,0.1842,0.0789,0,0,0.0066,0,0.0066,0.3481
Educators of Beauty College of Cosmetology-Sterling,57,0.0175,0.9825,0.7719,0.0526,0.1754,0,0,0,0,0,0,0.5667
Southern Illinois University-Carbondale,8116,0.4895,0.5105,0.6565,0.1682,0.0973,0.0179,0.0023,9e-4,0.0378,0.0185,6e-4,0.3665
Southern Illinois University-Edwardsville,8836,0.4362,0.5638,0.6713,0.1468,0.0632,0.026,0.0022,0.001,0.0383,0.0222,0.0291,0.3157
Taylor Business Institute,70,0.5571,0.4429,0,0.1143,0.0286,0,0,0,0,0.8571,0,0.1044
Telshe Yeshiva-Chicago,78,1,0,0.9744,0,0,0,0,0,0,0.0256,0,0.3797
South Suburban College,2012,0.3211,0.6789,0.1332,0.5477,0.2326,0.0189,0.003,5e-4,0.0413,0.001,0.0219,0.2243
Trinity Christian College,796,0.4296,0.5704,0.5176,0.1382,0.1219,0.0276,0.0013,0.0038,0.1106,0.0402,0.0389,0.3329
Trinity International University-Illinois,140,0.4643,0.5357,0.3857,0.2143,0.1929,0.0357,0,0.0071,0.0429,0.0214,0.1,0.3288
Triton College,6229,0.5189,0.4811,0.2612,0.1246,0.4768,0.0246,6e-4,8e-4,0.0199,0.0162,0.0753,0.2591
University of Spa & Cosmetology Arts,165,0.097,0.903,0.6182,0.297,0.0121,0.0242,0,0,0.0424,0,0.0061,0.4298
VanderCook College of Music,70,0.5571,0.4429,0.4286,0.0857,0.3286,0.0286,0,0,0.1,0.0286,0,0.2766
Waubonsee Community College,5499,0.4506,0.5494,0.4177,0.0817,0.4328,0.0342,0.002,7e-4,0.0282,0,0.0027,0.2152
Western Illinois University,4939,0.4122,0.5878,0.561,0.2092,0.1249,0.0134,0.0014,0.0012,0.0322,0.0393,0.0174,0.2812
Wheaton College,2087,0.4471,0.5529,0.6833,0.0264,0.0795,0.1006,5e-4,0,0.0628,0.034,0.0129,0.202
William Rainey Harper College,8815,0.44,0.56,0.4368,0.0499,0.3202,0.1296,0.0022,0.0073,0.0346,0.014,0.0056,0.1958
Anderson University,1070,0.4916,0.5084,0.7308,0.1084,0.071,0.0131,0,0.0019,0.0589,0.0084,0.0075,0.3587
Ball State University,13770,0.3911,0.6089,0.7303,0.1012,0.0757,0.0227,0.0014,4e-4,0.0466,0.0051,0.0166,0.3358
Bethel University,1069,0.4238,0.5762,0.696,0.0524,0.0992,0.015,0.0019,0.0028,0.0402,0.0889,0.0037,0.3522
Butler University,4383,0.4063,0.5937,0.7919,0.044,0.0682,0.0399,0.0011,0,0.0372,0.0112,0.0064,0.1378
Calumet College of Saint Joseph,560,0.6571,0.3429,0.2768,0.2857,0.3411,0.0089,0.0054,0,0.0304,0.0446,0.0071,0.4849
College of Court Reporting Inc,183,0.0383,0.9617,0.6066,0.0984,0.1967,0.0219,0.0055,0,0,0,0.071,0.3548
Tricoci University of Beauty Culture-Highland,317,0.0063,0.9937,0.265,0.4543,0.2524,0.0032,0.0032,0,0.0158,0.0032,0.0032,0.5813
DePauw University,1804,0.5044,0.4956,0.5759,0.0576,0.0776,0.0238,0,0,0.0261,0.2278,0.0111,0.1575
Don Roberts School of Hair Design,30,0.0333,0.9667,0.6,0.2667,0.1333,0,0,0,0,0,0,0.4444
Earlham College,612,0.469,0.531,0.6209,0.0703,0.0768,0.0294,0,0.0016,0.0376,0.1585,0.0049,0.25
University of Evansville,1477,0.3879,0.6121,0.7238,0.0454,0.0603,0.0352,0.0014,7e-4,0.0467,0.0785,0.0081,0.2296
Franklin College,872,0.5344,0.4656,0.797,0.0711,0.0573,0.0149,0.0011,0,0.0401,0.0115,0.0069,0.385
Goshen College,761,0.3693,0.6307,0.4678,0.053900000000000003,0.2812,0.0223,0.0039,0.0013,0.0276,0.1156,0.0263,0.3738
Grace College and Theological Seminary,1511,0.3931,0.6069,0.8061,0.0291,0.0702,0.0179,7e-4,0.002,0.0265,0.0384,0.0093,0.2873
Hanover College,958,0.499,0.501,0.786,0.0491,0.0313,0.0073,0.0084,0,0.0553,0.047,0.0157,0.26
J Michael Harrold Beauty Academy,94,0.0106,0.9894,0.8298,0.0319,0.0638,0.0213,0,0,0.0426,0,0.0106,0.4863
Holy Cross College,533,0.6229,0.3771,0.5009,0.0582,0.2908,0.0131,0.0038,0,0.0619,0.0507,0.0206,0.2897
PJ's College of Cosmetology-Clarksville,222,0.0045,0.9955,0.6622,0.1622,0.0541,0.009,0.0045,0.018,0.0586,0,0.0315,0.6065
Huntington University,1016,0.3996,0.6004,0.7884,0.0423,0.0581,0.0148,0.003,0.002,0.0443,0.0463,0.001,0.2937
Ivy Tech Community College,54926,0.4344,0.5656,0.667,0.1515,0.0424,0.0227,0.0057,0.0024,0.0436,0,0.0647,0.2306
Purdue University Fort Wayne,5450,0.5222,0.4778,0.6917,0.0723,0.1068,0.0556,0.0015,4e-4,0.0431,0.0266,0.002,0.2305
Indiana University-Indianapolis,16582,0.4021,0.5979,0.5905,0.1105,0.1408,0.0727,7e-4,2e-4,0.0593,0.0218,0.0036,0.3627
University of Indianapolis,3147,0.394,0.606,0.5777,0.1439,0.0991,0.0407,0.001,3e-4,0.0362,0.0823,0.0187,0.3596
Indiana Institute of Technology,1361,0.6025,0.3975,0.4916,0.1492,0.0625,0.025,0.0037,0.0015,0.0375,0.0999,0.1293,0.3383
University of Southern Indiana,5344,0.375,0.625,0.8355,0.0361,0.0492,0.0206,0.0015,2e-4,0.0382,0.0157,0.003,0.2228
Indiana State University,6620,0.4353,0.5647,0.6772,0.169,0.0718,0.0145,0.002,0.0011,0.0464,0.0113,0.0068,0.3905
Indiana University-Kokomo,2308,0.3419,0.6581,0.7712,0.0498,0.1083,0.0108,9e-4,0,0.0472,0.0082,0.0035,0.3469
Indiana University-South Bend,3807,0.3515,0.6485,0.6013,0.083,0.2185,0.0205,0.0013,3e-4,0.0559,0.0147,0.0045,0.4117
Indiana University-Bloomington,36571,0.5023,0.4977,0.6663,0.0415,0.0841,0.0994,3e-4,3e-4,0.0553,0.0475,0.0053,0.1669
Indiana University-Northwest,2582,0.2657,0.7343,0.4497,0.1692,0.3017,0.0298,8e-4,0,0.0438,0.0015,0.0035,0.4255
Indiana University-Southeast,3088,0.3815,0.6185,0.8038,0.0609,0.0609,0.0207,0.001,0,0.0447,0.0029,0.0052,0.3381
Indiana University-East,2446,0.3401,0.6599,0.751,0.0613,0.0687,0.0262,4e-4,0.0012,0.0487,0.0188,0.0237,0.3378
International Business College-Indianapolis,145,0.0345,0.9655,0.7379,0.0345,0.0759,0.0207,0.0069,0,0.0897,0,0.0345,0.503
Taylor Institute of Cosmetology II,45,0,1,0.9111,0,0.0222,0,0,0,0.0444,0,0.0222,0.08
Tricoci University of Beauty Culture-Lafayette,87,0,1,0.4943,0.2529,0.1609,0.0115,0.023,0,0.0575,0,0,0.6279
Lincoln College of Technology-Indianapolis,1004,0.7978,0.2022,0.4522,0.2948,0.1743,0.0259,0.001,0,0.0428,0.001,0.008,0.6376
Manchester University,895,0.524,0.476,0.5408,0.0704,0.0872,0.0034,0.0045,0,0.0458,0.0056,0.2425,0.4374
Marian University,2336,0.3964,0.6036,0.5625,0.1764,0.131,0.0283,0.0017,9e-4,0.0479,0.0274,0.024,0.2305
Indiana Wesleyan University-Marion,1927,0.3736,0.6264,0.8251,0.0493,0.0483,0.0259,0.0026,5e-4,0.0239,0.013,0.0114,0.2549
Martin University,164,0.2988,0.7012,0.0122,0.8293,0.0305,0.0122,0,0,0.0183,0,0.0976,0.6554
Mid-America College of Funeral Service,337,0.276,0.724,0.7864,0.1395,0.0178,0,0.003,0,0.0386,0,0.0148,0.559
West Michigan College of Barbering and Beauty,85,0.4941,0.5059,0.3059,0.4353,0.1412,0,0,0.0118,0.0824,0,0.0235,0.4444
University of Notre Dame,8923,0.5125,0.4875,0.6139,0.0462,0.1357,0.0591,0.0017,0.0017,0.056,0.067,0.0187,0.1247
Oakland City University,470,0.666,0.334,0.5532,0.1638,0.0532,0.0064,0.0085,0,0.0574,0.1213,0.0362,0.3185
PJ's College of Cosmetology-Richmond,71,0.0141,0.9859,0.7465,0.1127,0.0282,0,0,0.0141,0.0986,0,0,0.6436
Ravenscroft Beauty College,114,0.4386,0.5614,0.2632,0.4825,0.1228,0.0526,0,0,0.0789,0,0,0.5685
Rogers Academy of Hair Design,101,0.3564,0.6436,0.6634,0.1881,0.0396,0,0,0,0.1089,0,0,0.5667
Rose-Hulman Institute of Technology,2224,0.759,0.241,0.6956,0.0337,0.0513,0.0751,0.0031,0,0.0612,0.071,0.009,0.1171
University of Saint Francis-Fort Wayne,1599,0.3221,0.6779,0.5885,0.0938,0.1213,0.0113,0.0069,0.0013,0.0375,0.025,0.1144,0.427
Saint Mary-of-the-Woods College,896,0.2969,0.7031,0.731,0.096,0.067,0.01,0.0022,0.0033,0.048,0.0268,0.0156,0.5055
Saint Mary's College,1399,0,1,0.7691,0.0229,0.1408,0.0107,0,0.0014,0.0336,0.01,0.0114,0.239
Saint Elizabeth School of Nursing,131,0.0611,0.9389,0.8473,0.0382,0.0611,0.0153,0.0076,0,0.0305,0,0,0.5347
Taylor University,1890,0.4619,0.5381,0.7963,0.0249,0.0455,0.0328,0.0011,0.0011,0.036,0.045,0.0175,0.1312
Trine University,2344,0.6293,0.3707,0.837,0.0448,0.0371,0.0158,0.0021,4e-4,0.0205,0.0162,0.026,0.1555
Valparaiso University,2229,0.4217,0.5783,0.6886,0.0637,0.1144,0.0341,9e-4,4e-4,0.0386,0.0444,0.0148,0.2593
Vincennes Beauty College,34,0.0294,0.9706,0.9118,0.0294,0,0,0,0,0.0588,0,0,0.3125
Vincennes University,3739,0.5189,0.4811,0.7416,0.0746,0.0859,0.012,0.0024,0.0021,0.0265,0.0227,0.0321,0.0935
Wabash College,845,1,0,0.7266,0.0414,0.1183,0.0178,0,0,0.0402,0.0462,0.0095,0.2251
Allen College,279,0.0824,0.9176,0.7742,0.0108,0.0287,0.0287,0.0036,0.0072,0.0179,0.0036,0.1254,0.2662
Briar Cliff University,626,0.5128,0.4872,0.5735,0.0719,0.1613,0.0064,0.0096,0.0016,0.0495,0.1198,0.0064,0.295
Buena Vista University,1378,0.3483,0.6517,0.7866,0.0298,0.1219,0.0073,0.0065,0.0022,0.0189,0.0065,0.0203,0.4254
Capri College-Dubuque,153,0.0196,0.9804,0.9216,0.0327,0.0327,0,0,0,0.0131,0,0,0.4449
Capri College-Cedar Rapids,128,0.0234,0.9766,0.8125,0.0859,0.0469,0.0078,0.0078,0,0.0391,0,0,0.4438
Central College,1062,0.5358,0.4642,0.8738,0.0179,0.0433,0.0085,9e-4,0,0.0311,0.0019,0.0226,0.2139
Clarke University,782,0.5307,0.4693,0.5358,0.1355,0.1151,0.0166,0.0026,0.0038,0.0345,0.1036,0.0524,0.3592
Coe College,1246,0.4896,0.5104,0.6276,0.1019,0.1252,0.0225,8e-4,0.0032,0.0209,0.049,0.049,0.3568
Cornell College,1074,0.5363,0.4637,0.7151,0.081,0.1034,0.0307,0.0112,0.0028,0.0093,0.0289,0.0177,0.2896
Des Moines Area Community College,10406,0.4149,0.5851,0.6748,0.0973,0.1069,0.0419,0.0036,0.0011,0.0365,0.0073,0.0308,0.1606
Divine Word College,61,0.459,0.541,0.0328,0,0.0164,0.1148,0,0,0,0.8361,0,0.1176
Dordt University,1547,0.51,0.49,0.8035,0.0052,0.0265,0.0097,6e-4,0.0013,0.0175,0.0983,0.0375,0.1827
Drake University,2669,0.3994,0.6006,0.7055,0.0686,0.0783,0.0491,0.0011,0.0011,0.054,0.0382,0.0041,0.2095
University of Dubuque,1473,0.5927,0.4073,0.7006,0.0957,0.055,0.0115,0.0041,0.0034,0.0122,0.0319,0.0855,0.4037
Ellsworth Community College,540,0.5167,0.4833,0.6222,0.1593,0.0852,0.0037,0.0019,0.0019,0.0611,0.0574,0.0074,0.3505
Emmaus Bible College,183,0.4645,0.5355,0.7377,0.0383,0.0492,0.0219,0.0109,0.0055,0.0383,0.0273,0.071,0.4029
Eastern Iowa Community College District,3244,0.3308,0.6692,0.6594,0.1205,0.1356,0.0148,0.0018,9e-4,0.0543,3e-4,0.0123,0.2249
Faith Baptist Bible College and Theological Seminary,371,0.4744,0.5256,0.8383,0.0081,0.0458,0.0162,0.0027,0.0027,0.0323,0.0404,0.0135,0.374
Graceland University-Lamoni,901,0.6004,0.3996,0.4428,0.1853,0.1343,0.0078,0.0044,0.0133,0.0522,0.1276,0.0322,0.4516
Grand View University,1472,0.4735,0.5265,0.57,0.0999,0.1236,0.0401,0.0061,0.0014,0.0428,0.0346,0.0815,0.3811
Grinnell College,1705,0.4587,0.5413,0.5173,0.0499,0.0827,0.0839,6e-4,0,0.0563,0.1924,0.017,0.1688
Orion Technical College,73,0.5205,0.4795,0.5616,0.2329,0.137,0.0137,0,0,0.0411,0,0.0137,0.5733
Hawkeye Community College,2528,0.4122,0.5878,0.7243,0.1044,0.0653,0.0198,0.0047,0.0047,0.0487,0.0206,0.0075,0.2191
American Hair Academy,27,0.0741,0.9259,0.7037,0.0741,0.1481,0,0,0,0.037,0,0.037,0.6897
Indian Hills Community College,1635,0.4734,0.5266,0.6667,0.0826,0.0972,0.019,0.0024,0.0043,0.0446,0.0734,0.0098,0.2234
Iowa Central Community College,3107,0.4715,0.5285,0.5755,0.1217,0.112,0.0122,0.0061,0.0013,0.0772,0.0286,0.0653,0.3124
Iowa Lakes Community College,995,0.5337,0.4663,0.7518,0.0412,0.0794,0.0171,0.004,0.004,0.0121,0.0714,0.0191,0.204
UnityPoint Health-Des Moines School of Radiologic Technology,16,0.0625,0.9375,0.9375,0,0,0.0625,0,0,0,0,0,0.1053
Iowa School of Beauty-Des Moines,74,0.027,0.973,0.7162,0.0946,0.1216,0.027,0.027,0,0.0135,0,0,0.3944
Iowa State University,25033,0.5559,0.4441,0.7707,0.0262,0.072,0.0439,0.0012,6e-4,0.0312,0.033,0.0213,0.1846
Iowa Western Community College,3029,0.4417,0.5583,0.5952,0.1456,0.1202,0.0132,0.0102,0.002,0.0423,0.0423,0.0291,0.2591
University of Iowa,21691,0.4377,0.5623,0.7452,0.0292,0.0915,0.0465,0.0012,6e-4,0.0384,0.0155,0.0318,0.1775
Kirkwood Community College,7438,0.4191,0.5809,0.6543,0.1468,0.0758,0.0163,0.0044,0.0013,0.0333,0.0261,0.0415,0.2363
La James International College-Cedar Falls,40,0,1,0.55,0.175,0.15,0,0,0,0.125,0,0,0.6949
La James International College-Johnston,113,0.0531,0.9469,0.5841,0.1239,0.1681,0.0177,0.0177,0,0.0885,0,0,0.5528
La James College of Hairstyling and Cosmetology,56,0.0893,0.9107,0.7857,0.0893,0.125,0,0,0,0,0,0,0.5586
La James International College-Ft Dodge,20,0.15,0.85,0.65,0.05,0.25,0,0,0,0.05,0,0,0.7368
Loras College,1087,0.5961,0.4039,0.7424,0.0442,0.0856,0.011,0,9e-4,0.0248,0.0451,0.046,0.2527
Luther College,1454,0.4629,0.5371,0.7338,0.0358,0.0653,0.0158,0.0062,0.0034,0.0041,0.1265,0.0089,0.1925
Maharishi International University,774,0.2235,0.7765,0.447,0.0969,0.1021,0.0207,0.0103,0.0026,0.0517,0.0168,0.2519,0.5521
Marshalltown Community College,868,0.4482,0.5518,0.4689,0.0507,0.2972,0.0369,0.0253,0,0.0173,0.0887,0.015,0.211
Mercy College of Health Sciences,905,0.1481,0.8519,0.6773,0.126,0.1127,0.0519,0.0088,0.0022,0.0077,0,0.0133,0.3388
Morningside University,1166,0.4854,0.5146,0.5806,0.0403,0.0901,0.012,0.006,9e-4,0.0309,0.0935,0.1458,0.3153
Mount Mercy University,1135,0.3709,0.6291,0.6405,0.0344,0.0273,0.0194,0,0,0.1436,0.1004,0.0344,0.2589
Ashford University,23734,0.3812,0.6188,0.3976,0.2823,0.2145,0.0266,0.0082,0.01,0.0439,0.0016,0.0153,0.3114
North Iowa Area Community College,1271,0.4603,0.5397,0.7648,0.0535,0.0983,0.0063,0.0039,0.0016,0.0417,0.0275,0.0024,0.2356
University of Northern Iowa,7599,0.3765,0.6235,0.8351,0.0312,0.0611,0.0161,0.0016,7e-4,0.029,0.0108,0.0146,0.238
Northwestern College,1125,0.4738,0.5262,0.784,0.0196,0.064,0.0116,9e-4,9e-4,0.0107,0.0427,0.0658,0.2274
Northeast Iowa Community College,1736,0.3381,0.6619,0.822,0.0582,0.0541,0.0092,0.0012,0.004,0.0127,6e-4,0.038,0.2267
Northwest Iowa Community College,856,0.4836,0.5164,0.785,0.0607,0.1028,0.014,0.0035,0,0.0222,0,0.0117,0.1464
Palmer College of Chiropractic,41,0.5366,0.4634,0.8293,0.0244,0.1463,0,0,0,0,0,0,0.375
PCI Academy-Ames,170,0.0176,0.9824,0.8,0.0235,0.0882,0.0176,0.0059,0,0.0647,0,0,0.3165
Saint Ambrose University,2101,0.4465,0.5535,0.6887,0.0676,0.1076,0.0195,0.0029,0.0024,0.0462,0.0281,0.0371,0.279
St Luke's College,192,0.0677,0.9323,0.6563,0.0677,0.1771,0.0052,0.0313,0.0052,0.0521,0,0.0052,0.4643
La James International College-Davenport,123,0.0325,0.9675,0.3821,0.2927,0.2033,0.0325,0.0081,0,0.0732,0,0.0081,0.6303
Simpson College,1130,0.4699,0.5301,0.7575,0.0354,0.1115,0.0195,0.0027,9e-4,0.0407,0.0221,0.0097,0.3265
Southeastern Community College,1529,0.3905,0.6095,0.6337,0.0674,0.0628,0.0137,0.0078,0,0.0399,0.0569,0.1177,0.2687
Southwestern Community College,774,0.3773,0.6227,0.8165,0.0491,0.0607,0.0039,0.0052,0,0.0258,0.0375,0.0013,0.2385
Capri College-Davenport,142,0.0352,0.9648,0.7042,0.0563,0.1338,0.0211,0,0,0.0845,0,0,0.4455
Iowa School of Beauty-Sioux City,40,0,1,0.55,0.05,0.25,0.025,0.1,0,0.025,0,0,0.5156
SOHO Hair Academy,50,0.04,0.96,0.64,0.14,0.2,0,0,0,0.02,0,0,0.6667
Upper Iowa University,2021,0.4245,0.5755,0.6126,0.1653,0.0861,0.0193,0.0049,0.004,0.0332,0.0416,0.0332,0.3252
Waldorf University,2103,0.6201,0.3799,0.5159,0.126,0.0219,0.0124,0.0071,0.009,0.0247,0.0071,0.2758,0.339
Wartburg College,1446,0.518,0.482,0.8043,0.045,0.0429,0.0048,0.0021,7e-4,0.0304,0.053900000000000003,0.0159,0.2147
The Salon Professional Academy-Cedar Falls,101,0.7129,0.2871,0.3267,0.4554,0.1584,0,0,0.0297,0.0297,0,0,0.6
Western Iowa Tech Community College,2589,0.3677,0.6323,0.518,0.068,0.2294,0.0178,0.0154,8e-4,0.0413,0.0912,0.0182,0.2526
William Penn University,1391,0.5119,0.4881,0.555,0.1761,0.1006,0.005,0.0108,0.0101,0.0575,0.059,0.0259,0.4558
Allen County Community College,761,0.3942,0.6058,0.6321,0.0618,0.1327,0.0197,0.0131,0,0.0302,0.1051,0.0053,0.172
Baker University,1080,0.4806,0.5194,0.6519,0.113,0.112,0.012,0.0157,0.0019,0.0389,0.0306,0.0241,0.2386
Barton County Community College,2273,0.4373,0.5627,0.564,0.139,0.1214,0.0211,0.0136,0.0101,0.0669,0.0585,0.0053,0.1836
Benedictine College,2236,0.4991,0.5009,0.75,0.0246,0.131,0.0152,0.0036,0.0018,0.0371,0.0098,0.0268,0.1621
Bethany College,583,0.5918,0.4082,0.4631,0.2007,0.199,0.0154,0.0154,0.0051,0.0429,0.0583,0,0.4328
Bethel College-North Newton,499,0.5411,0.4589,0.5311,0.1683,0.1683,0.016,0.0481,0.006,0,0.0421,0.02,0.3879
Butler Community College,5694,0.3829,0.6171,0.5808,0.094,0.1588,0.0427,0.0091,0.0021,0,0.03,0.0825,0.3075
Central Christian College of Kansas,394,0.5279,0.4721,0.4772,0.1294,0.2411,0.0178,0.0254,0.0051,0.0508,0.0178,0.0355,0.4311
Cloud County Community College,807,0.3916,0.6084,0.6121,0.0991,0.0905,0.0087,0.0025,0.0012,0.0595,0.0905,0.0359,0.215
Coffeyville Community College,870,0.6,0.4,0.3954,0.2609,0.0977,0.0023,0.0471,0,0.1,0.0483,0.0483,0.3175
Colby Community College,837,0.2772,0.7228,0.7085,0.0382,0.0406,0.0048,0.0084,0.0048,0.0299,0.086,0.0789,0.229
Cowley County Community College,1548,0.3973,0.6027,0.6098,0.0652,0.1292,0.0097,0.0233,0.0039,0.0672,0.082,0.0097,0.352
Dodge City Community College,1200,0.5217,0.4783,0.2842,0.1042,0.5,0.01,0.0033,0.0017,0.0267,0.0583,0.0117,0.279
Donnelly College,343,0.2362,0.7638,0.1283,0.4198,0.344,0.0554,0.0175,0,0.035,0,0,0.6313
Emporia State University,2328,0.3621,0.6379,0.7066,0.0387,0.1293,0.0086,0.0039,9e-4,0.0631,0.0309,0.018,0.3401
Flint Hills Technical College,341,0.5132,0.4868,0.6716,0.0059,0.2757,0.0059,0,0,0.0323,0.0088,0,0.113
Fort Hays State University,9792,0.3893,0.6107,0.4878,0.0254,0.0569,0.0157,0.0026,0.0012,0.0245,0.0193,0.3665,0.2227
Barclay College,161,0.4969,0.5031,0.472,0.1925,0.1801,0.0124,0.0248,0,0.0745,0.0373,0.0062,0.6513
Friends University,1015,0.5084,0.4916,0.5094,0.1064,0.2118,0.0118,0.0079,0.001,0.0828,0.0433,0.0256,0.3365
Fort Scott Community College,763,0.4679,0.5321,0.692,0.1389,0.0904,0.0066,0.0144,0.0013,0.0459,0.0105,0,0.2635
Garden City Community College,1321,0.4345,0.5655,0.274,0.0802,0.4958,0.0212,0.0045,0.003,0.0326,0.0621,0.0265,0.2941
Haskell Indian Nations University,878,0.4248,0.5752,0,0,0,0,1,0,0,0,0,0.619
Hays Academy of Hair Design,74,0,1,0.7297,0,0.2297,0,0.0135,0,0.027,0,0,0.4286
Hesston College,308,0.4578,0.5422,0.5032,0.0844,0.1591,0.013,0.0065,0.0032,0.0552,0.1656,0.0097,0.3025
Highland Community College,1262,0.4501,0.54990000000000006,0.6252,0.1632,0.0475,0.0151,0.0238,0.0032,0.0824,0,0.0396,0.1723
Hutchinson Community College,2911,0.3909,0.6091,0.6094,0.0752,0.1295,0.0076,0.0045,0.0017,0.0385,0.0151,0.1185,0.2379
Independence Community College,518,0.5618,0.4382,0.3977,0.3031,0.0965,0,0.0116,0.0174,0.0869,0.0444,0.0425,0.4017
Johnson County Community College,10634,0.4613,0.5387,0.5633,0.071,0.1633,0.0408,0.0056,0.0117,0.0575,0.0367,0.0501,0.1649
Concorde Career College-Kansas City,240,0.0667,0.9333,0.1542,0.3042,0.1542,0.0167,0.0125,0.0042,0.0167,0,0.3375,0.5393
Kansas City Kansas Community College,3071,0.4119,0.5881,0.3781,0.1993,0.2686,0.043,0.0039,0.0016,0.0641,0.0231,0.0182,0.3067
Kansas Christian College,143,0.7343,0.2657,0.3007,0.3287,0.1608,0.035,0.007,0.014,0.0769,0.042,0.035,0.5798
University of Kansas,19857,0.4652,0.5348,0.6907,0.0433,0.1027,0.0623,0.0043,0.001,0.0582,0.0324,0.005,0.1953
Newman University,857,0.3921,0.6079,0.5228,0.0478,0.2544,0.0303,0.0047,0.0012,0.0455,0.0817,0.0117,0.124
Old Town Barber College-Wichita,94,0.766,0.234,0.1809,0.5319,0.1915,0,0.0106,0,0.0851,0,0,0.7442
Kansas State University,14835,0.4929,0.5071,0.795,0.0266,0.0913,0.0187,0.0038,9e-4,0.0378,0.0169,0.0091,0.1934
Kansas Wesleyan University,894,0.5716,0.4284,0.5671,0.1242,0.1846,0.0145,0.0045,0.0034,0.0649,0.0369,0,0.4083
Washburn Institute of Technology,490,0.5959,0.4041,0.6,0.0878,0.1714,0.002,0.0163,0.0061,0.0551,0.0204,0.0408,0.1729
Labette Community College,766,0.295,0.705,0.7154,0.0692,0.111,0.0065,0.0261,0.0039,0.0496,0.0131,0.0052,0.2189
Manhattan Area Technical College,328,0.5701,0.4299,0.6829,0.0915,0.1646,0.0061,0.0091,0.003,0.0396,0.003,0,0.1199
Manhattan Christian College,132,0.5455,0.4545,0.6591,0.1212,0.1288,0.0076,0.0227,0,0.0606,0,0,0.4483
McPherson College,786,0.673,0.327,0.5165,0.1247,0.1679,0.0165,0.0445,0.0025,0.0115,0.0623,0.0534,0.3362
MidAmerica Nazarene University,977,0.48,0.52,0.6162,0.1494,0.085,0.0102,0.0082,0.0031,0.0614,0.0471,0.0194,0.2847
Neosho County Community College,848,0.3738,0.6262,0.6863,0.0613,0.0837,0.0071,0.0153,0,0.0401,0.0943,0.0118,0.1974
North Central Kansas Technical College,472,0.6547,0.3453,0.8729,0.0191,0.0403,0.0021,0.0064,0,0.0593,0,0,0.1952
Northwest Kansas Technical College,314,0.7739,0.2261,0.5287,0.1146,0.2611,0.0064,0.0127,0.0064,0.0287,0.0414,0,0.2262
Ottawa University-Ottawa,935,0.6299,0.3701,0.5337,0.1497,0.1615,0.016,0.0203,0.0043,0.0556,0.0545,0.0043,0.3529
Ottawa University-Kansas City,223,0.1794,0.8206,0.704,0.0987,0.148,0.009,0.0179,0,0.0179,0,0.0045,0.4618
Pittsburg State University,4162,0.4993,0.5007,0.7902,0.032,0.0745,0.0079,0.0149,0.0012,0.0639,0.0142,0.0012,0.3226
Pratt Community College,600,0.6283,0.3717,0.6583,0.0817,0.0317,0.0067,0.0183,0.0017,0.0683,0.1017,0.0317,0.1913
University of Saint Mary,889,0.5332,0.4668,0.4781,0.1384,0.2036,0.0101,0.0101,0,0.0416,0.0247,0.0934,0.3688
Salina Area Technical College,352,0.392,0.608,0.7216,0.0256,0.1989,0.017,0.0114,0.0028,0.0142,0,0.0085,0.1357
Seward County Community College,1140,0.3693,0.6307,0.2368,0.0342,0.5439,0.0193,0.007,0,0.0175,0.0658,0.0754,0.202
Southwestern College,1026,0.6647,0.3353,0.4259,0.1813,0.1511,0.0244,0.0253,0.0088,0.0136,0.0185,0.1511,0.3946
Sterling College,569,0.5975,0.4025,0.638,0.1107,0.0562,0.0018,0.0053,0.0035,0.0861,0.0861,0.0123,0.3167
Tabor College,530,0.6038,0.3962,0.5981,0.0925,0.1566,0.0019,0.0094,0.0038,0.0642,0.066,0.0075,0.3783
Washburn University,4093,0.3567,0.6433,0.615,0.084,0.1461,0.0134,0.0071,7e-4,0.065,0.0481,0.0205,0.3052
Wichita State University-Campus of Applied Sciences and Technology,2778,0.4953,0.5047,0.4734,0.1415,0.2585,0.0464,0.0108,0.0022,0.0529,0.0018,0.0126,0.2133
Wichita State University,10493,0.4411,0.5589,0.5659,0.0607,0.1696,0.0774,0.0062,0.0011,0.0561,0.0432,0.0197,0.2973
Wichita Technical Institute,866,0.4711,0.5289,0.5473,0.1686,0.1467,0.0196,0.0323,0.0139,0.0416,0,0.03,0.7533
Alice Lloyd College,528,0.5095,0.4905,0.9129,0.0473,0.0114,0.0038,0.0038,0,0.0114,0.0038,0.0057,0.5565
Asbury University,1369,0.3952,0.6048,0.7772,0.0365,0.0657,0.0102,0.0015,0,0.0292,0.0584,0.0212,0.2631
Ashland Community and Technical College,1566,0.3946,0.6054,0.9246,0.0153,0.0109,0.0032,0.0026,6e-4,0.0345,0,0.0083,0.4302
Bellarmine University,2286,0.3876,0.61240000000000006,0.7108,0.0971,0.077,0.0328,0.0022,4e-4,0.0512,0.0201,0.0083,0.2501
Berea College,1472,0.409,0.591,0.4382,0.1909,0.1637,0.0387,0,0.0014,0.0788,0.0808,0.0075,0.8101
PJ's College of Cosmetology-Bowling Green,285,0.0175,0.9825,0.6035,0.1368,0.0632,0.0667,0.007,0.0281,0.0912,0,0.0035,0.5631
Southcentral Kentucky Community and Technical College,2952,0.3902,0.6098,0.7351,0.0996,0.0816,0.0366,0.0034,0.0017,0.0379,0,0.0041,0.318
Brescia University,538,0.4349,0.5651,0.6004,0.0948,0.0446,0.0335,0.0056,0,0.0019,0.0836,0.1357,0.4283
Campbellsville University,2641,0.4184,0.5816,0.6804,0.1469,0.0208,0.0133,0.0042,0,0,0.0935,0.0409,0.2154
Bluegrass Community and Technical College,7713,0.4079,0.5921,0.661,0.1439,0.1086,0.0275,0.0014,0.001,0.0462,0.0012,0.0092,0.3504
Centre College,1346,0.4792,0.5208,0.7363,0.0527,0.0788,0.0438,0.003,0.0015,0.0319,0.0438,0.0082,0.2122
Clear Creek Baptist Bible College,132,0.8561,0.1439,0.9242,0.0227,0.0152,0,0,0,0.0379,0,0,0.4436
Paul Mitchell the School-Lexington,204,0.0637,0.9363,0.7892,0.1422,0.0392,0.0049,0,0.0049,0.0196,0,0,0.509
Galen College of Nursing-Louisville,4184,0.1076,0.8924,0.4754,0.1307,0.1023,0.0304,0.0033,0.0019,0.0342,0,0.2218,0.2591
University of the Cumberlands,5468,0.32,0.68,0.7142,0.054,0.0031,0.0101,0.0024,0.0026,0,0,0.2138,0.4848
Eastern Kentucky University,11674,0.4021,0.5979,0.7978,0.0678,0.0551,0.0125,0.0022,9e-4,0.0475,0.0076,0.0085,0.3861
Elizabethtown Community and Technical College,3775,0.3958,0.6042,0.7825,0.0766,0.0623,0.0111,0.0021,0.0029,0.057,0,0.0056,0.3568
Georgetown College,1180,0.5153,0.4847,0.7542,0.0864,0.072,0.0059,0,0,0.0373,0.0398,0.0042,0.3439
PJ's College of Cosmetology-Glasgow,43,0.0233,0.9767,0.8605,0.0465,0,0.0233,0,0.0233,0.0465,0,0,0.7246
Hazard Community and Technical College,1404,0.3547,0.6453,0.9558,0.0114,0.0093,0.0028,0.0021,0,0.0164,0,0.0021,0.3728
Paul Mitchell the School-Louisville,219,0.0411,0.9589,0.7169,0.1826,0.0685,0.0091,0,0,0.0183,0,0.0046,0.4531
Henderson Community College,876,0.242,0.758,0.7477,0.121,0.0662,0.0057,0.0034,0,0.0491,0.0011,0.0057,0.3287
Hopkinsville Community College,1498,0.3184,0.6816,0.5487,0.2403,0.1182,0.016,0.0047,0.0047,0.0561,0,0.0113,0.428
Jefferson Community and Technical College,7105,0.4176,0.5824,0.5025,0.2535,0.1405,0.0435,0.002,0.0017,0.0455,6e-4,0.0104,0.2933
Summit Salon Academy-Lexington,123,0.0488,0.9512,0.6667,0.1545,0.0732,0.0081,0,0,0.0976,0,0,0.5086
American National University-Pikeville,229,0.0306,0.9694,0.6769,0.2183,0.0175,0.0044,0.0175,0.0044,0.048,0,0.0131,0.8017
Kentucky Mountain Bible College,72,0.5833,0.4167,0.8194,0.0139,0.0556,0.0139,0.0278,0.0139,0.0139,0.0417,0,0.5513
Kentucky State University,1317,0.4047,0.5953,0.0805,0.814,0.0175,0.0046,0.0038,8e-4,0.0395,0.0084,0.0311,0.5652
Kentucky Wesleyan College,794,0.4924,0.5076,0.636,0.1474,0.0353,0.0176,0.005,0,0.0151,0.039,0.1045,0.4157
University of Kentucky,23189,0.4201,0.5799,0.7616,0.0664,0.0643,0.0373,0.0016,9e-4,0.0414,0.0141,0.0124,0.215
Kentucky Christian University,438,0.6621,0.3379,0.6849,0.1712,0.0616,0,0.0023,0,0.0388,0.0274,0.0137,0.3704
Lindsey Wilson College,1649,0.4324,0.5676,0.7314,0.111,0.0061,0.0055,0.0055,6e-4,0.0321,0.0273,0.0807,0.4988
University of Louisville,14187,0.4384,0.5616,0.6259,0.1563,0.0826,0.0554,0.0016,6e-4,0.0633,0.0133,0.0011,0.288
Madisonville Community College,1797,0.3083,0.6917,0.842,0.064,0.0417,0.0067,0.0022,0.0011,0.0367,0,0.0056,0.286
Maysville Community and Technical College,2207,0.3892,0.6108,0.8659,0.0521,0.034,0.0032,0.0032,9e-4,0.0281,0,0.0127,0.3442
Midway University,1250,0.3832,0.6168,0.7136,0.0992,0.0728,0.0104,0.0048,0,0.0408,0.0392,0.0192,0.4613
Morehead State University,4689,0.3956,0.6044,0.8648,0.0305,0.032,0.0066,9e-4,9e-4,0.0341,0.0147,0.0156,0.2873
Murray State University,6646,0.3816,0.6184,0.7907,0.0611,0.0307,0.008,0.0012,0,0.032,0.0373,0.039,0.3135
Gateway Community and Technical College,2824,0.4345,0.5655,0.7596,0.1101,0.0634,0.0099,0.0032,0.0021,0.0425,0,0.0092,0.2876
Northern Kentucky University,8065,0.411,0.589,0.7609,0.0738,0.048,0.0185,0.0011,5e-4,0.0347,0.0407,0.0218,0.2355
West Kentucky Community and Technical College,2810,0.3288,0.6712,0.7826,0.0861,0.0733,0.0078,0.0028,4e-4,0.0402,0,0.0068,0.3202
University of Pikeville,1140,0.4447,0.5553,0.8202,0.0623,0.0263,0.0088,0.0088,0.0018,0.0246,0.0474,0,0.397
Big Sandy Community and Technical College,1590,0.4182,0.5818,0.944,0.0075,0.0189,0.0038,0.0013,0,0.0157,0,0.0088,0.4437
Empire Beauty School-Chenoweth,83,0.0482,0.9518,0.4699,0.3614,0.0723,0.012,0,0.012,0.0602,0,0.012,0.5373
Empire Beauty School-Elizabethtown,158,0.038,0.962,0.6709,0.1772,0.0063,0,0,0,0.0443,0,0.1013,0.57
Empire Beauty School-Dixie,80,0.0375,0.9625,0.1125,0.8125,0.025,0.0125,0,0,0.0125,0,0.025,0.7111
Empire Beauty School-Florence,124,0.0161,0.9839,0.8065,0.0806,0.0484,0,0,0,0.0645,0,0,0.5611
Somerset Community College,3899,0.3519,0.6481,0.9169,0.0115,0.0339,0.0049,0.0021,3e-4,0.0259,5e-4,0.0041,0.4343
Southeast Kentucky Community & Technical College,1680,0.3333,0.6667,0.925,0.0173,0.0101,0.0036,0.003,0,0.0173,0,0.0238,0.4011
The Southern Baptist Theological Seminary,844,0.5569,0.4431,0.8957,0.0213,0.0071,0.0237,0.0012,0,0,0.0498,0.0012,0
Spalding University,597,0.3568,0.6432,0.6164,0.2546,0.067,0.0084,0,0,0.0318,0.0067,0.0151,0.3559
Sullivan University,2498,0.297,0.703,0.452,0.2198,0.1265,0.0156,0.0072,0.0028,0.0408,0.0036,0.1317,0.1133
Thomas More University,1305,0.5172,0.4828,0.741,0.0851,0.0421,0.0123,0.0015,0,0.0437,0.0536,0.0207,0.2247
Transylvania University,1014,0.4389,0.5611,0.789,0.0513,0.0503,0.0296,0.002,0,0.0611,0.0089,0.0079,0.2405
Union College,736,0.5774,0.4226,0.5897,0.1413,0.0326,0.0095,0.0068,0.0122,0.0503,0.1454,0.0122,0.5062
Western Kentucky University,12267,0.3883,0.6117,0.7524,0.0883,0.0596,0.0316,0.0028,0.0012,0.0417,0.0067,0.0157,0.2871
Central Louisiana Technical Community College,1100,0.4645,0.5355,0.5364,0.3618,0.0327,0.0073,0.0045,0.0018,0.0255,0,0.03,0.4568
Ayers Career College,213,0.216,0.784,0.0986,0.8451,0.0141,0,0.0047,0,0.0376,0,0,0.9035
Baton Rouge General Medical Center School of Nursing & School of Radiologic Technology,130,0.0846,0.9154,0.5077,0.4538,0.0154,0.0154,0,0,0.0077,0,0,0.4538
Bossier Parish Community College,5046,0.3121,0.6879,0.4294,0.4413,0.0543,0.0101,0.0083,0.0028,0.0375,0.0083,0.0079,0.4956
Centenary College of Louisiana,615,0.5024,0.4976,0.5707,0.2244,0.1024,0.0276,0.0081,0,0.0569,0.0098,0,0.3891
Cloyd's Beauty School 1 Inc,49,0.0408,0.9592,0.7755,0.2245,0,0,0,0,0,0,0,0.7654
Crescent City Bartending School,693,0.3608,0.6392,0.2222,0.3564,0.1342,0.2294,0,0,0,0,0.0577,0.9753
Delgado Community College,11182,0.2855,0.7145,0.2644,0.5303,0.118,0.0227,0.0044,0.0042,0.0334,0.0176,0.0049,0.6178
Avery James College,74,0,1,0.2432,0.5676,0.0405,0.0135,0.0135,0,0.1216,0,0,0.7255
Denham Springs Beauty School,72,0.0278,0.9722,0.9028,0.0139,0.0833,0,0,0,0,0,0,0.5281
Dillard University,1111,0.2637,0.7363,0.0072,0.8902,0.0279,9e-4,0.0027,9e-4,0.027,0.0153,0.0279,0.6781
Nunez Community College,1495,0.3344,0.6656,0.3137,0.5559,0.0642,0.012,0.0047,0.0033,0.0355,0.0033,0.0074,0.4187
Grambling State University,4144,0.3545,0.6455,0.0048,0.9278,0.0154,0.001,0.0019,2e-4,0.0263,0.0205,0.0019,0.7217
Belbo Beauty Institute,109,0.0183,0.9817,0.3394,0.5505,0.0642,0,0,0,0.0367,0,0.0092,0.5078
ITI Technical College,513,0.8577,0.1423,0.499,0.4347,0.0409,0.0039,0.0019,0,0.0195,0,0,0.596
John Jay Beauty College,104,0.0096,0.9904,0.6923,0.1538,0.1154,0,0,0,0,0,0.0385,0.5796
Louisiana State University Health Sciences Center-New Orleans,843,0.1412,0.8588,0.586,0.1815,0.0937,0.0854,0.0036,0.0036,0.032,0.0059,0.0083,0.2193
Louisiana State University-Alexandria,4414,0.2771,0.7229,0.5757,0.2019,0.0104,0.0299,0.0288,0,0.0091,0.0159,0.1285,0.3563
Louisiana State University and Agricultural & Mechanical College,29207,0.4442,0.5558,0.6057,0.1859,0.0999,0.0486,0.0044,7e-4,0.0328,0.0137,0.0082,0.2565
Louisiana State University-Eunice,2617,0.219,0.781,0.6515,0.2533,0.0172,0.0107,0.0084,0,0.042,0.0011,0.0157,0.3882
Louisiana State University-Shreveport,2150,0.4107,0.5893,0.5744,0.2465,0.0074,0.0177,0.0084,0.0019,0.0558,0.0423,0.0456,0.3781
Aveda Arts & Sciences Institute-Baton Rouge,197,0.0305,0.9695,0.3604,0.5533,0.0406,0.0051,0,0,0.0254,0,0.0152,0.5093
Aveda Arts & Sciences Institute-Lafayette,134,0.0224,0.9776,0.6642,0.2761,0.0075,0.0075,0.0149,0,0.0224,0,0.0075,0.4224
Louisiana Academy of Beauty,31,0,1,0.7419,0.1935,0,0,0,0,0.0645,0,0,0.3721
Louisiana Christian University,750,0.568,0.432,0.564,0.2747,0.0413,0.0053,0.012,0.0013,0.0347,0.0667,0,0.4075
Opelousas School of Cosmetology,10,0,1,0.5,0.5,0,0,0,0,0,0,0,0.7917
Louisiana Tech University,7819,0.5664,0.4336,0.7372,0.1087,0.0478,0.0133,0.0037,5e-4,0.0176,0.0157,0.0554,0.205
Loyola University New Orleans,2999,0.3431,0.6569,0.4498,0.2037,0.2147,0.029,0.003,7e-4,0.055,0.0357,0.0083,0.3721
McNeese State University,4846,0.3846,0.6154,0.6432,0.176,0.0452,0.0184,0.0043,4e-4,0.0394,0.0642,0.0089,0.3112
University of New Orleans,4479,0.5046,0.4954,0.4164,0.23,0.15,0.0904,0.0031,9e-4,0.0529,0.0255,0.0308,0.4044
New Orleans Baptist Theological Seminary,770,0.5844,0.4156,0.5481,0.1558,0.0701,0.0247,0.0052,0,0.0065,0.0506,0.139,0
Nicholls State University,4772,0.3736,0.6264,0.6456,0.1846,0.0627,0.0174,0.0226,8e-4,0.0308,0.0166,0.0189,0.3498
University of Louisiana at Monroe,4891,0.348,0.652,0.5807,0.2427,0.0341,0.0135,0.0031,2e-4,0.0311,0.0603,0.0343,0.3341
Northwest Louisiana Technical Community College,837,0.5854,0.4146,0.4468,0.4636,0.0346,0.0012,0.0108,0.0036,0.0287,0.0024,0.0084,0.499
Northwestern State University of Louisiana,5840,0.2884,0.7116,0.5361,0.2967,0.061,0.0096,0.0135,0.0012,0.0473,0.0192,0.0154,0.3488
University of Holy Cross,405,0.1827,0.8173,0.4148,0.2469,0.1235,0.037,0.0025,0,0.0494,0,0.1259,0.2842
Franciscan Missionaries of Our Lady University,826,0.1574,0.8426,0.6659,0.2215,0.0605,0.0278,0.0145,0,0,0,0.0097,0.3575
Pat Goins Beauty Schools formerly Paul Mitchell the School-Shreveport,102,0.0098,0.9902,0.3627,0.5588,0.0196,0.0098,0.0196,0,0.0294,0,0,0.5175
Celebrity Stylist Beauty School,45,0.0222,0.9778,0.0667,0.9333,0,0,0,0,0,0,0,0.5161
Pineville Beauty School,45,0,1,0.9556,0.0444,0,0,0,0,0,0,0,0.6034
Aveda Arts & Sciences Institute-Covington,2538,0.0276,0.9724,0.4728,0.2703,0.1541,0.0114,0.0035,0.0051,0.0213,8e-4,0.0607,0.4714
Saint Joseph Seminary College,91,1,0,0.5275,0.022,0.2308,0.0769,0.022,0,0.022,0.022,0.0769,0.0748
LaSalle Tech,159,0.0377,0.9623,0.3208,0.4277,0.2013,0.0126,0.0314,0,0.0063,0,0,0.7657
Fletcher Technical Community College,1999,0.2656,0.7344,0.5208,0.2911,0.0615,0.0065,0.0475,0.002,0.058,0.005,0.0075,0.5769
Remington College-Lafayette Campus,247,0.2672,0.7328,0.2105,0.749,0.0081,0.0081,0.004,0,0.0202,0,0,0.9667
SOWELA Technical Community College,2979,0.4797,0.5203,0.6415,0.2313,0.053,0.0084,0.0037,0.002,0.0396,0.0117,0.0087,0.4177
Stevensons Academy of Hair Design,106,0.4151,0.5849,0,1,0,0,0,0,0,0,0,0.5111
Southeastern Louisiana University,9514,0.3808,0.6192,0.6543,0.1931,0.0718,0.0107,0.0019,8e-4,0.048,0.0168,0.0025,0.33
Southern University and A & M College,5323,0.3184,0.6816,0.0077,0.9468,0.0085,0.0026,9e-4,6e-4,0.0152,0.003,0.0147,0.6458
Southern University at New Orleans,1095,0.2612,0.7388,0.0228,0.9251,0.0228,0,9e-4,0,0.0201,0,0.0082,0.4458
Southern University at Shreveport,1974,0.2239,0.7761,0.0704,0.9017,0.0076,0.0051,0.0035,0.0015,0.0086,5e-4,0.001,0.5101
University of Louisiana at Lafayette,12269,0.4176,0.5824,0.5844,0.2654,0.0526,0.0235,0.0032,8e-4,0.0418,0.0072,0.0212,0.3877
Northshore Technical Community College,2156,0.474,0.526,0.5371,0.365,0.0552,0.0032,0.0032,9e-4,0.0292,0.0028,0.0032,0.2188
Tulane University of Louisiana,7759,0.3865,0.6135,0.647,0.069,0.1075,0.0575,0.0012,8e-4,0.0503,0.0561,0.0108,0.0928
Xavier University of Louisiana,2534,0.2451,0.7549,0.0122,0.8477,0.0399,0.0292,4e-4,0,0.0379,0.0284,0.0043,0.5171
College of the Atlantic,358,0.2849,0.7151,0.6732,0.0028,0.0615,0.014,0,0,0.0196,0.2151,0.014,0.2653
Bates College,1753,0.4934,0.5066,0.6138,0.0445,0.0884,0.0656,0.0023,6e-4,0.0839,0.0953,0.0057,0.1022
Beal University,503,0.2346,0.7654,0.7674,0.0616,0.0318,0.0159,0.004,0,0.0318,0.002,0.0855,0.6365
Bowdoin College,1846,0.481,0.519,0.526,0.0547,0.1343,0.1105,0.0011,0.0016,0.1018,0.0677,0.0022,0.1614
Maine College of Health Professions,228,0.1184,0.8816,0.8553,0.0526,0.0044,0.0132,0.0088,0,0.0175,0,0.0482,0.5148
Central Maine Community College,2828,0.4374,0.5626,0.761,0.0941,0.0375,0.0074,0.0057,0.0014,0.0297,0.0265,0.0368,0.3386
Colby College,2282,0.4886,0.5114,0.5355,0.0543,0.0828,0.1074,9e-4,9e-4,0.0714,0.1104,0.0364,0.1318
Eastern Maine Community College,1692,0.4941,0.5059,0.8582,0.0142,0.0372,0.0142,0.013,6e-4,0.0349,0.0089,0.0189,0.2803
Kennebec Valley Community College,1538,0.3349,0.6651,0.8888,0.0104,0.0338,0.0059,0.0033,0.0013,0.0325,0.0072,0.0169,0.3096
The Landing School,43,0.9535,0.0465,0.8372,0.0233,0.0465,0,0,0,0,0.0698,0.0233,0.2
University of Maine at Augusta,2759,0.3161,0.6839,0.8112,0.0359,0.0489,0.0083,0.0116,4e-4,0.0435,0.0065,0.0337,0.3196
University of Maine at Farmington,1131,0.3599,0.6401,0.8833,0.0177,0.0442,0.0062,0.0035,9e-4,0.0283,0.0018,0.0141,0.3248
University of Maine at Fort Kent,638,0.2649,0.7351,0.6708,0.0815,0.0361,0.011,0.0078,0.0031,0.0455,0.1097,0.0345,0.139
University of Maine,8341,0.5189,0.4811,0.8295,0.0182,0.0471,0.0171,0.009,2e-4,0.0387,0.0219,0.0181,0.2196
Maine Maritime Academy,888,0.7984,0.2016,0.8255,0.0259,0.0541,0.0124,0.009,0,0.0203,0.0068,0.0462,0.2472
University of Maine at Presque Isle,1362,0.4339,0.5661,0.5999,0.0984,0.0999,0.0191,0.0132,0.0015,0.036,0.0984,0.0338,0.2559
University of New England,2189,0.3157,0.6843,0.8506,0.0164,0.0393,0.0279,0.0014,0.0018,0.0315,0.0037,0.0274,0.1189
Northern Maine Community College,577,0.5043,0.4957,0.8839,0.0243,0.0277,0.0017,0.0156,0.0017,0.0139,0.0173,0.0139,0.4189
Empire Beauty School-Maine,118,0.0169,0.9831,0.839,0.0085,0.0424,0.0169,0.0254,0,0.0169,0,0.0508,0.3598
Maine College of Art & Design,415,0.241,0.759,0.7349,0.0169,0.0627,0.0265,0.0048,0,0.1012,0,0.053,0.2658
Saint Joseph's College of Maine,930,0.3839,0.6161,0.8086,0.0527,0.0591,0.0075,0.0011,0.0011,0.0258,0,0.0441,0.201
Spa Tech Institute-Westbrook,261,0.0843,0.9157,0.9042,0.0307,0.0153,0.0115,0.0077,0.0115,0.0192,0,0,0.3408
Southern Maine Community College,5279,0.444,0.556,0.7554,0.1059,0.0479,0.0208,0.0028,9e-4,0.0352,0.0121,0.0188,0.2454
University of Southern Maine,4245,0.4054,0.5946,0.7585,0.081,0.0455,0.0273,0.0061,9e-4,0.0412,0.0179,0.0214,0.2628
Thomas College,688,0.5145,0.4855,0.782,0.0552,0.0247,0.0073,0.0073,0.0015,0.0305,0.0523,0.0392,0.1534
Unity Environmental University,5619,0.2189,0.7811,0.6983,0.0573,0.1244,0.0103,0.0119,0.0023,0.0481,5e-4,0.0468,0.5925
Washington County Community College,397,0.4484,0.5516,0.7254,0.0554,0.0504,0,0.0504,0,0.0504,0.0076,0.0605,0.4218
Allegany College of Maryland,1743,0.2478,0.7522,0.7114,0.1583,0.0436,0.012,0.0011,6e-4,0.047,0.0207,0.0052,0.3029
Anne Arundel Community College,8570,0.3942,0.6058,0.483,0.1975,0.1256,0.048,0.0037,8e-4,0.0581,0.0245,0.0588,0.1977
Award Beauty School,132,0.2955,0.7045,0.3788,0.5152,0.0985,0.0076,0,0,0,0,0,0.3756
Baltimore Studio of Hair Design,39,0.0256,0.9744,0.0256,0.9487,0.0256,0,0,0,0,0,0,0.9773
Baltimore City Community College,3234,0.2662,0.7338,0.043,0.7044,0.0331,0.0074,0.0015,6e-4,0.0223,0.1592,0.0284,0.4059
University of Baltimore,1276,0.413,0.587,0.261,0.4992,0.0854,0.0415,0.0024,0.0024,0.0494,0.0141,0.0447,0.4317
Bowie State University,5207,0.395,0.605,0.0252,0.8241,0.0574,0.0119,0.0033,0.0019,0.0376,0.0148,0.0238,0.439
Capitol Technology University,259,0.8069,0.1931,0.2934,0.3591,0.0618,0.0888,0.0154,0,0.0232,0.0154,0.1429,0.3523
Cecil College,1369,0.3514,0.6486,0.7159,0.1125,0.0979,0.0117,0.0015,7e-4,0.0387,0.0117,0.0095,0.2578
College of Southern Maryland,4422,0.3969,0.6031,0.4557,0.2877,0.0916,0.0391,0.0068,0.0027,0.0733,0.0093,0.0339,0.2473
Chesapeake College,1275,0.3498,0.6502,0.6745,0.12,0.0949,0.0165,0.0039,0.0031,0.0376,0.0094,0.04,0.2664
Washington Adventist University,522,0.408,0.592,0.0441,0.431,0.2414,0.0268,0.0019,0.0096,0.0383,0.1418,0.0651,0.4605
Coppin State University,1756,0.2329,0.7671,0.0137,0.8263,0.0438,0.0063,0.0074,0.0023,0.0131,0.0518,0.0353,0.5304
Del-Mar-Va Beauty Academy,43,0.0233,0.9767,0.3953,0.5349,0.0233,0,0,0,0.0233,0.0233,0,0.7465
North American Trade Schools,529,0.949,0.051,0.1834,0.7429,0.0227,0.0113,0,0,0.0151,0,0.0246,0.3601
Frederick Community College,4116,0.4402,0.5598,0.4964,0.1715,0.1863,0.0466,0.0017,0.001,0.0692,0.0272,0,0.1759
Frostburg State University,2849,0.4661,0.5339,0.5949,0.2408,0.0698,0.0119,0.0025,0.0011,0.0484,0.0214,0.0091,0.3285
Garrett College,424,0.5472,0.4528,0.7571,0.1203,0.0425,0.0024,0.0047,0,0.0354,0.0212,0.0165,0.3057
Goucher College,948,0.3407,0.6593,0.4821,0.2827,0.0728,0.0485,0.0063,0.0011,0.0021,0.0316,0.0728,0.3123
Hagerstown Community College,2783,0.3582,0.6418,0.6188,0.1315,0.1207,0.0284,7e-4,0.0011,0.0622,0.004,0.0327,0.3045
Harford Community College,3628,0.4027,0.5973,0.6114,0.1863,0.0841,0.0397,0.0039,0.0017,0.0488,0.0201,0.0041,0.2244
Hood College,1202,0.3652,0.6348,0.5183,0.1739,0.1456,0.0316,0.0017,0,0.0532,0.01,0.0657,0.3627
Howard Community College,6779,0.4119,0.5881,0.231,0.321,0.1488,0.1242,0.0025,0.0013,0.0597,0.0652,0.0462,0.2815
Aveda Institute-Maryland,84,0.0119,0.9881,0.6548,0.2381,0.0476,0.0119,0,0,0.0119,0,0.0357,0.5422
Johns Hopkins University,5617,0.4593,0.5407,0.2001,0.0949,0.2071,0.2663,0.0014,5e-4,0.0637,0.1506,0.0153,0.1976
Lincoln College of Technology-Columbia,1075,0.894,0.106,0.1712,0.466,0.2651,0.0279,0.0019,9e-4,0.0558,9e-4,0.0102,0.5253
Loyola University Maryland,3975,0.436,0.564,0.6269,0.1135,0.1379,0.0413,0.001,0.001,0.0496,0.0221,0.0068,0.177
University of Maryland Global Campus,48238,0.5557,0.4443,0.3328,0.2593,0.1759,0.0518,0.005,0.0077,0.0476,0.0141,0.1059,0.2844
University of Maryland Baltimore,959,0.1762,0.8238,0.269,0.316,0.1283,0.1898,0.001,0,0.0501,0.0355,0.0104,0.2534
University of Maryland-Baltimore County,10434,0.5418,0.4582,0.3051,0.2385,0.0929,0.2386,0.0011,4e-4,0.0648,0.0461,0.0126,0.296
University of Maryland-College Park,30246,0.507,0.493,0.3981,0.129,0.1071,0.2401,0.001,5e-4,0.0489,0.0318,0.0436,0.1859
Maryland Institute College of Art,1319,0.2343,0.7657,0.3321,0.1183,0.0986,0.113,0.0023,0,0.0637,0.213,0.0591,0.2081
University of Maryland Eastern Shore,2165,0.455,0.545,0.0753,0.7783,0.0443,0.0097,0.0037,9e-4,0.0457,0.0282,0.0139,0.5261
Fortis Institute-Towson,373,0.0938,0.9062,0.0724,0.8445,0.0375,0.0161,0.0027,0,0.0134,0.0027,0.0107,0.8107
Montgomery Beauty School,68,0.2794,0.7206,0.0294,0.5147,0.4265,0.0147,0.0147,0,0,0,0,0.5124
Montgomery College,13519,0.4994,0.5006,0.1936,0.2507,0.3017,0.1223,0.0016,0.0012,0.0399,0.0868,0.0022,0.2512
Morgan State University,8293,0.3802,0.6198,0.0075,0.7436,0.0515,0.0035,0.0023,4e-4,0.0293,0.0678,0.0942,0.5445
Mount St. Mary's University,1806,0.4623,0.5377,0.4978,0.2154,0.1473,0.0305,0.0017,0.0028,0.0443,0.0454,0.015,0.269
Ner Israel Rabbinical College,292,1,0,0.8904,0,0,0,0,0,0,0.1096,0,0.2073
Hair Academy,241,0.278,0.722,0.0166,0.9046,0.0705,0.0041,0,0.0041,0,0,0,0.2661
Notre Dame of Maryland University,684,0.1096,0.8904,0.2822,0.3202,0.1316,0.0468,0.0015,0.0015,0,0.0044,0.212,0.3227
Prince George's Community College,8049,0.3705,0.6295,0.0394,0.6221,0.2101,0.034,0.0024,0.0014,0.0367,0.0375,0.0165,0.319
Maryland Beauty Academy of Essex,36,0.0278,0.9722,0.5,0.3333,0.0833,0.0278,0,0,0,0,0.0556,0.6774
Salisbury University,6056,0.4406,0.5594,0.6907,0.1352,0.0736,0.031,0.0036,7e-4,0.0431,0.0069,0.015,0.2405
St. Mary's College of Maryland,1566,0.3946,0.6054,0.7005,0.1149,0.0837,0.0287,0,0.0045,0.0556,0.0032,0.0089,0.2017
St. John's College,488,0.5061,0.4939,0.6332,0.0225,0.0656,0.0389,0,0,0.0594,0.1496,0.0307,0.2208
Towson University,16400,0.4177,0.5823,0.4091,0.3279,0.1096,0.0696,0.0013,6e-4,0.0571,0.0148,0.0099,0.3346
United States Naval Academy,4465,0.7041,0.2959,0.5785,0.0634,0.1436,0.0968,0.002,0.0036,0.0869,0.0128,0.0125,NA
Stevenson University,3027,0.3849,0.6151,0.4754,0.3046,0.0971,0.036,0.0017,0.001,0.0591,0.0116,0.0135,0.2894
Washington College,890,0.4348,0.5652,0.6742,0.0933,0.0899,0.0292,0.0034,0.0022,0,0.0202,0.0876,0.2052
McDaniel College,1652,0.4165,0.5835,0.5521,0.2276,0.1059,0.0218,0.0018,6e-4,0.0587,0.0097,0.0218,0.3381
Wor-Wic Community College,2047,0.3078,0.6922,0.5139,0.3,0.0796,0.0205,0.002,5e-4,0.0596,0.0127,0.0112,0.4069
Hult International Business School,694,0.6196,0.3804,0.0389,0.0288,0.0677,0.013,0,0.0014,0.0259,0.7536,0.0706,0.0836
American International College,1097,0.4959,0.5041,0.3391,0.2607,0.2388,0.01,0.0018,0.0191,0.0447,0.0729,0.0128,0.5004
Amherst College,1907,0.4625,0.5375,0.3592,0.1122,0.151,0.1557,0.0021,5e-4,0.0844,0.1222,0.0126,0.216
Anna Maria College,948,0.6255,0.3745,0.4895,0.1403,0.1435,0.0148,0.0053,0,0.0105,0.0981,0.0981,0.3424
Assabet Valley Regional Technical School,48,0.1042,0.8958,0.2292,0.3125,0.3542,0,0,0,0.1042,0,0,0.3519
Assumption University,1664,0.4591,0.5409,0.7266,0.0565,0.1136,0.027,0.0012,6e-4,0.0331,0.0258,0.0156,0.1937
Babson College,2696,0.572,0.428,0.3008,0.0471,0.1658,0.1332,4e-4,0,0.0252,0.2852,0.0423,0.1423
Bancroft School of Massage Therapy,51,0.1373,0.8627,0.7451,0.0588,0.0784,0.0392,0,0.0392,0.0196,0,0.0196,0.2667
Boston Baptist College,31,0.7097,0.2903,0.7097,0.129,0.129,0.0323,0,0,0,0,0,0.575
Bay Path University,1186,0,1,0.4705,0.1206,0.2504,0.0219,8e-4,0,0.0067,0.0017,0.1273,0.6616
Bentley University,4288,0.6108,0.3892,0.5525,0.0399,0.125,0.1012,0.0019,2e-4,0.0296,0.1406,0.0091,0.1508
Berklee College of Music,7510,0.5594,0.4406,0.392,0.0602,0.1272,0.0583,0.0016,9e-4,0.0461,0.3015,0.0123,0.1536
Berkshire Community College,1100,0.3191,0.6809,0.6673,0.0909,0.1355,0.0118,0.0045,0.0018,0.0618,0.0045,0.0218,0.3607
Boston Architectural College,269,0.4126,0.5874,0.3903,0.0595,0.2119,0.0743,0,0,0.0297,0.1747,0.0595,0.202
Boston College,9865,0.4696,0.5304,0.5825,0.0541,0.1161,0.1117,0.0011,5e-4,0.0381,0.0718,0.0241,0.1273
Boston University,17850,0.4171,0.5829,0.3285,0.0596,0.1131,0.1988,6e-4,7e-4,0.0455,0.2184,0.0348,0.1797
Brandeis University,3663,0.4248,0.5752,0.4223,0.0568,0.0822,0.1717,0,0,0.0404,0.208,0.0186,0.144
Bridgewater State University,7899,0.4225,0.5775,0.6925,0.1063,0.1015,0.0222,9e-4,4e-4,0.0667,0.0041,0.0054,0.3031
Bristol Community College,5073,0.3316,0.6684,0.573,0.1248,0.1488,0.0185,0.0012,0.0016,0.0647,0,0.0674,0.4335
Signature Healthcare Brockton Hospital School of Nursing,152,0.1053,0.8947,0.6184,0.2303,0.0263,0.0329,0,0,0.0526,0,0.0395,0.3707
Bunker Hill Community College,7322,0.4261,0.5739,0.1595,0.2323,0.2998,0.0824,0.0015,0.0012,0.0331,0.0742,0.1161,0.3815
Cambridge College,591,0.22,0.78,0.3215,0.2978,0.291,0.0305,0.0085,0.0017,0.0102,0.0389,0,0.331
Cape Cod Community College,2223,0.359,0.641,0.6397,0.1107,0.1368,0.0288,0.0031,9e-4,0.0603,4e-4,0.0193,0.3142
Catherine Hinds Institute of Esthetics,163,0.0184,0.9816,0.7975,0.0307,0.0491,0.0859,0,0,0.0123,0,0.0245,0.4847
Laboure College of Healthcare,717,0.1172,0.8828,0.3236,0.4282,0.1269,0.0321,0,0.0028,0.0265,0.0153,0.0446,0.3664
Clark University,2336,0.4272,0.5728,0.6271,0.0591,0.1173,0.0689,0,4e-4,0.0437,0.0518,0.0317,0.2126
Curry College,1757,0.4183,0.5817,0.609,0.1389,0.1144,0.0239,0.0011,6e-4,0.033,0.0154,0.0637,0.2831
Dean College,1142,0.4825,0.5175,0.6357,0.1217,0.1138,0.0131,0.0026,9e-4,0.0473,0.0158,0.049,0.296
Diman Regional Technical Institute,56,0.0714,0.9286,0.6429,0.1429,0.1429,0.0179,0.0179,0,0.0179,0,0.0179,0.5909
National Aviation Academy of New England,210,0.8857,0.1143,0.3714,0.1857,0.281,0.0476,0,0,0.0476,0,0.0667,0.5147
Eastern Nazarene College,378,0.5661,0.4339,0.3492,0.1376,0.2513,0.0212,0.0026,0.0026,0.0582,0.1693,0.0079,0.3496
Emerson College,4145,0.3339,0.6661,0.551,0.0502,0.1105,0.0574,5e-4,5e-4,0.0483,0.1643,0.0174,0.1499
Emmanuel College,1874,0.2257,0.7743,0.6702,0.0694,0.1441,0.0443,0.0011,5e-4,0.0309,0.0085,0.0309,0.2034
Endicott College,3101,0.3505,0.6495,0.8507,0.0129,0.0564,0.0152,0.0016,6e-4,0.029,0.0094,0.0242,0.1313
Rob Roy Academy-Fall River,98,0.2551,0.7449,0.602,0.1327,0.2143,0.0204,0,0,0.0204,0,0.0102,0.6474
Fisher College,1138,0.4429,0.5571,0.2153,0.0949,0.1889,0.0281,9e-4,9e-4,0.0308,0.1221,0.3181,0.42
Fitchburg State University,2825,0.469,0.531,0.617,0.1292,0.1604,0.0312,0.0011,4e-4,0.0287,0.0103,0.0219,0.3101
Framingham State University,2556,0.4566,0.5434,0.5282,0.1682,0.2062,0.0348,0.0016,0,0.045,0.0117,0.0043,0.3448
Benjamin Franklin Cummings Institute of Technology,412,0.8714,0.1286,0.1699,0.284,0.3277,0.068,0.0073,0,0.0631,0,0.0801,0.4023
Gordon College,1247,0.4186,0.5814,0.6079,0.0553,0.1179,0.0313,0,0.0016,0.0289,0.1075,0.0497,0.2102
Greenfield Community College,1232,0.3644,0.6356,0.7094,0.0609,0.1307,0.0308,0.0032,0,0.0406,0,0.0244,0.296
Hampshire College,716,0.3771,0.6229,0.5894,0.0656,0.1327,0.0307,0.0042,0,0.067,0.067,0.0433,0.376
Harvard University,7755,0.4692,0.5308,0.3278,0.0928,0.1175,0.2245,0.0032,0.0015,0.0738,0.1354,0.0235,0.1579
Hebrew College,0,0,0,0,0,0,0,0,0,0,0,0,NA
Hellenic College-Holy Cross Greek Orthodox School of Theology,49,0.8163,0.1837,0.6735,0.0204,0.0204,0.0204,0,0,0,0.0408,0.2245,0.1795
College of the Holy Cross,3015,0.4554,0.5446,0.7121,0.0418,0.1184,0.0332,7e-4,3e-4,0.0391,0.0269,0.0275,0.1473
Holyoke Community College,3164,0.3436,0.6564,0.4997,0.0683,0.3328,0.0281,0.0028,3e-4,0.0392,0.006,0.0228,0.3851
Lasell University,1152,0.3411,0.6589,0.6328,0.0998,0.145,0.0269,0,9e-4,0.0304,0.0191,0.0451,0.3224
Lawrence Memorial Hospital School of Nursing,195,0.0872,0.9128,0.4051,0.1846,0.2103,0.0462,0,0,0.0256,0,0.1282,0.4844
Lesley University,1252,0.274,0.726,0.5296,0.0839,0.1861,0.0543,0.0048,0,0.0439,0.0343,0.0631,0.2825
Longy School of Music of Bard College,34,0.4706,0.5294,0.1765,0.0294,0,0,0,0,0,0.7941,0,0.1026
Lowell Academy Hairstyling Institute,59,0,1,0.5932,0.0678,0.2034,0.1017,0,0,0.0169,0,0.0169,0.2316
University of Massachusetts-Lowell,11632,0.582,0.418,0.5173,0.0941,0.158,0.1398,8e-4,4e-4,0.0334,0.0229,0.0334,0.2739
University of Massachusetts-Amherst,23694,0.4802,0.5198,0.5836,0.044,0.0872,0.1359,7e-4,8e-4,0.0422,0.075,0.0305,0.2029
University of Massachusetts-Boston,11848,0.429,0.571,0.3086,0.1786,0.1964,0.1628,0.001,5e-4,0.0403,0.0666,0.0452,0.4269
Massachusetts Bay Community College,3156,0.4411,0.5589,0.3888,0.1749,0.2614,0.0574,0.0013,0.0013,0.0352,0.0437,0.0361,0.2505
MCPHS University,3474,0.2406,0.7594,0.3129,0.1238,0.1402,0.2044,0.002,0,0.0127,0.1275,0.0766,0.2822
Massachusetts College of Art and Design,1812,0.2506,0.7494,0.5469,0.0408,0.1446,0.0684,6e-4,0.0011,0.0497,0.0364,0.1115,0.2761
Massachusetts Institute of Technology,4571,0.5124,0.4876,0.2102,0.0866,0.1453,0.3461,0.0015,2e-4,0.0715,0.1094,0.0291,0.1896
Massachusetts Maritime Academy,1270,0.8559,0.1441,0.7992,0.0126,0.0551,0.0094,0.0079,8e-4,0.0299,0.0157,0.0693,0.1697
William James College,36,0.25,0.75,0.5,0.2778,0.0833,0,0,0,0.0278,0,0.1111,0.35
Massachusetts School of Barbering,48,0.6875,0.3125,0.4583,0.3333,0.0625,0,0,0,0.1458,0,0,0.5052
Massasoit Community College,3699,0.3969,0.6031,0.4239,0.3385,0.1279,0.026,0.0014,0.0011,0.0381,0.0108,0.0324,0.2815
Merrimack College,4043,0.4781,0.5219,0.7727,0.0378,0.0975,0.0181,0.0017,0.001,0.0257,0.0205,0.025,0.1518
MGH Institute of Health Professions,112,0.1429,0.8571,0.6161,0.1161,0.0893,0.1071,0,0,0.0357,0,0.0357,0
Middlesex Community College,4658,0.3826,0.6174,0.4693,0.0996,0.2181,0.1312,0.0015,6e-4,0.0423,0.035,0.0024,0.191
Montserrat College of Art,261,0.249,0.751,0.636,0.046,0.1533,0.0307,0.0077,0,0.0536,0.0038,0.069,0.3277
Mount Holyoke College,2198,0,1,0.5045,0.0546,0.0919,0.071,5e-4,0,0.0505,0.2207,0.0064,0.2029
Mount Wachusett Community College,2554,0.3363,0.6637,0.5838,0.1038,0.2279,0.0223,0.0016,4e-4,0.0388,0.0035,0.018,0.3773
Rob Roy Academy-New Bedford,15,0.0667,0.9333,0.8,0.1333,0.0667,0,0,0,0,0,0,0.5652
The New England Conservatory of Music,371,0.5472,0.4528,0.3558,0.0189,0.0162,0.10780000000000001,0,0,0.0889,0.407,0.0054,0.0752
Nichols College,1152,0.6597,0.3403,0.7214,0.0894,0.1024,0.0104,9e-4,0,0.0356,0.0278,0.0122,0.3041
Massachusetts College of Liberal Arts,748,0.4492,0.5508,0.7166,0.0856,0.0976,0.0174,0.0027,0.0013,0.0388,0.0107,0.0294,0.4045
North Bennet Street School,151,0.6225,0.3775,0.7351,0.053,0.0662,0.0464,0,0,0.0795,0.0132,0.0066,0.1366
North Shore Community College,4055,0.3586,0.6414,0.384,0.0974,0.3517,0.0473,0.002,2e-4,0.0691,0.0025,0.0459,0.332
Northeastern University,15719,0.4358,0.5642,0.404,0.0532,0.1113,0.2092,7e-4,5e-4,0.0644,0.147,0.0098,0.1234
Northern Essex Community College,3350,0.3701,0.6299,0.3761,0.0507,0.4973,0.0254,0.0024,9e-4,0.0179,0.0194,0.0099,0.3314
College of Our Lady of the Elms,951,0.2871,0.7129,0.4585,0.1283,0.265,0.0242,0.0021,0.0021,0.0294,0.0179,0.0726,0.4184
Quincy College,2126,0.4135,0.5865,0.4346,0.2201,0.1049,0.0682,0.0028,5e-4,0.0325,0.0602,0.0762,0.3378
Quinsigamond Community College,5413,0.3887,0.6113,0.4249,0.1616,0.2479,0.0508,0.0061,7e-4,0.0285,0.0068,0.0726,0.3936
Regis College,1061,0.1904,0.8096,0.4383,0.0943,0.196,0.0386,0.0019,9e-4,0.0047,0.0066,0.2187,0.2774
Roxbury Community College,1583,0.326,0.674,0.0366,0.4334,0.1623,0.0139,0.0082,0.0013,0.0171,0.0297,0.2975,0.6013
Saint John's Seminary,14,1,0,0.7143,0,0.1429,0,0,0,0,0.1429,0,0
Salem State University,4286,0.3577,0.6423,0.5604,0.0852,0.2315,0.0287,9e-4,0,0.0359,0.0306,0.0268,0.3531
Simmons University,1750,0,1,0.4891,0.1023,0.1514,0.108,0,0,0.0337,0.0434,0.072,0.2984
Bard College at Simon's Rock,237,0.3797,0.6203,0.4388,0.0844,0.0759,0.0675,0.0042,0,0.0042,0.2236,0.1013,0.2349
Smith College,2501,0.0012,0.9988,0.5238,0.0512,0.1216,0.098,4e-4,0.0012,0.0616,0.1287,0.0136,0.1815
Southeastern Technical Institute,140,0.3643,0.6357,0.45,0.3714,0.1143,0.0286,0,0,0.0357,0,0,0.2921
Springfield College,1916,0.5094,0.4906,0.7328,0.0595,0.0945,0.0308,0.0052,0.0016,0.0021,0.0418,0.0318,0.2166
Springfield Technical Community College,3965,0.3884,0.6116,0.371,0.1397,0.3501,0.0409,0.0015,0.001,0.0346,0.0033,0.058,0.4695
University of Massachusetts-Dartmouth,5289,0.4808,0.5192,0.5632,0.1821,0.1339,0.0321,0.0013,6e-4,0.0531,0.0142,0.0195,0.3564
Stonehill College,2477,0.4598,0.5402,0.7679,0.0525,0.0763,0.0234,0.0012,0,0.0335,0.0182,0.027,0.1479
Suffolk University,4434,0.369,0.631,0.4971,0.0785,0.1721,0.0713,7e-4,2e-4,0.0392,0.1191,0.0219,0.2741
Rob Roy Academy-Taunton,21,0,1,0.7143,0.1905,0.0952,0,0,0,0,0,0,0.4048
Tufts University,6804,0.4367,0.5633,0.4199,0.0655,0.1014,0.1664,3e-4,0.0013,0.0792,0.1226,0.0434,0.1158
Wellesley College,2318,0,1,0.3054,0.0846,0.1588,0.236,0.0013,0.0017,0.0703,0.1389,0.003,0.2056
Wentworth Institute of Technology,3641,0.7514,0.2486,0.5724,0.0887,0.1395,0.0934,8e-4,3e-4,0.0316,0.0428,0.0305,0.2257
Western New England University,2508,0.5726,0.4274,0.7093,0.0582,0.1164,0.0323,8e-4,4e-4,0.0339,0.0215,0.0271,0.2502
Westfield State University,3481,0.4611,0.5389,0.6955,0.0669,0.1402,0.0221,0.0014,3e-4,0.0333,0.0089,0.0313,0.3336
Wheaton College (Massachusetts),1744,0.3498,0.6502,0.7047,0.0562,0.0745,0.0401,0,0,0.0419,0.0419,0.0407,0.1962
Williams College,2060,0.4874,0.5126,0.4709,0.051,0.1369,0.1388,5e-4,0,0.0816,0.0811,0.0393,0.1715
Worcester Polytechnic Institute,5344,0.6529,0.3471,0.6475,0.0284,0.0835,0.1267,6e-4,7e-4,0.0359,0.0664,0.0103,0.1029
Worcester State University,3963,0.3964,0.6036,0.6089,0.0878,0.1789,0.056,0.0028,8e-4,0.029,0.0151,0.0207,0.289
Adrian College,1635,0.5431,0.4569,0.6171,0.0654,0.0667,0.0073,0.0018,0.0024,0.0385,0.0648,0.1358,0.3114
Albion College,1347,0.4699,0.5301,0.5486,0.17,0.1284,0.0148,0.003,0,0.0319,0.0379,0.0653,0.4526
Hillsdale Beauty College,32,0,1,0.9688,0,0,0,0,0,0.0313,0,0,0.6406
Northwestern Technological Institute,689,0.955,0.045,0.4325,0.4151,0.0319,0.0087,0,0.0044,0.0726,0,0.0348,0.805
Alma College,1208,0.4776,0.5224,0.7997,0.0604,0.0348,0.0083,0.0025,8e-4,0.0306,0.0381,0.0248,0.2092
Alpena Community College,715,0.4839,0.5161,0.8853,0.0336,0.0266,0.0098,0.0322,0.0028,0,0,0.0098,0.2077
Andrews University,1262,0.4905,0.5095,0.2187,0.1704,0.2044,0.1212,0.0016,0.0063,0.0578,0.2052,0.0143,0.22
Aquinas College,1201,0.4197,0.5803,0.7494,0.0225,0.0833,0.0183,0.0017,0.0017,0.0508,0.0441,0.0283,0.2301
Baker College,3026,0.2323,0.7677,0.7568,0.1008,0.0555,0.0182,0.0063,0.0013,0.0492,0.002,0.0099,0.3811
Bay de Noc Community College,1100,0.3636,0.6364,0.8445,0.0245,0.0336,0.0073,0.0345,0,0.0509,0,0.0045,0.2439
Bayshire Academy of Beauty Craft Inc,104,0.0288,0.9712,0.6442,0.125,0.0673,0.0192,0,0,0.1442,0,0,0.7892
Calvin University,2921,0.4899,0.5101,0.683,0.0514,0.049,0.0442,0.001,0,0.0318,0.128,0.0116,0.144
Carnegie Institute,103,0.2233,0.7767,0.835,0.068,0.0097,0.0874,0,0,0,0,0,0.4712
Central Michigan University,9916,0.386,0.614,0.7649,0.0844,0.0537,0.0135,0.0087,7e-4,0.0367,0.027,0.0104,0.3064
Mott Community College,5152,0.3639,0.6361,0.4173,0.1405,0.2393,0.0043,0.0076,0.0012,0.0345,0.0027,0.1526,0.3539
Empire Beauty School-Michigan,285,0.0947,0.9053,0.4246,0.1509,0.193,0.007,0.0035,0,0.0737,0,0.1474,0.4851
Cleary University,774,0.6021,0.3979,0.5426,0.239,0.0452,0.0142,0.0026,0.0026,0.0194,0.053,0.0814,0.2738
Concordia University Ann Arbor,918,0.5534,0.4466,0.6776,0.0795,0.0686,0.0076,0.0011,0,0.0381,0.0414,0.0861,0.2419
College for Creative Studies,1285,0.3292,0.6708,0.5339,0.116,0.0506,0.0506,0.0039,0.0031,0.0498,0.0817,0.1105,0.2826
Davenport University,3213,0.4416,0.5584,0.6265,0.1357,0.0778,0.0293,0.0047,0.0025,0.0345,0.0395,0.0495,0.301
David Pressley School of Cosmetology,263,0.0076,0.9924,0.4221,0.4601,0.076,0.0076,0,0.0114,0.0228,0,0,0.5888
Delta College,6061,0.3681,0.6319,0.717,0.115,0.0916,0.0074,0.0036,5e-4,0.0416,0.003,0.0203,0.3536
Detroit Business Institute-Downriver,141,0.0426,0.9574,0.0638,0.9078,0.0142,0,0,0,0.0142,0,0,0.8616
MIAT College of Technology,1645,0.9331,0.0669,0.4122,0.1587,0.2243,0.0523,0.0043,0.0055,0.0815,0,0.0614,0.2955
University of Detroit Mercy,2289,0.363,0.637,0.5352,0.1092,0.0931,0.0721,0.0035,0,0.0214,0.0931,0.0725,0.2513
Dorsey College,547,0.234,0.766,0.1737,0.6581,0.0128,0.0219,0.011,0,0.064,0.0018,0.0567,0.6083
Eastern Michigan University,10751,0.4059,0.5941,0.5535,0.1739,0.1002,0.0333,0.0023,7e-4,0.0425,0.0475,0.046,0.3656
Creative Hair School of Cosmetology,48,0.0417,0.9583,0.0625,0.8542,0,0,0,0,0.0833,0,0,0.4565
Ferris State University,8087,0.4747,0.5253,0.7434,0.0945,0.0663,0.0152,0.0084,9e-4,0.0314,0.0137,0.0262,0.3358
Glen Oaks Community College,577,0.3899,0.6101,0.7158,0.0728,0.1473,0.0035,0.0035,0.0017,0.0381,0,0.0173,0.2572
Kettering University,1279,0.8006,0.1994,0.7615,0.043,0.0422,0.0665,8e-4,8e-4,0.0399,0.0258,0.0195,0.1681
Gogebic Community College,508,0.3839,0.6161,0.872,0.0197,0.0217,0.0039,0.0256,0.002,0.0335,0.0098,0.0118,0.3548
Grace Christian University,707,0.4328,0.5672,0.5262,0.2447,0.1089,0.0198,0.0085,0.0028,0.0481,0.0028,0.0382,0.4979
Cornerstone University,1387,0.3893,0.6107,0.7231,0.0656,0.0541,0.0224,0.0029,7e-4,0.0209,0.0613,0.049,0.2973
Grand Rapids Community College,10530,0.4517,0.5483,0.584,0.10780000000000001,0.1854,0.0362,0.0058,6e-4,0.0388,0.0047,0.0368,0.2656
Grand Valley State University,19073,0.3963,0.6037,0.7692,0.0642,0.0779,0.0276,0.0038,3e-4,0.0366,0.0127,0.0077,0.2577
Great Lakes Christian College,130,0.5538,0.4462,0.6077,0.2385,0.0615,0.0077,0,0,0.0308,0.0462,0.0077,0.6241
Henry Ford College,8695,0.4345,0.5655,0.5425,0.161,0.021,0.0298,0.0029,0.0023,0.0421,0.0176,0.1808,0.4548
Hillsdale College,1563,0.4997,0.5003,0,0,0,0,0,0,0,0,1,0
Hope College,3274,0.3952,0.6048,0.7868,0.0354,0.0751,0.025,6e-4,3e-4,0.0345,0.0238,0.0183,0.1643
Jackson College,3563,0.4095,0.5905,0.6405,0.1603,0.0665,0.009,0.0053,3e-4,0.0502,0.0011,0.0668,0.3442
Kalamazoo College,1175,0.4357,0.5643,0.6145,0.0536,0.1745,0.046,0.0017,0,0.0553,0.034,0.0204,0.2322
Kalamazoo Valley Community College,4885,0.4565,0.5435,0.628,0.1429,0.0921,0.0194,0.0084,0.001,0.0547,0.0184,0.035,0.2663
Kellogg Community College,2781,0.2783,0.7217,0.6958,0.1054,0.0759,0.023,0.0076,0,0.0381,0.0072,0.0471,0.2346
Kirtland Community College,965,0.3337,0.6663,0.8632,0.0404,0.0383,0.0073,0.0166,0.0031,0.029,0,0.0021,0.3435
Michigan College of Beauty-Monroe,100,0.02,0.98,0.73,0.16,0.07,0,0,0,0,0,0.04,0.3497
Lake Michigan College,1811,0.3959,0.6041,0.5886,0.1364,0.1331,0.0083,0.0033,0.0011,0.0331,0.0226,0.0734,0.1785
Lake Superior State University,1391,0.445,0.555,0.7311,0.0144,0.005,0.0079,0.0654,0.0014,0.046,0.0661,0.0625,0.2906
Lansing Community College,7756,0.4569,0.5431,0.6626,0.1101,0.1006,0.0324,0.0048,0.0014,0.0471,0.0088,0.0324,0.2783
Lawrence Technological University,1701,0.6966,0.3034,0.6326,0.1088,0.0459,0.0341,0.0029,0.0024,0.0364,0.1141,0.0229,0.1654
M J Murphy Beauty College of Mount Pleasant,35,0.0857,0.9143,0.8571,0.0571,0.0286,0,0.0571,0,0,0,0,0.4286
Macomb Community College,14285,0.4305,0.5695,0.63,0.1499,0.0524,0.065,0.0044,0.0011,0.0367,0.0167,0.0439,0.3311
Madonna University,1637,0.3647,0.6353,0.6292,0.1368,0.0525,0.0318,0.0067,0.0018,0.0208,0.102,0.0183,0.295
Rochester University,827,0.3942,0.6058,0.6239,0.1644,0.0435,0.0181,0.0085,0.006,0.029,0.0351,0.0713,0.3108
University of Michigan-Ann Arbor,33488,0.4692,0.5308,0.4884,0.0454,0.1003,0.1863,0.0014,8e-4,0.0535,0.0792,0.0446,0.1757
The Michigan Barber School,82,0.5,0.5,0.0732,0.7805,0.0366,0.0244,0,0,0.0122,0,0.0732,0.7935
Michigan State University,40243,0.4865,0.5135,0.6716,0.0651,0.0624,0.0798,0.0027,6e-4,0.0436,0.054,0.02,0.2002
Michigan Technological University,5829,0.7051,0.2949,0.8365,0.0087,0.0312,0.0202,0.0048,7e-4,0.0352,0.0091,0.0535,0.1823
University of Michigan-Dearborn,5882,0.5274,0.4726,0.646,0.085,0.0649,0.0978,0.0012,5e-4,0.0498,0.0379,0.0168,0.4385
University of Michigan-Flint,4157,0.3644,0.6356,0.6716,0.1513,0.0647,0.0243,0.0084,0.001,0.0293,0.0135,0.0358,0.3467
Mid Michigan College,2002,0.3626,0.6374,0.8147,0.0445,0.0559,0.0085,0.01,5e-4,0.045,0.0105,0.0105,0.3164
Monroe County Community College,1484,0.3976,0.6024,0.7224,0.0445,0.0492,0.0027,0.0054,0,0.0283,7e-4,0.1469,0.2531
Montcalm Community College,1040,0.3587,0.6413,0.7288,0.0087,0.0375,0.0048,0.0058,0.001,0.0144,0,0.199,0.2938
Muskegon Community College,2781,0.4092,0.5908,0.7253,0.0917,0.0939,0.0133,0.0054,0.0011,0.0485,0.0079,0.0129,0.2832
North Central Michigan College,897,0.3802,0.6198,0.8272,0.0323,0.019,0.0111,0.0457,0.0011,0.0379,0.0022,0.0234,0.3314
Northern Michigan University,6425,0.3941,0.6059,0.8523,0.0135,0.0439,0.0072,0.0139,2e-4,0.0364,0.0098,0.0229,0.2739
Northwestern Michigan College,2668,0.4805,0.5195,0.7845,0.0135,0.051,0.0139,0.0139,4e-4,0.0382,0.0019,0.0828,0.285
Northwood University,1900,0.6247,0.3753,0.6995,0.0842,0.0695,0.0132,0.0058,0.0016,0.03,0.02,0.0763,0.2469
Oakland Community College,11772,0.4435,0.5565,0.512,0.2109,0.0674,0.0293,0.0042,0.0016,0.0477,0.0601,0.0668,0.2741
Oakland University,12450,0.4268,0.5732,0.7006,0.0963,0.0538,0.0611,0.0019,0.001,0.0412,0.018,0.0261,0.2983
The University of Olivet,918,0.5806,0.4194,0.659,0.1667,0.0763,0.0065,0.0022,0.0011,0.0773,0.0011,0.0098,0.4174
Port Huron Cosmetology College,52,0,1,0.4038,0.4231,0.1154,0.0577,0,0,0,0,0,0.2152
Kuyper College,119,0.6134,0.3866,0.5126,0.2773,0.1008,0.0252,0,0,0.0336,0.0252,0.0252,0.3165
Ross Medical Education Center-Lansing,96,0.0313,0.9688,0.1146,0.1979,0.0313,0,0,0.0208,0.0625,0.0104,0.5625,0.8698
Ross Medical Education Center-Warren,153,0.0392,0.9608,0.0392,0.2876,0.0196,0.0131,0,0,0.0392,0.0065,0.5948,0.8462
Ross Medical Education Center-Flint,87,0.046,0.954,0.1034,0.1954,0.023,0,0,0,0.046,0.023,0.6092,0.8974
Sacred Heart Major Seminary,176,0.5114,0.4886,0.6534,0.0057,0.0852,0.0114,0.0625,0,0.0057,0,0.1761,0.0636
Saginaw Valley State University,6004,0.3691,0.6309,0.762,0.0819,0.0596,0.0117,0.0028,3e-4,0.0331,0.027,0.0215,0.3237
Schoolcraft Community College District,6626,0.425,0.575,0.5883,0.1748,0.0691,0.0423,0.0017,0.0012,0.0407,0.0275,0.0545,0.2719
Siena Heights University,1533,0.4514,0.5486,0.6406,0.1298,0.0907,0.017,0.0059,0.0013,0.0235,0,0.0913,0.309
St Clair County Community College,1955,0.3417,0.6583,0.823,0.0486,0.0445,0.0113,0.0246,5e-4,0.0097,0.001,0.0368,0.2498
Southwestern Michigan College,1396,0.3947,0.6053,0.6683,0.1533,0.0172,0.0136,0.01,0.0014,0.0695,0,0.0666,0.3824
Spring Arbor University,990,0.3707,0.6293,0.7111,0.0687,0.0626,0.0101,0.004,0.001,0.0293,0.0293,0.0838,0.2591
Michigan Career and Technical Institute,118,0.8305,0.1695,0.8305,0.0593,0.0339,0.0339,0,0,0.0424,0,0,0.3394
Twin City Beauty College,269,0.0335,0.9665,0.7175,0.0446,0.171,0.0149,0.0037,0,0.0446,0,0.0037,0.4035
Walsh College,535,0.5308,0.4692,0.7981,0.071,0.0187,0.0318,0.0056,0,0.0243,0.0187,0.0318,0.3114
Washtenaw Community College,7736,0.4515,0.5485,0.5915,0.179,0.0804,0.0315,0.0034,0.0012,0.0651,0.019,0.0288,0.2686
Wayne County Community College District,7848,0.355,0.645,0.171,0.6966,0.0166,0.0045,0.0022,0.0011,0.0429,0.0243,0.0408,0.2846
Wayne State University,15676,0.4069,0.5931,0.5396,0.1717,0.0773,0.1386,0.0024,4e-4,0.0405,0.0217,0.0078,0.4304
West Shore Community College,651,0.3625,0.6375,0.7926,0.0261,0.1198,0.0061,0.0108,0.0015,0.0292,0.0046,0.0092,0.3367
Paul Mitchell the School-Grand Rapids,84,0.0357,0.9643,0.8452,0.0357,0.0833,0.0119,0.0119,0.0119,0,0,0,0.415
Western Michigan University,12704,0.49370000000000003,0.5063,0.6917,0.0782,0.09,0.026,0.0036,5e-4,0.0424,0.0454,0.0223,0.2537
Academy College,112,0.875,0.125,0,0,0.0089,0.0089,0,0,0,0,0.9821,0.3243
Alexandria Technical & Community College,1438,0.5424,0.4576,0.8268,0.0216,0.0668,0.0035,0.0028,7e-4,0.0292,0.0014,0.0473,0.1557
Anoka Technical College,1522,0.4731,0.5269,0.6156,0.1708,0.0815,0.0644,0.0046,0.0013,0.0493,7e-4,0.0118,0.3285
Anoka-Ramsey Community College,3983,0.408,0.592,0.6164,0.1657,0.07,0.066,0.0033,0,0.0537,0.009,0.0158,0.1962
Augsburg University,2429,0.445,0.555,0.3289,0.2882,0.1449,0.107,0.0144,0.0016,0.0729,0.021,0.021,0.515
Riverland Community College,1895,0.4707,0.5293,0.6063,0.0818,0.1916,0.0438,0.0053,0.0011,0.0243,0.0164,0.0296,0.2649
Northwest Technical College,654,0.2936,0.7064,0.685,0.0994,0.0367,0.0107,0.0963,0,0.0581,0.0031,0.0107,0.3301
Bemidji State University,3120,0.4093,0.5907,0.7779,0.0314,0.0407,0.017,0.049,6e-4,0.0615,0.0173,0.0045,0.2628
Bethany Lutheran College,682,0.5015,0.4985,0.6598,0.0352,0.0601,0.0117,0.0015,0.0015,0.0381,0.1848,0.0073,0.221
Bethel University,2012,0.4294,0.5706,0.7599,0.0591,0.0726,0.0477,0.0025,5e-4,0.0348,0.0015,0.0214,0.1898
Central Lakes College-Brainerd,1486,0.4677,0.5323,0.8129,0.0686,0.0296,0.0074,0.0182,0,0.0485,0.0027,0.0121,0.1455
Carleton College,2019,0.4948,0.5052,0.5156,0.0684,0.0996,0.1045,0.001,5e-4,0.0896,0.0981,0.0228,0.1404
Concordia College at Moorhead,1721,0.4747,0.5253,0.7751,0.0418,0.0366,0.0291,0.0099,0.0012,0.018,0.0645,0.0238,0.1976
Concordia University-Saint Paul,2786,0.3281,0.6719,0.5162,0.1726,0.1159,0.107,0.0047,0.0032,0.0513,0.009,0.0201,0.3403
Dakota County Technical College,2083,0.5602,0.4398,0.6433,0.12,0.1186,0.0389,0.0067,0.001,0.0557,0.0024,0.0134,0.2713
Martin Luther College,718,0.4749,0.5251,0.922,0.0125,0.0111,0.0042,0.0014,0,0.0348,0.0139,0,0.2265
Lake Superior College,2456,0.4336,0.5664,0.8294,0.0277,0.0468,0.0138,0.0102,4e-4,0.0517,0.0106,0.0094,0.1925
Minnesota State Community and Technical College,2875,0.3969,0.6031,0.6831,0.1457,0.063,0.025,0.0167,7e-4,0.0511,0.0077,0.007,0.2518
Minnesota West Community and Technical College,1700,0.5835,0.4165,0.6941,0.0653,0.1459,0.0212,0.0088,6e-4,0.0265,0.0188,0.0188,0.1405
Gustavus Adolphus College,1930,0.4523,0.5477,0.7979,0.0233,0.0554,0.0249,0,5e-4,0.0451,0.044,0.0088,0.2138
Hamline University,1685,0.3632,0.6368,0.5614,0.1228,0.1318,0.0884,0.0059,6e-4,0.0546,0.0071,0.0273,0.3977
Hennepin Technical College,2827,0.6311,0.3689,0.4726,0.2398,0.099,0.1171,0.0042,0.0014,0.0488,0.006,0.011,0.2642
Minnesota North College,1942,0.5288,0.4712,0.7482,0.0767,0.0592,0.0046,0.0252,0.001,0.0587,0.0149,0.0113,0.3016
Aveda Arts & Sciences Institute Minneapolis,608,0.0526,0.9474,0.5954,0.1135,0.0855,0.0428,0.0148,0.0049,0.051,0,0.0921,0.2405
Inver Hills Community College,2203,0.3899,0.6101,0.4911,0.2079,0.1639,0.0676,0.0036,5e-4,0.0545,0.0027,0.0082,0.2327
Macalester College,2131,0.4228,0.5772,0.5171,0.0577,0.1131,0.0854,0.0019,0.0023,0.084,0.1328,0.0056,0.1733
South Central College,1890,0.4413,0.5587,0.6286,0.1365,0.1423,0.0127,0.0026,0,0.0317,0.0339,0.0116,0.3248
Minnesota State University-Mankato,11325,0.4539,0.5461,0.7189,0.06,0.0569,0.0331,0.0026,2e-4,0.0343,0.0887,0.0055,0.2048
Mayo Clinic College of Medicine and Science,296,0.2061,0.7939,0.7669,0.0743,0.0101,0.0541,0.0068,0.0034,0.0541,0.0101,0.0203,0.0075
Metropolitan State University,4998,0.4242,0.5758,0.3613,0.3159,0.0772,0.1667,0.0056,8e-4,0.0414,0.0238,0.0072,0.443
University of Minnesota-Twin Cities,30469,0.4604,0.5396,0.5921,0.0891,0.0599,0.1312,0.0035,4e-4,0.0499,0.0591,0.0148,0.1687
University of Minnesota-Crookston,1650,0.4145,0.5855,0.7061,0.0667,0.0661,0.0376,0.0109,0,0.0364,0.0467,0.0297,0.1919
Minneapolis College of Art and Design,701,0.3124,0.6876,0.6348,0.067,0.1084,0.0785,0.0128,0,0.0699,0.0114,0.0171,0.4017
Minneapolis Community and Technical College,4816,0.4381,0.5619,0.3171,0.3569,0.142,0.0509,0.0154,6e-4,0.0669,0.0264,0.0239,0.4033
Herzing University-Minneapolis,747,0.1071,0.8929,0.4137,0.3039,0.0656,0.1165,0.0013,0.0027,0.0295,0,0.0669,0.5186
Nova Academy of Cosmetology Woodbury,56,0.0179,0.9821,0.5536,0.0714,0.1607,0.0893,0.0179,0,0.1071,0,0,0.4758
University of Minnesota-Duluth,7475,0.511,0.489,0.8385,0.0225,0.0393,0.0302,0.0063,3e-4,0.0403,0.0108,0.0118,0.1824
University of Minnesota-Morris,980,0.4612,0.5388,0.5153,0.0265,0.0816,0.0112,0.1286,0,0.202,0.0296,0.0051,0.3081
Model College of Hair Design,108,0.0093,0.9907,0.7778,0.1389,0.0648,0.0093,0.0093,0,0,0,0,0.4491
Minnesota State University Moorhead,3120,0.3651,0.6349,0.7798,0.0519,0.0494,0.0173,0.0112,0.001,0.0394,0.0452,0.0048,0.2746
North Hennepin Community College,3299,0.3962,0.6038,0.3331,0.3052,0.1055,0.16,0.003,0,0.057,0.0288,0.0073,0.2913
Normandale Community College,6040,0.4432,0.5568,0.3866,0.2768,0.1576,0.0901,0.0025,8e-4,0.0536,0.0134,0.0185,0.2762
North Central University,802,0.4813,0.5187,0.6247,0.1035,0.1421,0.0449,0.0012,0,0.0474,0.0125,0.0237,0.4251
Northland Community and Technical College,1382,0.4103,0.5897,0.7438,0.0912,0.0796,0.0159,0.0166,7e-4,0.0318,0.0101,0.0101,0.2184
University of Northwestern-St Paul,1495,0.4435,0.5565,0.7906,0.0462,0.0602,0.0361,7e-4,0,0.0482,0.0127,0.0054,0.1506
Northwestern Health Sciences University,251,0.2629,0.7371,0.494,0.0757,0.0478,0.0558,0.008,0.004,0.0398,0.0319,0.243,0.1917
Oak Hills Christian College,98,0.551,0.449,0.7653,0.0918,0.0102,0.0306,0.0714,0.0204,0.0102,0,0,0.451
Pine Technical & Community College,569,0.4271,0.5729,0.8313,0.0633,0.0422,0.0141,0.0088,0,0.0299,0,0.0105,0.1495
Rochester Community and Technical College,3122,0.3773,0.6227,0.6211,0.1611,0.0987,0.0503,0.0029,0,0.0455,0.0115,0.009,0.2892
College of Saint Benedict,1392,0,1,0.7938,0.028,0.0999,0.0323,0.0079,0.0036,0,0.0309,0.0036,0.1871
St Cloud Technical and Community College,2808,0.3878,0.6122,0.6546,0.1952,0.0637,0.0164,0.0046,0.0011,0.0402,0.0064,0.0178,0.352
Saint Cloud State University,5181,0.4717,0.5283,0.6093,0.1268,0.0554,0.0434,0.0025,4e-4,0.0373,0.1199,0.005,0.203
Saint Johns University,1468,1,0,0.7963,0.0443,0.077,0.0354,0.0068,0.0041,7e-4,0.0327,0.0027,0.1806
Saint Mary's University of Minnesota,1061,0.4364,0.5636,0.5834,0.0763,0.115,0.0264,0.017,9e-4,0.0057,0.0226,0.1527,0.2209
St Olaf College,3049,0.4221,0.5779,0.6671,0.0321,0.0931,0.0577,0.001,0,0.0453,0.0994,0.0043,0.2006
Crown College,789,0.512,0.488,0.7186,0.0722,0.0913,0.0406,0.0076,0.0013,0.0317,0.0292,0.0076,0.2446
The College of Saint Scholastica,1725,0.3432,0.6568,0.7472,0.0452,0.0429,0.0249,0.011,0.0023,0.0441,0.0406,0.0417,0.2322
University of St Thomas,6014,0.5098,0.4902,0.6573,0.0747,0.0963,0.056,0.002,7e-4,0.0442,0.0359,0.0329,0.1956
Empire Beauty School-Bloomington,157,0.0191,0.9809,0.242,0.3312,0.2357,0.0191,0.0064,0,0.0701,0,0.0955,0.5279
St Catherine University,2393,0.0447,0.9553,0.5002,0.1722,0.1333,0.1208,0.0038,0.0017,0.0393,0.005,0.0238,0.3582
Rasmussen University-Minnesota,8033,0.144,0.856,0.4413,0.2742,0.1165,0.0335,0.0108,0.0022,0.0159,1e-4,0.1053,0.5086
Saint Paul College,3607,0.4419,0.5581,0.257,0.3782,0.1001,0.1663,0.005,0.0011,0.0424,0.0369,0.013,0.4047
Southwest Minnesota State University,2045,0.3355,0.6645,0.7081,0.0792,0.0822,0.023,0.0049,0.0015,0.0333,0.0499,0.0181,0.1081
Summit Academy Opportunities Industrialization Center,270,0.6963,0.3037,0.0889,0.5556,0.1296,0.0667,0.0148,0,0.1185,0,0.0259,0.4543
Dunwoody College of Technology,1417,0.7911,0.2089,0.6867,0.0769,0.0508,0.0656,0.0078,0.0021,0.0593,0.0042,0.0466,0.2929
Ridgewater College,2048,0.376,0.624,0.7612,0.0405,0.1377,0.0151,0.0054,0.001,0.0239,0.0029,0.0122,0.3354
Minnesota State College Southeast,1198,0.4558,0.5442,0.793,0.0651,0.0684,0.0209,0.005,0,0.0334,8e-4,0.0134,0.2241
Winona State University,5088,0.3164,0.6836,0.8215,0.0305,0.0513,0.034,0.0026,6e-4,0.0377,0.0163,0.0055,0.2349
Century College,5971,0.4405,0.5595,0.4678,0.1301,0.1105,0.2109,0.0044,7e-4,0.0472,0.0156,0.0129,0.3264
Alcorn State University,2290,0.3367,0.6633,0.0214,0.9585,0.0066,4e-4,0.0022,0.0039,0,0.007,0,0.7742
Belhaven University,1370,0.3686,0.6314,0.3701,0.4409,0.0445,0.008,0.0109,7e-4,0.0518,0.0168,0.0562,0.4454
Blue Mountain Christian University,536,0.472,0.528,0.666,0.1418,0.0858,0.0037,0.0131,0,0.0205,0.0578,0.0112,0.2623
Chris Beauty College,105,0.2762,0.7238,0.581,0.3048,0.019,0.0571,0,0,0.0381,0,0,0.3333
Coahoma Community College,1314,0.4125,0.5875,0.0388,0.9353,0.0046,0.003,0.0015,0,0.0107,0.0023,0.0038,0.5939
Copiah-Lincoln Community College,1948,0.4004,0.5996,0.5277,0.4148,0.0277,0.0051,0.0031,5e-4,0.018,0,0.0031,0.3838
Delta State University,1613,0.4389,0.5611,0.5239,0.3577,0.0248,0.0074,0.0012,0,0.0186,0.0465,0.0198,0.4314
East Central Community College,1584,0.3971,0.6029,0.5284,0.2891,0.0562,0.0051,0.0682,0.0013,0.0278,0.012,0.012,0.4046
East Mississippi Community College,2914,0.4272,0.5728,0.4643,0.4657,0.0278,0.0096,0.0103,0,0.0031,0,0.0192,0.4549
Fosters Cosmetology College,22,0.6818,0.3182,0,1,0,0,0,0,0,0,0,0.9322
Academy of Hair Design-Grenada,33,0.0303,0.9697,0.7576,0.2424,0,0,0,0,0,0,0,0.7708
Hinds Community College,6533,0.39,0.61,0.2865,0.5832,0.0325,0.0058,0.004,6e-4,0.0305,0,0.0569,0.3822
Holmes Community College,3847,0.3234,0.6766,0.4344,0.5077,0.0221,0.0062,0.0026,3e-4,0.025,0.001,8e-4,0.4222
Itawamba Community College,4018,0.3795,0.6205,0.6341,0.2899,0.0343,0.0067,0.0012,0,0.0306,0,0.003,0.4553
Jackson State University,4769,0.3638,0.6362,0.0195,0.9486,0.0029,0.0013,0.004,0.0023,0.0061,0.0124,0.0029,0.6838
Jones County Junior College,3248,0.3818,0.6182,0.6059,0.326,0.0212,0.0043,0.0037,0,0.0286,0.0089,0.0012,0.3769
Meridian Community College,2025,0.2993,0.7007,0.4573,0.4617,0.0262,0.0074,0.0128,0.0015,0.0054,0,0.0277,0.3996
Millsaps College,580,0.5379,0.4621,0.569,0.2724,0.0431,0.031,0.0086,0.0069,0.0103,0.0259,0.0328,0.3557
Mississippi Delta Community College,1490,0.3805,0.6195,0.2993,0.653,0.0188,0.004,0,7e-4,0,0,0.0242,0.486
University of Mississippi,18995,0.43,0.57,0.7832,0.0974,0.0528,0.0202,0.0032,7e-4,0.0268,0.0109,0.0048,0.2241
Mississippi University for Women,1593,0.1915,0.8085,0.5719,0.3848,0.0144,0.0082,0.0088,0.0019,0,0.01,0,0.4159
Mississippi Valley State University,1326,0.4977,0.5023,0.0234,0.8937,0.0158,0.0038,0.0023,0.0015,0.009,0,0.0505,0.5955
Mississippi College,2423,0.4139,0.5861,0.6859,0.1841,0.0425,0.0256,0.0033,0,0.0235,0.0124,0.0227,0.2617
Hatfield's Mississippi College of Beauty Culture,51,0,1,0.8431,0.1176,0.0392,0,0,0,0,0,0,0.6053
Mississippi Gulf Coast Community College,6231,0.3771,0.6229,0.5296,0.252,0.0727,0.0228,0.0056,0.0011,0.0489,0,0.0672,0.4084
Mississippi State University,18092,0.4898,0.5102,0.7406,0.1505,0.0421,0.0164,0.0048,4e-4,0.0266,0.012,0.0066,0.2864
Northeast Mississippi Community College,2640,0.3795,0.6205,0.7239,0.2038,0.0398,0.0027,0.0023,8e-4,0.0269,0,0,0.5777
Northwest Mississippi Community College,5181,0.3762,0.6238,0.5057,0.3847,0.0654,0.0112,8e-4,8e-4,0.0197,0,0.0118,0.3256
Pearl River Community College,4725,0.3295,0.6705,0.6013,0.3327,0.0047,0.0061,0.0034,0,0,0,0.0519,0.4747
Rust College,428,0.4953,0.5047,0.0023,0.9276,0.0047,0.0047,0.0047,0,0,0.0421,0.014,0.6876
Southeastern Baptist College,65,0.8,0.2,0.6,0.3385,0.0308,0,0.0308,0,0,0,0,0.7054
Southwest Mississippi Community College,1497,0.3988,0.6012,0.485,0.4456,0.0194,0.0067,0.0013,0.0013,0.0167,7e-4,0.0234,0.5525
University of Southern Mississippi,9899,0.3621,0.6379,0.5726,0.2829,0.0471,0.0147,0.0041,7e-4,0.0409,0.0297,0.0073,0.4659
Tougaloo College,681,0.4112,0.5888,0.0044,0.8987,0.0191,0.0015,0.0029,0,0.0162,0.0015,0.0558,0.618
Vaughn Beauty College,60,0.0333,0.9667,0.6333,0.35,0,0.0167,0,0,0,0,0,0.4535
Wesley Biblical Seminary,27,0.6296,0.3704,0.5185,0.2222,0.1481,0,0,0,0,0,0.1111,NA
William Carey University,1818,0.3284,0.6716,0.5974,0.28,0.0242,0.0094,0.0044,0,6e-4,0.0583,0.0259,0.2458
Avila University,1192,0.3767,0.6233,0.4329,0.281,0.1846,0.026,0.0109,0.0042,0.0201,0.021,0.0193,0.4908
Mission University,342,0.6462,0.3538,0.8099,0.0673,0.0614,0.0088,0.0263,0,0.0263,0,0,0.4891
House of Heavilin Beauty College-Blue Springs,120,0.0167,0.9833,0.4917,0.375,0.0917,0.025,0,0,0.0167,0,0,0.4348
Cox College,634,0.1278,0.8722,0.8297,0.0158,0.0552,0.0126,0.0079,0,0.0363,0,0.0426,0.3491
Calvary University,170,0.4412,0.5588,0.7647,0.0529,0.1118,0.0176,0,0.0059,0.0353,0.0059,0.0059,0.3584
Cape Girardeau Career and Technology Center,212,0.3255,0.6745,0.7877,0.1557,0.0142,0.0047,0.0047,0,0.033,0,0,0.3777
Central Christian College of the Bible,145,0.6414,0.3586,0.6483,0.1379,0.0552,0.0276,0,0,0.0207,0,0.1103,0.5316
Central Methodist University-College of Liberal Arts and Sciences,1015,0.4571,0.5429,0.6384,0.1163,0.0837,0.0089,0.0049,0,0.0512,0.0808,0.0158,0.3698
University of Central Missouri,5653,0.4674,0.5326,0.7569,0.0869,0.069,0.0119,0.0042,0.0012,0.0474,0.0175,0.005,0.2565
Grand River Technical School,39,0.7692,0.2308,0.9487,0,0.0256,0,0,0,0.0256,0,0,0.3766
Cleveland University-Kansas City,79,0.3165,0.6835,0.481,0.0253,0.1139,0.0127,0,0,0.3418,0,0.0253,0.5667
Columbia College,5359,0.4103,0.5897,0.5288,0.2131,0.1161,0.0203,0.0043,0.0058,0.064,0.0308,0.0168,0.4412
Conception Seminary College,32,1,0,0.5313,0.0938,0.3438,0.0313,0,0,0,0,0,0.1154
Cottey College,266,0,1,0.7293,0.0677,0.1053,0.015,0.0226,0.0038,0.015,0.0414,0,0.4534
Crowder College,2622,0.3806,0.6194,0.7002,0.0172,0.1522,0.016,0.0183,0.0076,0.0534,0.0153,0.0198,0.3463
Culver-Stockton College,884,0.5509,0.4491,0.6799,0.155,0.069,0.0068,0.0124,0.0057,0.0396,0.0317,0,0.3578
Drury University,1367,0.4755,0.5245,0.73740000000000006,0.0315,0.03,0.0205,0.0139,0.0015,0.0351,0.0797,0.0505,0.272
East Central College,1719,0.381,0.619,0.879,0.0111,0.0413,0.0058,0.0047,0.0017,0.0396,0.014,0.0029,0.3306
Pinnacle Career Institute,488,0.9406,0.0594,0.5143,0.2152,0.1619,0.0082,0.0369,0.002,0.0512,0,0.0102,0.688
Evangel University,1205,0.4963,0.5037,0.7502,0.0481,0.0523,0.0183,0.0124,0,0.0573,0.0349,0.0266,0.3612
Fontbonne University,632,0.4984,0.5016,0.606,0.2769,0.0142,0.0206,0.0063,0.0016,0.0522,0.0063,0.0158,0.4795
Four Rivers Career Center,24,0.0833,0.9167,0.9167,0,0,0,0,0,0.0833,0,0,0.6207
Ozarks Technical Community College,8194,0.418,0.582,0.7966,0.0314,0.0779,0.0165,0.0057,0.0026,0.0607,0,0.0088,0.3711
Hannibal-LaGrange University,381,0.5144,0.4856,0.6824,0.1024,0.0709,0.0105,0,0,0.0236,0.0341,0.0761,0.2935
Harris-Stowe State University,1086,0.2974,0.7026,0.0258,0.826,0.0193,0.0018,0,9e-4,0.0405,0.0479,0.0378,0.7288
House of Heavilin Beauty College-Kansas City,60,0.0167,0.9833,0.1,0.8667,0,0,0,0,0.0333,0,0,0.8091
Summit Salon Academy Kansas City,108,0,1,0.5185,0.2593,0.1389,0,0,0,0.0648,0,0.0185,0.5892
Jefferson College,2514,0.4045,0.5955,0.8823,0.0255,0.0346,0.0167,0.004,0.0012,0.0298,0.006,0,0.2951
Paul Mitchell the School-Missouri Columbia,149,0.094,0.906,0.7651,0.1275,0.0336,0.0134,0.0067,0,0.0537,0,0,0.5419
Barnes-Jewish College Goldfarb School of Nursing,426,0.1033,0.8967,0.6502,0.2019,0.0023,0.0376,0.0047,0,0.0423,0.0117,0.0493,0.2458
Kansas City Art Institute,782,0.2084,0.7916,0.6164,0.0806,0.1471,0.0358,0.0038,0,0.0831,0.0128,0.0205,0.4173
Lex La-Ray Technical Center,22,0.0455,0.9545,0.8182,0.1818,0,0,0,0,0,0,0,0.6
Lincoln University,1357,0.3979,0.6021,0.2837,0.5321,0.0361,0.0066,0.0037,7e-4,0.0413,0.0685,0.0273,0.463
Lindenwood University,4748,0.4187,0.5813,0.6365,0.135,0.0459,0.0177,0.0038,0.0061,0.0505,0.0701,0.0343,0.2889
State Technical College of Missouri,2023,0.829,0.171,0.9244,0.0133,0.0054,0.0049,0.0158,5e-4,0.0163,0,0.0193,0.2987
Logan University,258,0.3023,0.6977,0.655,0.1512,0.0349,0.0465,0.0078,0.0078,0.0504,0,0.0465,0.4
Metropolitan Community College-Kansas City,10412,0.4091,0.5909,0.5558,0.1626,0.15,0.0288,0.002,0.0029,0.0663,0.0083,0.0233,0.304
Maryville University of Saint Louis,5988,0.3145,0.6855,0.6475,0.1281,0.0877,0.0336,0.0042,0,0.0379,0.0276,0.0336,0.3555
Missouri College of Cosmetology and Esthetics,88,0.0341,0.9659,0.8182,0.1136,0.0114,0,0,0,0.0227,0,0.0341,0.5581
Midwest Institute,151,0.0795,0.9205,0.5762,0.3179,0.0331,0,0,0,0.0132,0,0.0596,0.4167
Midwestern Baptist Theological Seminary,791,0.641,0.359,0.756,0.0392,0.0746,0.0329,0.0076,0.0038,0.024,0.0152,0.0468,0.3092
Mineral Area College,1530,0.3824,0.6176,0.8471,0.0275,0.0314,0.0052,0.0033,0,0.0229,0.0412,0.0216,0.308
Missouri Baptist University,1452,0.4573,0.5427,0.7328,0.1391,0.0041,0.011,0.0083,7e-4,0.0289,0.0441,0.031,0.1271
Missouri Southern State University,3101,0.3918,0.6082,0.6933,0.0651,0.0932,0.0281,0.0445,0.0058,0.0148,0.0326,0.0226,0.3497
Missouri Valley College,1274,0.6358,0.3642,0.3603,0.1484,0.1075,0.0063,0.0031,0.0157,0.0392,0.2991,0.0204,0.2991
Missouri Western State University,2372,0.3938,0.6062,0.675,0.1395,0.0169,0.0177,0.0118,0.0021,0.0805,0.0126,0.0438,0.2817
University of Missouri-Columbia,23118,0.4529,0.5471,0.7973,0.0508,0.0574,0.0278,0.0014,0.001,0.0439,0.0104,0.01,0.201
University of Missouri-Kansas City,6618,0.3968,0.6032,0.4799,0.1369,0.1618,0.1082,0.0038,0.0012,0.0532,0.0429,0.0121,0.2498
Missouri University of Science and Technology,5467,0.7717,0.2283,0.7483,0.032,0.0556,0.0441,0.0038,2e-4,0.028,0.0256,0.0624,0.2075
University of Missouri-St Louis,5108,0.455,0.545,0.6085,0.1854,0.0409,0.0501,0.0031,8e-4,0.0401,0.0166,0.0544,0.1785
Moberly Area Community College,2928,0.3839,0.6161,0.7367,0.1093,0.0584,0.0195,0.0027,0.0014,0.0458,0.0034,0.0229,0.2187
Neosho Beauty College,62,0.0806,0.9194,0.871,0.0323,0.0806,0.0161,0,0,0,0,0,0.5698
Truman State University,2666,0.4059,0.5941,0.7881,0.0203,0.0345,0.0206,0.0019,8e-4,0.0311,0.0923,0.0105,0.153
Northwest Missouri State University,4550,0.3897,0.6103,0.8154,0.0426,0.0521,0.0051,0.0046,0.0011,0.0341,0.0251,0.02,0.2732
Ozark Christian College,612,0.531,0.469,0.8317,0.0163,0.0556,0.0131,0.0196,0.0016,0.0392,0.0131,0.0098,0.3849
College of the Ozarks,1415,0.4389,0.5611,0.8678,0.0141,0.0473,0.012,0.0071,0,0.0269,0.0155,0.0092,0.4364
Park University,5250,0.5432,0.4568,0.4141,0.179,0.2339,0.029,0.0046,0.0091,0.0741,0.0392,0.017,0.3863
Stevens-The Institute of Business & Arts,95,0.1789,0.8211,0.3368,0.6105,0.0211,0.0211,0,0,0,0.0105,0,0.7614
Poplar Bluff Technical Career Center,14,0.2143,0.7857,0.8571,0.0714,0.0714,0,0,0,0,0,0,0.7714
Ranken Technical College,1695,0.9062,0.0938,0.636,0.2077,0.0407,0.0183,0.0077,0.0018,0.0236,6e-4,0.0637,0.4171
Research College of Nursing,249,0.1406,0.8594,0.6867,0.1245,0.0321,0.0442,0,0,0.0281,0,0.0843,0.1762
Rockhurst University,1702,0.3719,0.6281,0.6157,0.0905,0.1698,0.0358,0.0041,0.0012,0.0388,0.03,0.0141,0.1933
Saint Louis University,7324,0.4001,0.5999,0.5666,0.0953,0.0875,0.1427,0.001,5e-4,0.055,0.044,0.0074,0.1537
Salem College of Hairstyling,32,0.0313,0.9688,0.9063,0.0625,0.0313,0,0,0,0,0,0,0.5192
University of Health Sciences and Pharmacy in St. Louis,274,0.4343,0.5657,0.6277,0.135,0.0146,0.0949,0.0036,0.0073,0.0219,0.0511,0.0438,0.2879
Saint Louis Community College,11174,0.3328,0.6672,0.4794,0.3382,0.0566,0.0429,0.0027,0.001,0.0525,0.015,0.0117,0.2943
Southwest Baptist University,1339,0.3779,0.6221,0.7595,0.065,0.0358,0.0134,0.0052,0,0.0336,0.0224,0.065,0.3513
Missouri State University-West Plains,860,0.3047,0.6953,0.8698,0.0326,0.0314,0.0058,0.0093,0,0.0302,0.007,0.014,0.2652
St Louis College of Health Careers-St Louis,108,0.0278,0.9722,0.037,0.9167,0.0185,0,0.0185,0,0.0093,0,0,0.7958
State Fair Community College,2475,0.3422,0.6578,0.7733,0.044,0.1034,0.0089,0.0053,0.0044,0.0505,0.0089,0.0012,0.3335
Stephens College,353,0.0397,0.9603,0.5666,0.1048,0.0085,0.0113,0.0057,0,0.0822,0.0142,0.2068,0.4171
Southeast Missouri State University,6588,0.4065,0.5935,0.75,0.0845,0.0319,0.0085,0.002,3e-4,0.034,0.0477,0.0411,0.2942
Missouri State University-Springfield,13407,0.3908,0.6092,0.7902,0.0351,0.0535,0.0195,0.0038,0.0013,0.0403,0.0294,0.0269,0.2134
Three Rivers College,1909,0.3012,0.6988,0.7517,0.1137,0.0367,0.0052,0.0031,0.0021,0,0.0042,0.0833,0.4691
North Central Missouri College,1198,0.2321,0.7679,0.8689,0.0367,0.0067,0.0075,0.0017,8e-4,0.0401,0.0159,0.0217,0.3358
Washington University in St Louis,7897,0.4607,0.5393,0.4147,0.0891,0.1256,0.2115,0.001,6e-4,0.0629,0.0821,0.0124,0.1589
Webster University,2180,0.4179,0.5821,0.6106,0.1468,0.0642,0.028,0.0014,0.0014,0.0495,0.0706,0.0275,0.2804
Westminster College,592,0.5557,0.4443,0.8007,0.0659,0.0507,0.0051,0.0051,0.0017,0.0422,0.022,0.0068,0.3967
William Jewell College,868,0.53,0.47,0.6221,0.0887,0.1175,0.0138,0.0115,0.0035,0.068,0.0472,0.0276,0.2791
William Woods University,1061,0.3638,0.6362,0.5919,0.1169,0.0829,0.0132,0.0094,0.0028,0.0415,0.032,0.1093,0.3034
Academy of Cosmetology Inc,35,0.0286,0.9714,0.9143,0.0286,0.0286,0,0,0,0.0286,0,0,0.3696
Blackfeet Community College,240,0.3167,0.6833,0.0667,0,0.0042,0,0.9292,0,0,0,0,0.7982
Butte Academy of Beauty Culture,13,0.0769,0.9231,1,0,0,0,0,0,0,0,0,0.3778
Highlands College of Montana Tech,343,0.6356,0.3644,0.793,0.0029,0.0496,0.0175,0.0292,0,0.0554,0,0.0525,0.1557
Crevier's Academy of Cosmetology Arts,62,0.0323,0.9677,0.8387,0,0.0484,0,0.0968,0,0.0161,0,0,0.211
Carroll College,1052,0.4202,0.5798,0.7842,0.0057,0.0751,0.0105,0.0048,0.0019,0.0599,0,0.058,0.1804
Dawson Community College,226,0.5354,0.4646,0.6504,0.0398,0.0708,0.0044,0.0708,0.0044,0.0442,0.1018,0.0133,0.2684
Chief Dull Knife College,226,0.2566,0.7434,0.0531,0,0,0,0.9469,0,0,0,0,0.3077
Montana State University Billings,2710,0.3638,0.6362,0.755,0.0074,0.0782,0.0107,0.0524,0.0011,0.059,0.0244,0.0118,0.2647
Flathead Valley Community College,1169,0.4003,0.5997,0.7844,0.006,0.0445,0.0163,0.0265,9e-4,0.0402,0.0163,0.065,0.1647
Aaniiih Nakoda College,108,0.463,0.537,0.0648,0,0,0,0.9352,0,0,0,0,0.5346
Fort Peck Community College,426,0.3216,0.6784,0.1385,0.007,0.007,0.007,0.838,0,0,0,0.0023,0.208
Great Falls College Montana State University,828,0.2597,0.7403,0.7536,0.006,0.0592,0.0133,0.058,0.0024,0.1014,0,0.006,0.3003
University of Providence,527,0.3966,0.6034,0.7438,0.0493,0.038,0.0398,0.0285,0.0228,0,0.0569,0.0209,0.3103
Helena College University of Montana,641,0.3885,0.6115,0.7691,0.0078,0.0546,0.0062,0.0203,0,0.0733,0,0.0686,0.1856
Little Big Horn College,339,0.2979,0.7021,0.0147,0,0.0029,0,0.9794,0,0.0029,0,0,0.3597
Miles Community College,353,0.2918,0.7082,0.7592,0.0227,0.034,0.0028,0.0283,0.0227,0.0368,0.0227,0.0708,0.2367
Montana Technological University,1428,0.6296,0.3704,0.8151,0.0126,0.0476,0.0126,0.0161,0,0.0294,0.014,0.0525,0.2136
Montana State University,14472,0.5403,0.4597,0.8427,0.0044,0.0576,0.0104,0.0144,7e-4,0.0554,0.0077,0.0067,0.1673
The University of Montana,7079,0.4276,0.5724,0.7046,0.0072,0.0612,0.013,0.0342,6e-4,0.1468,0.0076,0.0249,0.2751
Montana State University-Northern,787,0.5947,0.4053,0.6861,0.0191,0.0534,0.0025,0.197,0,0.0343,0,0.0076,0.297
Rocky Mountain College,790,0.5114,0.4886,0.719,0.0481,0.0747,0.0025,0.0266,0.0025,0.0684,0.057,0.0013,0.3172
Salish Kootenai College,568,0.3363,0.6637,0.2623,0.0018,0.0739,0.0018,0.6391,0.0106,0.0018,0,0.0088,0.5804
The University of Montana-Western,1271,0.347,0.653,0.8096,0.0094,0.0448,0.0055,0.059,0.0071,0.0511,0,0.0134,0.3539
Bellevue University,10426,0.4708,0.5292,0.4998,0.1635,0.152,0.033,0.0073,0.0032,0.0333,3e-4,0.1076,0.2891
Clarkson College,611,0.1555,0.8445,0.6514,0.0851,0.0507,0.0393,0.0016,0.0033,0.1571,0,0.0115,0.3043
Bryan College of Health Sciences,534,0.0674,0.9326,0.8371,0.015,0.0824,0.0187,0,0,0.0262,0,0.0206,0.2124
Central Community College,3206,0.4102,0.5898,0.6173,0.0371,0.3175,0.0106,0.0119,0.0037,0.0019,0,0,0.1902
Chadron State College,1634,0.3635,0.6365,0.7632,0.0379,0.1175,0.0049,0.0153,0.0018,0.0416,0.0122,0.0055,0.3587
College of Hair Design-Downtown,72,0.7639,0.2361,0.2083,0.1806,0.3611,0.0556,0.0139,0,0.125,0,0.0556,0.5534
Concordia University-Nebraska,1270,0.4866,0.5134,0.7276,0.0197,0.0543,0.0047,0.0031,0,0.0299,0.0575,0.1031,0.1136
Creighton University,4231,0.4188,0.5812,0.6883,0.0253,0.1004,0.0848,0.0024,0.0017,0.0671,0.0201,0.0099,0.0524
Doane University,981,0.5433,0.4567,0.6799,0.0418,0.1019,0.0102,0.0061,0.0031,0.0347,0.0428,0.0795,0.2801
Hastings College,957,0.4869,0.5131,0.6437,0.0564,0.1181,0.0136,0.0146,0,0.0178,0.0627,0.0731,0.2894
CHI Health School of Radiologic Technology,25,0.12,0.88,0.68,0,0.24,0.04,0,0,0.04,0,0,0.125
Joseph's College Cosmetology,98,0.0306,0.9694,0.7449,0.0102,0.1633,0.0102,0,0,0.0612,0,0.0102,0.6159
University of Nebraska at Kearney,4130,0.3705,0.6295,0.7332,0.0274,0.1521,0.0077,0.0019,0.0022,0.0262,0.0448,0.0046,0.3354
Nebraska Methodist College of Nursing & Allied Health,752,0.1117,0.8883,0.742,0.0652,0.0944,0.0332,0.0066,0.004,0.0173,0,0.0372,0.323
Metropolitan Community College Area,7629,0.4879,0.5121,0.4719,0.1157,0.1909,0.0312,0.0045,0.0017,0.0519,0.0126,0.1197,0.1993
Mid-Plains Community College,923,0.416,0.584,0.7324,0.0303,0.1073,0.0065,0.0076,0.0011,0.0347,0.0715,0.0087,0.1771
Midland University,1191,0.5172,0.4828,0.5701,0.0756,0.1612,0.0168,0,0,0.0218,0.0798,0.0747,0.2806
University of Nebraska at Omaha,11573,0.4401,0.5599,0.606,0.0766,0.1721,0.0535,0.0034,0.001,0.0499,0.031,0.0065,0.331
Nebraska Indian Community College,330,0.2636,0.7364,0.0909,0,0.0212,0.0061,0.8818,0,0,0,0,0.2954
University of Nebraska Medical Center,861,0.1359,0.8641,0.7747,0.0221,0.1231,0.029,0,0,0.0348,0.0128,0.0035,0.2212
Nebraska Wesleyan University,1514,0.4723,0.5277,0.7417,0.041,0.1077,0.0231,0.004,7e-4,0.0416,0.0251,0.0152,0.296
University of Nebraska-Lincoln,18887,0.4965,0.5035,0.7608,0.0292,0.0909,0.0403,0.0022,7e-4,0.0367,0.0304,0.0088,0.2217
Northeast Community College,2464,0.4716,0.5284,0.7293,0.0138,0.1631,0.0065,0.0101,4e-4,0.0231,0.0381,0.0154,0.1659
Peru State College,1141,0.4119,0.5881,0.7125,0.1183,0.0911,0.0061,0.0079,9e-4,0.0438,0.0149,0.0044,0.3376
Summit Christian College,17,0.5294,0.4706,0.9412,0,0.0588,0,0,0,0,0,0,0.3636
College of Saint Mary,455,0,1,0.5692,0.0923,0.2264,0.022,0.0044,0.0044,0.0308,0.022,0.0286,0.3692
Southeast Community College Area,6235,0.4897,0.5103,0.7068,0.0582,0.1301,0.035,0.0047,0.0019,0.0622,0,0.0011,0.211
Union Adventist University,439,0.4077,0.5923,0.4829,0.0683,0.2551,0.0524,0.0023,0.0114,0.0342,0.0866,0.0068,0.2438
Nebraska College of Technical Agriculture,228,0.3114,0.6886,0.9123,0.0044,0.0614,0,0,0,0.0088,0.0044,0.0088,0.3366
Wayne State College,3041,0.4258,0.5742,0.777,0.0296,0.0993,0.0082,0.0072,3e-4,0.0283,0.047,0.003,0.2658
Western Nebraska Community College,948,0.3808,0.6192,0.5485,0.0295,0.2711,0.0137,0.0222,0.0011,0,0.0865,0.0274,0.2476
York University,443,0.4944,0.5056,0.5395,0.1084,0.1964,0.0023,0.0113,0.0023,0,0.1129,0.0271,0.4374
Academy of Hair Design-Las Vegas,213,0.0376,0.9624,0.2676,0.1737,0.4366,0.0329,0.0094,0.0141,0.0563,0.0047,0.0047,0.5956
College of Southern Nevada,27790,0.4358,0.5642,0.2471,0.1051,0.4117,0.0911,0.0039,0.01,0.0781,0.0056,0.0475,0.2957
Las Vegas College,545,0.1835,0.8165,0.1835,0.222,0.2642,0.1761,0.0037,0.0312,0.0349,0,0.0844,0.5016
University of Nevada-Las Vegas,24131,0.4435,0.5565,0.2252,0.091,0.3527,0.1578,0.0027,0.0077,0.1414,0.0169,0.0047,0.4026
University of Nevada-Reno,15723,0.4694,0.5306,0.5119,0.0326,0.2479,0.0805,0.0065,0.0043,0.0918,0.0085,0.016,0.2409
Great Basin College,1855,0.338,0.662,0.5817,0.0383,0.2539,0.0183,0.034,0.0086,0.0334,5e-4,0.0313,0.203
Truckee Meadows Community College,6752,0.4559,0.5441,0.4562,0.0224,0.3805,0.0547,0.013,0.0056,0.0511,0.0077,0.0089,0.149
Western Nevada College,1967,0.4194,0.5806,0.5165,0.0244,0.3122,0.0239,0.0234,0.0046,0.059,0,0.0361,0.1845
Colby-Sawyer College,778,0.2815,0.7185,0.7841,0.0424,0.0296,0.0103,0.0013,0,0.0116,0.0141,0.1067,0.2298
Dartmouth College,4367,0.5111,0.4889,0.4637,0.0623,0.0946,0.1399,0.0108,0,0.0705,0.1381,0.0202,0.1483
Empire Beauty School-Laconia,82,0.0122,0.9878,0.9512,0.0244,0.0122,0.0122,0,0,0,0,0,0.2989
Empire Beauty School-Somersworth,168,0.0714,0.9286,0.875,0.006,0.0476,0.0357,0.0119,0.006,0.0119,0,0.006,0.2412
Franklin Pierce University,1055,0.5137,0.4863,0.7024,0.0787,0.0976,0.0133,0.0047,9e-4,0.0265,0.0445,0.0313,0.2716
Keene Beauty Academy,93,0.0215,0.9785,0.4731,0,0,0,0,0,0,0,0.5269,0.4776
Magdalen College,58,0.431,0.569,1,0,0,0,0,0,0,0,0,0.4576
New England College,980,0.4194,0.5806,0.5459,0.0908,0.1082,0.0194,0.0061,0.0031,0.0204,0.0337,0.1724,0.419
Southern New Hampshire University,156755,0.3673,0.6327,0.5164,0.1806,0.1443,0.0216,0.0061,0.0038,0.0382,0.0054,0.0837,0.469
New Hampshire Institute for Therapeutic Arts,24,0.1667,0.8333,0.7083,0.0833,0.1667,0.0417,0,0,0,0,0,0.2391
University of New Hampshire-Main Campus,11230,0.4364,0.5636,0.857,0.0075,0.0413,0.0263,4e-4,2e-4,0.0249,0.0107,0.0317,0.1773
Keene State College,2680,0.4698,0.5302,0.8478,0.0187,0.0493,0.0134,0.0034,4e-4,0.031,0.0022,0.034,0.2371
University of New Hampshire at Manchester,486,0.5309,0.4691,0.6667,0.0453,0.0967,0.0617,0.0041,0,0.0391,0.0041,0.0823,0.32
Plymouth State University,3298,0.5218,0.4782,0.7878,0.0194,0.0528,0.0127,0.0024,0,0.0628,0.0161,0.0461,0.2563
NHTI-Concord's Community College,2186,0.3413,0.6587,0.7228,0.0435,0.097,0.0284,0.0055,9e-4,0.0325,0,0.0695,0.2777
White Mountains Community College,430,0.3814,0.6186,0.7814,0.014,0.0558,0.0116,0.007,0,0.0326,0,0.0977,0.3556
River Valley Community College,610,0.2098,0.7902,0.8016,0.0279,0.0639,0.018,0.0049,0,0.0328,0,0.0508,0.3237
Lakes Region Community College,493,0.5578,0.4422,0.7992,0.0081,0.0649,0.0101,0.0061,0,0.0223,0,0.0892,0.2822
Manchester Community College,1610,0.495,0.505,0.664,0.0559,0.1348,0.0435,0.0068,6e-4,0.0354,0,0.059,0.253
Nashua Community College,1039,0.4697,0.5303,0.5929,0.0577,0.232,0.0395,0.0029,0.0029,0.0308,0,0.0414,0.2514
Great Bay Community College,1262,0.4176,0.5824,0.7544,0.0246,0.08,0.0444,0.0055,0.0032,0.0317,0,0.0563,0.2636
Paul Mitchell the School-Portsmouth,61,0.0656,0.9344,0.9672,0,0.0164,0,0,0,0.0164,0,0,0.2427
Rivier University,1312,0.2698,0.7302,0.7172,0.1113,0.045,0.0404,0.0061,0.0053,0.0297,0,0.045,0.2731
Saint Anselm College,2032,0.4154,0.5846,0.8706,0.0148,0.0453,0.0074,0.0015,5e-4,0.0261,0.0069,0.0271,0.1052
St Joseph School of Nursing,89,0.191,0.809,0.5955,0.2697,0.0674,0.0225,0,0,0.0449,0,0,0.1185
University of New Hampshire College of Professional Studies Online,1019,0.3003,0.6997,0.8312,0.0285,0.0667,0.0226,0.002,0.001,0.0216,0.0039,0.0226,0.3188
Thomas More College of Liberal Arts,95,0.4947,0.5053,0.7368,0,0.0632,0.0211,0.0105,0,0.0421,0.0211,0.1053,0.5053
Eastwick College-Hackensack,874,0.0847,0.9153,0.4062,0.2712,0.2746,0.0183,0.0057,0.0137,0,0.0103,0,0.7633
Assumption College for Sisters,35,0,1,0.1714,0,0.0857,0.2286,0,0,0,0.5143,0,0
Atlantic Cape Community College,3860,0.3697,0.6303,0.414,0.1365,0.2909,0.0588,0.0023,0.0018,0.0409,0.0176,0.037,0.4981
Fortis Institute-Wayne,404,0.4728,0.5272,0.1287,0.2203,0.5495,0.0347,0,0,0.0297,0,0.0371,0.7259
Bergen Community College,10597,0.4657,0.5343,0.2675,0.0752,0.4301,0.0875,0.0016,0.0023,0.0167,0.0516,0.0675,0.3429
Berkeley College-Woodland Park,1798,0.2308,0.7692,0.0706,0.1201,0.4116,0.0128,0.0011,6e-4,0.0083,0.0056,0.3693,0.5957
Beth Medrash Govoha,3532,1,0,0.9779,0,0.0017,0,0,0,0,0.0204,0,0.7274
Bloomfield College,901,0.4029,0.5971,0.0777,0.4839,0.3163,0.0355,0.0067,0.0011,0.0011,0.0344,0.0433,0.6892
Brookdale Community College,7898,0.4764,0.5236,0.5367,0.0858,0.2437,0.0377,0.0019,0.0016,0.0298,0.0258,0.0368,0.2339
Rowan College at Burlington County,6174,0.3993,0.6007,0.5032,0.1921,0.1676,0.0515,0.0018,0.0016,0.0434,0.0165,0.0222,0.2862
Caldwell University,1437,0.4057,0.5943,0.2303,0.183,0.30620000000000003,0.0355,0,0,0.0111,0.167,0.0668,0.4592
Camden County College,6555,0.385,0.615,0.3329,0.2043,0.2972,0.0471,0.005,0.0021,0.0325,0.0392,0.0397,0.3906
Centenary University,934,0.3854,0.6146,0.6274,0.0771,0.1991,0.0171,0.0021,0,0,0.0011,0.076,0.3772
Adult and Continuing Education-BCTS,54,0.9259,0.0741,0.4259,0.1667,0.3704,0.037,0,0,0,0,0,0.3538
Lincoln Technical Institute-Iselin,586,0.2048,0.7952,0.087,0.4727,0.3532,0.029,0.0034,0.0017,0.0256,0.0034,0.0239,0.6157
American Institute-Clifton,735,0.1986,0.8014,0.0667,0.2082,0.6571,0.0109,0.0041,0.0014,0.0286,0,0.0231,0.8537
County College of Morris,5315,0.5313,0.4687,0.4453,0.0593,0.2967,0.0549,0.0028,9e-4,0.0286,0.0213,0.0901,0.2393
Rowan College of South Jersey-Cumberland Campus,2077,0.3351,0.6649,0.3519,0.1444,0.3938,0.0236,0.0029,5e-4,0.0438,0,0.039,0.3883
Drew University,1510,0.443,0.557,0.5914,0.1026,0.0503,0.0377,0.0046,0.0013,0.0338,0.1086,0.0695,0.2723
Lincoln Technical Institute-South Plainfield,324,0.9352,0.0648,0.3796,0.1914,0.3488,0.0123,0,0,0.0556,0,0.0123,0.5472
Essex County College,5643,0.3982,0.6018,0.0556,0.4533,0.2855,0.0268,0.0023,7e-4,0.0142,0.12,0.0416,0.5087
Empire Beauty School-Union,113,0.0885,0.9115,0.0177,0.4956,0.2655,0.0088,0,0,0,0,0.2124,0.497
Fairleigh Dickinson University-Metropolitan Campus,2578,0.4833,0.5167,0.2095,0.1125,0.3456,0.0516,0.0019,4e-4,0.019,0.1051,0.1544,0.2151
Felician University,1754,0.2925,0.7075,0.2332,0.187,0.4208,0.0536,0.0023,0.0017,0.0251,0.0542,0.0222,0.5155
Fairleigh Dickinson University-Florham Campus,1958,0.4637,0.5363,0.4959,0.1124,0.2671,0.0495,0.001,5e-4,0.0322,0.0046,0.0368,0.3492
Hohokus School of Trade and Technical Sciences,134,0.9701,0.0299,0.194,0.1866,0.5821,0.0373,0,0,0,0,0,0.6507
Georgian Court University,1174,0.2785,0.7215,0.546,0.0971,0.1593,0.0145,0.0051,0.0017,0.0358,0.0358,0.1048,0.3025
Rowan University,14647,0.5165,0.4835,0.6198,0.1108,0.1419,0.0604,0.001,7e-4,0.0395,0.0183,0.0076,0.3129
Rowan College of South Jersey-Gloucester Campus,4424,0.413,0.587,0.5762,0.1239,0.118,0.028,0.0016,0.002,0.0414,0.0088,0.1001,0.2834
Empire Beauty School-Cherry Hill,125,0.128,0.872,0.104,0.44,0.208,0.032,0.008,0.016,0.048,0,0.144,0.574
Eastwick College-Ramsey,929,0.1518,0.8482,0.282,0.2917,0.3251,0.0807,0.0054,0.0054,0,0.0097,0,0.4478
Holy Name Medical Center-Sister Claire Tynan School of Nursing,181,0.1713,0.8287,0.2873,0.1271,0.2044,0.2265,0,0.011,0.1326,0,0.011,0.3351
Hudson County Community College,6386,0.4007,0.5993,0.0927,0.1328,0.5515,0.0683,0.0022,0.0019,0.0189,0.0269,0.1048,0.5616
New Jersey City University,4076,0.4257,0.5743,0.1597,0.2061,0.4779,0.0819,0.0037,0.0034,0.0263,0.0159,0.025,0.5238
Kean University,10842,0.3962,0.6038,0.2524,0.2042,0.3691,0.0479,0.0013,0.0012,0.0198,0.0623,0.0419,0.4631
Lincoln Technical Institute-Union,1648,0.9581,0.0419,0.1608,0.3343,0.4387,0.0261,0.0042,0.0012,0.0285,6e-4,0.0055,0.5385
Rizzieri Aveda School for Beauty and Wellness,381,0.0157,0.9843,0.5669,0.1969,0.1654,0.0394,0,0.0026,0.021,0.0026,0.0052,0.3746
Mercer County Community College,5169,0.4707,0.5293,0.3001,0.1971,0.2751,0.0638,6e-4,0.0012,0.031,0.0685,0.0627,0.2993
Middlesex College,8321,0.4598,0.5402,0.2128,0.1233,0.3991,0.1423,0.003,0.0018,0.0377,0.0411,0.0388,0.3488
Monmouth University,3831,0.3649,0.6351,0.6896,0.0517,0.1744,0.0217,8e-4,3e-4,0.0248,0.0159,0.0209,0.3036
Montclair State University,17677,0.4061,0.5939,0.3333,0.1307,0.3858,0.0626,0.0015,0.0011,0.0249,0.0115,0.0487,0.4439
JFK Muhlenberg Harold B. and Dorothy A. Snyder Schools,572,0.1399,0.8601,0.229,0.2622,0.2273,0.1294,0.0035,0.0087,0.0385,0.0699,0.0315,0.3591
Eastwick College-Nutley,456,0.2127,0.7873,0.1974,0.1491,0.5987,0.0307,0.0044,0.0022,0,0.0175,0,0.6361
Robert Fiance Beauty Schools-West New York,229,0.1572,0.8428,0.3362,0.0961,0.4803,0.0218,0.0087,0,0.0044,0.048,0.0044,0.3912
New Jersey Institute of Technology,8762,0.7189,0.2811,0.304,0.1039,0.2821,0.2117,0.0011,2e-4,0.0314,0.0488,0.0167,0.3897
Ocean County College,5566,0.4411,0.5589,0.6452,0.0555,0.2181,0.0255,0.0016,0.0013,0.0332,0.0054,0.0142,0.2652
P B Cosmetology Education Center,113,0.0973,0.9027,0.4779,0.177,0.1858,0.0177,0,0,0.0531,0,0.0885,0.49
Parisian Beauty School,464,0.0431,0.9569,0.1573,0.1185,0.4159,0.0129,0.0022,0.0022,0.0259,0.0129,0.2522,0.6766
Passaic County Community College,4546,0.3898,0.6102,0.1401,0.1047,0.6432,0.0535,7e-4,0.002,0.0156,7e-4,0.0396,0.5278
Pennco Tech-Blackwood,996,0.8163,0.1837,0.3243,0.2711,0.3353,0.0221,0.002,0,0.0452,0,0,0.587
Princeton University,5579,0.4918,0.5082,0.3597,0.0859,0.098,0.2371,0.0014,0.0011,0.0701,0.1226,0.024,0.1872
Rabbinical College of America,197,1,0,0.8223,0,0,0,0,0,0,0.1777,0,0.3834
Ramapo College of New Jersey,4664,0.4243,0.5757,0.545,0.062,0.2521,0.1053,0.0034,0,2e-4,0.0101,0.0219,0.2672
Robert Fiance Beauty Schools,185,0.0595,0.9405,0.3459,0.1243,0.4108,0.0108,0.0054,0,0.0324,0.0649,0.0054,0.4599
Rider University,3192,0.4301,0.5699,0.5276,0.1385,0.1939,0.0473,0.0016,9e-4,0.0338,0.0354,0.021,0.3336
Rutgers University-Camden,3819,0.3972,0.6028,0.3758,0.194,0.226,0.1307,0.001,0.001,0.0359,0.0181,0.0175,0.4432
Rutgers University-New Brunswick,36357,0.4986,0.5014,0.3145,0.0675,0.1563,0.3343,8e-4,7e-4,0.0361,0.0683,0.0215,0.272
Rutgers University-Newark,7187,0.4707,0.5293,0.2072,0.192,0.3551,0.1849,0.0013,0.001,0.0241,0.0192,0.0153,0.557
Capital Health School of Radiologic Technology,15,0,1,0.9333,0,0.0667,0,0,0,0,0,0,0.25
Capital Health School of Nursing,53,0.1321,0.8679,0.3962,0.4151,0.1132,0.0755,0,0,0,0,0,0
Saint Peter's University,1939,0.4012,0.5988,0.2429,0.1774,0.4059,0.0753,0.0021,5e-4,0.0015,0.0655,0.0289,0.5418
Salem Community College,908,0.3227,0.6773,0.446,0.2588,0.1267,0.0099,0.0044,0.0033,0.0396,0.0033,0.1079,0.3442
Seton Hall University,5924,0.4406,0.5594,0.437,0.1155,0.2679,0.0977,0.0012,0.0012,0.0442,0.0155,0.0198,0.3026
Shore Beauty School,174,0.1149,0.8851,0.4253,0.2644,0.2989,0,0,0,0.0057,0,0.0057,0.6903
Saint Elizabeth University,636,0.3978,0.6022,0.1997,0.3915,0.2862,0.0189,0.011,0.0031,0.0189,0.011,0.0597,0.5414
Raritan Valley Community College,5272,0.5197,0.4803,0.3957,0.1275,0.3101,0.0603,0.0021,0.0023,0.0281,0.0106,0.0634,0.2664
Stevens Institute of Technology,4084,0.6685,0.3315,0.4912,0.0255,0.1572,0.1991,5e-4,0,0.0419,0.0326,0.0522,0.2047
Stockton University,7770,0.3928,0.6072,0.5793,0.1008,0.1936,0.0741,6e-4,5e-4,0.0373,0.0069,0.0068,0.415
Talmudical Academy-New Jersey,78,1,0,0.9487,0,0,0,0,0,0,0.0513,0,0.5616
Aviation Institute of Maintenance-Teterboro,500,0.948,0.052,0.148,0.15,0.578,0.046,0,0.002,0.076,0,0,0.6821
Thomas Edison State University,6685,0.6133,0.3867,0.4507,0.1453,0.1491,0.0453,0.0037,0.0042,0.0429,0.0103,0.1484,0.2068
The College of New Jersey,6831,0.4314,0.5686,0.5905,0.058,0.1802,0.1047,3e-4,4e-4,0.0302,0.0069,0.0288,0.2013
UCNJ Union College of Union County NJ,7760,0.3817,0.6183,0.136,0.284,0.4695,0.0401,0.0015,0.0022,0.0236,0.0148,0.0284,0.4377
William Paterson University of New Jersey,6526,0.3852,0.6148,0.3226,0.2009,0.3385,0.0709,6e-4,0.0015,0.0234,0.0218,0.0198,0.4447
Olympian Academy of Cosmetology,538,0.1877,0.8123,0.2045,0.21560000000000001,0.4796,0.0056,0.0074,0,0.0353,0,0.052,0.6867
Central New Mexico Community College,15246,0.3825,0.6175,0.2416,0.0291,0.5508,0.0194,0.071,0.0024,0.0282,0.0032,0.0542,0.259
Navajo Technical University,1134,0.3836,0.6164,0.0035,0.0079,0.0097,0,0.9691,9e-4,0.0035,0.0035,0.0018,0.4902
New Mexico State University-Dona Ana,4812,0.3938,0.6062,0.1866,0.0177,0.717,0.0075,0.0143,0.0012,0.016,0.0256,0.0141,0.3437
Clovis Community College,1221,0.2441,0.7559,0.3202,0.0401,0.5774,0.0139,0.0074,0.0025,0.0311,0.0016,0.0057,0.3139
Eastern New Mexico University-Main Campus,3186,0.3754,0.6246,0.3672,0.0549,0.4535,0.011,0.0232,0.0038,0.0295,0.0279,0.0289,0.3201
Eastern New Mexico University-Roswell Campus,1312,0.3537,0.6463,0.2835,0.0252,0.5808,0.0191,0.0137,0,0.0145,0,0.0633,0.2656
Institute of American Indian and Alaska Native Culture and Arts Development,307,0.3681,0.6319,0.0684,0,0.1205,0,0.6612,0.0033,0.1368,0,0.0098,0.2038
New Mexico Highlands University,1561,0.376,0.624,0.1429,0.0557,0.6099,0.0038,0.0878,0.0013,0.0263,0.0474,0.025,0.4636
New Mexico Junior College,2034,0.3496,0.6504,0.267,0.0678,0.5978,0.0143,0.0079,0.0015,0.0034,0.0025,0.0379,0.2585
New Mexico Military Institute,342,0.8012,0.1988,0.1901,0.1491,0.3129,0.038,0.0234,0.0877,0.0205,0.1754,0.0029,0.2571
University of New Mexico-Gallup Campus,891,0.3502,0.6498,0.0269,0.0011,0.1403,0.0191,0.7654,0.0011,0.0258,0.0056,0.0146,0.2803
New Mexico Institute of Mining and Technology,1122,0.7139,0.2861,0.4528,0.0071,0.4118,0.025,0.0419,0.0027,0.0276,0.0267,0.0045,0.3087
University of New Mexico-Los Alamos Campus,238,0.5672,0.4328,0.3277,0.0084,0.5882,0.0126,0.0378,0,0.0084,0,0.0168,0.0601
University of New Mexico-Main Campus,16686,0.4233,0.5767,0.2867,0.0308,0.5052,0.0415,0.0602,0.0016,0.0411,0.0201,0.0128,0.3624
New Mexico State University-Alamogordo,569,0.3286,0.6714,0.4288,0.0299,0.4183,0.0176,0.0281,0.0018,0.0562,0.0123,0.007,0.2636
Southeast New Mexico College,426,0.2371,0.7629,0.3357,0.007,0.5986,0.007,0.0094,0.007,0.0188,0.007,0.0094,0.10780000000000001
New Mexico State University-Grants,351,0.2991,0.7009,0.1852,0.0114,0.3846,0.0028,0.3647,0.0028,0.0256,0.0142,0.0085,0.2667
New Mexico State University-Main Campus,11561,0.4148,0.5852,0.2493,0.0238,0.6276,0.0119,0.0268,0.0014,0.029,0.0246,0.0057,0.403
University of New Mexico-Valencia County Campus,505,0.3287,0.6713,0.1782,0.0119,0.7168,0.004,0.0337,0.002,0.0257,0.0059,0.0218,0.1326
Northern New Mexico College,859,0.3201,0.6799,0.1222,0.014,0.6787,0.0186,0.0885,0,0.0501,0.0093,0.0186,0.3553
San Juan College,4228,0.3006,0.6994,0.3139,0.0104,0.2124,0.0047,0.3789,0.0024,0.053,0.0116,0.0128,0.3292
Santa Fe Community College,2234,0.3738,0.6262,0.2842,0.0197,0.5457,0.0188,0.0443,0.0013,0.0107,0.0609,0.0143,0.1448
University of the Southwest,337,0.5074,0.4926,0.2018,0.0831,0.6261,0.003,0.0237,0.003,0.0178,0,0.0415,0.5573
Southwestern Indian Polytechnic Institute,233,0.3991,0.6009,0,0,0,0,1,0,0,0,0,0.342
University of New Mexico-Taos Campus,355,0.3352,0.6648,0.3239,0.0141,0.5408,0.0113,0.0535,0.0028,0.0197,0,0.0338,0.1471
Mesalands Community College,357,0.6527,0.3473,0.3333,0.0252,0.4818,0,0.0672,0.0084,0,0.0196,0.0644,0.1141
Vogue College of Cosmetology-Santa Fe,61,0.1148,0.8852,0.4098,0,0.541,0,0.0164,0,0.0164,0.0164,0,0.5922
Western New Mexico University,1935,0.3163,0.6837,0.2589,0.0393,0.5731,0.0052,0.0522,0.0036,0.0269,0.0331,0.0078,0.4186
Vaughn College of Aeronautics and Technology,1104,0.8714,0.1286,0.1476,0.1821,0.3134,0.1585,0.0063,0.0082,0.0199,0.0281,0.1359,0.5251
Adelphi University,5077,0.3378,0.6622,0.4349,0.093,0.2131,0.1286,0.0039,0.001,0.0329,0.0485,0.0441,0.2944
SUNY Adirondack,1959,0.4324,0.5676,0.8152,0.0607,0.0694,0.0102,0.002,0.001,0.0337,0.0046,0.0031,0.4068
Bryant & Stratton College-Albany,224,0.4509,0.5491,0.2411,0.375,0.2366,0.0357,0.0089,0.0045,0.0982,0,0,0.6531
Albany College of Pharmacy and Health Sciences,509,0.3792,0.6208,0.4303,0.1022,0.0864,0.1906,0.002,0,0.0786,0.0472,0.0629,0.2928
Alfred University,1401,0.4747,0.5253,0.6331,0.0985,0.1106,0.0143,0.0021,0.0014,0.0264,0.0714,0.0421,0.3898
Allen School-Brooklyn,156,0.0513,0.9487,0,0.5321,0.2885,0.0128,0.0064,0,0.0256,0.0064,0.1282,0.949
The Ailey School,88,0.1705,0.8295,0.1364,0.3295,0.0455,0.0227,0,0.0114,0.0909,0.3523,0.0114,0.2
American Academy of Dramatic Arts-New York,225,0.3467,0.6533,0.3956,0.0711,0.0933,0.0178,0.0089,0,0.0533,0.3289,0.0311,0.2249
American Academy McAllister Institute of Funeral Service,282,0.3262,0.6738,0.5035,0.2801,0.1241,0.0106,0.0071,0.0071,0,0,0.0674,0.3665
American Musical and Dramatic Academy,1502,0.2823,0.7177,0.3276,0.1658,0.1858,0.0233,0.0033,0.0013,0.0519,0.1245,0.1165,0.3596
Apex Technical School,1300,0.9746,0.0254,0.0615,0.3023,0.3469,0.0469,0.0085,0,0,0,0.2338,0.5935
Arnot Ogden Medical Center,29,0.2069,0.7931,0.8966,0,0.1034,0,0,0,0,0,0,0.5
Associated Beth Rivkah Schools,289,0,1,0.8754,0,0,0,0,0,0,0.1246,0,0.6558
Bard College,2280,0.4346,0.5654,0.4518,0.1351,0.1325,0.0259,0.0013,0,0.0675,0.136,0.05,0.2308
Barnard College,3219,0,1,0.3451,0.0556,0.1559,0.2041,6e-4,0,0.0758,0.1401,0.0227,0.154
Berk Trade and Business School,161,0.9503,0.0497,0.1988,0.3168,0.3727,0.1118,0,0,0,0,0,0.6276
Berkeley College-New York,1514,0.3236,0.6764,0.0271,0.144,0.2695,0.0159,0.002,7e-4,0.0066,0.103,0.4313,0.5352
Berkowits School of Electrolysis,107,0,1,0.5701,0.1589,0.2617,0.0093,0,0,0,0,0,0.1377
Beth Hamedrash Shaarei Yosher Institute,83,1,0,1,0,0,0,0,0,0,0,0,0.7703
Mount Sinai Phillips School of Nursing,273,0.1245,0.8755,0.4066,0.2051,0.1245,0.2161,0.0037,0.0073,0.0366,0,0,0.0152
Brittany Beauty Academy,75,0.04,0.96,0.1733,0.4133,0.2933,0.0133,0.0133,0,0.0267,0.0533,0.0133,0.4713
Boricua College,401,0.197,0.803,0.0075,0.202,0.7905,0,0,0,0,0,0,0.8517
Brittany Beauty Academy,149,0.0067,0.9933,0.4027,0.1946,0.3423,0.0268,0,0,0.0336,0,0,0.5176
American Beauty School,140,0.0286,0.9714,0.0429,0.3214,0.4786,0.0071,0,0,0.0571,0.0286,0.0643,0.5025
SUNY Broome Community College,3203,0.4043,0.5957,0.5985,0.1118,0.0865,0.0493,0.0012,0.0012,0.05,0.0034,0.098,0.3559
Bryant & Stratton College-Syracuse North,454,0.2643,0.7357,0.4648,0.3194,0.0859,0.0396,0.022,0.0044,0.0551,0,0.0088,0.6508
Bryant & Stratton College-Buffalo,656,0.2637,0.7363,0.3171,0.471,0.1021,0.0274,0.0076,0,0.0595,0,0.0152,0.6579
Bryant & Stratton College-Greece,320,0.2688,0.7313,0.3969,0.4219,0.0938,0.025,0,0.0031,0.0375,0.0063,0.0156,0.6612
Canisius University,1768,0.5051,0.4949,0.6454,0.1256,0.0554,0.0322,0.004,0,0.0356,0.0577,0.0441,0.2679
Capri Cosmetology Learning Centers,328,0.0213,0.9787,0.5305,0.128,0.2226,0.003,0,0,0.0122,0.0152,0.0884,0.5035
St Paul's School of Nursing-Queens,945,0.1767,0.8233,0.0783,0.4222,0.2233,0.1439,0.0042,0.0021,0.054,0,0.072,0.4512
Cayuga County Community College,1146,0.4389,0.5611,0.7373,0.1091,0.0314,0.0096,0.0079,0.0026,0.0044,0.0209,0.0768,0.1716
Central Yeshiva Tomchei Tmimim Lubavitz,810,1,0,0.8765,0,0,0,0,0,0,0.1235,0,0.6445
Christine Valmy International School for Esthetics Skin Care & Makeup,728,0.011,0.989,0.125,0.2541,0.5192,0.0261,0.0014,0.0055,0.0343,0.0288,0.0055,0.3353
Circle in the Square Theatre School,50,0.4,0.6,0.56,0.12,0.1,0.02,0,0,0.14,0.06,0,0.2326
Clarkson University,2449,0.6729,0.3271,0.7897,0.0318,0.067,0.0274,0.0037,0,0.0339,0.0433,0.0033,0.2046
Clinton Community College,388,0.4407,0.5593,0.6778,0.0747,0.0387,0.0077,0.0129,0.0026,0.0103,0.0077,0.1675,0.2213
Cochran School of Nursing,112,0.1607,0.8393,0.2321,0.2768,0.3214,0.0893,0,0.0179,0.0446,0.0089,0.0089,0.4435
Colgate University,3122,0.4401,0.5599,0.647,0.0442,0.0945,0.0548,0.0013,0.0013,0.0557,0.083,0.0183,0.1268
Metropolitan College of New York,430,0.3023,0.6977,0.0674,0.5419,0.2977,0.0093,0.0023,0.0023,0.0209,0.0488,0.0093,0.608
Columbia University in the City of New York,8899,0.5046,0.4954,0.2987,0.0776,0.1625,0.1842,0.003,0.0021,0.0648,0.1834,0.0236,0.2254
Columbia-Greene Community College,900,0.4178,0.5822,0.5611,0.1589,0.1178,0.0333,0.0022,0,0.0467,0.0044,0.0756,0.2951
Empire Beauty School-Queens,147,0.0748,0.9252,0.0476,0.4218,0.3401,0.0204,0.0068,0,0.0136,0,0.1497,0.6285
Continental School of Beauty Culture-Rochester,213,0.0657,0.9343,0.446,0.3474,0.1784,0.0141,0,0,0.0094,0,0.0047,0.6948
The Cooper Union for the Advancement of Science and Art,891,0.4938,0.5062,0.2795,0.0651,0.1268,0.3154,0.0011,0.0011,0.0483,0.1212,0.0415,0.2792
Cornell University,15935,0.455,0.545,0.3142,0.0748,0.1461,0.2514,0.0022,0.0015,0.0552,0.0958,0.0588,0.1821
SUNY Corning Community College,1249,0.4235,0.5765,0.791,0.0681,0.0584,0.0152,0.0064,0.0016,0.0064,0,0.0528,0.1712
Pomeroy College of Nursing at Crouse Hospital,179,0.1453,0.8547,0.7542,0.1117,0.0279,0.0447,0,0,0.0503,0,0.0112,0.3488
Culinary Institute of America,2988,0.5023,0.4977,0.4679,0.0736,0.1968,0.0703,0.0033,0.0027,0.0512,0.0994,0.0348,0.2789
CUNY Bernard M Baruch College,15734,0.5046,0.4954,0.1745,0.0893,0.2817,0.36,0.0022,0.001,0.0252,0.066,0,0.5533
CUNY Borough of Manhattan Community College,16850,0.442,0.558,0.0838,0.2513,0.4539,0.1112,0.0024,0.0016,0.0266,0.0693,0,0.5674
CUNY Bronx Community College,5766,0.4481,0.5519,0.0243,0.2801,0.6155,0.034,0.0026,9e-4,0.0139,0.0288,0,0.5748
CUNY Brooklyn College,10443,0.4468,0.5532,0.2449,0.207,0.236,0.2451,0.0011,3e-4,0.0347,0.0308,0,0.5639
College of Staten Island CUNY,9387,0.4872,0.5128,0.4043,0.1356,0.2745,0.1291,0.0016,0.001,0.0315,0.0224,0,0.4925
CUNY City College,11934,0.4897,0.5103,0.1172,0.1583,0.4029,0.2466,0.0013,0.0014,0.0275,0.0448,0,0.5958
CUNY Graduate School and University Center,3067,0.2674,0.7326,0.1829,0.2948,0.3189,0.1448,0.0042,0.0016,0.032,0.0209,0,0.3788
CUNY Hostos Community College,4883,0.3213,0.6787,0.0193,0.2963,0.6023,0.0305,0.0023,8e-4,0.0109,0.0377,0,0.627
CUNY Hunter College,16642,0.3516,0.6484,0.1791,0.1128,0.3195,0.3072,0.0022,0.0013,0.034,0.0441,0,0.5501
CUNY John Jay College of Criminal Justice,11340,0.3751,0.6249,0.1358,0.166,0.5113,0.1238,0.0034,0.0026,0.0238,0.0333,0,0.5919
CUNY Kingsborough Community College,7632,0.4471,0.5529,0.2206,0.3067,0.2493,0.1361,0.0021,5e-4,0.0362,0.0483,0,0.2893
CUNY LaGuardia Community College,10556,0.4206,0.5794,0.0725,0.1632,0.4472,0.1652,0.0038,0.0015,0.0223,0.1243,0,0.4036
CUNY Lehman College,10438,0.349,0.651,0.0422,0.2683,0.5681,0.0681,0.0025,9e-4,0.0175,0.0324,0,0.6053
CUNY Medgar Evers College,3404,0.2961,0.7039,0.017,0.7115,0.1824,0.0311,0.0044,0.0012,0.0267,0.0256,0,0.5679
CUNY New York City College of Technology,12950,0.5508,0.4492,0.0908,0.2688,0.3646,0.2061,0.0052,0.0019,0.0209,0.0417,0,0.5544
CUNY Queens College,13060,0.4873,0.5127,0.1871,0.0979,0.3005,0.3134,0.0046,0.0023,0.0313,0.0628,0,0.4772
CUNY Queensborough Community College,8803,0.4852,0.5148,0.0835,0.2307,0.3387,0.2378,0.0116,0.0055,0.0265,0.0658,0,0.4545
CUNY York College,4439,0.3548,0.6452,0.0396,0.3796,0.2633,0.2187,0.0169,0.0045,0.0315,0.0457,0,0.4343
CVPH Medical Center School of Radiologic Technology,19,0.2632,0.7368,1,0,0,0,0,0,0,0,0,0.2222
D'Youville  University,1299,0.2617,0.7383,0.5158,0.1701,0.067,0.0724,0.0046,0.0015,0.0346,0.0716,0.0624,0.3582
Daemen University,1761,0.2624,0.7376,0.732,0.0988,0.0608,0.0415,0.0097,6e-4,0.0227,0.017,0.017,0.4167
Yeshiva of Far Rockaway Derech Ayson Rabbinical Seminary,57,1,0,1,0,0,0,0,0,0,0,0,0.1731
Dominican University New York,1083,0.3924,0.6076,0.2456,0.1542,0.41,0.0609,0,0,0.0249,0.0406,0.0637,0.4111
Dutchess Community College,3696,0.4648,0.5352,0.4556,0.1504,0.2638,0.0211,0.0024,0.0011,0.0436,0.0179,0.0441,0.1877
Belanger School of Nursing,132,0.1136,0.8864,0.5758,0.0909,0,0.1439,0.0455,0,0.0227,0,0.1212,0.227
Elmira College,583,0.3379,0.6621,0.7187,0.0395,0.0652,0.0189,0.0051,0,0.036,0.072,0.0446,0.3498
Erie Community College,5906,0.4834,0.5166,0.4832,0.1879,0.0772,0.0674,0.0047,0,0.0396,0.0164,0.1234,0.3752
Fashion Institute of Technology,7575,0.1773,0.8227,0.3786,0.0866,0.2335,0.1286,0.0017,0.0015,0.0474,0.1176,0.0045,0.323
Finger Lakes Community College,2900,0.4341,0.5659,0.7324,0.0945,0.0872,0.0141,0.0021,3e-4,0.0369,0.0072,0.0252,0.2581
Five Towns College,533,0.6979,0.3021,0.4353,0.182,0.2814,0.0056,0.0038,0,0.0263,0.0281,0.0375,0.4456
Fordham University,10239,0.3962,0.6038,0.4723,0.0623,0.1914,0.1424,7e-4,7e-4,0.0493,0.0718,0.0091,0.2086
Fulton-Montgomery Community College,953,0.3945,0.6055,0.6002,0.0483,0.1511,0.0094,0.0042,0,0.0346,0.0745,0.0776,0.277
Gemological Institute of America-New York,313,0.3802,0.6198,0.2364,0.0288,0.0767,0.1374,0,0,0,0.3994,0.1214,0.0504
Genesee Community College,1966,0.3566,0.6434,0.6592,0.1465,0.0692,0.0097,0.0066,5e-4,0.0468,0.0468,0.0148,0.2228
Hamilton College,2045,0.4455,0.5545,0.6474,0.0289,0.0905,0.089,0,0,0.0553,0.0753,0.0137,0.181
Hartwick College,1099,0.3967,0.6033,0.6106,0.1265,0.1092,0.0173,0,0,0.0291,0.03,0.0773,0.3503
Helene Fuld College of Nursing,722,0.126,0.874,0.0789,0.6496,0.1427,0.0665,0.0055,0.0028,0.0125,0,0.0416,0.3676
Herkimer County Community College,1144,0.4747,0.5253,0.5988,0.1713,0.1093,0.0175,0.0096,0,0.0315,0.0341,0.028,0.3961
Hilbert College,922,0.4447,0.5553,0.3731,0.0586,0.0358,0.0065,0.0043,0,0.0249,0.0249,0.4718,0.4376
Hobart William Smith Colleges,1606,0.49,0.51,0.6494,0.0753,0.104,0.0218,6e-4,0,0.0423,0.0716,0.0349,0.2412
Hofstra University,6155,0.4351,0.5649,0.4816,0.0884,0.1708,0.1478,0.0024,2e-4,0.0505,0.0366,0.0218,0.243
Houghton University,867,0.3322,0.6678,0.7486,0.0634,0.015,0.0242,0.0046,0.0012,0.0381,0.0634,0.0415,0.3379
Hudson Valley Community College,6359,0.5045,0.4955,0.6147,0.1524,0.0922,0.0802,0.0042,0.0028,0.0443,0.0049,0.0042,0.2852
Hunter Business School,1042,0.1795,0.8205,0.3666,0.2255,0.3225,0.0345,0.001,0.001,0.0441,0,0.0048,0.6483
Iona University,2731,0.4676,0.5324,0.4848,0.0879,0.3076,0.0242,7e-4,0.0022,0.0297,0.0282,0.0348,0.2615
Isabella Graham Hart School of Practical Nursing,160,0.1,0.9,0.3188,0.4438,0.1375,0.0125,0,0,0.0875,0,0,0.6487
Island Drafting and Technical Institute,53,0.9245,0.0755,0.3774,0.1132,0.283,0.0189,0,0,0.0943,0,0.1132,0.7015
Ithaca College,4350,0.4572,0.5428,0.7225,0.0457,0.1046,0.0303,5e-4,0.0011,0.0487,0.0301,0.0163,0.1901
Jamestown Community College,1692,0.4072,0.5928,0.7376,0.0414,0.0875,0.0095,0.0242,0.0024,0.0337,0.0408,0.023,0.2125
Jamestown Business College,251,0.251,0.749,0.6693,0.0359,0.1275,0,0.0398,0.008,0.1116,0,0.008,0.6864
Jefferson Community College,1523,0.4005,0.5995,0.6789,0.088,0.1064,0.019,0.0112,0.0053,0.0446,0.0204,0.0263,0.3255
Jewish Theological Seminary of America,172,0.436,0.564,0.7965,0,0.0814,0.0058,0,0,0.0058,0.0116,0.0988,0.0537
The Juilliard School,460,0.5196,0.4804,0.3043,0.0761,0.1043,0.1261,0,0,0.0696,0.3152,0.0043,0.1331
Kehilath Yakov Rabbinical Seminary,206,1,0,1,0,0,0,0,0,0,0,0,0.8717
Keuka College,920,0.2609,0.7391,0.8076,0.0565,0.0739,0.0065,0.0022,0.0011,0.0337,0.0022,0.0163,0.4355
LIM College,1133,0.1139,0.8861,0.3822,0.2198,0.2136,0.0812,0.0062,0.0018,9e-4,0.0838,0.0106,0.3571
Le Moyne College,2434,0.4051,0.5949,0.7247,0.0748,0.0892,0.0423,0.0016,4e-4,0.0333,0.0214,0.0123,0.2996
Long Island University,5478,0.3399,0.6601,0.3846,0.1574,0.1661,0.1187,0.0024,0.0016,0.0298,0.0447,0.0947,0.1886
Long Island Beauty School-Hempstead,47,0,1,0.1915,0.4255,0.2979,0.0213,0,0,0.0213,0.0213,0.0213,0.4217
Long Island Business Institute,347,0.1499,0.8501,0.0029,0.1268,0.5043,0.3487,0,0,0.0144,0.0029,0,0.8721
Machzikei Hadath Rabbinical College,129,1,0,0.9845,0,0,0,0,0,0,0.0155,0,0.838
Mandl School-The College of Allied Health,465,0.1892,0.8108,0.043,0.4796,0.372,0.0839,0,0,0.0043,0,0.0172,0.8435
Manhattan College,2928,0.5779,0.4221,0.4293,0.0745,0.3094,0.0557,0.0017,3e-4,0.0352,0.0338,0.0601,0.3121
Manhattan School of Music,535,0.5084,0.4916,0.3757,0.0505,0.1047,0.071,0.0019,0,0.0355,0.3607,0,0.1319
Manhattanville College,1250,0.408,0.592,0.4712,0.0944,0.3424,0.028,8e-4,0.0016,0.0208,0.028,0.0128,0.3349
Maria College of Albany,702,0.0855,0.9145,0.4972,0.1809,0.0883,0.0385,0.0028,0,0.0513,0.037,0.104,0.4074
Marion S Whelan School of Nursing of Geneva General Hospital,10,0.2,0.8,0.7,0.2,0.1,0,0,0,0,0,0,0.5556
Marist College,5039,0.4221,0.5779,0.7327,0.0351,0.1334,0.0383,0.0012,6e-4,0.0331,0.0177,0.0079,0.1472
Marymount Manhattan College,1627,0.169,0.831,0.5181,0.1094,0.2047,0.0277,0.0012,0.0018,0.0627,0.0209,0.0535,0.2842
St. Peter's Hospital College of Nursing,125,0.12,0.88,0.488,0.216,0.072,0.096,0,0,0,0,0.128,0.3471
Memorial Hospital School of Radiation Therapy Technology,12,0.3333,0.6667,0.25,0.1667,0.25,0.25,0,0,0,0,0.0833,0
Mercy University,5539,0.3163,0.6837,0.1515,0.2392,0.4914,0.0482,0.002,0.0011,0.0206,0.0242,0.0218,0.4733
Mesivta Torah Vodaath Rabbinical Seminary,337,1,0,1,0,0,0,0,0,0,0,0,0.5407
Mesivta of Eastern Parkway-Yeshiva Zichron Meilech,41,1,0,1,0,0,0,0,0,0,0,0,0.6596
Mesivtha Tifereth Jerusalem of America,45,1,0,1,0,0,0,0,0,0,0,0,0.3462
Mildred Elley School-Albany Campus,385,0.1013,0.8987,0.2104,0.3169,0.161,0.013,0.0078,0.0078,0.013,0,0.2701,0.8049
Mirrer Yeshiva Cent Institute,102,1,0,0.9314,0,0,0,0,0,0,0.0686,0,0.3667
Modern Welding School,69,0.913,0.087,0.7101,0.2319,0.029,0,0,0,0.029,0,0,0.4719
Mohawk Valley Community College,2994,0.4345,0.5655,0.6249,0.1059,0.1102,0.0695,0.003,0.0017,0.0357,0.0207,0.0284,0.2941
Molloy College,3185,0.2747,0.7253,0.4603,0.1187,0.2725,0.0954,0.0025,0.0031,0.027,0.01,0.0104,0.2993
Monroe College,5670,0.3256,0.6744,0.0259,0.421,0.3915,0.0168,0.0037,0.0032,0.0226,0.1153,0,0.5766
Monroe Community College,7737,0.4133,0.5867,0.4882,0.2306,0.1433,0.058,0.0031,9e-4,0.0582,0.015,0.0027,0.4713
Mount Saint Mary College,1268,0.3076,0.6924,0.5087,0.0938,0.2792,0.0197,8e-4,0,0.0189,0.0071,0.0718,0.297
Montefiore School of Nursing,115,0.1391,0.8609,0.113,0.3391,0.4174,0.0348,0,0,0.0261,0,0.0696,0.3663
University of Mount Saint Vincent,2373,0.2191,0.7809,0.4029,0.1403,0.3144,0.0501,0.0013,4e-4,0.0413,0.0278,0.0215,0.4325
Nassau Community College,10817,0.5013,0.4987,0.2678,0.2094,0.3645,0.0855,0.0036,0.0018,0.0141,0.0081,0.0451,0.3567
Nazareth University,1891,0.276,0.724,0.7821,0.0561,0.0836,0.0233,0.0016,0,0.0264,0.0106,0.0164,0.2592
Neighborhood Playhouse School of the Theater,71,0.4648,0.5352,0.3239,0.1268,0.2394,0.0423,0,0,0.0423,0.2254,0,0.125
The New School,6819,0.2304,0.7696,0.3138,0.0389,0.1091,0.1188,0.0013,9e-4,0.0518,0.3439,0.0216,0.1532
New York School for Medical and Dental Assistants,281,0.0676,0.9324,0.0285,0.2598,0.6584,0.0498,0.0036,0,0,0,0,0.8884
New York University,29430,0.4112,0.5888,0.2148,0.0766,0.1593,0.2079,0.0018,9e-4,0.0405,0.262,0.0361,0.1856
Niagara County Community College,2859,0.3764,0.6236,0.6932,0.134,0.0595,0.029,0.0133,3e-4,0.0609,0.0052,0.0045,0.3348
Niagara University,2713,0.3395,0.6605,0.5875,0.0686,0.0538,0.0188,0.0037,0.0015,0.0236,0.2263,0.0162,0.2591
Empire Beauty School-Peekskill,42,0.0476,0.9524,0.2619,0.0952,0.4524,0,0,0,0.0714,0,0.119,0.3836
North Country Community College,762,0.3766,0.6234,0.7021,0.0617,0.0223,0.0026,0.0551,0.0052,0.0039,0.0052,0.1417,0.2799
New York Institute of Technology,3320,0.6039,0.3961,0.2075,0.1136,0.2334,0.2867,0.0045,0.0045,0.0277,0.0846,0.0373,0.437
New York School of Interior Design,423,0.0757,0.9243,0.565,0.0426,0.1395,0.0496,0.0047,0,0.0307,0.0969,0.0709,0.15
Ohr Hameir Theological Seminary,94,1,0,0.9681,0,0,0,0,0,0,0.0319,0,0.604
Onondaga Community College,4349,0.4744,0.5256,0.5647,0.1821,0.083,0.0423,0.0172,0.0021,0.0568,0.0097,0.0421,0.257
Orange County Community College,3822,0.393,0.607,0.3893,0.1575,0.2446,0.0264,0.0039,0.0026,0.0228,8e-4,0.152,0.2724
Otsego Area BOCES-Practical Nursing Program,0,0,0,0,0,0,0,0,0,0,0,0,0.8889
Pace University,7725,0.3371,0.6629,0.4586,0.1126,0.2303,0.0774,0.0016,0.0013,0.0515,0.062,0.0047,0.2707
Paul Smiths College of Arts and Science,582,0.6443,0.3557,0.8454,0.0326,0.0052,0.0086,0.0172,0,0.0344,0.0086,0.0481,0.3668
Continental School of Beauty Culture-West Seneca,67,0.0299,0.9701,0.6119,0.2687,0.0299,0.0149,0.0448,0,0.0299,0,0,0.6376
Plaza College,829,0.1978,0.8022,0.1303,0.3197,0.3293,0.1206,0,0,0.1001,0,0,0.8501
Davis College,88,0.6136,0.3864,0.7273,0.0795,0.0909,0,0,0,0.0341,0,0.0682,0.3562
Pratt Institute-Main,3766,0.2825,0.7175,0.3322,0.0414,0.1136,0.1678,0.0013,3e-4,0.039,0.2953,0.009,0.1741
Rabbinical Academy Mesivta Rabbi Chaim Berlin,160,1,0,0.9938,0,0,0,0,0,0,0.0063,0,0.2222
Rabbinical College Bobover Yeshiva Bnei Zion,436,1,0,1,0,0,0,0,0,0,0,0,0.8794
Rabbinical College Beth Shraga,48,1,0,0.9375,0,0,0,0,0,0,0.0625,0,0.2105
Rabbinical Seminary Mkor Chaim,81,1,0,1,0,0,0,0,0,0,0,0,0.625
Rabbinical College of Long Island,161,1,0,0.9938,0,0,0,0,0,0,0.0062,0,0.3041
Rabbinical Seminary of America,379,1,0,1,0,0,0,0,0,0,0,0,0.1389
Rensselaer Polytechnic Institute,5909,0.6927,0.3073,0.4273,0.052,0.1183,0.2127,3e-4,2e-4,0.0528,0.0883,0.0481,0.1865
Roberts Wesleyan University,1065,0.3493,0.6507,0.6545,0.1502,0.1014,0.0188,0.0038,9e-4,0.0338,0.0291,0.0075,0.3969
Rochester Institute of Technology,13225,0.6514,0.3486,0.6131,0.0526,0.0932,0.1235,0.0016,3e-4,0.0556,0.0412,0.019,0.2612
University of Rochester,6488,0.4672,0.5328,0.3869,0.0482,0.0835,0.1759,0.0012,6e-4,0.043,0.2334,0.0273,0.1624
Rockland Community College,4180,0.461,0.539,0.2701,0.1967,0.3467,0.0505,0.0029,0.0022,0.0301,0.0397,0.0612,0.2606
Empire Beauty School-Manhattan,342,0.0702,0.9298,0.0468,0.5088,0.3363,0.0088,0.0029,0,0.0117,0,0.0848,0.5911
Russell Sage College,1075,0.3023,0.6977,0.5935,0.1163,0.12,0.0493,0.0084,9e-4,0.0372,0.0037,0.0707,0.4328
St Bonaventure University,1892,0.5433,0.4567,0.7727,0.0418,0.065,0.027,0.0048,5e-4,0.0333,0.0476,0.0074,0.2274
St. Francis College,1931,0.334,0.666,0.175,0.2605,0.3185,0.0259,0.0331,5e-4,0.0212,0.1248,0.0404,0.4723
St. Joseph's College of Nursing,283,0.1343,0.8657,0.7385,0.106,0.0247,0.0565,0.0035,0,0.0636,0,0.0071,0.4034
St Lawrence University,2040,0.4569,0.5431,0.7686,0.0211,0.0544,0.0167,0.0059,5e-4,0.023,0.0956,0.0142,0.2098
The College of Saint Rose,1238,0.332,0.668,0.5315,0.1333,0.0347,0.0331,0.0024,0,0.164,0.0485,0.0525,0.3862
St. Thomas Aquinas College,1009,0.5382,0.4618,0.4995,0.1804,0.1665,0.0208,0.005,0.003,0.0149,0.0634,0.0466,0.184
Samaritan Hospital School of Nursing,132,0.1288,0.8712,0.6136,0.1742,0.0758,0.0606,0.0152,0,0.0076,0,0.053,0.3386
Sarah Lawrence College,1468,0.1969,0.8031,0.6138,0.0443,0.109,0.049,7e-4,0.0014,0.0634,0.0497,0.0688,0.1265
Schenectady County Community College,1499,0.4403,0.5597,0.523,0.2015,0.0467,0.1141,0.008,0.0027,0.0781,0,0.026,0.239
Sh'or Yoshuv Rabbinical College,147,1,0,0.9796,0,0,0,0,0,0,0.0204,0,0.0449
Siena College,3447,0.4584,0.5416,0.7424,0.0403,0.0902,0.0467,0.0015,6e-4,0.0386,0.0334,0.0064,0.2335
Skidmore College,2760,0.4134,0.5866,0.6413,0.0428,0.0978,0.0572,0.0011,0.0011,0.0558,0.0866,0.0163,0.1371
St. Joseph's University-New York,3343,0.324,0.676,0.5414,0.0885,0.2178,0.0416,0.0021,0.0012,0.0242,0.0305,0.0526,0.3422
Saint Elizabeth College of Nursing,146,0.1507,0.8493,0.8151,0.0411,0.0479,0.0616,0,0,0.0342,0,0,0.3972
St. John Fisher University,2579,0.4192,0.5808,0.79990000000000006,0.0527,0.0717,0.0384,0.0035,8e-4,0.0186,0.0031,0.0112,0.2815
St Paul's School of Nursing-Staten Island,661,0.1498,0.8502,0.2859,0.354,0.2254,0.0575,0.0045,0.0015,0.0318,0.0015,0.0378,0.4738
St. John's University-New York,9742,0.4563,0.5437,0.3639,0.154,0.2313,0.1612,0.0011,9e-4,0.045,0.0325,0.0102,0.2367
Sullivan County Community College,916,0.4443,0.5557,0.3515,0.1856,0.3308,0.0142,0.0066,0.0011,0.0513,0.0251,0.0338,0.2671
SUNY College of Technology at Alfred,3510,0.6313,0.36870000000000003,0.6855,0.1225,0.1279,0.0066,0.0031,0.0011,0.0493,0.0028,0.0011,0.448
SUNY College of Technology at Canton,2778,0.4345,0.5655,0.6523,0.1098,0.1123,0.0277,0.0155,7e-4,0.0353,0.0194,0.027,0.4723
SUNY College of Technology at Delhi,2597,0.4994,0.5006,0.5599,0.1652,0.1898,0.0189,0.0015,0.0012,0.0312,0.0015,0.0308,0.461
SUNY College of Agriculture and Technology at Cobleskill,1776,0.4296,0.5704,0.6869,0.0878,0.1419,0.0175,0.0017,0.0011,0.0282,0.0096,0.0253,0.4251
Farmingdale State College,9117,0.5949,0.4051,0.4069,0.1057,0.2901,0.1302,0.0029,0.0021,0.0365,0.0223,0.0033,0.3575
SUNY Morrisville,1860,0.5452,0.4548,0.5242,0.2887,0.1097,0.0134,0.0054,5e-4,0.0344,0.0167,0.007,0.5463
University at Albany,12100,0.4617,0.5383,0.387,0.2342,0.1912,0.0973,0.0023,0.0014,0.0401,0.0336,0.0129,0.4212
Binghamton University,14401,0.4726,0.5274,0.5273,0.0492,0.1343,0.1839,3e-4,3e-4,0.0408,0.0395,0.0243,0.2747
University at Buffalo,20284,0.5384,0.4616,0.4503,0.0901,0.0883,0.1779,0.0049,6e-4,0.0331,0.1217,0.0331,0.3226
Stony Brook University,17420,0.4908,0.5092,0.2681,0.0604,0.1533,0.3577,6e-4,5e-4,0.0312,0.0817,0.0466,0.3837
SUNY College of Environmental Science and Forestry,1725,0.4655,0.5345,0.7478,0.0261,0.1084,0.0284,0.0017,6e-4,0.0406,0.0238,0.0226,0.2566
SUNY Polytechnic Institute,1773,0.6746,0.3254,0.6616,0.097,0.1083,0.0801,0.0034,0,0.0333,0.0141,0.0023,0.3673
SUNY Brockport,5381,0.4135,0.5865,0.6815,0.1195,0.1002,0.0264,0.0035,0,0.0251,0.0078,0.0361,0.3873
SUNY Buffalo State University,5358,0.4298,0.5702,0.4522,0.3044,0.1252,0.0651,0.0052,4e-4,0.0424,0.0045,6e-4,0.5333
State University of New York at Cortland,5896,0.4691,0.5309,0.761,0.0405,0.123,0.0117,0.0015,5e-4,0.0219,0.0083,0.0315,0.2685
SUNY at Fredonia,2860,0.4241,0.5759,0.7395,0.072,0.1087,0.0147,0.0045,0,0.0357,0.0143,0.0105,0.3745
SUNY College at Geneseo,3855,0.3523,0.6477,0.8169,0.0363,0.0669,0.0296,0.0044,8e-4,0.006,0.0088,0.0304,0.2541
State University of New York at New Paltz,6022,0.3632,0.6368,0.586,0.0734,0.23,0.0443,2e-4,0.001,0.0309,0.01,0.0242,0.3287
SUNY Oneonta,4820,0.4054,0.5946,0.7002,0.0579,0.1716,0.0212,0.0019,6e-4,0.0247,0.0012,0.0207,0.3334
State University of New York at Oswego,5618,0.4834,0.5166,0.6515,0.1082,0.1401,0.0279,0.0018,5e-4,0.036,0.0315,0.0025,0.387
SUNY College at Potsdam,1951,0.4172,0.5828,0.7309,0.0748,0.0984,0.0169,0.0154,0.001,0.0292,0.0108,0.0226,0.4265
SUNY at Purchase College,3110,0.4125,0.5875,0.5042,0.1209,0.2502,0.0383,3e-4,0.001,0.063,0.0151,0.0071,0.3563
SUNY Old Westbury,3945,0.4144,0.5856,0.239,0.2454,0.3202,0.1163,0.002,0.002,0.0297,0.0375,0.0079,0.4738
SUNY College at Plattsburgh,3789,0.4049,0.5951,0.639,0.113,0.1362,0.0261,0.0034,0.0016,0.0272,0.0346,0.019,0.3854
SUNY Downstate Health Sciences University,286,0.1713,0.8287,0.3112,0.2098,0.1748,0.2238,0,0,0.0315,0.0105,0.0385,0.078
Empire State University,7046,0.3399,0.6601,0.4919,0.1537,0.1541,0.0302,0.0047,0.002,0.0298,0.0043,0.1293,0.35
SUNY Maritime College,1242,0.8768,0.1232,0.6546,0.058,0.1586,0.0386,8e-4,8e-4,0.0266,0.0266,0.0354,0.2062
Upstate Medical University,117,0.2906,0.7094,0.7094,0.0855,0.0256,0.0342,0,0,0.0085,0.0171,0.1197,0.2468
Swedish Institute a College of Health Sciences,1157,0.2169,0.7831,0.0363,0.4347,0.2498,0.0458,0,0,0.0475,0.0043,0.1815,0.8575
Syracuse University,15245,0.4474,0.5526,0.5532,0.0764,0.1153,0.0733,0.0056,6e-4,0.0439,0.1156,0.0162,0.1622
Talmudical Seminary Oholei Torah,353,1,0,0.8867,0,0,0,0,0,0,0.1133,0,0.6006
Talmudical Institute of Upstate New York,16,1,0,0.9375,0,0,0,0,0,0,0.0625,0,0.6429
Tompkins Cortland Community College,1456,0.3846,0.6154,0.6305,0.0755,0.1051,0.0247,7e-4,0,0.0488,0.022,0.0927,0.1718
Torah Temimah Talmudical Seminary,73,1,0,0.9315,0,0,0,0,0,0,0.0685,0,0.5821
Touro University,4004,0.3147,0.6853,0.541,0.1336,0.1134,0.0257,0.0015,0.0015,0.0137,0.0325,0.1371,0.3232
Trocaire College,962,0.1268,0.8732,0.4844,0.3035,0.0728,0.0343,0.0104,0.0021,0.0052,0.0031,0.0842,0.5
Excelsior University,12701,0.4944,0.5056,0.5766,0.189,0.134,0.0304,0.0054,0.0061,0.0387,0.0114,0.0083,0.2491
Ulster County Community College,1265,0.4372,0.5628,0.5818,0.0719,0.2174,0.0182,8e-4,0,0.0451,0.0111,0.0538,0.1587
Union College,2070,0.5498,0.4502,0.6614,0.0401,0.0908,0.0686,0.0014,0.001,0.0338,0.101,0.0019,0.1315
United Talmudical Seminary,2006,1,0,0.9696,0,0.001,0,0,0,0,0.0294,0,0.856
United States Merchant Marine Academy,947,0.8215,0.1785,0.7719,0.0201,0.0855,0.0454,0.0011,0.0053,0.0686,0,0.0021,0.073
United States Military Academy,4439,0.7808,0.2192,0.6303,0.1063,0.1104,0.1104,0.0083,0.007,0.0137,0.0128,7e-4,NA
Utica University,2477,0.4195,0.5805,0.6649,0.0945,0.0945,0.0355,0.0061,0.0016,0.0315,0.0077,0.0638,0.2961
Vassar College,2430,0.379,0.621,0.5506,0.0387,0.1189,0.1181,4e-4,0,0.0831,0.0671,0.023,0.2086
Villa Maria College,536,0.4776,0.5224,0.4254,0.3657,0.0746,0.0466,0.0075,0,0.0784,0,0.0019,0.6086
School of Visual Arts,3432,0.2619,0.7381,0.1367,0.0288,0.0941,0.1489,6e-4,0,0.0082,0.5204,0.0624,0.1472
Wagner College,1579,0.3965,0.6035,0.5687,0.0709,0.1564,0.0424,0.0019,0.0013,0.0336,0.0754,0.0494,0.227
Webb Institute,105,0.7524,0.2476,0.7905,0,0.0762,0.0286,0,0,0.0476,0,0.0571,0.0882
Wells College,355,0.3944,0.6056,0.5887,0.1465,0.1211,0.0282,0.0056,0,0.0394,0.0056,0.0648,0.4678
The College of Westchester,760,0.3145,0.6855,0.0579,0.3395,0.4776,0.0237,0,0,0.0658,0,0.0355,0.6667
SUNY Westchester Community College,7788,0.472,0.528,0.2228,0.1721,0.494,0.0374,0.0024,0.0013,0.024,0.0209,0.0252,0.3513
Westchester School of Beauty Culture,55,0,1,0.1273,0.3818,0.3636,0.0182,0,0,0,0.1091,0,0.5914
Word of Life Bible Institute,549,0.4699,0.5301,0.6922,0.0328,0.0546,0.0146,0.0036,0,0.0036,0.1293,0.0692,0.386
Yeshiva Karlin Stolin,136,1,0,1,0,0,0,0,0,0,0,0,0.7869
Yeshiva Derech Chaim,119,1,0,0.916,0,0,0,0,0,0,0.084,0,0.3964
Yeshiva of Nitra Rabbinical College,249,1,0,1,0,0,0,0,0,0,0,0,0.7788
Yeshivath Shaar Hatorah,84,1,0,1,0,0,0,0,0,0,0,0,0.1408
Yeshiva University,2942,0.5483,0.4517,0.5965,0.0017,0.0204,0.001,3e-4,0,0.0058,0.0629,0.3114,0.1406
Yeshivath Viznitz,921,1,0,0.9946,0,0,0,0,0,0,0.0054,0,0.8095
Yeshivath Zichron Moshe,176,1,0,0.9375,0,0,0,0,0,0,0.0625,0,0.5031
College of the Albemarle,1271,0.3407,0.6593,0.6145,0.1471,0.0787,0.0063,0.0016,8e-4,0.0315,0.074,0.0456,0.1876
South Piedmont Community College,1555,0.3395,0.6605,0.492,0.2032,0.2,0.0167,0.0051,6e-4,0.0354,0.009,0.0379,0.1774
Appalachian State University,19304,0.4378,0.5622,0.8068,0.0306,0.088,0.0178,0.0017,2e-4,0.0463,0.0028,0.0058,0.257
Asheville-Buncombe Technical Community College,4909,0.3883,0.6117,0.6944,0.054,0.1499,0.0171,0.0067,0.0026,0.0293,0.0139,0.032,0.2941
Barton College,1020,0.5186,0.4814,0.5471,0.2706,0.1127,0.0039,0.0049,0,0.0098,0.049,0.002,0.369
Beaufort County Community College,1560,0.3365,0.6635,0.4737,0.3045,0.1404,0.0032,0.0013,0,0.0269,0.0013,0.0487,0.3111
Belmont Abbey College,1454,0.5337,0.4663,0.6396,0.0839,0.086,0.0151,0.0014,0.0034,0.0241,0.0406,0.1059,0.2542
Bennett College,191,0,1,0.0052,0.5393,0.0262,0.0052,0.0052,0,0.2042,0.0524,0.1623,0.75
Bladen Community College,880,0.3261,0.6739,0.3989,0.2557,0.1398,0,0.1352,0.0045,0.042,0.0023,0.0216,0.6708
Blue Ridge Community College,1788,0.3602,0.6398,0.7097,0.0531,0.1544,0.0157,0.0073,0,0,0.0157,0.0442,0.3281
Brevard College,760,0.6132,0.3868,0.6408,0.1342,0.0816,0.0105,0.0092,0,0.0645,0.0579,0.0013,0.3769
Brunswick Community College,1124,0.3835,0.6165,0.6931,0.129,0.0925,0.0018,0.0142,0.0018,0.0454,0,0.0222,0.3212
Cabarrus College of Health Sciences,602,0.0814,0.9186,0.5631,0.2591,0.0831,0.0316,0.0033,0.0017,0.0581,0,0,0.2772
Caldwell Community College and Technical Institute,2331,0.3505,0.6495,0.7645,0.0571,0.0922,0.015,0.0069,9e-4,0.0193,0.009,0.0352,0.2914
Campbell University,2790,0.4781,0.5219,0.5817,0.1552,0.128,0.0186,0.0061,0.0014,0.0462,0.0233,0.0394,0.3332
Cape Fear Community College,9497,0.3974,0.6026,0.6751,0.1005,0.1167,0.0128,0.0094,0.0019,0.032,0.0035,0.0482,0.1766
Carteret Community College,1144,0.3287,0.6713,0.7395,0.0935,0.0892,0.014,0.0044,9e-4,0.0367,0.0052,0.0166,0.3771
Catawba College,1127,0.4827,0.5173,0.5528,0.2103,0.0976,0.0124,0.0035,0.0018,0.0319,0.0577,0.0319,0.3942
Catawba Valley Community College,3517,0.4686,0.5314,0.615,0.062,0.1862,0.0708,0.0028,0.002,0.0367,0.0102,0.0142,0.3253
Central Carolina Community College,3255,0.3499,0.6501,0.4879,0.1859,0.2341,0.0132,0.0083,0.0015,0.0384,0.0015,0.0292,0.2474
Central Piedmont Community College,13640,0.4345,0.5655,0.34,0.2893,0.1968,0.0438,0.0045,0.0012,0.0328,0.0676,0.024,0.3868
Chowan University,638,0.616,0.384,0.2806,0.4984,0.0455,0,0.0078,0.0031,0.0361,0.069,0.0596,0.6075
Cleveland Community College,1236,0.3835,0.6165,0.682,0.1837,0.0542,0.0073,0.0024,0.0024,0.0364,0.0073,0.0243,0.4784
Coastal Carolina Community College,2682,0.3911,0.6089,0.5559,0.1879,0.1801,0.0362,0.0164,0.0075,0,0.016,0,0.3066
Craven Community College,1877,0.3895,0.6105,0.5466,0.1854,0.114,0.0384,0.0064,0.0021,0.0597,0.0107,0.0368,0.3426
Davidson-Davie Community College,2454,0.348,0.652,0.6385,0.1728,0.1218,0.0175,0.0045,0,0.0208,0,0.024,0.3025
Davidson College,1901,0.4687,0.5313,0.6118,0.0679,0.101,0.0589,0.0026,5e-4,0.0484,0.0968,0.0121,0.1655
Duke University,6417,0.4655,0.5345,0.3611,0.0849,0.1077,0.2317,0.0017,6e-4,0.075,0.0974,0.0399,0.1274
Durham Technical Community College,3195,0.4072,0.5928,0.2604,0.3318,0.2291,0.0476,0.0022,0.0013,0.0272,0.0679,0.0326,0.3073
East Carolina University,19857,0.43120000000000003,0.5688,0.6329,0.1593,0.0991,0.0259,0.0047,8e-4,0.04,0.0064,0.0308,0.3134
Edgecombe Community College,938,0.2047,0.7953,0.3038,0.5469,0.081,0.0064,0.0085,0.0011,0.0171,0.0064,0.0288,0.4702
Elizabeth City State University,1863,0.46,0.54,0.1691,0.6849,0.0478,0.0059,0.0064,5e-4,0.059,0.014,0.0123,0.5253
Elon University,6402,0.4121,0.5879,0.7843,0.053,0.0683,0.0231,0.0011,2e-4,0.0261,0.0222,0.0219,0.0915
Fayetteville Technical Community College,8814,0.3738,0.6262,0.3303,0.398,0.1459,0.0192,0.0307,0.005,0.0405,0.0073,0.0231,0.3436
Fayetteville State University,5493,0.3104,0.6896,0.1538,0.6328,0.0999,0.0118,0.012,9e-4,0.0577,0.0095,0.0215,0.5259
Forsyth Technical Community College,6939,0.3611,0.6389,0.3965,0.2732,0.208,0.0179,0.0043,0.0014,0.0382,0.0147,0.0458,0.411
Gardner-Webb University,1836,0.3627,0.6373,0.4984,0.158,0.0403,0.0098,0.0054,0.0016,0.0202,0.0016,0.2647,0.2682
Gaston College,3359,0.3471,0.6529,0.5061,0.187,0.109,0.0095,0.0027,0.0012,0.0339,0.0095,0.1411,0.2611
Greensboro College,656,0.6372,0.3628,0.4482,0.3369,0.1006,0.0076,0.003,0.0015,0.061,0,0.0412,0.4507
Guilford College,1011,0.4847,0.5153,0.4619,0.272,0.1592,0.0227,0.003,0.001,0.0554,0.0188,0.0059,0.4358
Guilford Technical Community College,8179,0.4175,0.5825,0.3447,0.3618,0.1543,0.0477,0.0065,0.001,0.0347,0.0161,0.0333,0.4136
Halifax Community College,540,0.2648,0.7352,0.3537,0.4704,0.0556,0.0037,0.0389,0.0019,0.013,0.0074,0.0556,0.3106
Haywood Community College,793,0.3796,0.6204,0.7932,0.0567,0.0757,0.0063,0.0126,0.0013,0.0164,0,0.0378,0.31
Heritage Bible College,28,0.4286,0.5714,0.4643,0.5,0.0357,0,0,0,0,0,0,0.7692
High Point University,4970,0.4535,0.5465,0.762,0.074,0.0801,0.0213,0.0042,6e-4,0.0058,0.0028,0.0491,0.105
Isothermal Community College,1056,0.3258,0.6742,0.715,0.1127,0.09,0.0038,0.0047,0,0.0407,0.0076,0.0256,0.3433
James Sprunt Community College,761,0.2917,0.7083,0.4192,0.2904,0.2326,0.0026,0.0053,0.0013,0.021,0.0118,0.0158,0.3833
Johnson C Smith University,1047,0.4909,0.5091,0.0057,0.7765,0.0038,0.0019,0.0057,0.001,0.0019,0.0105,0.1929,0.6778
Johnston Community College,2998,0.3626,0.6374,0.568,0.1591,0.2115,0.0073,0.005,0.001,0.0243,0.0037,0.02,0.2317
Lees-McRae College,817,0.3329,0.6671,0.7405,0.0832,0.0526,0.0171,0.0086,0.0024,0.0147,0.0404,0.0404,0.3743
Lenoir Community College,1311,0.3219,0.6781,0.4889,0.3471,0.119,0.0076,0.0046,0.0023,0.0305,0,0,0.4156
Lenoir-Rhyne University,1348,0.4503,0.5497,0.6046,0.138,0.0875,0.0215,0.0059,7e-4,0.0512,0.069,0.0215,0.3976
Leons Beauty School Inc,129,0.031,0.969,0.6434,0.1395,0.1783,0,0.0078,0,0.0155,0,0.0155,0.5455
Livingstone College,798,0.5865,0.4135,0.0138,0.891,0.005,0.0013,0.005,0.0013,0.0451,0.0301,0.0075,0.8393
Louisburg College,413,0.7385,0.2615,0.23,0.6586,0.0702,0.0048,0,0.0024,0.0242,0.0097,0,0.6437
Mars Hill University,995,0.5166,0.4834,0.6302,0.1799,0.0985,0.0131,0.008,0.002,0.007,0.0422,0.0191,0.4225
Martin Community College,302,0.2285,0.7715,0.5265,0.4338,0.0066,0,0.0066,0,0.0066,0.0033,0.0166,0.2494
Mayland Community College,371,0.3881,0.6119,0.8814,0.0081,0.0566,0,0.0135,0.0054,0.0081,0,0.027,0.2558
McDowell Technical Community College,614,0.3713,0.6287,0.7052,0.0326,0.0961,0.013,0.0016,0,0.1254,0,0.0261,0.3673
Meredith College,1288,0,1,0.6227,0.0901,0.1677,0.0481,0.0031,0.0016,0.0326,0.0225,0.0116,0.3276
Methodist University,1425,0.5551,0.4449,0.4639,0.2196,0.1018,0.0112,0.0112,0.0021,0.0267,0.0632,0.1004,0.3867
Miller-Motte College-Wilmington,152,0.0724,0.9276,0.3158,0.5658,0.0592,0.0066,0.0132,0,0.0329,0,0.0066,0.6488
Mitchell Community College,1692,0.4184,0.5816,0.6365,0.1271,0.1566,0.026,0.0065,0,0.0461,0,0.0012,0.2141
Mitchells Academy,33,0,1,0.7879,0.1818,0,0,0,0,0.0303,0,0,0.6222
Montgomery Community College,854,0.4941,0.5059,0.5094,0.1651,0.2635,0.0211,0.007,0,0.0176,0,0.0164,0.2829
Montreat College,750,0.54,0.46,0.608,0.12,0.012,0.0107,0.0227,0.0213,0.0093,0.0093,0.1867,0.4037
University of Mount Olive,1754,0.3387,0.6613,0.5205,0.2491,0.1049,0.0063,0.0068,6e-4,0.0582,0.041,0.0125,0.4695
College of Wilmington,154,0.0779,0.9221,0.5195,0.1494,0.0779,0.0065,0,0,0.013,0,0.2338,0.5882
Nash Community College,1422,0.3706,0.6294,0.4578,0.3502,0.1146,0.0091,0.019,7e-4,0.0239,0.0077,0.0169,0.2934
North Carolina A & T State University,11925,0.3736,0.6264,0.0336,0.8558,0.0458,0.0042,0.002,2e-4,0.0424,0.0052,0.0107,0.5066
University of North Carolina Asheville,2790,0.4122,0.5878,0.743,0.0545,0.0968,0.0143,0.0022,0,0.048,0.0154,0.0258,0.3133
University of North Carolina at Chapel Hill,20556,0.3925,0.6075,0.5407,0.0818,0.0979,0.1483,0.0032,4e-4,0.0515,0.0531,0.0232,0.2026
University of North Carolina at Charlotte,23567,0.516,0.484,0.4853,0.1697,0.1473,0.104,0.0029,6e-4,0.0506,0.0217,0.0179,0.3378
University of North Carolina at Greensboro,13848,0.3357,0.6643,0.3902,0.3067,0.1661,0.0579,0.0023,7e-4,0.0526,0.0121,0.0114,0.471
North Carolina Central University,5400,0.2957,0.7043,0.04,0.8354,0.0541,0.0098,0.0024,4e-4,0.045,0.0031,0.0098,0.5664
University of North Carolina School of the Arts,902,0.3836,0.6164,0.5965,0.1098,0.1486,0.0277,0.0033,0.0022,0.0599,0.0299,0.0222,0.2478
North Carolina State University at Raleigh,26389,0.5016,0.4984,0.6746,0.0579,0.0851,0.0958,0.0037,7e-4,0.048,0.0233,0.0108,0.191
North Carolina Wesleyan University,1169,0.4859,0.5141,0.2395,0.4286,0.0325,0.0051,0.0103,9e-4,0.0445,0.1403,0.0984,0.4692
University of North Carolina Wilmington,14176,0.3598,0.6402,0.7894,0.0425,0.0862,0.0187,0.0039,9e-4,0.0347,0.0116,0.0121,0.2381
Pamlico Community College,240,0.4083,0.5917,0.4458,0.3875,0.0583,0.0208,0.0208,0.0042,0.025,0,0.0375,0.3193
William Peace University,661,0.5159,0.4841,0.5356,0.1967,0.1301,0.0227,0.0045,0,0.0756,0.0045,0.0303,0.345
University of North Carolina at Pembroke,5386,0.3827,0.6173,0.3528,0.2739,0.1058,0.0095,0.1426,0.0019,0.0719,0.0291,0.0126,0.4763
Pfeiffer University,654,0.5229,0.4771,0.5933,0.2064,0.1086,0.0015,0.0015,0.0015,0.0596,0.0275,0,0.5564
Piedmont Community College,707,0.3366,0.6634,0.5658,0.2984,0.0707,0.0057,0.0085,0.0014,0.0311,0.0042,0.0141,0.2861
Pitt Community College,5175,0.3617,0.6383,0.4375,0.3681,0.103,0.01,0.0068,0.0017,0.0313,0.005,0.0365,0.3754
Queens University of Charlotte,1362,0.3744,0.6256,0.5176,0.1432,0.1307,0.0308,0.0015,0.0029,0.0015,0.127,0.0448,0.2172
Randolph Community College,1446,0.3465,0.6535,0.6252,0.0685,0.2089,0.0076,0.0062,0.0014,0.0194,0.0076,0.0553,0.3179
Richmond Community College,1279,0.2737,0.7263,0.4027,0.3315,0.0641,0.0047,0.1353,0.0016,0.0281,8e-4,0.0313,0.3057
Mid-Atlantic Christian University,161,0.7019,0.2981,0.4907,0.354,0.0621,0.0062,0.0124,0,0.0683,0.0062,0,0.4662
Roanoke-Chowan Community College,265,0.2528,0.7472,0.1925,0.7396,0.0113,0.0151,0.0075,0.0075,0.0075,0.0075,0.0113,0.3392
Robeson Community College,1454,0.2655,0.7345,0.1905,0.218,0.1162,0.0028,0.4113,0,0,0,0.0612,0.4724
Rockingham Community College,1071,0.3669,0.6331,0.6359,0.1681,0.0896,0.0037,0.0047,0,0.043,0.0093,0.0458,0.44
Rowan-Cabarrus Community College,4073,0.3739,0.6261,0.509,0.218,0.164,0.015,0.0039,2e-4,0.0358,0.0268,0.0273,0.2806
Saint Augustine's University,766,0.5104,0.4896,0.017,0.846,0.03,0.0117,0.0209,0.0013,0,0.0731,0,0.5244
Salem College,390,0.0077,0.9923,0.4564,0.2,0.1872,0.0154,0.0077,0,0.0872,0.0205,0.0256,0.4876
Sampson Community College,941,0.3018,0.6982,0.3688,0.2582,0.2763,0.0032,0.0244,0.0021,0.0425,0.0138,0.0106,0.5013
Sandhills Community College,2375,0.3613,0.6387,0.5255,0.1785,0.1339,0.0156,0.0286,8e-4,0.0476,0.0034,0.0661,0.3245
Shaw University,839,0.4827,0.5173,0.0274,0.6317,0.0381,0.006,0.0024,0.0024,0.0501,0.1049,0.1371,0.6515
Paul Mitchell the School-Fayetteville,179,0.0335,0.9665,0.4078,0.4246,0.095,0.0056,0.0223,0.0056,0.0168,0.0056,0.0168,0.657
St. Andrews University,806,0.4764,0.5236,0.2605,0.1787,0.0931,0.0087,0.0248,0,0.0335,0.036,0.3648,0.4769
Southeastern Community College,821,0.296,0.704,0.5652,0.257,0.0646,0.0024,0.0426,0,0.0572,0,0.011,0.4535
Southwestern Community College,1304,0.3298,0.6702,0.7124,0.0238,0.0989,0.01,0.102,8e-4,0.0314,0.0061,0.0146,0.301
Stanly Community College,1430,0.2448,0.7552,0.6336,0.2077,0.0462,0.0224,0.0035,7e-4,0.0287,0.0077,0.0497,0.3131
Southeastern Baptist Theological Seminary,466,0.6588,0.3412,0.7854,0.0343,0.0601,0.0258,0.0043,0,0,0.0021,0.088,0.1826
Surry Community College,1445,0.3841,0.6159,0.7488,0.0339,0.173,0.0028,0.0021,7e-4,0.0263,0.0014,0.0111,0.2517
Alamance Community College,2393,0.3828,0.6172,0.4605,0.1864,0.2081,0.0196,0.005,0,0.0251,0.0422,0.0531,0.246
Tri-County Community College,435,0.3655,0.6345,0.8322,0.0276,0.0782,0.0092,0.0161,0.0023,0.0161,0,0.0184,0.2984
Vance-Granville Community College,1613,0.2821,0.7179,0.4371,0.3887,0.0942,0.0087,0.0056,0.0012,0.0223,0.0062,0.036,0.3138
Wake Forest University,5471,0.4462,0.5538,0.6427,0.0658,0.096,0.0528,5e-4,2e-4,0.0561,0.0757,0.0102,0.0949
Wake Technical Community College,18605,0.4733,0.5267,0.4456,0.2196,0.1818,0.0493,0.0044,0.0013,0.0408,0.0233,0.0339,0.2731
Warren Wilson College,720,0.3431,0.6569,0.7778,0.0472,0.0722,0.0139,0.0042,0,0.0431,0.0292,0.0125,0.3707
Watts College of Nursing,134,0.1866,0.8134,0.5522,0.2537,0.0299,0.0522,0.0075,0,0.0224,0,0.0821,0.2454
Wayne Community College,1998,0.4054,0.5946,0.512,0.2337,0.2117,0.0105,0.0055,0.001,0.0165,0.0035,0.0055,0.3748
Western Piedmont Community College,1332,0.3844,0.6156,0.7012,0.0518,0.1547,0.0728,0.003,0.003,0.006,0.0053,0.0023,0.3305
Wilkes Community College,1881,0.4588,0.5412,0.7842,0.0276,0.1361,0.008,0.0021,5e-4,0.0255,0.0027,0.0133,0.2913
Wilson Community College,807,0.3296,0.6704,0.461,0.3755,0.0905,0.0211,0.0062,0,0.0099,0,0.0359,0.2507
Wingate University,2462,0.4228,0.5772,0.4139,0.2478,0.1007,0.0191,0.0032,0.0016,0.0849,0.0967,0.0321,0.4143
Carolina Christian College,53,0.8868,0.1132,0.0189,0.7547,0.1509,0,0,0,0.0755,0,0,1
Winston Salem Barber School,36,0.8056,0.1944,0.0278,0.8056,0.1389,0,0,0,0,0,0.0278,0.7065
Winston-Salem State University,4244,0.2547,0.7453,0.054,0.8308,0.0483,0.0071,0.0038,7e-4,0.0379,0.0054,0.012,0.6149
Western Carolina University,9867,0.4275,0.5725,0.7619,0.0657,0.0866,0.0126,0.0087,0.0014,0.0396,0.015,0.0085,0.3285
Rasmussen University-North Dakota,44,0.2045,0.7955,0.5455,0.1591,0.1136,0.0455,0,0,0.0455,0,0.0909,0.4614
Bismarck State College,2629,0.5645,0.4355,0.8136,0.0312,0.0563,0.0065,0.0175,0.0015,0.0521,0.0114,0.0099,0.1403
Dickinson State University,1108,0.4296,0.5704,0.769,0.0244,0.0857,0.0072,0.0153,0.0063,0.0397,0.0325,0.0199,0.2176
Nueta Hidatsa Sahnish College,139,0.3525,0.6475,0.0791,0.0144,0.0576,0,0.777,0.0072,0.0647,0,0,0.3081
Josef's School of Hair Skin & Body-Grand Forks,44,0.0455,0.9545,0.75,0,0.1364,0,0.0909,0,0,0,0.0227,0.5139
University of Jamestown,947,0.5797,0.4203,0.68,0.0253,0.0834,0.0042,0.0032,0.0021,0.0306,0.0623,0.1088,0.2607
Lake Region State College,599,0.404,0.596,0.6795,0.0417,0.0952,0.005,0.0267,0.0033,0.0618,0.0651,0.0217,0.1054
Cankdeska Cikana Community College,278,0.3129,0.6871,0.0863,0,0.018,0.0036,0.8669,0,0.0216,0,0.0036,0.5475
University of Mary,2280,0.414,0.586,0.7952,0.0232,0,0.0149,0.0171,0.0053,0.0254,0.0285,0.0904,0.178
Mayville State University,704,0.4261,0.5739,0.7259,0.0582,0.0682,0.0071,0.0199,0.0028,0.0866,0.0227,0.0085,0.2442
Minot State University,2072,0.3832,0.6168,0.6404,0.0454,0.0951,0.013,0.0193,0.0039,0.0652,0.1052,0.0125,0.2411
University of North Dakota,9296,0.5473,0.4527,0.786,0.0253,0.0572,0.0227,0.0106,0.0012,0.046,0.0381,0.0128,0.1648
North Dakota State College of Science,1733,0.6353,0.3647,0.7998,0.06,0.0433,0.0098,0.0127,0.0012,0.0479,0.0052,0.0202,0.1666
Dakota College at Bottineau,417,0.3357,0.6643,0.6091,0.0552,0.0791,0.0072,0.0288,0,0.0791,0.1319,0.0096,0.1222
North Dakota State University-Main Campus,9567,0.4895,0.5105,0.8539,0.0318,0.0306,0.0164,0.0065,3e-4,0.0437,0.0075,0.0093,0.1872
Williston State College,686,0.3921,0.6079,0.5335,0.0496,0.1939,0.016,0.0219,0.0015,0.0816,0.086,0.016,0.2037
Sitting Bull College,226,0.3805,0.6195,0.0708,0,0.0133,0,0.9159,0,0,0,0,0.6883
Trinity Bible College and Graduate School,138,0.442,0.558,0.7246,0.0435,0.0942,0.029,0.0217,0,0.0725,0,0.0145,0.5
Turtle Mountain Community College,613,0.3654,0.6346,0.0228,0,0.0033,0,0.9739,0,0,0,0,0.5826
United Tribes Technical College,532,0.3459,0.6541,0.0188,0.0056,0.0019,0.0019,0.9643,0,0.0075,0,0,0.751
Valley City State University,918,0.4597,0.5403,0.7985,0.0327,0.0588,0.0065,0.0087,0.0087,0.0566,0.024,0.0054,0.1729
ETI Technical College,182,0.1319,0.8681,0.6154,0.3242,0.011,0.011,0.0055,0,0.0275,0,0.0055,0.7303
Herzing University-Akron,378,0.0847,0.9153,0.5212,0.3704,0.037,0.0106,0,0,0.045,0,0.0159,0.7832
University of Akron Main Campus,10011,0.5267,0.4733,0.6899,0.1308,0.0393,0.0452,0.0018,8e-4,0.0502,0.0199,0.0222,0.2886
University of Akron Wayne College,489,0.3742,0.6258,0.8569,0.0307,0.047,0.0184,0,0,0.0286,0.002,0.0164,0.141
Allegheny Wesleyan College,54,0.4074,0.5926,0.9074,0,0,0,0.0926,0,0,0,0,0.4535
Apollo Career Center,527,0.4763,0.5237,0.6964,0.1708,0.0664,0.0095,0.0038,0.0076,0.0455,0,0,0.098
Art Academy of Cincinnati,254,0.2441,0.7559,0.6378,0.1811,0.0591,0.0079,0,0,0.0827,0.0039,0.0276,0.4803
Ashland County-West Holmes Career Center,35,0.4571,0.5429,0.9714,0.0286,0,0,0,0,0,0,0,0.4286
Ashland University,2250,0.4667,0.5333,0.7716,0.0884,0.036,0.0129,0.0067,0,0.0333,0.0227,0.0284,0.276
Ashtabula County Technical and Career Campus,161,0.3292,0.6708,0.8882,0.0311,0.0186,0.0124,0.0062,0,0.0248,0,0.0186,0.2575
Athenaeum of Ohio,29,0.931,0.069,0.931,0,0,0,0,0,0,0,0.069,0
Auburn Career Center,234,0.7179,0.2821,0.8376,0.0684,0.0641,0.0043,0.0043,0,0.0171,0,0.0043,0.122
Aultman College of Nursing and Health Sciences,232,0.0819,0.9181,0.8491,0.0733,0.0043,0.0043,0,0,0.0345,0,0.0345,0.372
Baldwin Wallace University,2775,0.4548,0.5452,0.7733,0.0638,0.0724,0.0187,0.0014,7e-4,0.0602,0.0029,0.0065,0.285
Belmont College,484,0.3244,0.6756,0.9339,0.0145,0.0124,0.0062,0,0,0.0331,0,0,0.3098
Bluffton University,595,0.5714,0.4286,0.6672,0.1866,0.0336,0.0084,0.0017,0,0.0286,0.0134,0.0605,0.3735
Bowling Green State University-Firelands,1134,0.3633,0.6367,0.7037,0.1296,0.0811,0.0062,0.0018,0,0.0556,0,0.022,0.2618
Bowling Green State University-Main Campus,12255,0.435,0.565,0.798,0.0654,0.0515,0.0113,9e-4,6e-4,0.0358,0.013,0.0236,0.227
Bryant & Stratton College-Parma,522,0.2567,0.7433,0.454,0.3582,0.0766,0.023,0.0038,0.0038,0.0556,0.0019,0.023,0.6827
Buckeye Hills Career Center,163,0.4172,0.5828,0.9325,0,0,0,0,0,0.0491,0,0.0184,0.4444
Butler Technology and Career Development Schools,483,0.6232,0.3768,0.7122,0.1532,0.0393,0.0331,0.0041,0.0021,0.0414,0,0.0145,0.2408
Canton City Schools Adult Career and Technical Education,87,0.092,0.908,0.5287,0.3103,0,0.0115,0,0,0.1494,0,0,0.5825
Capital University,1709,0.4219,0.5781,0.6776,0.1205,0.0702,0.0263,0.0029,0,0.0696,0.014,0.0187,0.3101
Case Western Reserve University,6108,0.5223,0.4777,0.3461,0.064,0.118,0.2734,5e-4,5e-4,0.0521,0.1343,0.0111,0.1708
Cedarville University,3815,0.4566,0.5434,0.8613,0.0139,0.0325,0.028,0.0016,5e-4,0.0299,0.0278,0.0045,0.154
Central Ohio Technical College,1549,0.2221,0.7779,0.6488,0.1498,0.0316,0.0594,0.0019,0.0013,0.0839,6e-4,0.0226,0.26
Central School of Practical Nursing,56,0.1071,0.8929,0.2321,0.7143,0.0536,0,0,0,0,0,0,0.5439
Central State University,3412,0.3403,0.6597,0.177,0.4927,0.0938,0.0155,0.0026,0,0.0495,0.0487,0.1202,0.4218
Choffin Career  and Technical Center,73,0.1507,0.8493,0.3562,0.5753,0.0548,0,0,0,0.0137,0,0,0.9118
The Christ College of Nursing and Health Sciences,762,0.0932,0.9068,0.7244,0.1667,0.0315,0.0381,0,0.0013,0.0039,0,0.0341,0.343
Cincinnati College of Mortuary Science,101,0.1881,0.8119,0.802,0.0891,0.0495,0,0,0.0099,0.0495,0,0,0.2418
University of Cincinnati-Main Campus,29094,0.4966,0.5034,0.7055,0.0842,0.0462,0.0547,0.0011,5e-4,0.0455,0.0491,0.0131,0.1761
Cincinnati State Technical and Community College,5283,0.3829,0.6171,0.5012,0.268,0.035,0.0292,0.0021,0.0011,0.0399,0.0216,0.1018,0.3007
University of Cincinnati-Clermont College,2606,0.3219,0.6781,0.7172,0.1105,0.0664,0.0249,0.0023,0.0023,0.0361,0.0046,0.0357,0.1126
University of Cincinnati-Blue Ash College,4104,0.404,0.596,0.5775,0.2169,0.085,0.0436,0.0024,0.0012,0.0548,0.0115,0.0071,0.2219
Ohio Christian University,816,0.435,0.565,0.674,0.1777,0.0441,0.0074,0.0037,0.0049,0.0331,0,0.0551,0.3384
Clark State College,3134,0.2977,0.7023,0.6487,0.1994,0.0479,0.0077,0.0048,6e-4,0.0587,0.0105,0.0217,0.3608
Cleveland Institute of Art,560,0.2732,0.7268,0.6536,0.1339,0.1054,0.0321,0,0,0.0679,0.0036,0.0036,0.3784
Cleveland Institute of Music,193,0.513,0.487,0.4715,0.0363,0.0622,0.1762,0.0104,0.0052,0.0363,0.1917,0.0104,0.1457
Cleveland State University,9077,0.4666,0.5334,0.5783,0.164,0.0907,0.0398,0.0025,8e-4,0.0486,0.0597,0.0156,0.3901
Columbiana County Career and Technical Center,114,0.1491,0.8509,0.8421,0.1053,0.0263,0,0,0,0.0263,0,0,0.6784
Columbus College of Art & Design,891,0.275,0.725,0.6655,0.1089,0.0853,0.0393,0,0.0011,0.0438,0.0123,0.0438,0.3975
Columbus State Community College,17128,0.4752,0.5248,0.4291,0.2421,0.0819,0.0457,0.0043,0.0014,0.034,0.024,0.1376,0.2588
Cuyahoga Community College District,12641,0.4048,0.5952,0.5208,0.2531,0.0887,0.0307,0.0025,6e-4,0.0356,0.0339,0.0341,0.3221
Davis College,95,0.3368,0.6632,0.2526,0.2632,0.0211,0.0211,0,0,0.0421,0.4,0,0.6091
Dayton Barber College,60,0.8667,0.1333,0.4167,0.4833,0.0667,0,0,0,0,0,0.0333,0.7196
University of Dayton,8099,0.5224,0.4776,0.7954,0.052,0.0662,0.017,0.001,7e-4,0.034,0.0261,0.0077,0.1552
Defiance College,454,0.6211,0.3789,0.6278,0.2599,0.0793,0.0066,0.0022,0,0.0154,0,0.0088,0.4795
Denison University,2398,0.4758,0.5242,0.6034,0.0542,0.0713,0.0425,4e-4,4e-4,0.0425,0.171,0.0142,0.128
Edison State Community College,1502,0.3462,0.6538,0.8449,0.0499,0.032,0.014,0.004,7e-4,0.0393,0.0013,0.014,0.1657
EHOVE Career Center,375,0.2987,0.7013,0.7653,0.128,0.0347,0,0,0,0.072,0,0,0.3542
The University of Findlay,2240,0.3067,0.6933,0.7455,0.0429,0.0397,0.0121,0.0013,9e-4,0.029,0.0272,0.1013,0.1386
Franklin University,5111,0.4013,0.5987,0.5539,0.1884,0.0787,0.0247,0.0063,0.0012,0.0401,0.0027,0.1041,0.3343
Gerbers Akron Beauty School,59,0,1,0.339,0.4915,0,0.1695,0,0,0,0,0,0.1189
Gods Bible School and College,285,0.5263,0.4737,0.7333,0.0491,0.0281,0.0035,0.007,0.0105,0.0351,0.1333,0,0.2339
Good Samaritan College of Nursing and Health Science,455,0.0769,0.9231,0.5275,0.2813,0.0637,0.0198,0.0022,0,0,0,0.1055,0.4324
Great Oaks Career Campuses,138,0.9348,0.0652,0.7029,0.1522,0.0217,0.0362,0,0,0.0507,0,0.0362,0.3066
Hannah E Mullins School of Practical Nursing,30,0.0333,0.9667,0.5333,0.3667,0,0,0,0,0.1,0,0,0.5532
Adult and Community Education-Hudson,37,0.1892,0.8108,0.0811,0.8919,0.027,0,0,0,0,0,0,0.7222
Heidelberg University,884,0.5452,0.4548,0.8213,0.1097,0.0271,0.0045,0.0023,0,0.0215,0,0.0136,0.2851
Hiram College,731,0.5103,0.4897,0.4624,0.0588,0.0821,0.0055,0.0027,0,0.0178,0.0082,0.3625,0.3194
Hobart Institute of Welding Technology,327,0.9358,0.0642,0.9083,0.0153,0.0398,0.0031,0.0031,0,0.0306,0,0,0.2271
Hocking College,1648,0.5334,0.4666,0.7658,0.1208,0.0249,0.0024,0.0018,0.0012,0.0461,0.0212,0.0158,0.4649
Ross Medical Education Center-Cincinnati,91,0.011,0.989,0.0769,0.1868,0.033,0,0,0,0.022,0.011,0.6703,0.8824
International College of Broadcasting,44,0.75,0.25,0.6136,0.3409,0.0227,0,0,0,0.0227,0,0,0.7429
Eastern Gateway Community College,13293,0.2954,0.7046,0.5131,0.2158,0.1652,0.0268,0.0068,0.0032,0.0553,1e-4,0.0138,0.2968
John Carroll University,2228,0.5413,0.4587,0.8299,0.0435,0.0471,0.0292,0.0018,0,0.0296,0.0157,0.0031,0.1978
Hondros College of Nursing,3091,0.0712,0.9288,0.297,0.5607,0.0181,0.0175,0.0019,0.0013,0,0,0.1035,0.7009
Casal Aveda Institute,93,0.0108,0.9892,0.7204,0.1613,0.0215,0,0.0108,0,0.0645,0,0.0215,0.5053
Kent State University at Ashtabula,1314,0.376,0.624,0.7725,0.0913,0.0472,0.0129,0.0038,0.0023,0.0381,0.0068,0.0251,0.3444
Kent State University at East Liverpool,705,0.356,0.644,0.8128,0.0638,0.0454,0.0099,0.0014,0,0.0454,0.0071,0.0142,0.2378
Kent State University at Stark,2626,0.3595,0.6405,0.7909,0.0819,0.043,0.0141,8e-4,8e-4,0.0453,0.0065,0.0168,0.2903
Kent State University at Trumbull,1648,0.3841,0.6159,0.7998,0.0856,0.0419,0.0097,0.0012,6e-4,0.037,0.0042,0.02,0.3654
Kent State University at Tuscarawas,1502,0.3955,0.6045,0.8302,0.0632,0.0399,0.0126,0.002,0,0.03,0.0047,0.0173,0.3077
Kent State University at Salem,1127,0.2555,0.7445,0.819,0.0728,0.0399,0.0089,9e-4,9e-4,0.0337,0,0.024,0.3109
Kent State University at Kent,19134,0.379,0.621,0.746,0.0914,0.0454,0.0233,0.0016,7e-4,0.0407,0.0321,0.0188,0.2737
Kent State University at Geauga,1547,0.3659,0.6341,0.7169,0.1416,0.0556,0.0246,0.0019,0,0.0356,0.0045,0.0194,0.2669
Kenyon College,1753,0.4358,0.5642,0.6669,0.0245,0.0759,0.0473,0,6e-4,0.0588,0.1147,0.0114,0.1008
Kettering College,543,0.1381,0.8619,0.6722,0.0884,0.0387,0.0387,0.0018,0.0037,0.0203,0.1087,0.0276,0.2419
Lake Erie College,678,0.5796,0.4204,0.5516,0.1401,0.0885,0.0029,0.0192,0,0.0236,0.0428,0.1313,0.29
Lakeland Community College,3143,0.3818,0.6182,0.6694,0.1476,0.0655,0.0169,0.0038,3e-4,0.0395,0.0016,0.0554,0.2243
Collins Career Technical Center,427,0.2459,0.7541,0.9602,0.0328,0.0047,0,0,0,0.0023,0,0,0.6818
James A. Rhodes State College,1545,0.266,0.734,0.8155,0.0699,0.0071,0.0078,0.0026,0.0013,0.0395,0,0.0563,0.1486
Ohio Business College-Sheffield,165,0.5939,0.4061,0.3818,0.297,0.2182,0.0061,0,0,0.0061,0,0.0909,0.8456
Ohio Business College-Sandusky,24,0.0833,0.9167,0.4583,0.25,0.1667,0,0,0,0.0417,0,0.0833,0.8372
Lorain County Community College,5394,0.3799,0.6201,0.6787,0.1085,0.1287,0.0117,0.0041,0.002,0.051,0.005,0.0104,0.2691
Lourdes University,668,0.4356,0.5644,0.7275,0.1287,0.024,0.0105,0,0.003,0.0509,0.0195,0.0359,0.2728
Malone University,777,0.4607,0.5393,0.7593,0.0669,0.0335,0.0116,0.0026,0,0.0296,0.0206,0.0759,0.3052
Marietta College,1035,0.5208,0.4792,0.8338,0.0444,0.0329,0.0039,0,0,0.0483,0.0232,0.0135,0.2714
Marion Technical College,1351,0.4611,0.5389,0.7639,0.1303,0.0318,0.0104,0.0059,0,0.0415,0,0.0163,0.1984
Medina County Career Center,52,0.5192,0.4808,0.9038,0.0385,0.0192,0,0.0192,0,0.0192,0,0,0.3871
Mercy College of Ohio,982,0.113,0.887,0.6823,0.168,0.0845,0.0173,0.0041,0,0.0438,0,0,0.3643
Miami University-Hamilton,2025,0.4681,0.5319,0.7017,0.08,0.0602,0.036,0.0035,5e-4,0.041,0.0553,0.0217,0.3025
Miami University-Middletown,871,0.4489,0.5511,0.7658,0.0712,0.0471,0.0126,0.0011,0.0011,0.0344,0.0482,0.0184,0.2325
Miami University-Oxford,16361,0.4848,0.5152,0.8158,0.0292,0.0454,0.0257,0.0021,5e-4,0.0364,0.0364,0.0087,0.1129
Moler Hollywood Beauty Academy,76,0,1,0.3553,0.5395,0.0658,0.0132,0,0,0.0263,0,0,0.9067
Miami Valley Career Technology Center,84,0.1429,0.8571,0.4643,0.4048,0.0238,0,0,0,0.0833,0,0.0238,0.375
Mount Carmel College of Nursing,573,0.1239,0.8761,0.6056,0.2339,0.0436,0.0663,0.0017,0.0035,0.0366,0,0.0087,0.3041
University of Mount Union,1785,0.5188,0.4812,0.8134,0.0784,0.0291,0.0123,0.005,0,0.0151,0.0207,0.0258,0.2871
Mount Vernon Nazarene University,1346,0.3863,0.6137,0.8685,0.0186,0.0342,0.0082,0.0022,0.0015,0.0297,0.0059,0.0312,0.2893
Mount St. Joseph University,1100,0.4745,0.5255,0.7418,0.1245,0.0482,0.0064,0,9e-4,0.07,0,0.0082,0.2734
Zane State College,717,0.463,0.537,0.8661,0.0432,0.0195,0.0056,0.0014,0.0014,0.0446,0,0.0181,0.1837
Muskingum University,1407,0.457,0.543,0.8237,0.0732,0.0277,0.0064,0.0028,0,0.0462,0.0071,0.0128,0.4111
National Beauty College,149,0.0067,0.9933,0.6846,0.2483,0,0.0268,0,0,0.0403,0,0,0.4959
North Central State College,1187,0.3572,0.6428,0.8408,0.0581,0.0455,0.0084,0,0,0.0371,0,0.0101,0.2394
Northern Institute of Cosmetology,41,0.2927,0.7073,0.2683,0.2439,0.3902,0.0244,0,0,0.0488,0,0.0244,0.2609
Northwest State Community College,1037,0.4812,0.5188,0.7146,0.0174,0.1244,0.0058,0,0,0.0174,0,0.1205,0.1122
Toledo Public Schools Adult and Continuing Education,33,0.6667,0.3333,0.1818,0.6667,0.0909,0,0,0,0.0606,0,0,0.7632
Notre Dame College,1049,0.4871,0.5129,0.4194,0.3108,0.0553,0.0067,0.001,0.001,0.0667,0.081,0.0582,0.389
University of Northwestern Ohio,2572,0.8285,0.1715,0.7943,0.0451,0.0583,0.0113,0.0086,0.0019,0,0.0451,0.0354,0.3207
Oberlin College,2950,0.4146,0.5854,0.6197,0.0441,0.0824,0.0529,0,3e-4,0.0932,0.0949,0.0125,0.0884
Ohio Technical College,331,0.8912,0.1088,0.6798,0.1329,0.1057,0.003,0.0121,0.003,0.0151,0,0.0483,0.4787
Ohio Dominican University,785,0.4854,0.5146,0.5299,0.2752,0.0611,0.0166,0.0038,0,0.0446,0.0382,0.0306,0.3901
Ohio Northern University,2386,0.5541,0.4459,0.7997,0.0285,0.0432,0.018,0.0017,0.0013,0.0486,0.0134,0.0457,0.1896
Ohio State University Agricultural Technical Institute,431,0.4408,0.5592,0.9142,0.0255,0.0162,0.0046,0,0,0.0186,0,0.0209,0.2578
Ohio State University-Lima Campus,656,0.4573,0.5427,0.7652,0.0595,0.061,0.0427,0,0.0015,0.0427,0,0.0274,0.3117
Ohio State University-Mansfield Campus,726,0.4311,0.5689,0.7135,0.1047,0.0661,0.0372,0,0,0.0565,0.0014,0.0207,0.3132
Ohio State University-Marion Campus,842,0.4964,0.5036,0.7375,0.0511,0.0499,0.0831,0.0024,0.0012,0.0439,0.0036,0.0273,0.2578
Ohio State University-Newark Campus,2302,0.5065,0.4935,0.5773,0.2042,0.0621,0.0752,0.0022,0.0013,0.0526,0.0013,0.0239,0.3411
Ohio State Beauty Academy,96,0.0417,0.9583,0.8229,0.0729,0.0104,0.0104,0,0,0.0833,0,0,0.5333
Ohio State College of Barber Styling,323,0.7802,0.2198,0.2786,0.5944,0.0279,0,0,0,0.0743,0,0.0248,0.4583
The Spa School,117,0.0171,0.9829,0.5299,0.265,0.0171,0.0342,0,0.0085,0.094,0,0.0513,0.3649
Ohio State School of Cosmetology-Canal Winchester,50,0,1,0.62,0.28,0,0.02,0,0,0,0,0.08,0.5366
Ohio State University-Main Campus,44617,0.4954,0.5046,0.6189,0.0789,0.057,0.0978,5e-4,4e-4,0.0459,0.0707,0.0298,0.1945
Ohio University-Eastern Campus,305,0.3311,0.6689,0.8426,0.0262,0.0066,0.0098,0.0066,0,0.0361,0.0098,0.0623,0.0919
Ohio University-Chillicothe Campus,777,0.3076,0.6924,0.8584,0.0257,0.0257,0.0051,0.0013,0.0013,0.0425,0.0026,0.0373,0.1618
Ohio University-Southern Campus,461,0.3319,0.6681,0.8547,0.0217,0.0043,0,0.0022,0.0022,0.0347,0.0043,0.0759,0.1226
Ohio University-Lancaster Campus,657,0.379,0.621,0.8584,0.0289,0.0365,0.0015,0.0015,0.0015,0.0365,0.0015,0.0335,0.0948
Ohio University-Main Campus,18456,0.3898,0.6102,0.8184,0.0504,0.0451,0.0156,8e-4,8e-4,0.0396,0.0108,0.0185,0.2037
Ohio University-Zanesville Campus,526,0.2034,0.7966,0.8327,0.0323,0.0323,0.0057,0.0038,0.0038,0.0532,0.0019,0.0342,0.1045
East Ohio College,149,0.0336,0.9664,0.8121,0.1275,0.0201,0.0067,0,0.0067,0.0201,0,0.0067,0.7584
Trinity Health System School of Nursing,25,0.12,0.88,0.96,0,0,0,0.04,0,0,0,0,0.3721
Ohio Wesleyan University,1450,0.4276,0.5724,0.7366,0.0717,0.0503,0.0297,0,7e-4,0.0469,0.0538,0.0103,0.2461
Otterbein University,2055,0.3946,0.6054,0.6954,0.1114,0.0599,0.038,0.001,0.0058,0.0545,0.0063,0.0277,0.2908
Owens Community College,4184,0.3748,0.6252,0.7,0.1142,0.1104,0.01,0.0031,0.001,0.0399,0.0115,0.0098,0.2241
Paramount Beauty Academy,53,0.0566,0.9434,0.9811,0.0189,0,0,0,0,0,0,0,0.5821
Cuyahoga Valley Career Center,90,0.2444,0.7556,0.4444,0.4556,0.0556,0,0,0,0.0333,0,0.0111,0.2917
Pontifical College Josephinum,45,1,0,0.8444,0.0222,0.1111,0.0222,0,0,0,0,0,0.0882
Professional Skills Institute,402,0.0721,0.9279,0.2637,0.6343,0.0323,0.01,0.0025,0,0.0547,0,0.0025,0.7302
Firelands Regional Medical Center School of Nursing,71,0.1127,0.8873,0.831,0.0563,0.0563,0,0.0141,0,0.0423,0,0,0.3824
Rabbinical College Telshe,57,1,0,1,0,0,0,0,0,0,0,0,0.3636
Raphael's School of Beauty Culture Inc-Niles,145,0.3172,0.6828,0.5448,0.3931,0.0276,0,0,0,0.0345,0,0,0.5935
Fortis College-Centerville,460,0.1804,0.8196,0.5174,0.3913,0.0217,0.0022,0.0109,0,0.0478,0,0.0087,0.7067
University of Rio Grande,795,0.4075,0.5925,0.6415,0.0478,0.0101,0.0038,0.0025,0.0038,0.0025,0.0818,0.2063,0.3585
The Modern College of Design,189,0.2646,0.7354,0.7619,0.0582,0.0688,0.0106,0,0,0.0635,0,0.037,0.4719
Shawnee State University,2300,0.4226,0.5774,0.4987,0.0383,9e-4,0.0083,0.0139,0.2061,0.0161,0.0252,0.1926,0.351
Sinclair Community College,12585,0.4431,0.5569,0.6212,0.1727,0.0538,0.0218,0.0122,0.0014,0.05,0.0265,0.0404,0.2661
Stark State College,5803,0.4174,0.5826,0.7263,0.1565,0.0143,0.0388,0.0036,0.0016,0.0515,0,0.0074,0.2706
Stautzenberger College-Maumee,520,0.1327,0.8673,0.5038,0.3346,0.0462,0.0019,0.0038,0,0.0346,0,0.075,0.7543
Franciscan University of Steubenville,2775,0.4418,0.5582,0.7387,0.0123,0.1658,0.027,0.0029,0.004,0.0191,0.0097,0.0205,0.2101
Southern State Community College,751,0.2663,0.7337,0.9108,0.0266,0.0133,0.0027,0,0,0.032,0,0.0146,0.208
Terra State Community College,1120,0.5411,0.4589,0.7991,0.092,0.025,0.0045,0.0045,9e-4,0.025,0.0036,0.0455,0.2488
Tiffin Academy of Hair Design,46,0,1,0.913,0.0217,0.0652,0,0,0,0,0,0,0.8125
Tiffin University,1938,0.5026,0.4974,0.5217,0.1692,0.0093,0.0201,0.0015,5e-4,0.0356,0.0583,0.1837,0.3553
University of Toledo,10244,0.4892,0.5108,0.6584,0.0971,0.0639,0.0346,0.0011,8e-4,0.0384,0.0825,0.0232,0.257
Tri-State Bible College,14,0.7857,0.2143,0.8571,0.1429,0,0,0,0,0,0,0,0.5238
Tri-County Adult Career Center,24,0.5,0.5,0.8333,0.0833,0,0,0,0,0.0833,0,0,0.1412
Tri-Rivers Career Center,162,0.2593,0.7407,0.8395,0.037,0.0432,0.0123,0,0,0.0432,0,0.0247,0.227
Upper Valley Career Center,113,0.2301,0.7699,0.7522,0.1593,0.0354,0.0177,0,0,0.0354,0,0,0.5752
Ursuline College,630,0.0746,0.9254,0.4968,0.2794,0.019,0.0333,0.0032,0.0048,0.0873,0.0444,0.0317,0.3904
The North Coast College,0,0,0,0,0,0,0,0,0,0,0,0,NA
Walsh University,1294,0.5085,0.4915,0.5966,0.0572,0.0317,0.0155,8e-4,0,0.0317,0.0981,0.1685,0.233
Washington State Community College,1002,0.2914,0.7086,0.9032,0.017,0.013,0.002,0.006,0,0.021,0,0.0379,0.2716
Wilberforce University,602,0.5,0.5,0.005,0.7924,0.0017,0,0,0,0,0,0.201,0.7436
Wilmington College,924,0.4513,0.5487,0.7543,0.079,0.0346,0.0043,0.0043,0.0054,0.0411,0.0152,0.0617,0.3734
Wittenberg University,1269,0.498,0.502,0.725,0.1056,0.0536,0.011,0.0016,0,0.0623,0.0071,0.0339,0.2941
The College of Wooster,1876,0.4776,0.5224,0.6071,0.0912,0.0645,0.0416,5e-4,0.0011,0.0384,0.1418,0.0139,0.1952
Wright State University-Main Campus,6330,0.4573,0.5427,0.7082,0.1175,0.0422,0.03,0.0017,5e-4,0.0627,0.0267,0.0104,0.3276
Wright State University-Lake Campus,984,0.4136,0.5864,0.877,0.0488,0.0234,0.0102,0.001,0.001,0.0346,0.002,0.002,0.1584
Xavier University,4723,0.4415,0.5585,0.7292,0.1247,0.062,0.0205,6e-4,4e-4,0.0366,0.0131,0.0127,0.1449
Youngstown State University,7340,0.4665,0.5335,0.7162,0.0741,0.0465,0.0168,0.0016,1e-4,0.0369,0.0677,0.0401,0.3319
Bacone College,106,0.5849,0.4151,0.0849,0.1226,0.0755,0,0.5377,0,0.066,0.0189,0.0943,0.5296
Oklahoma Wesleyan University,663,0.5445,0.4555,0.5505,0.0769,0.1071,0.0151,0.0528,0.003,0.0875,0.0694,0.0377,0.3934
Southern Nazarene University,1459,0.4777,0.5223,0.5024,0.1371,0.1775,0.0137,0.0446,0.0062,0.085,0.024,0.0096,0.4544
Pontotoc Technology Center,68,0.5882,0.4118,0.3676,0.0147,0.0441,0,0.2794,0,0.2941,0,0,0.1344
Cameron University,2534,0.3682,0.6318,0.4672,0.1046,0.1697,0.0221,0.0533,0.0055,0.1081,0.0284,0.041,0.4124
Carl Albert State College,1215,0.2634,0.7366,0.4971,0.0198,0.107,0.0107,0.1868,8e-4,0.1481,0,0.0296,0.4853
Central Oklahoma College,467,0.0728,0.9272,0.3576,0.2912,0.1606,0.015,0.0321,0,0.1028,0.0021,0.0385,0.6995
University of Central Oklahoma,10132,0.3767,0.6233,0.5192,0.0823,0.1527,0.0469,0.0366,0.0012,0.1174,0.0309,0.0128,0.3546
Connors State College,1672,0.2901,0.7099,0.4211,0.052,0.0161,0.0054,0.1657,0.0012,0.2799,0.0478,0.0108,0.4739
East Central University,2157,0.3968,0.6032,0.5063,0.0858,0.0779,0.0593,0.1905,0.0028,0.0241,0.007,0.0464,0.3982
Eastern Oklahoma State College,950,0.2832,0.7168,0.5526,0.0621,0.0568,0.0063,0.2789,0.0011,0.0042,0,0.0379,0.4176
Redlands Community College,857,0.3781,0.6219,0.5834,0.0712,0.1529,0.0082,0.0933,0.0023,0.0782,0,0.0105,0.2179
Formations Institute,48,0.0833,0.9167,0.4583,0.1458,0.2917,0,0,0,0.1042,0,0,0.5965
Eves College of Hairstyling,83,0.3133,0.6867,0.3253,0.1928,0.1446,0.012,0.0964,0.012,0.2048,0,0.012,0.7293
Randall University,262,0.626,0.374,0.4198,0.0382,0.271,0.0038,0.0649,0,0.0992,0.0725,0.0305,0.3941
Langston University,1743,0.4137,0.5863,0.0373,0.7613,0.0465,0.0029,0.0631,0.0011,0.0327,0.0402,0.0149,0.6843
Murray State College,1517,0.2742,0.7258,0.6374,0.029,0.1325,0.0046,0.0382,0.0046,0.147,0,0.0066,0.2866
Spartan College of Aeronautics and Technology,744,0.9019,0.0981,0.4798,0.0914,0.086,0.0255,0.0605,0.0081,0.0578,0.0349,0.1559,0.1268
Northeastern State University,4636,0.3837,0.6163,0.4411,0.0481,0.0809,0.0255,0.2211,0.0011,0.1486,0.016,0.0177,0.4243
Northern Oklahoma College,1865,0.3571,0.6429,0.5866,0.0499,0.126,0.0123,0.1421,0.0107,0.0257,0.0139,0.0327,0.2993
Northeastern Oklahoma A&M College,1583,0.3917,0.6083,0.4681,0.1301,0.0985,0.0038,0.1611,0.0019,0.1011,0.0335,0.0019,0.5172
Northwestern Oklahoma State University,1468,0.4162,0.5838,0.6022,0.079,0.1574,0.0075,0.0824,0.0027,0.03,0.015,0.0238,0.4068
Oklahoma Christian University,1897,0.4244,0.5756,0.6162,0.1281,0.1065,0.0279,0.0269,5e-4,0.0854,0,0.0084,0.3015
University of Oklahoma-Health Sciences Center,1143,0.1207,0.8793,0.608,0.0481,0.1172,0.077,0.0394,9e-4,0.0087,0.0052,0.0954,0
Oklahoma Panhandle State University,997,0.4193,0.5807,0.4945,0.1274,0.2187,0.007,0.0632,0,0.0261,0.0572,0.006,0.4356
Oklahoma State University-Main Campus,20814,0.4782,0.5218,0.6647,0.0424,0.0969,0.0213,0.0479,0.0014,0.1084,0.0157,0.0013,0.2604
Oklahoma State University-Oklahoma City,3424,0.3601,0.6399,0.5298,0.1127,0.1951,0.0234,0.045,9e-4,0.0859,0,0.0073,0.3009
Oklahoma Baptist University,1292,0.4582,0.5418,0.6277,0.0681,0.0201,0.0124,0.0658,8e-4,0.1672,0.0132,0.0248,0.3068
Oklahoma City Community College,9578,0.3579,0.6421,0.419,0.1089,0.2356,0.0518,0.0406,0.0019,0.0744,0.0174,0.0503,0.2783
Oklahoma City University,1433,0.3398,0.6602,0.626,0.0628,0.1298,0.0258,0.0167,0.0014,0.083,0.0482,0.0063,0.2256
University of Oklahoma-Norman Campus,21496,0.4865,0.5135,0.5652,0.0488,0.1421,0.0709,0.0334,7e-4,0.0993,0.0264,0.0132,0.2376
Oklahoma State University Institute of Technology,2131,0.695,0.305,0.5542,0.0455,0.091,0.0117,0.1323,0.0019,0.1534,0.0075,0.0023,0.4005
Oral Roberts University,3322,0.4118,0.5882,0.3573,0.1309,0.1613,0.0427,0.0241,0,0.0421,0.1779,0.0635,0.3353
Rogers State University,2552,0.3828,0.6172,0.4765,0.0368,0.0835,0.0216,0.1936,0.0016,0.134,0.0286,0.0239,0.3782
Rose State College,4546,0.3313,0.6687,0.4197,0.1353,0.1366,0.0183,0.0403,0.0026,0.1192,4e-4,0.1276,0.2885
Jenks Beauty College,167,0,1,0.4431,0.1437,0.1737,0.0479,0.1198,0.006,0.0479,0.006,0.012,0.5287
University of Science and Arts of Oklahoma,896,0.3359,0.6641,0.6328,0.0435,0.0391,0.01,0.0525,0,0.1105,0.0737,0.0379,0.4703
Seminole State College,1076,0.3058,0.6942,0.539,0.052,0.0697,0.0056,0.289,0.0037,0.0149,0.0139,0.0121,0.3604
Southern School of Beauty Inc,22,0.0455,0.9545,0.7727,0,0.0909,0,0.1364,0,0,0,0,0.8
Southeastern Oklahoma State University,3031,0.4273,0.5727,0.5061,0.0584,0.0947,0.0079,0.1241,7e-4,0.1881,0.0191,0.001,0.401
Southwestern Christian University,351,0.5698,0.4302,0.4501,0.1311,0.0883,0.0114,0.0798,0.0028,0.0684,0.1481,0.0199,0.4109
Southwestern Oklahoma State University,3469,0.375,0.625,0.6201,0.051,0.1444,0.0104,0.0392,9e-4,0.1003,0.0167,0.017,0.3846
Tulsa Community College,11397,0.342,0.658,0.4549,0.0832,0.1618,0.0462,0.0667,0.002,0.1199,0.0268,0.0386,0.3572
Tulsa Welding School-Tulsa,934,0.864,0.136,0.4358,0.1595,0.1852,0.0182,0.1916,0.0043,0.0011,0,0.0043,0.6761
University of Tulsa,2447,0.4933,0.5067,0.4888,0.0776,0.1291,0.0793,0.0302,0.0016,0.0944,0.0454,0.0535,0.2614
Western Oklahoma State College,774,0.3682,0.6318,0.4612,0.0814,0.2377,0.0065,0.0168,0.0013,0.1034,0.0543,0.0375,0.3318
Formations Institute of Cosmetology & Barbering,31,0.2258,0.7742,0.7097,0.0323,0.1935,0,0.0323,0,0.0323,0,0,0.6567
High Plains Technology Center,123,0.6992,0.3008,0.4715,0,0.1463,0.0081,0.0488,0.0163,0.3089,0,0,0.072
Blue Mountain Community College,977,0.3889,0.6111,0.4299,0.0154,0.2989,0.0102,0.045,0.0041,0.0235,0,0.173,0.3716
Central Oregon Community College,3577,0.4621,0.5379,0.6774,0.0098,0.1476,0.0162,0.0182,0.0034,0.0498,0,0.0777,0.2416
Chemeketa Community College,6457,0.4505,0.5495,0.5074,0.0136,0.3359,0.0206,0.0183,0.0091,0.0437,0.002,0.0494,0.3393
Clackamas Community College,4575,0.4798,0.5202,0.6024,0.0269,0.1989,0.0358,0.0107,0.0046,0.0566,0.0037,0.0603,0.243
Clatsop Community College,506,0.3676,0.6324,0.4822,0.0119,0.2411,0.004,0.0059,0.0059,0.0158,0,0.2332,0.3782
College of Hair Design Careers,66,0.0152,0.9848,0.6818,0.0152,0.2576,0.0152,0,0.0152,0.0152,0,0,0.4215
Concorde Career College-Portland,186,0.1022,0.8978,0.2849,0.1129,0.3548,0.0538,0.0054,0.0054,0.0161,0,0.1667,0.5531
Sumner College,514,0.1751,0.8249,0.214,0.1401,0.0759,0.0097,0.0117,0.035,0.5019,0,0.0117,0.392
East West College of the Healing Arts,232,0.3147,0.6853,0.7629,0.0259,0.0905,0.0302,0.0216,0.0086,0.056,0,0.0043,0.3811
Eastern Oregon University,2201,0.4303,0.5697,0.6888,0.0218,0.1368,0.0082,0.0159,0.0259,0.0536,0.0073,0.0418,0.3598
New Hope Christian College-Eugene,45,0.5778,0.4222,0.5111,0,0.1778,0.0667,0.0444,0.0444,0.1111,0.0444,0,0.775
George Fox University,2505,0.4064,0.5936,0.6551,0.0164,0.1609,0.0515,0.006,0.0084,0.079,8e-4,0.022,0.2675
Phagans Grants Pass College of Beauty,43,0.0465,0.9535,0.8372,0,0.0698,0,0.0233,0,0.0465,0,0.0233,0.6389
Lane Community College,5861,0.4711,0.5289,0.6403,0.0215,0.1703,0.0254,0.0125,0.0027,0.0828,0.0188,0.0258,0.2944
Lewis & Clark College,2167,0.3636,0.6364,0.6553,0.0268,0.1246,0.0461,0,0.0023,0.0858,0.0512,0.0078,0.1928
Linfield University,1642,0.3618,0.6382,0.6041,0.0158,0.2168,0.0579,0.0055,0.0079,0.0767,0.0049,0.0104,0.2831
Linn-Benton Community College,4807,0.4481,0.5519,0.5929,0.0108,0.1333,0.0229,0.0119,0.0033,0.0526,0.0079,0.1643,0.2786
Northwest College-Beaverton,53,0.1509,0.8491,0.3019,0.0189,0.3774,0.0377,0,0.0566,0.2075,0,0,0.5238
Phagans Medford Beauty School,32,0.1875,0.8125,0.5313,0.0313,0.3438,0.0313,0.0313,0,0.0313,0,0,0.7377
Northwest College-Clackamas,31,0.0323,0.9677,0.6774,0,0.1613,0.0323,0.0323,0,0.0968,0,0,0.5946
Mount Angel Seminary,28,1,0,0.3571,0.0357,0.4643,0.0357,0,0.0357,0.0357,0.0357,0,0.2121
Mt Hood Community College,3540,0.4189,0.5811,0.5336,0.0528,0.2093,0.0771,0.0045,0.0056,0.0805,0.0169,0.0195,0.2136
Multnomah University,329,0.5502,0.4498,0.3678,0.1459,0.1884,0.0456,0.0152,0.0122,0.0912,0.1125,0.0213,0.4735
National University of Natural Medicine,28,0.0357,0.9643,0.4643,0.0714,0.0714,0,0,0,0.1071,0,0.2857,0.75
Bushnell University,533,0.4353,0.5647,0.621,0.0281,0.1407,0.0394,0.0094,0.0188,0.0807,0.03,0.0319,0.3438
Oregon Health & Science University,788,0.1815,0.8185,0.6231,0.0254,0.2132,0.0635,0.0013,0.0051,0.0558,0.0063,0.0063,0.2806
Oregon Institute of Technology,2913,0.5118,0.4882,0.6426,0.0179,0.1699,0.0649,0.0103,0.0055,0.0669,0.0096,0.0124,0.1922
Oregon State University,29557,0.5124,0.4876,0.6372,0.0211,0.126,0.083,0.0061,0.0033,0.0705,0.0287,0.0241,0.2236
University of Oregon,19758,0.4387,0.5613,0.6181,0.0266,0.1576,0.0682,0.0051,0.0038,0.0953,0.0144,0.011,0.2198
Pacific Northwest College of Art,412,0.2063,0.7937,0.6189,0.0461,0.1165,0.034,0.0049,0.0073,0.0874,0.0194,0.0655,0.4415
Pacific University,1556,0.4216,0.5784,0.4396,0.0244,0.1909,0.135,0.0026,0.0257,0.1324,0.0077,0.0418,0.2672
Phagans Beauty College,59,0.0339,0.9661,0.6271,0,0.1356,0.0169,0,0,0.2203,0,0,0.4286
Phagans Central Oregon Beauty College,101,0.0891,0.9109,0.6634,0,0.1782,0,0.0297,0,0.0792,0,0.0495,0.5275
Phagans School of Beauty,38,0.0789,0.9211,0.4737,0.0789,0.2368,0,0.0526,0,0.1053,0,0.0526,0.6543
Phagans School of Hair Design,203,0.1527,0.8473,0.6355,0.1133,0.1724,0.0296,0.0345,0.0148,0,0,0,0.5427
Summit Salon Academy-Portland,77,0.013,0.987,0.6104,0.0909,0.2597,0.039,0,0,0,0,0,0.6154
Portland Community College,18365,0.438,0.562,0.5031,0.0569,0.2244,0.079,0.0072,0.0071,0.0671,0.0079,0.0472,0.3056
Portland State University,13619,0.4353,0.5647,0.4812,0.0512,0.2278,0.0957,0.0059,0.0073,0.0817,0.0247,0.0245,0.3956
University of Portland,3104,0.3724,0.6276,0.4175,0.0274,0.1836,0.2126,0.0035,0.0142,0.0966,0.0332,0.0113,0.1858
Reed College,1407,0.4165,0.5835,0.5977,0.0135,0.1201,0.0846,0.0043,0,0.1002,0.0718,0.0078,0.1228
Rogue Community College,3395,0.4191,0.5809,0.6371,0.0121,0.2436,0.015,0.01,0.0074,0.0507,3e-4,0.0239,0.4321
Southern Oregon University,2911,0.359,0.641,0.5476,0.0189,0.1384,0.0196,0.0148,0.0151,0.1013,0.0117,0.1326,0.2434
Southwestern Oregon Community College,1199,0.382,0.618,0.6597,0.015,0.1376,0.0158,0.0275,0.0125,0.0742,0.04,0.0175,0.3612
Treasure Valley Community College,928,0.4364,0.5636,0.569,0.0108,0.2554,0.0065,0.0054,0.0054,0.0075,0.0065,0.1336,0.4447
Umpqua Community College,1974,0.3784,0.6216,0.7072,0.0208,0.1358,0.0218,0.0132,0.0056,0.0694,0.002,0.0243,0.317
Warner Pacific University,344,0.3605,0.6395,0.3401,0.1221,0.3198,0.1366,0.0174,0.0203,0.0349,0.0029,0.0058,0.464
Corban University,636,0.4088,0.5912,0.6085,0.0236,0.1509,0.022,0.0047,0.0079,0.0786,0.0063,0.0975,0.281
Willamette University,1525,0.3934,0.6066,0.6616,0.0243,0.1416,0.0393,0.0052,0.0072,0.0859,0.0131,0.0216,0.218
Western Oregon University,3211,0.3609,0.6391,0.5746,0.0336,0.2516,0.0258,0.0103,0.0149,0.066,0.0072,0.0159,0.4
University of Western States,0,0,0,0,0,0,0,0,0,0,0,0,0
Bryn Athyn College of the New Church,273,0.5128,0.4872,0.5971,0.1575,0.0623,0.0403,0,0,0.0293,0.0256,0.0879,0.4632
Albright College,1296,0.4437,0.5563,0.4529,0.2215,0.2037,0.027,0.0015,0,0.0671,0.0154,0.0108,0.5039
All-State Career School,831,0.5548,0.4452,0.0734,0.8014,0.0578,0.0156,0.0048,0,0.0325,0,0.0144,0.6713
Community College of Allegheny County,9305,0.4578,0.5422,0.6017,0.1772,0.0457,0.047,0.0025,9e-4,0.0464,1e-4,0.0786,0.2925
Allegheny College,1209,0.4839,0.5161,0.6956,0.0802,0.0794,0.0289,8e-4,0,0.0422,0.0505,0.0223,0.2515
The  Beauty Institute,61,0.0328,0.9672,0.2951,0.2459,0.3607,0,0,0,0.0492,0,0.0492,0.8108
DeSales University,2113,0.3535,0.6465,0.7042,0.0568,0.1458,0.0487,0,9e-4,0.0208,5e-4,0.0222,0.2288
Altoona Beauty School Inc,80,0.0125,0.9875,0.8375,0.05,0.05,0,0,0.025,0.0125,0,0.025,0.1296
Alvernia University,2042,0.3692,0.6308,0.6107,0.1043,0.1533,0.0152,0.0015,0,0.0323,0.0431,0.0397,0.337
The Beauty Institute-Ambler,152,0.0132,0.9868,0.3355,0.3618,0.1645,0.0066,0,0,0.0658,0,0.0658,0.8247
American College of Financial Services,3963,0.7035,0.2965,0.3967,0.0298,0.0131,0.0262,0.0025,0.0015,0.0129,0,0.5173,0
Automotive Training Center-Exton,364,0.9176,0.0824,0.4835,0.1044,0.3874,0.0055,0,0.0027,0.0165,0,0,0.5448
Clarks Summit University,331,0.5076,0.4924,0.8006,0.0514,0.0816,0.0181,0.003,0,0.0211,0.0211,0.003,0.4851
Community College of Beaver County,1092,0.4011,0.5989,0.794,0.0797,0.0385,0.0064,0.0064,9e-4,0.0467,9e-4,0.0266,0.2531
Arcadia University,1799,0.3719,0.6281,0.5598,0.1451,0.1001,0.0506,0.0056,6e-4,0.0195,0.0812,0.0378,0.2765
Bryn Mawr College,1346,0,1,0.5015,0.0505,0.1018,0.1144,7e-4,0,0.0713,0.1315,0.0282,0.1434
Bucknell University,3818,0.4717,0.5283,0.7462,0.0437,0.0796,0.0453,3e-4,3e-4,0.0398,0.0443,5e-4,0.111
Bucks County Community College,5199,0.4182,0.5818,0.67490000000000006,0.0723,0.1264,0.0598,0.0052,8e-4,0.0279,0.0021,0.0306,0.2209
Bucks County School of Beauty Culture Inc,112,0,1,0.6786,0.1518,0.0982,0.0179,0,0,0.0357,0.0089,0.0089,0.2878
Butler Beauty Academy,14,0,1,0.8571,0.0714,0,0.0714,0,0,0,0,0,0.2195
Butler County Community College,1882,0.373,0.627,0.8629,0.0271,0.0244,0.0149,5e-4,5e-4,0.0409,0.0043,0.0244,0.3477
Cabrini University,645,0.4186,0.5814,0.5039,0.2512,0.1411,0.0295,0.0031,0,0.0264,0.0062,0.0388,0.3702
Carlow University,1336,0.1654,0.8346,0.6692,0.1916,0.0412,0.0352,0.0045,7e-4,0.0389,0.0097,0.009,0.4122
Carnegie Mellon University,7187,0.4997,0.5003,0.2162,0.0424,0.108,0.3356,3e-4,4e-4,0.0541,0.1913,0.0516,0.1521
Cedar Crest College,857,0.0735,0.9265,0.4959,0.0922,0.1715,0.0303,0.0012,0,0.0268,0.0642,0.1179,0.3861
Central Penn College,721,0.3398,0.6602,0.5312,0.1734,0.104,0.0319,0.0028,0,0.0666,0.0361,0.0541,0.4266
Chatham University,1252,0.3123,0.6877,0.7508,0.0767,0.0583,0.0375,0.0024,0,0,0.0312,0.0431,0.2108
Chestnut Hill College,931,0.4211,0.5789,0.3018,0.2997,0.1321,0.0183,0,0,0.0258,0.0247,0.1976,0.4732
Cheyney University of Pennsylvania,721,0.337,0.663,0.0097,0.8585,0.025,0.0097,0.0042,0,0.0735,0.0028,0.0166,0.4103
Citizens School of Nursing,115,0.1217,0.8783,0.8696,0.0783,0.0087,0,0,0,0.0261,0.0087,0.0087,0.3448
DLP Conemaugh Memorial Medical Center,108,0.1944,0.8056,0.963,0.0185,0,0,0,0,0.0185,0,0,0.2346
Curtis Institute of Music,106,0.566,0.434,0.283,0.0283,0.0472,0.1132,0.0094,0,0.0755,0.4434,0,0.0097
Delaware County Community College,7065,0.3782,0.6218,0.4268,0.3237,0.0882,0.0545,0.0027,8e-4,0.0524,0.0127,0.0382,0.398
Delaware Valley University,1644,0.3832,0.6168,0.7184,0.0852,0.101,0.014,0.0012,6e-4,0.0328,0.0036,0.0432,0.2921
Dickinson College,2157,0.3982,0.6018,0.6504,0.0385,0.0746,0.051,0,9e-4,0.0427,0.1326,0.0093,0.1365
Douglas Education Center,200,0.235,0.765,0.8,0.055,0.08,0,0.01,0,0.05,0.005,0,0.4798
Drexel University,13509,0.5116,0.4884,0.4287,0.0918,0.0862,0.2382,9e-4,4e-4,0.0437,0.0866,0.0236,0.2516
Duquesne University,5216,0.3702,0.6298,0.7937,0.05,0.0472,0.0357,0.0015,4e-4,0.0347,0.0263,0.0105,0.1814
East Stroudsburg University of Pennsylvania,4611,0.4383,0.5617,0.5272,0.2073,0.1787,0.0178,0.0013,0.0017,0.039,0.0069,0.02,0.3987
Eastern University,1978,0.3953,0.6047,0.3943,0.2821,0.1517,0.0217,5e-4,5e-4,0.0369,0.047,0.0652,0.3566
Elizabethtown College,1815,0.4121,0.5879,0.8298,0.0353,0.0623,0.0198,0,6e-4,0.0231,0.0187,0.0105,0.1917
Empire Beauty School-Lebanon,33,0.0303,0.9697,0.3939,0.1515,0.3636,0.0303,0,0,0,0,0.0606,0.4727
Empire Beauty School-York,95,0.0421,0.9579,0.3263,0.2211,0.2211,0,0,0,0.0842,0,0.1474,0.5
Empire Beauty School-Lancaster,87,0.0115,0.9885,0.4023,0.1149,0.3563,0.0345,0,0,0.0805,0,0.0115,0.4959
Empire Beauty School-Shamokin Dam,75,0.0133,0.9867,0.5733,0.04,0.12,0,0,0,0,0,0.2667,0.4537
Empire Beauty School-Pottsville,56,0.1071,0.8929,0.625,0.0714,0.2143,0,0,0,0.0179,0,0.0714,0.549
Empire Beauty  School-Lehigh Valley,133,0.0376,0.9624,0.1654,0.1353,0.3534,0.0075,0,0,0.0902,0,0.2481,0.5802
Empire Beauty School-Gwinnett,75,0.0133,0.9867,0.0267,0.7733,0.1333,0.0133,0.0133,0,0.0267,0,0.0133,0.5926
Empire Beauty School-Wyoming Valley,137,0.0438,0.9562,0.6204,0.1679,0.1314,0.0073,0,0,0.0511,0,0.0219,0.512
Empire Beauty School-Harrisburg,150,0.02,0.98,0.1333,0.24,0.2067,0.0733,0,0,0.06,0,0.2867,0.5302
Empire Beauty School-Reading,76,0.0658,0.9342,0.2632,0.0789,0.4342,0,0,0,0.0658,0,0.1579,0.5699
Erie Institute of Technology Inc,183,0.7596,0.2404,0.8415,0.1038,0.0219,0.0219,0,0,0.0109,0,0,0.5071
Franklin and Marshall College,1904,0.4732,0.5268,0.5809,0.0509,0.1014,0.0494,0.0021,0,0.0362,0.1717,0.0074,0.1668
Gannon University,2467,0.4248,0.5752,0.6542,0.058,0.053900000000000003,0.0263,4e-4,4e-4,0.0353,0.1411,0.0304,0.22
Geneva College,1000,0.554,0.446,0.808,0.049,0.041,0.011,0.001,0.001,0.031,0.028,0.03,0.3179
Gettysburg College,2209,0.4889,0.5111,0.6388,0.0498,0.1114,0.0272,0.0014,9e-4,0.029,0.1163,0.0254,0.2099
Empire Beauty School-NE Philadelphia,119,0.0168,0.9832,0.2269,0.2773,0.2773,0.0168,0,0,0.084,0,0.1176,0.4615
Gratz College,158,0,1,0.8797,0,0,0,0,0,0,0.057,0.0633,0.0079
Grove City College,2221,0.5191,0.4809,0.9045,0.0045,0.0068,0.0207,0,0,0.0504,0.0131,0,0
Gwynedd Mercy University,1141,0.2629,0.7371,0.6205,0.1481,0.0868,0.0596,9e-4,0.0018,0.0193,0,0.0631,0.2996
Harcum College,904,0.1748,0.8252,0.2843,0.4281,0.1704,0.0254,0,0.0022,0.0277,0.0531,0.0088,0.5341
Harrisburg Area Community College,9802,0.3282,0.6718,0.5812,0.118,0.1523,0.0569,0.0022,0.001,0.0419,0.025,0.0213,0.3288
Haverford College,1421,0.4335,0.5665,0.4863,0.0521,0.1232,0.1232,0,0,0.0992,0.1084,0.0077,0.1407
Commonwealth Technical Institute,132,0.7576,0.2424,0.6364,0.1288,0.0152,0.0076,0,0,0.0152,0,0.197,0.4681
Holy Family University,2298,0.2885,0.7115,0.5387,0.1445,0.1684,0.0753,0.0013,0.0048,0.0109,0.0139,0.0422,0.3971
Immaculata University,1265,0.2846,0.7154,0.6996,0.1036,0.1233,0.0269,0,0.0016,0.0182,0.0095,0.0174,0.2139
Indiana University of Pennsylvania-Main Campus,6893,0.3807,0.6193,0.7524,0.1039,0.0527,0.0131,0.0084,4e-4,0.0413,0.0104,0.0174,0.3576
UPMC Jameson School of Nursing,332,0.1205,0.8795,0.5934,0.1295,0.0482,0.003,0.006,0,0.0572,0,0.1627,0.3275
Great Lakes Institute of Technology,303,0.0924,0.9076,0.7624,0.1155,0.0726,0.0099,0,0.0033,0.0165,0,0.0198,0.6813
Johnson College,549,0.7996,0.2004,0.7122,0.0546,0.0765,0.0073,0.0055,0.0018,0.0182,0,0.1239,0.4573
Juniata College,1175,0.4809,0.5191,0.6877,0.0485,0.0766,0.0213,9e-4,9e-4,0.0366,0.0936,0.034,0.2621
Keystone College,870,0.4989,0.5011,0.6701,0.1471,0.0782,0.0069,0.0092,0.0011,0.0322,0.0092,0.046,0.4481
King's College,1519,0.526,0.474,0.7426,0.0553,0.1231,0.029,0.0013,0,0.027,0.0125,0.0092,0.2729
Butler Beauty Academy-Kittanning Beauty Academy,39,0,1,0.9231,0.0256,0.0256,0.0256,0,0,0,0,0,0.1429
Kutztown University of Pennsylvania,6348,0.4324,0.5676,0.7135,0.0712,0.1292,0.0211,9e-4,8e-4,0.0372,0.0123,0.0139,0.3063
La Roche University,786,0.4224,0.5776,0.6183,0.0611,0.0547,0.014,0,0,0.0407,0.1705,0.0407,0.1386
La Salle University,1966,0.351,0.649,0.3983,0.2457,0.203,0.0514,0.001,0,0.0346,0.056,0.0102,0.3264
Lackawanna College,1837,0.399,0.601,0.5139,0.1606,0.1911,0.0125,0.0038,0.0016,0.0289,0.0049,0.0827,0.5814
Lafayette College,2746,0.5109,0.4891,0.6828,0.0564,0.0885,0.0371,0.0015,0,0.0455,0.0681,0.02,0.103
Lancaster Bible College,1511,0.4705,0.5295,0.6453,0.2396,0.0225,0.0113,0.0053,0.0026,0.0357,0,0.0377,0.3047
Lancaster School of Cosmetology & Therapeutic Bodywork,393,0,1,0.4529,0.0712,0.2494,0.0407,0.0025,0,0.0763,0,0.1069,0.2553
Lansdale School of Business,87,0.1034,0.8966,0.4253,0.4138,0.1494,0.0115,0,0,0,0,0,0.6222
Lansdale School of Cosmetology Inc,40,0,1,0.65,0.075,0.15,0.075,0,0,0.025,0,0.025,0.0435
Lebanon Valley College,1670,0.4419,0.5581,0.8347,0.0263,0.0647,0.0216,0.0012,6e-4,0.0329,0.0096,0.0084,0.2193
Lehigh Carbon Community College,4465,0.3619,0.6381,0.4878,0.0882,0.3272,0.0267,0.0049,0.0016,0.0267,0.0029,0.034,0.3306
Miller-Motte College-Berks Technical Institute,433,0.5935,0.4065,0.2818,0.1386,0.4965,0.0139,0,0,0.0647,0,0.0046,0.5345
Lehigh University,5803,0.5247,0.4753,0.588,0.0514,0.1086,0.108,0.0012,3e-4,0.0431,0.0755,0.024,0.178
Lincoln Technical Institute-Allentown,529,0.2892,0.7108,0.2287,0.2231,0.4272,0.0095,0.0019,0.0019,0.0548,0,0.0529,0.6402
Lincoln Technical Institute-Philadelphia,374,0.8877,0.1123,0.1497,0.4278,0.2513,0.0241,0,0.0027,0.0374,0,0.107,0.7267
Lincoln University,1712,0.34,0.66,0.0064,0.8324,0.0648,0.0012,0.0029,6e-4,0.0438,0.0269,0.021,0.663
UPMC St. Margaret School of Nursing,91,0.1319,0.8681,0.6703,0.1099,0.011,0,0,0.011,0.0879,0,0.1099,0.3125
Luzerne County Community College,3241,0.3261,0.6739,0.4983,0.0858,0.2222,0.0179,0.004,0.0015,0.0068,3e-4,0.1632,0.3543
Lycoming College,1049,0.4776,0.5224,0.6463,0.1087,0.122,0.0153,0.001,0,0.0372,0.0238,0.0458,0.4013
Manor College,462,0.2792,0.7208,0.3528,0.342,0.2403,0.0303,0.0022,0.0022,0.0152,0.0065,0.0087,0.4871
Marywood University,1821,0.3537,0.6463,0.7853,0.0264,0.1032,0.0253,0.0033,5e-4,0.0247,0.0077,0.0236,0.2919
Vet Tech Institute,199,0.0854,0.9146,0.8342,0.0603,0.0151,0.005,0.005,0,0.0503,0,0.0302,0.5442
Roxborough Memorial Hospital School of Nursing,144,0.0625,0.9375,0.4722,0.3542,0.0833,0.0486,0,0,0.0208,0,0.0208,0.477
Mercyhurst University,2217,0.4172,0.5828,0.7515,0.0559,0.0546,0.014,0.0027,5e-4,0.0068,0.0537,0.0604,0.2989
Messiah University,2318,0.4042,0.5958,0.761,0.0393,0.088,0.0397,4e-4,0.0013,0.0362,0.0263,0.0078,0.2
ASPIRA City College,12,0.5833,0.4167,0,0.0833,0.9167,0,0,0,0,0,0,0.7273
Millersville University of Pennsylvania,5610,0.4244,0.5756,0.734,0.0895,0.1055,0.033,0.003,0.0012,0.013,0.0155,0.0052,0.2669
Misericordia University,1632,0.3603,0.6397,0.81,0.0496,0.0656,0.0135,6e-4,6e-4,0.0251,0.0018,0.0331,0.1903
Montgomery County Community College,7181,0.41,0.59,0.5148,0.1681,0.1244,0.06,0.001,0.0015,0.0646,0.0192,0.0464,0.288
Moore College of Art and Design,390,0,1,0.5154,0.1641,0.0769,0.041,0.0051,0,0.0923,0,0.1051,0.4085
Moravian University,1970,0.3624,0.6376,0.6574,0.0569,0.1792,0.0239,0.0015,0.001,0.0213,0.0041,0.0548,0.2679
Mount Aloysius College,1123,0.2823,0.7177,0.7418,0.0365,0.0053,0.0107,0.0045,9e-4,0,0.0703,0.13,0.1599
Muhlenberg College,1777,0.408,0.592,0.7169,0.0501,0.1131,0.0355,0,0,0.04,0.0129,0.0315,0.2098
Neumann University,1574,0.3939,0.6061,0.493,0.3291,0.0845,0.0235,0.0013,0.0013,0.0311,0.014,0.0222,0.4233
New Castle School of Trades,623,0.8989,0.1011,0.7961,0.1461,0.0225,0.0032,0.0016,0,0.0257,0,0.0048,0.6205
Northampton County Area Community College,7512,0.3586,0.6414,0.4249,0.1319,0.283,0.025,0.0037,9e-4,0.0373,0.0055,0.0877,0.3843
Heritage Valley Health System School of Nursing,52,0.1154,0.8846,0.8077,0.1923,0,0,0,0,0,0,0,0.0256
Orleans Technical College,245,0.9143,0.0857,0.151,0.5306,0.249,0.0204,0.0245,0.0041,0,0,0.0204,0.4887
Pennsylvania Institute of Technology,661,0.1225,0.8775,0.2042,0.6021,0.0333,0.0076,0.0091,0.0045,0.0469,0.0015,0.0908,0.7834
Pennsylvania State University-Penn State Erie-Behrend College,3172,0.6334,0.3666,0.7673,0.0369,0.0445,0.0501,9e-4,6e-4,0.0309,0.0536,0.0151,0.2666
Pennsylvania State University-Penn State New Kensington,423,0.617,0.383,0.7943,0.0591,0.0615,0.0189,0.0024,0,0.0402,0.0095,0.0142,0.3152
Pennsylvania State University-Penn State Shenango,261,0.3793,0.6207,0.7931,0.1188,0.0383,0.0038,0,0,0.0383,0.0038,0.0038,0.4057
Pennsylvania State University-Penn State Wilkes-Barre,338,0.6331,0.3669,0.7959,0.0769,0.0651,0.0089,0,0.003,0.0355,0.0089,0.0059,0.3829
Pennsylvania State University-Penn State Scranton,821,0.5542,0.4458,0.6748,0.0572,0.1218,0.0999,0.0037,0,0.0256,0.0049,0.0122,0.4331
Pennsylvania State University-Penn State Lehigh Valley,902,0.5931,0.4069,0.5144,0.0798,0.2162,0.1186,0.0022,0,0.0366,0.0089,0.0233,0.3311
Pennsylvania State University-Penn State Altoona,2412,0.539,0.461,0.7235,0.0638,0.0775,0.0431,8e-4,8e-4,0.0352,0.046,0.0091,0.2584
Pennsylvania State University-Penn State Beaver,491,0.5662,0.4338,0.6986,0.0855,0.0692,0.053,0.002,0.002,0.0489,0.0326,0.0081,0.3352
Pennsylvania State University-Penn State Berks,1887,0.5835,0.4165,0.5994,0.0821,0.1457,0.0911,0.0011,0,0.0307,0.0323,0.0175,0.2873
Pennsylvania State University-Penn State Harrisburg,4154,0.6208,0.3792,0.4651,0.0985,0.0828,0.1353,7e-4,0,0.0392,0.1627,0.0156,0.2609
Pennsylvania State University-Penn State Brandywine,1218,0.6281,0.3719,0.5016,0.1757,0.0895,0.1379,0,0,0.0452,0.0279,0.0222,0.3478
Pennsylvania State University-Penn State DuBois,316,0.5854,0.4146,0.9272,0.0285,0.019,0.0063,0,0.0032,0.0127,0,0.0032,0.2541
Pennsylvania State University-Penn State Fayette- Eberly,415,0.4843,0.5157,0.8916,0.041,0.0289,0.012,0,0.0024,0.0217,0,0.0024,0.3538
Pennsylvania State University-Penn State Hazleton,508,0.5689,0.4311,0.5472,0.1024,0.2165,0.0335,0.002,0,0.0512,0.0236,0.0236,0.4778
Pennsylvania State University-Main Campus,41862,0.5275,0.4725,0.6295,0.047,0.0916,0.0714,0.0014,7e-4,0.0385,0.0979,0.022,0.1327
Pennsylvania State University-Penn State Greater Allegheny,360,0.6139,0.3861,0.5861,0.1917,0.0417,0.0722,0.0056,0,0.0639,0.0278,0.0111,0.4353
Pennsylvania State University-Penn State Mont Alto,547,0.4004,0.5996,0.7751,0.0457,0.075,0.042,0.0018,0,0.0366,0.0146,0.0091,0.2612
Pennsylvania State University-Penn State Abington,3074,0.5943,0.4057,0.4362,0.1243,0.1259,0.1949,0.002,3e-4,0.0371,0.0644,0.015,0.3835
Pennsylvania State University-Penn State Schuylkill,617,0.3679,0.6321,0.6856,0.1345,0.1037,0.0292,0.0032,0.0032,0.0211,0.0081,0.0113,0.3756
Pennsylvania State University-Penn State York,668,0.6317,0.3683,0.6272,0.0853,0.1153,0.0659,0,0,0.0374,0.0509,0.018,0.2785
Peirce College,789,0.2433,0.7567,0.1926,0.5361,0.1242,0.0279,0.0089,0.0013,0.0139,0,0.0951,0.5236
Penn Commercial Business/Technical School,223,0.3857,0.6143,0.7803,0.139,0.0045,0.0179,0.009,0,0.0359,0,0.0135,0.4486
Pennco Tech-Bristol,603,0.864,0.136,0.4378,0.2272,0.2687,0.0216,0.0017,0,0.0415,0,0.0017,0.555
Pennsylvania Academy of the Fine Arts,99,0.3232,0.6768,0.5758,0.1515,0.0505,0.0505,0.0202,0,0.0505,0.0808,0.0202,0.3246
Pennsylvania Gunsmith School,68,0.9706,0.0294,0.8824,0.0147,0.0147,0,0,0,0.0735,0.0147,0,0.3778
Cortiva Institute,137,0.1095,0.8905,0.3431,0.3723,0.1387,0.0219,0,0.0073,0.073,0,0.0438,0.2688
Pennsylvania College of Art and Design,312,0.2756,0.7244,0.6442,0.141,0.0096,0.0609,0.0064,0.0064,0.0545,0,0.0769,0.4612
University of Pennsylvania,10768,0.4468,0.5532,0.2992,0.0862,0.1091,0.278,0.0013,2e-4,0.0528,0.122,0.0512,0.1572
University of the Arts,1064,0.3449,0.6551,0.5179,0.1945,0.1541,0.0432,0.0028,0.0028,0.0207,0.0179,0.0461,0.3342
Cairn University-Langhorne,782,0.4987,0.5013,0.6113,0.078,0.0332,0.0371,0,0,0.0793,0.0614,0.0997,0.3024
Community College of Philadelphia,11312,0.3374,0.6626,0.1815,0.4402,0.1819,0.0915,0.0034,0.0022,0.04,0.0387,0.0206,0.5325
University of Pittsburgh-Bradford,980,0.4602,0.5398,0.6673,0.1163,0.0735,0.0398,0.0031,0.001,0.0357,0.0367,0.0265,0.46
University of Pittsburgh-Greensburg,1322,0.4327,0.5673,0.7481,0.0651,0.0477,0.0507,8e-4,0,0.0393,0.0197,0.0287,0.3788
University of Pittsburgh-Johnstown,1934,0.5579,0.4421,0.7265,0.0502,0.0424,0.0372,5e-4,0,0.0253,0.0207,0.0972,0.2912
University of Pittsburgh-Pittsburgh Campus,20189,0.4211,0.5789,0.6104,0.0546,0.0675,0.1489,2e-4,1e-4,0.0475,0.0493,0.0215,0.1378
University of Pittsburgh-Titusville,28,0.0357,0.9643,0.7143,0.0357,0,0.0357,0,0,0.1071,0,0.1071,0.5217
Pittsburgh Institute of Aeronautics,591,0.9323,0.0677,0.8054,0.0626,0.0558,0.0321,0.0051,0.0017,0.0305,0,0.0068,0.3771
Pittsburgh Institute of Mortuary Science Inc,369,0.2114,0.7886,0.8482,0.0921,0.0271,0.0054,0,0,0.0271,0,0,0.2518
Pittsburgh Technical College,822,0.6083,0.3917,0.8212,0.1034,0.0146,0.0073,0.0073,0.0036,0.0328,0.0024,0.0073,0.4531
Point Park University,2320,0.356,0.644,0.647,0.1371,0.1013,0.0194,0.0017,9e-4,0.0414,0.0397,0.0116,0.3707
Joseph F McCloskey School of Nursing,55,0.0545,0.9455,0.9091,0.0364,0.0364,0.0182,0,0,0,0,0,0.4219
The Salon Professional Academy-Altoona,66,0.0303,0.9697,1,0,0,0,0,0,0,0,0,0.3571
Reading Area Community College,3338,0.3143,0.6857,0.337,0.1007,0.4946,0.0159,0.0012,9e-4,0.0431,0.0045,0.0021,0.4269
Reading Hospital School of Health Sciences,270,0.1593,0.8407,0.6667,0.0778,0.163,0.037,0.0037,0,0.0407,0,0.0111,0.3822
Walnut Hill College,127,0.4724,0.5276,0.4331,0.2205,0.1339,0.0394,0,0,0.1024,0,0.0709,0.3315
Robert Morris University,2866,0.5579,0.4421,0.7282,0.0841,0.0293,0.0161,0.0017,7e-4,0.0527,0.082,0.0052,0.2209
Rosedale Technical College,405,0.9062,0.0938,0.7827,0.1407,0.0247,0.0049,0.0025,0.0025,0.042,0,0,0.5588
Rosemont College,466,0.4807,0.5193,0.2747,0.2339,0.118,0.0107,0,0,0.0258,0.015,0.3219,0.3857
Saint Francis University,1525,0.381,0.619,0.8026,0.0636,0.0236,0.0216,0.0052,7e-4,0.0315,0,0.0511,0.1784
Saint Joseph's University,4742,0.4612,0.5388,0.6786,0.0616,0.0934,0.1023,4e-4,4e-4,0.0306,0.02,0.0127,0.1815
Saint Vincent College,1264,0.6036,0.3964,0.803,0.0585,0.0506,0.0142,0,0.0016,0.0332,0.0158,0.0229,0.2686
Schuylkill Technology Center,74,0.2973,0.7027,0.7432,0.1081,0.0946,0,0,0,0.0541,0,0,0.3898
University of Scranton,3589,0.4338,0.5662,0.742,0.0357,0.1257,0.034,0.0011,0.0011,0.0267,0.0045,0.0293,0.2229
Seton Hill University,1581,0.358,0.642,0.8172,0.0626,0.0392,0.0234,0.0013,0,0.0291,0,0.0272,0.295
UPMC Shadyside School of Nursing,594,0.1246,0.8754,0.5875,0.2138,0.0606,0.0337,0.0034,0,0.064,0,0.037,0.2749
Sharon Regional School of Nursing,37,0.1622,0.8378,0.973,0.027,0,0,0,0,0,0,0,0.4063
Laurel Technical Institute,160,0.4188,0.5813,0.7,0.1688,0.0375,0.0063,0.0063,0,0.0625,0,0.0188,0.6271
Shippensburg University of Pennsylvania,4179,0.4894,0.5106,0.7346,0.1199,0.0706,0.0158,0.0012,2e-4,0.0428,0.0072,0.0077,0.296
Slippery Rock University of Pennsylvania,6728,0.4498,0.5502,0.8377,0.0421,0.0339,0.01,0.0016,6e-4,0.034,0.0291,0.011,0.2809
Saint Charles Borromeo Seminary-Overbrook,41,1,0,0.6829,0.0244,0.2195,0.0244,0,0,0.0488,0,0,0.125
South Hills Beauty Academy,282,0.0142,0.9858,0.4645,0.0284,0,0.0035,0,0,0.2943,0,0.2092,0.0952
South Hills School of Business & Technology,241,0.3154,0.6846,0.9295,0.0083,0.053900000000000003,0,0,0,0.0083,0,0,0.4816
St Lukes Hospital School of Nursing,340,0.1176,0.8824,0.6853,0.1088,0.1971,0.0088,0,0,0,0,0,0.4184
The Beauty Institute,51,0.0196,0.9804,0.2941,0.2549,0.3137,0,0,0,0.0784,0,0.0588,0.675
Susquehanna University,2120,0.4344,0.5656,0.7731,0.0656,0.0741,0.0165,9e-4,9e-4,0.0316,0.0132,0.0241,0.2388
Swarthmore College,1627,0.4856,0.5144,0.295,0.094,0.1512,0.1758,0.0043,6e-4,0.1106,0.142,0.0264,0.2001
Thaddeus Stevens College of Technology,1449,0.8916,0.1084,0.6384,0.1228,0.158,0.011,0.0055,7e-4,0.0455,0.0166,0.0014,0.4053
Talmudical Yeshiva of Philadelphia,120,1,0,0.95,0,0,0,0,0,0,0.05,0,0.2764
Temple University,21249,0.4459,0.5541,0.4628,0.1724,0.0994,0.1525,0.0021,7e-4,0.0448,0.0342,0.0311,0.3007
Thiel College,773,0.5136,0.4864,0.7995,0.1061,0.022,0.0091,0.0026,0.0026,0.0362,0,0.022,0.3905
Thomas Jefferson University,3708,0.2619,0.7381,0.4523,0.154,0.1313,0.1672,0.0016,3e-4,0.0512,0.0216,0.0205,0.3386
Triangle Tech Inc-Pittsburgh,90,0.9,0.1,0.6111,0.2667,0.0222,0,0.0333,0,0.0556,0,0.0111,0.6
Triangle Tech Inc-Greensburg,100,0.91,0.09,0.89,0.05,0.02,0,0,0,0.04,0,0,0.4059
Triangle Tech Inc-Dubois,79,0.8987,0.1013,0.9114,0.0127,0.0506,0,0,0,0.0253,0,0,0.5616
Ursinus College,1477,0.5206,0.4794,0.7488,0.0779,0.0691,0.0332,0.0027,0,0.0447,0.0027,0.021,0.1984
University of Valley Forge,471,0.4989,0.5011,0.4926,0.1507,0.2484,0.0255,0.0085,0.0021,0.0255,0.0382,0.0085,0.5079
Valley Forge Military College,83,0.8554,0.1446,0.6145,0.0602,0.0964,0.0964,0,0.0241,0.0964,0,0.012,0.3049
Venus Beauty Academy,71,0.0563,0.9437,0.6479,0.338,0.0141,0,0,0,0,0,0,0.4361
Villanova University,7005,0.4612,0.5388,0.6795,0.061,0.1088,0.0739,3e-4,0.001,0.0407,0.0188,0.016,0.1155
Washington Health System School of Nursing,39,0.1538,0.8462,0.9487,0,0,0.0513,0,0,0,0,0,0.3611
Washington & Jefferson College,1154,0.5373,0.4627,0.7669,0.0693,0.0589,0.0199,0.0035,0.0017,0.0667,0.013,0,0.2942
Waynesburg University,1081,0.4662,0.5338,0.8196,0.0786,0.0463,0.0019,0.0019,0.0083,0.0361,0.0046,0.0028,0.31
Welder Training and Testing Institute,51,0.9608,0.0392,0.7843,0.0392,0.1569,0.0196,0,0,0,0,0,0.314
West Chester University of Pennsylvania,14067,0.4088,0.5912,0.7388,0.1056,0.0763,0.0319,7e-4,1e-4,0.036,0.0023,0.0083,0.245
Western Pennsylvania Hospital School of Nursing,145,0.1379,0.8621,0.6621,0.2276,0.0345,0.0276,0,0,0.0276,0,0.0207,0.3774
Westminster College,1051,0.4805,0.5195,0.7973,0.058,0.0419,0.0095,0.0048,0.001,0.0447,0.001,0.0419,0.2474
Westmoreland County Community College,2628,0.304,0.696,0.7964,0.0415,0.0263,0.0076,0.0034,8e-4,0.0323,0.0057,0.086,0.2779
Widener University,2765,0.3978,0.6022,0.5866,0.2318,0.0803,0.0405,0.0025,0.0011,0.013,0.0159,0.0282,0.2485
Wilkes University,1893,0.4728,0.5272,0.7021,0.0581,0.1141,0.0275,0.0011,5e-4,0.0359,0.0576,0.0032,0.2975
Williamson College of the Trades,313,1,0,0.6581,0.2109,0.0671,0.0032,0.0032,0,0.0575,0,0,0.5863
Wilson College,745,0.1933,0.8067,0.7772,0.0779,0.0913,0.0054,0.0027,0.0027,0.0242,0.0107,0.0081,0.266
Yeshivath Beth Moshe,39,1,0,1,0,0,0,0,0,0,0,0,0.3714
York College of Pennsylvania,3187,0.4393,0.5607,0.7254,0.0775,0.1013,0.0217,0.0022,6e-4,0.0414,0.0088,0.021,0.2522
YTI Career Institute-York,497,0.3581,0.6419,0.5614,0.1087,0.1308,0.0282,0.002,0,0.0543,0,0.1147,0.6494
Brown University,7273,0.4925,0.5075,0.3584,0.0869,0.1218,0.2045,0.0027,0.0014,0.0808,0.1218,0.0216,0.1327
Bryant University,3236,0.6595,0.3405,0.7389,0.0445,0.081,0.0392,0.0015,9e-4,0.0287,0.0535,0.0117,0.1076
Johnson & Wales University-Providence,3913,0.3813,0.6187,0.5998,0.1086,0.1472,0.0396,0.0049,0,0.0189,0.0345,0.0465,0.3018
New England Institute of Technology,1712,0.5859,0.4141,0.5496,0.104,0.1443,0.0315,0.0047,6e-4,0.0374,0,0.1279,0.4448
New England Tractor Trailer Training School of Rhode Island,487,0.924,0.076,0.3101,0.2485,0.4148,0.0103,0.0041,0,0.0041,0,0.0082,0.7709
Providence College,4170,0.46,0.54,0.7942,0.0317,0.0844,0.0153,2e-4,7e-4,0.0264,0.0151,0.0319,0.1324
Rhode Island College,4630,0.3078,0.6922,0.4881,0.1168,0.2618,0.0341,0.0069,9e-4,0.0199,0.0024,0.0691,0.4147
Community College of Rhode Island,11455,0.383,0.617,0.4625,0.1163,0.286,0.027,0.0026,8e-4,0.0673,9e-4,0.0367,0.4298
University of Rhode Island,13822,0.4206,0.5794,0.7387,0.048,0.1147,0.0319,0.0014,4e-4,0.0376,0.0094,0.0178,0.2115
Rhode Island School of Design,2090,0.311,0.689,0.2211,0.0464,0.0876,0.2474,0.0014,0,0.0488,0.3349,0.0124,0.1404
Roger Williams University,3957,0.4872,0.5128,0.7187,0.0344,0.1094,0.0197,0.0033,5e-4,0.0275,0.0101,0.0763,0.1633
Salve Regina University,2102,0.3007,0.6993,0.7693,0.0138,0.1004,0.0181,0.001,0.0014,0.0328,0.0285,0.0347,0.1548
Empire Beauty School-Warwick,132,0.0455,0.9545,0.2121,0.1364,0.4167,0.0152,0.0076,0,0.0682,0,0.1439,0.5118
Northpoint Bible College,89,0.5843,0.4157,0.5506,0.1798,0.1798,0,0,0,0.0337,0.0562,0,0.6319
Aiken Technical College,1911,0.3354,0.6646,0.4704,0.3721,0.1015,0.011,0.0058,0.0021,0.0272,0,0.0099,0.454
Allen University,635,0.5701,0.4299,0.0031,0.9024,0.0331,0,0.0094,0,0.0252,0.0157,0.011,0.7977
Anderson University,3080,0.3679,0.6321,0.8315,0.049,0.0526,0.0162,6e-4,3e-4,0.0302,0.0143,0.0052,0.2166
Charleston Southern University,2716,0.3748,0.6252,0.5574,0.1753,0.0781,0.0118,0.0011,0.0029,0.0387,0.0247,0.1101,0.3456
Technical College of the Lowcountry,1697,0.2923,0.7077,0.4378,0.2864,0.2086,0.0088,0.0029,0.0018,0.0436,0,0.01,0.337
Benedict College,1573,0.4749,0.5251,0.0089,0.7718,0.0235,0.0045,0.0095,6e-4,0,0.1316,0.0496,0.6348
Bob Jones University,2209,0.464,0.536,0.7442,0.0163,0.0851,0.0389,0.0023,0.0032,0.0118,0.0801,0.0181,0.2923
Southern Wesleyan University,771,0.3748,0.6252,0.6926,0.166,0.0817,0.0065,0.0013,0,0.0324,0.0026,0.0169,0.2902
Charleston Cosmetology Institute,89,0.0225,0.9775,0.2472,0.5955,0.1011,0,0,0,0.0449,0,0.0112,0.3556
College of Charleston,10366,0.3235,0.6765,0.7845,0.054,0.0705,0.0204,7e-4,6e-4,0.04,0.0084,0.0209,0.1947
Charzanne Beauty College,32,0,1,0.2813,0.6563,0.0313,0.0313,0,0,0,0,0,0.7
Northeastern Technical College,849,0.278,0.722,0.3899,0.5065,0.0365,0.0012,0.02,0.0012,0.0353,0,0.0094,0.3295
Citadel Military College of South Carolina,2624,0.8567,0.1433,0.7443,0.0743,0.0899,0.0206,0.0027,0.0038,0.0473,0.0091,0.008,0.1918
Claflin University,1727,0.264,0.736,0.0116,0.9004,0.0087,0.0017,0.0058,6e-4,6e-4,0.0232,0.0475,0.7261
Clemson University,22778,0.4697,0.5303,0.7606,0.0543,0.0871,0.0284,0.0021,9e-4,0.0396,0.0076,0.0192,0.1453
Clinton College,94,0.4681,0.5319,0.0106,0.9043,0.0319,0,0,0.0106,0.0213,0,0.0213,0.7614
Coker University,807,0.43120000000000003,0.5688,0.5465,0.2503,0.0074,0.0112,0.005,0.0025,0.0867,0.0781,0.0124,0.2949
Columbia International University,690,0.5232,0.4768,0.6246,0.1957,0.013,0.0246,0.0014,0,0.0435,0.0478,0.0493,0.2827
Columbia College,1245,0.1823,0.8177,0.3815,0.3751,0.11,0.0233,0.0104,8e-4,0.0048,0.0072,0.0867,0.5313
Converse University,845,0.2675,0.7325,0.4899,0.1183,0.1302,0.0284,0.0201,0.0012,0.0343,0.0734,0.1041,0.4066
Denmark Technical College,539,0.4378,0.5622,0.1484,0.7941,0.0408,0.0037,0.0037,0.0019,0.0037,0,0.0037,0.3959
Erskine College,821,0.7089,0.2911,0.3886,0.179,0.0499,0.011,0.0037,0.0012,0,0,0.3666,0.4014
Florence-Darlington Technical College,2890,0.3287,0.6713,0.3841,0.4602,0.0093,0.0111,0.0128,3e-4,0.0242,0,0.0979,0.451
Francis Marion University,2640,0.358,0.642,0.4742,0.375,0.0545,0.0144,0.003,4e-4,0.0383,0.0303,0.0098,0.3884
Furman University,2322,0.4264,0.5736,0.7321,0.068,0.0711,0.0336,0.0026,4e-4,0.0379,0.0487,0.0056,0.1121
Greenville Technical College,8171,0.3911,0.6089,0.5546,0.1953,0.1552,0.0262,0.0032,0.001,0.0421,0.0043,0.0181,0.3253
Horry-Georgetown Technical College,5962,0.3579,0.6421,0.6193,0.2065,0.101,0.0114,0.0035,0.0012,0.0428,0.0015,0.0129,0.3907
Kenneth Shuler School of Cosmetology-North Augusta,125,0.048,0.952,0.368,0.6,0.032,0,0,0,0,0,0,0.743
Kenneth Shuler School of Cosmetology and Nails-Columbia,124,0.0323,0.9677,0.3306,0.6452,0.0242,0,0,0,0,0,0,0.8294
Lander University,3384,0.3186,0.6814,0.6486,0.2376,0.0165,0.0027,0.0062,0.008,0.0502,0.0272,0.003,0.3974
Limestone University,1528,0.5007,0.4993,0.3881,0.1918,0.1315,0.0085,0.0052,0,0.0144,0.0065,0.2539,0.4345
Medical University of South Carolina,281,0.0961,0.9039,0.7367,0.1068,0.0641,0.032,0.0036,0,0.0463,0,0.0107,0.1167
Midlands Technical College,7731,0.3865,0.6135,0.4095,0.3671,0.0891,0.0199,0.004,0.0021,0.06,0,0.0482,0.3883
Morris College,421,0.4774,0.5226,0.0119,0.9335,0.0095,0,0,0,0.0214,0,0.0238,0.8177
Newberry College,1462,0.5335,0.4665,0.4877,0.3338,0.0328,0.0075,0.0144,0.0021,0.0274,0.0397,0.0547,0.4892
North Greenville University,1719,0.4654,0.5346,0.669,0.0931,0.0535,0.0087,0.0017,6e-4,0.0297,0.018,0.1257,0.3197
Orangeburg Calhoun Technical College,1564,0.2711,0.7289,0.3318,0.5908,0.0332,0.0102,0.0038,0,0.0294,0,6e-4,0.4344
Piedmont Technical College,3988,0.3114,0.6886,0.4942,0.3786,0.077,0.0048,0.002,8e-4,0.0323,0,0.0103,0.4832
Presbyterian College,862,0.5151,0.4849,0.6148,0.1787,0.0847,0.0116,0.0012,0,0.058,0.0499,0.0012,0.2785
University of South Carolina Aiken,2805,0.3665,0.6335,0.5975,0.2232,0.0838,0.0132,0.0014,4e-4,0.0599,0.0157,0.005,0.3692
University of South Carolina Beaufort,1958,0.3253,0.6747,0.5914,0.2022,0.1144,0.0087,0.0036,0.001,0.0516,0.0199,0.0072,0.4028
University of South Carolina-Columbia,28113,0.4211,0.5789,0.7341,0.0921,0.0593,0.0446,0.0011,7e-4,0.0422,0.0151,0.0108,0.1899
University of South Carolina-Lancaster,649,0.4653,0.5347,0.6256,0.1356,0.1263,0.0231,0.0031,0.0015,0.0401,0.0354,0.0092,0.1422
University of South Carolina-Salkehatchie,290,0.4759,0.5241,0.4345,0.3172,0.0897,0.0069,0,0.0034,0.0379,0.0759,0.0345,0.204
University of South Carolina-Sumter,631,0.4675,0.5325,0.5388,0.2361,0.0887,0.0206,0.0016,0.0032,0.0634,0.038,0.0095,0.1614
University of South Carolina-Union,267,0.5506,0.4494,0.6667,0.161,0.0412,0.0075,0,0,0.0487,0.0599,0.015,0.112
Coastal Carolina University,9909,0.4497,0.5503,0.6629,0.1052,0.0587,0.0085,0.0021,9e-4,0.0354,0.0077,0.1186,0.2676
South Carolina State University,2757,0.4385,0.5615,0.0138,0.9278,0.0015,0.0018,0.0018,0.0011,0.0261,0,0.0261,0.6849
University of South Carolina-Upstate,4008,0.3438,0.6562,0.4676,0.3353,0.0911,0.0287,0.0015,0.0017,0.0492,0.015,0.01,0.4546
Spartanburg Methodist College,1029,0.4529,0.5471,0.4363,0.3246,0.1613,0.0117,0.0019,0,0.0573,0.0068,0,0.6007
Spartanburg Community College,5063,0.3808,0.6192,0.5432,0.254,0.1132,0.0286,0.001,0.0016,0.0464,0,0.012,0.3838
Central Carolina Technical College,2388,0.3065,0.6935,0.4204,0.482,0.0482,0.008,0,0.013,0.0281,0,4e-4,0.4384
Tri-County Technical College,4960,0.4671,0.5329,0.7425,0.1014,0.0784,0.0139,0.002,4e-4,0.049,0,0.0123,0.4036
Trident Technical College,11091,0.3602,0.6398,0.4931,0.3027,0.0945,0.0182,0.0032,0.0014,0.0601,0,0.0268,0.2725
Voorhees University,460,0.5152,0.4848,0.0391,0.8087,0.0348,0,0,0.0022,0.0326,0.0826,0,0.7749
Williamsburg Technical College,376,0.1941,0.8059,0.3245,0.6489,0.008,0.0027,0.0053,0.0027,0,0,0.008,0.3967
Winthrop University,3424,0.3435,0.6565,0.5091,0.3189,0.0768,0.0202,0.0026,9e-4,0.0555,0.0155,6e-4,0.3863
Wofford College,1873,0.4688,0.5312,0.8009,0.0641,0.053900000000000003,0.023,0.0027,0,0.0342,0.0214,0,0.1509
York Technical College,3813,0.3803,0.6197,0.5111,0.2623,0.10780000000000001,0.0165,0.0073,0.0016,0.0779,0,0.0155,0.3243
Augustana University,1818,0.3872,0.6128,0.7514,0.0347,0.0484,0.0209,0.0055,0.0017,0.0314,0.1045,0.0017,0.16
The Salon Professional Academy,65,0.0308,0.9692,0.7385,0,0.0154,0,0.0923,0,0.1077,0,0.0462,0.5
Black Hills State University,1935,0.337,0.663,0.8,0.0165,0.0434,0.0057,0.0419,0.001,0.016,0.015,0.0605,0.1849
Dakota State University,1969,0.68,0.32,0.7643,0.0406,0.0523,0.0249,0.0178,0.0046,0.035,0.0325,0.0279,0.1596
Dakota Wesleyan University,661,0.469,0.531,0.8018,0.0166,0.0908,0.0061,0.0151,0,0.0439,0.0227,0.003,0.2628
Paul Mitchell the School-Rapid City,79,0.038,0.962,0.49370000000000003,0.0127,0.0253,0.0127,0.1139,0,0.0506,0,0.2911,0.6364
Lake Area Technical College,1710,0.5415,0.4585,0.9064,0.0135,0.0257,0.0146,0.0251,0.0047,6e-4,0.0012,0.0082,0.2605
Avera McKennan Hospital School of Radiologic Technology,0,0,0,0,0,0,0,0,0,0,0,0,NA
Mitchell Technical College,953,0.6663,0.3337,0.8951,0.0052,0.0262,0.0105,0.0283,0,0.0273,0.001,0.0063,0.2976
Mount Marty University,702,0.5427,0.4573,0.6581,0.0726,0.0883,0.0085,0.0313,0.0014,0.0427,0.057,0.0399,0.1935
National American University-Rapid City,832,0.4916,0.5084,0.4255,0.2608,0.1587,0.0132,0.03,0.0072,0.0276,0,0.0769,0.5705
Kairos University,36,0.6389,0.3611,0.9167,0.0833,0,0,0,0,0,0,0,0
Northern State University,1239,0.4245,0.5755,0.799,0.0412,0.0517,0.0218,0.0242,8e-4,0.0363,0.021,0.004,0.1196
Oglala Lakota College,1156,0.2768,0.7232,0.0173,0,0.0035,9e-4,0.9697,0,0.0087,0,0,0.469
Avera Sacred Heart Hospital,0,0,0,0,0,0,0,0,0,0,0,0,NA
South Dakota School of Mines and Technology,2042,0.785,0.215,0.8266,0.0147,0.0563,0.0162,0.0098,5e-4,0.024,0.0127,0.0392,0.1595
South Dakota State University,8798,0.4608,0.5392,0.8567,0.0128,0.029,0.0122,0.0076,9e-4,0.0208,0.0341,0.0259,0.161
Sinte Gleska University,579,0.2107,0.7893,0.0708,0,0,0,0.9292,0,0,0,0,0.5245
University of Sioux Falls,1258,0.3951,0.6049,0.7814,0.0469,0.0652,0.0127,0.0095,0.0016,0.0636,0.0056,0.0135,0.2898
Sanford Medical Center,27,0.1481,0.8519,0.9259,0,0,0,0.037,0,0.037,0,0,0
Sisseton Wahpeton College,209,0.3684,0.6316,0.0335,0.0287,0,0.0048,0.9282,0,0,0,0.0048,0.5812
Southeast Technical College,2164,0.4506,0.5494,0.811,0.061,0.0384,0.0203,0.0282,0.0023,0.025,9e-4,0.0129,0.3229
Stewart School,148,0.0135,0.9865,0.777,0.027,0.0473,0.0135,0.0743,0,0.0473,0,0.0135,0.2947
University of South Dakota,5239,0.3483,0.6517,0.7967,0.0376,0.0573,0.0134,0.0164,2e-4,0.03,0.0365,0.012,0.1799
Western Dakota Technical College,733,0.457,0.543,0.7531,0.0164,0.0614,0.0191,0.1282,0.0041,0.0082,0.0027,0.0068,0.2786
American Baptist College,48,0.625,0.375,0,0.9583,0,0,0,0,0,0.0417,0,0.6792
Arnolds Beauty School,63,0,1,0.8889,0.0159,0.0476,0,0,0,0.0476,0,0,0.5895
Tennessee College of Applied Technology-Athens,365,0.7397,0.2603,0.8219,0.0329,0.0767,0,0.0055,0,0.0384,0.0027,0.0219,0.3232
Austin Peay State University,7365,0.4109,0.5891,0.5173,0.2153,0.1147,0.0229,0.0033,0.0027,0.0631,0.0087,0.0519,0.456
Baptist Health Sciences University,673,0.0817,0.9183,0.3893,0.4651,0.0713,0.0223,0.0059,0,0.0134,0,0.0327,0.4698
Belmont University,7306,0.3422,0.6578,0.7492,0.0531,0.095,0.0331,0.003,0.001,0.0442,0.0093,0.012,0.1852
Bethel University,1671,0.5589,0.4411,0.5021,0.3004,0.0521,0.0048,0.0042,0.0012,0.0419,0.0551,0.0383,0.3114
Bryan College-Dayton,815,0.5092,0.4908,0.8172,0.0503,0.0429,0.0098,0,0.0012,0.0123,0.0258,0.0405,0.224
Carson-Newman University,1374,0.4913,0.5087,0.7118,0.1063,0.0604,0.0095,0.0058,0.0044,0.0335,0.0553,0.0131,0.3917
Chattanooga State Community College,4689,0.3675,0.6325,0.6509,0.155,0.109,0.0168,0.0023,6e-4,0.0508,0.0051,0.0094,0.3496
Christian Brothers University,953,0.447,0.553,0.256,0.2151,0.1889,0.0189,0.0094,0.001,0.0944,0.0756,0.1406,0.3057
Pentecostal Theological Seminary,0,0,0,0,0,0,0,0,0,0,0,0,0
Austin's Beauty College Inc,98,0.0102,0.9898,0.5306,0.2653,0.1224,0,0,0.0102,0.0714,0,0,0.7738
Cleveland State Community College,1967,0.4398,0.5602,0.7773,0.0696,0.1002,0.0153,0.0107,0,0.0086,0.001,0.0173,0.2896
Columbia State Community College,3679,0.3857,0.6143,0.717,0.0764,0.1085,0.0207,0.003,5e-4,0.0516,0.0038,0.0185,0.2999
Concorde Career College-Memphis,420,0.0667,0.9333,0.0548,0.5333,0.0738,0.0071,0,0,0.0024,0,0.3286,0.7389
Cumberland University,2053,0.4545,0.5455,0.5558,0.1091,0.0891,0.0146,0.0068,0.0019,0.0312,0.055,0.1364,0.3254
Lipscomb University,3021,0.3863,0.6137,0.6796,0.0702,0.1185,0.0328,0.002,0.0013,0.0314,0.0324,0.0318,0.2118
Tennessee College of Applied Technology-Dickson,622,0.6447,0.3553,0.6752,0.1511,0.0884,0.0048,0.0032,0.0032,0.0498,0.0048,0.0193,0.4009
Dyersburg State Community College,1923,0.2855,0.7145,0.6641,0.2205,0.0499,0.0057,0.0021,5e-4,0.0374,5e-4,0.0192,0.3718
East Tennessee State University,9807,0.393,0.607,0.7344,0.0631,0.0428,0.021,5e-4,1e-4,0.0272,0.016,0.0948,0.3519
Chattanooga College Medical Dental and & Technical Careers,311,0.09,0.91,0.4469,0.3441,0.1801,0.0289,0,0,0,0,0,0.9
Tennessee College of Applied Technology-Elizabethton,497,0.5513,0.4487,0.8431,0.0503,0.0523,0.004,0.004,0,0.0322,0.004,0.0101,0.4938
The Hair Academy LLC,79,0.0253,0.9747,0.8608,0.0633,0.0759,0,0,0,0,0,0,0.6122
Fisk University,950,0.3263,0.6737,0,0.8337,0.0063,0.0116,0,0,0.0105,0.0653,0.0726,0.4827
Welch College,261,0.5287,0.4713,0.7586,0.0421,0.0843,0.0077,0,0,0.023,0.0077,0.0766,0.2725
Freed-Hardeman University,1244,0.4534,0.5466,0.8762,0.0426,0.0016,0.0105,0.0064,8e-4,0.0209,0,0.041,0.2249
Tennessee College of Applied Technology-Harriman,265,0.6264,0.3736,0.8604,0.0075,0.0566,0.0075,0,0,0.0453,0,0.0226,0.207
Tennessee College of Applied Technology-Hartsville,221,0.733,0.267,0.8009,0.0814,0.0498,0,0.0045,0,0.0452,0,0.0181,0.1893
Tennessee College of Applied Technology-Hohenwald,322,0.5373,0.4627,0.8137,0.0497,0.059,0.0093,0.0093,0.0093,0.028,0,0.0217,0.2486
Tennessee College of Applied Technology-Jacksboro,216,0.5787,0.4213,0.9491,0.0046,0.0093,0,0.0046,0.0046,0.0139,0,0.0139,0.472
Jackson State Community College,2211,0.2926,0.7074,0.6635,0.2171,0.047,0.009,0.0018,0.0014,0.0398,0.0014,0.019,0.4062
John A Gupton College,160,0.3188,0.6813,0.8313,0.1188,0.0188,0.0125,0,0,0.0188,0,0,0.3622
Johnson University,703,0.4566,0.5434,0.7809,0.0526,0.0455,0.0114,0.0028,0,0.0213,0.0413,0.0441,0.3827
Paul Mitchell the School-Murfreesboro,231,0.013,0.987,0.4762,0.303,0.0909,0.0346,0,0,0.0043,0.0043,0.0866,0.4362
King University,975,0.3969,0.6031,0.7354,0.0656,0.079,0.0051,0.0051,0.0031,0.0379,0.0492,0.0195,0.4188
South College,6323,0.1121,0.8879,0.4537,0.3781,0.0267,0.0182,0.0114,0.004,0.0639,0.0343,0.0096,0.4976
Lane College,822,0.5657,0.4343,0.0182,0.7944,0.0328,0.0024,0,0.0012,0.0097,0.0207,0.1204,0.7941
Le Moyne-Owen College,571,0.3888,0.6112,0.0053,0.9457,0.0088,0,0.0035,0,0,0.0368,0,0.7126
Lee University,2712,0.3827,0.6173,0.8182,0.045,0.0133,0.0133,0.0037,0.0022,0.052,0.0265,0.0258,0.2673
Lincoln Memorial University,1487,0.31,0.69,0.7727,0.0451,0.0511,0.0235,0.0128,0.0013,0,0.0726,0.0208,0.3635
Tennessee College of Applied Technology-Livingston,333,0.5285,0.4715,0.8288,0.012,0.0631,0.012,0.003,0,0.0511,0.003,0.027,0.18
The University of Tennessee Southern,827,0.4075,0.5925,0.7654,0.052,0.0435,0.0097,0.0024,0,0.0242,0.0774,0.0254,0.3304
Maryville College,1028,0.4621,0.5379,0.6984,0.0982,0.0632,0.0088,0.0058,0.001,0.0613,0.0632,0,0.3536
Tennessee College of Applied Technology-McKenzie,114,0.8333,0.1667,0.8421,0.0789,0.0439,0,0,0,0.0351,0,0,0.5025
Genesis Career College-Cookeville,329,0.1733,0.8267,0.4529,0.3343,0.1307,0.0122,0,0,0.0304,0,0.0395,0.8291
Tennessee College of Applied Technology-Memphis,1078,0.6744,0.3256,0.1883,0.6679,0.0696,0.0167,0.0037,0,0.0362,0.0074,0.0102,0.4389
University of Memphis,13645,0.3968,0.6032,0.3681,0.406,0.1102,0.0465,0.0021,5e-4,0.0421,0.0152,0.0092,0.3996
Middle Tennessee State University,16115,0.4833,0.5167,0.6417,0.1407,0.0972,0.0427,0.0024,9e-4,0.0401,0.0199,0.0144,0.3137
Tennessee College of Applied Technology-Morristown,613,0.7015,0.2985,0.8711,0.0212,0.0669,0.0049,0,0.0016,0.0294,0.0049,0,0.4035
Motlow State Community College,4055,0.398,0.602,0.6501,0.1129,0.1307,0.0303,0.0025,7e-4,0.0434,0.0064,0.0229,0.2877
Tennessee College of Applied Technology-Murfreesboro,601,0.7371,0.2629,0.6173,0.1364,0.1414,0.0449,0.005,0,0.0416,0.005,0.0083,0.4617
Lincoln College of Technology-Nashville,1062,0.9209,0.0791,0.5169,0.2863,0.1365,0.0028,0.0028,9e-4,0.0395,0,0.0141,0.5385
Nashville State Community College,4931,0.3608,0.6392,0.4405,0.306,0.1383,0.0371,0.0016,0.0016,0.0513,0.0079,0.0156,0.3293
Tennessee College of Applied Technology Northwest,681,0.583,0.417,0.5698,0.3128,0.0558,0.0015,0.0029,0,0.0382,0.0015,0.0176,0.324
Tennessee College of Applied Technology-Henry/Carroll,203,0.4039,0.5961,0.798,0.0985,0.0394,0,0,0,0.0394,0.0099,0.0148,0.5308
Tennessee College of Applied Technology-Pulaski,264,0.6288,0.3712,0.8144,0.0833,0.0379,0.0152,0.0076,0,0.0379,0.0038,0,0.2518
Rhodes College,1931,0.4179,0.5821,0.6204,0.0974,0.0699,0.0875,0,5e-4,0.0523,0.028,0.044,0.1508
Roane State Community College,3203,0.3437,0.6563,0.8523,0.0312,0.0471,0.0091,0.0031,9e-4,0.0347,0.0047,0.0169,0.2626
Tennessee College of Applied Technology-Crump,353,0.6516,0.3484,0.8697,0.0368,0.0198,0.0028,0.0198,0,0.034,0.0057,0.0113,0.146
Southwest Tennessee Community College,5207,0.3336,0.6664,0.2178,0.627,0.0926,0.0192,0.0025,2e-4,0.0271,0.0071,0.0065,0.4226
Tennessee College of Applied Technology-Shelbyville,366,0.7568,0.2432,0.7732,0.0683,0.1011,0.0027,0,0,0.0301,0.0055,0.0191,0.4163
The University of the South,1598,0.4687,0.5313,0.8091,0.0394,0.0645,0.0088,0.0019,0,0.0263,0.0451,0.005,0.1488
Tennessee College of Applied Technology-Oneida-Huntsville,181,0.7017,0.2983,0.9061,0,0.011,0,0,0,0.0055,0,0.0773,0.3096
Tennessee College of Applied Technology-Crossville,346,0.6098,0.3902,0.9017,0.0087,0.052,0,0.0058,0,0.0202,0,0.0116,0.419
Tennessee College of Applied Technology-McMinnville,289,0.692,0.308,0.8201,0.0415,0.0969,0.0069,0,0,0.0104,0.0035,0.0208,0.2967
Tennessee College of Applied Technology-Jackson,543,0.6943,0.3057,0.5267,0.361,0.0552,0.0055,0.0018,0,0.0276,0.0018,0.0203,0.1547
Tennessee College of Applied Technology-Knoxville,730,0.6,0.4,0.7055,0.1466,0.0658,0.0055,0.0014,0.0014,0.0466,0.0055,0.0219,0.3003
Pellissippi State Community College,6391,0.4874,0.5126,0.7475,0.0681,0.0972,0.023,0.002,5e-4,0.0397,0.0075,0.0146,0.2507
Southern Adventist University,2673,0.4594,0.5406,0.3876,0.064,0.2611,0.1373,0.0011,0.0019,0.0651,0.0677,0.0142,0.3092
Tennessee Wesleyan University,832,0.3786,0.6214,0.7476,0.0577,0.0577,0.0084,0,0,0.0228,0.0745,0.0313,0.3843
The University of Tennessee-Chattanooga,9878,0.4159,0.5841,0.6902,0.0879,0.057,0.0285,0.002,9e-4,0.035,0.0061,0.0923,0.3247
The University of Tennessee-Knoxville,28763,0.4565,0.5435,0.7925,0.0379,0.06,0.0361,0.0012,5e-4,0.052,0.0087,0.011,0.2068
The University of Tennessee-Martin,4600,0.3804,0.6196,0.7696,0.1324,0.047,0.0076,0.0015,7e-4,0.037,0.0041,2e-4,0.3429
Tennessee School of Beauty of Knoxville Inc,337,0.0237,0.9763,0.8902,0.0445,0.0593,0.003,0,0.003,0,0,0,0.2598
Tennessee State University,6498,0.3421,0.6579,0.0456,0.8503,0.0266,0.008,6e-4,2e-4,0.0268,0.0172,0.0248,0.518
Tennessee Technological University,8495,0.5491,0.4509,0.7978,0.0453,0.0518,0.0246,0.0019,0.0012,0.0275,0.019,0.031,0.3103
Trevecca Nazarene University,1697,0.3907,0.6093,0.5321,0.1019,0.152,0.0206,0.0047,0.0024,0.0418,0.1143,0.0301,0.3049
Northeast State Community College,4214,0.5017,0.4983,0.8536,0.0263,0.0527,0.0062,0.0031,2e-4,0.0358,9e-4,0.0211,0.3758
Tusculum University,903,0.5271,0.4729,0.5493,0.1783,0.0443,0.0033,0.0044,0.0022,0.0266,0.0842,0.1074,0.4518
Union University,1637,0.3592,0.6408,0.6946,0.1411,0.022,0.022,0.0012,6e-4,0.0476,0.0202,0.0507,0.2521
Vanderbilt University,7143,0.4775,0.5225,0.3888,0.1043,0.1196,0.1856,0.0045,0.0031,0.0588,0.1002,0.0351,0.1851
Volunteer State Community College,5139,0.3775,0.6225,0.7095,0.1016,0.1031,0.0115,0.0027,0.0016,0.045,0.0053,0.0198,0.3054
Walters State Community College,3781,0.3621,0.6379,0.8149,0.0294,0.0923,0.0151,0.0045,0.0013,0.0283,0.0048,0.0095,0.2801
William R Moore College of Technology,459,0.9346,0.0654,0.366,0.3747,0.1786,0.037,0,0,0.0327,0,0.0109,0.3601
Abilene Christian University,3129,0.402,0.598,0.6258,0.0678,0.1799,0.0195,0.0048,0,0.0447,0.0441,0.0134,0.2202
Alvin Community College,3451,0.4292,0.5708,0.3251,0.1608,0.4121,0.0623,0.007,0.0029,0,0.0113,0.0185,0.2312
Amarillo College,7347,0.3493,0.6507,0.3498,0.0697,0.4965,0.0275,0.008,7e-4,0.0241,0,0.0237,0.4395
Amberton University,110,0.2727,0.7273,0.2455,0.3182,0.1545,0.1,0.0182,0.0091,0,0.1364,0.0182,0.2276
Angelina College,2355,0.3278,0.6722,0.4323,0.1558,0.3257,0.0042,0.011,0,0.0268,0.0306,0.0136,0.3938
Angelo State University,5515,0.4459,0.5541,0.4341,0.0618,0.4178,0.0132,0.0022,0.0015,0.0359,0.0281,0.0054,0.2707
Arlington Baptist University,268,0.6269,0.3731,0.3843,0.2201,0.3657,0.0037,0.0075,0.0037,0.0075,0.0037,0.0037,0.5509
Arlington Career Institute,439,0.0661,0.9339,0.3576,0.2779,0.3508,0.0091,0.0023,0,0,0.0023,0,0.573
Austin College,1125,0.4791,0.5209,0.5031,0.072,0.2507,0.1084,0.008,9e-4,0.0427,0.0116,0.0027,0.3042
Austin Community College District,25969,0.4291,0.5709,0.3632,0.0903,0.4259,0.0601,0.0035,0.0027,0.0325,0.0167,0.0053,0.2309
Baldwin Beauty School-South Austin,46,0,1,0.3696,0.0217,0.3043,0.0217,0.0435,0.0217,0.1739,0,0.0435,0.5309
Baptist Health System School of Health Professions,524,0.1679,0.8321,0.126,0.0668,0.3206,0.0344,0.0038,0,0.3817,0,0.0668,0.5182
Baptist Missionary Association Theological Seminary,49,0.7755,0.2245,0.4082,0.1633,0.4082,0.0204,0,0,0,0,0,0.339
Baylor University,15007,0.4028,0.5972,0.6086,0.0501,0.1642,0.0868,0.0029,0.0016,0.0501,0.0296,0.0061,0.1298
Coastal Bend College,1793,0.3146,0.6854,0.1729,0.0284,0.7418,0.0117,0.0033,0.0011,0.0028,0,0.0379,0.2769
Blinn College District,16156,0.501,0.499,0.5706,0.0786,0.2444,0.0353,0.0069,5e-4,0.039,0.0062,0.0185,0.1987
Remington College-Dallas Campus,208,0.3798,0.6202,0.1154,0.4856,0.3365,0.0144,0.0048,0,0.0288,0.0048,0.0096,0.9204
Vet Tech Institute of Houston,190,0.1211,0.8789,0.2842,0.1632,0.4737,0.0105,0,0.0053,0.0421,0,0.0211,0.5371
Brazosport College,2827,0.4595,0.5405,0.3587,0.0775,0.4846,0.0092,0.005,0.0014,0.0216,0,0.0421,0.1763
Central Texas College,5985,0.4302,0.5698,0.3026,0.263,0.3046,0.0456,0.0055,0.0135,0.0297,0.001,0.0344,0.3112
Charles and Sues School of Hair Design,58,0,1,0.8621,0.0862,0,0,0.0172,0,0.0172,0,0.0172,0.4078
Cisco College,2913,0.3762,0.6238,0.574,0.0783,0.2777,0.0151,0.0038,0.0055,0.0426,0.0027,3e-4,0.2419
Clarendon College,1380,0.4428,0.5572,0.5442,0.0775,0.2761,0.0058,0.0167,7e-4,0.0036,0.0239,0.0514,0.2093
Concordia University Texas,1388,0.3357,0.6643,0.3494,0.1318,0.3869,0.0476,0.0043,0,0.0331,0,0.0468,0.3978
BK Cosmo College of Cosmetology,39,0.0513,0.9487,0.641,0.0513,0.3077,0,0,0,0,0,0,0.7206
North Central Texas College,5703,0.4161,0.5839,0.4797,0.1071,0.2767,0.0345,0.0096,0.0011,0.0379,0.0312,0.0221,0.2001
Texas A & M University-Corpus Christi,7804,0.4017,0.5983,0.3343,0.04,0.5346,0.0275,0.0027,0.0012,0.0313,0.0186,0.0099,0.3965
Paul Mitchell the School-Dallas,322,0.028,0.972,0.2143,0.1988,0.1398,0.0062,0.0062,0.0031,0.0559,0,0.3758,0.3653
Dallas Baptist University,2526,0.42,0.58,0.5356,0.0954,0.1568,0.0269,0.0123,0.0032,0.0071,0.0503,0.1124,0.239
Dallas Christian College,272,0.6654,0.3346,0.3934,0.1544,0.1949,0,0.011,0.011,0.2243,0.0074,0.0037,0.5219
Dallas Institute of Funeral Service,483,0.2402,0.7598,0.5921,0.1656,0.1615,0.0166,0.0104,0,0.0331,0.0021,0.0186,0.4674
University of Dallas,1403,0.4469,0.5531,0.5638,0.0306,0.2794,0.0727,0.0036,7e-4,0.0178,0.0171,0.0143,0.2636
Del Mar College,9038,0.4225,0.5775,0.1867,0.0191,0.7134,0.0232,0.0025,9e-4,0.0071,0.033,0.0141,0.3323
East Texas Baptist University,1364,0.4736,0.5264,0.6356,0.162,0.132,0.011,0.033,0.0029,0.0015,0.0117,0.0103,0.3141
Texas A&M University-Texarkana,1748,0.3913,0.6087,0.4897,0.1796,0.1934,0.0114,0.0029,0.0011,0.0521,0.0566,0.0132,0.5126
Texas A & M University-Commerce,8249,0.3976,0.6024,0.395,0.193,0.2611,0.0233,0.0035,0.0012,0.0513,0.0127,0.0589,0.405
Dallas College,41815,0.4094,0.5906,0.1381,0.2033,0.4965,0.059,0.0037,4e-4,0.0117,0.0497,0.0377,0.2291
El Paso Community College,22893,0.4314,0.5686,0.0467,0.0164,0.8302,0.0065,0.003,0.0012,0.0025,0.0113,0.0823,0.3646
Western Technical College,619,0.5444,0.4556,0.2036,0.0614,0.6139,0.0097,0.0048,0.0065,0.0953,0,0.0048,0.4672
Western Technical College,1148,0.8441,0.1559,0.149,0.0366,0.7204,0.0052,0.0148,0.0061,0.0662,0,0.0017,0.1606
Exposito School of Hair Design,25,0,1,0.52,0.04,0.36,0,0,0.04,0.04,0,0,0.6889
Fort Worth Beauty School,41,0.0244,0.9756,0.6829,0.0244,0.0488,0,0,0,0.2439,0,0,0.4945
Frank Phillips College,749,0.3765,0.6235,0.3899,0.0227,0.4566,0.0053,0.024,0,0.0093,0.0401,0.0521,0.2356
Galveston College,1524,0.3091,0.6909,0.2986,0.1857,0.4331,0.0171,0.0052,0.002,0.0276,0.0039,0.0269,0.4181
Graham's Barber College,8,0.75,0.25,0,0.875,0.125,0,0,0,0,0,0,0.5417
Grayson College,2890,0.3986,0.6014,0.5796,0.1215,0.2308,0.0215,0.0443,0.0024,0,0,0,0.3136
Hallmark University,781,0.6376,0.3624,0.2676,0.1255,0.4725,0.0384,0.0064,0.0064,0.0679,0,0.0154,0.4963
Hardin-Simmons University,1275,0.491,0.509,0.5427,0.1067,0.2635,0.0125,0.0047,0.0016,0.0361,0.029,0.0031,0.3838
Trinity Valley Community College,4793,0.3983,0.6017,0.5176,0.1273,0.2852,0.0086,0.0079,0.0015,0.0171,0.0136,0.0213,0.3013
Hill College,2269,0.3852,0.6148,0.4487,0.0688,0.2896,0.0106,0.0145,0.0018,0.019,0.0185,0.1287,0.2963
Houston Christian University,2777,0.3842,0.6158,0.1844,0.2359,0.3976,0.063,0.0025,0.0029,0.0353,0.0349,0.0436,0.5395
University of Houston-Clear Lake,6082,0.3828,0.6172,0.2992,0.0663,0.4977,0.0755,0.0013,3e-4,0.0321,0.015,0.0127,0.438
Houston Community College,37970,0.4093,0.5907,0.1066,0.2758,0.3708,0.0968,0.0015,7e-4,0.0235,0.0978,0.0265,0.3654
University of Houston-Downtown,12812,0.3821,0.6179,0.1095,0.1691,0.5856,0.0821,9e-4,9e-4,0.0243,0.019,0.0087,0.5162
University of Houston-Victoria,2630,0.3741,0.6259,0.2673,0.1316,0.4532,0.0711,0.0015,4e-4,0.0335,0.0297,0.0118,0.4396
University of Houston,37175,0.4805,0.5195,0.1724,0.1142,0.3752,0.2381,0.001,8e-4,0.0317,0.0525,0.0141,0.4089
Howard College,1588,0.2846,0.7154,0.381,0.0309,0.5202,0.0088,0.0044,6e-4,0.0353,0.0189,0,0.1932
Howard Payne University,716,0.5307,0.4693,0.5307,0.0992,0.2723,0.0084,0.0056,0.0028,0.0489,0.0014,0.0307,0.4217
Huston-Tillotson University,982,0.4695,0.5305,0.0316,0.7587,0.1629,0.0051,0.0041,0.001,0,0.0041,0.0326,0.6236
University of the Incarnate Word,4545,0.3593,0.6407,0.152,0.0741,0.6596,0.024,0.0031,0.0026,0.0255,0.0317,0.0273,0.4293
Jacksonville College-Main Campus,197,0.5482,0.4518,0.203,0.198,0.2792,0.0051,0.0051,0.0051,0.0305,0.0051,0.269,0.2357
Jarvis Christian University,730,0.4726,0.5274,0.0247,0.6247,0.189,0.0014,0.0205,0.0014,0.0151,0.0384,0.0849,0.5226
KD Conservatory College of Film and Dramatic Arts,87,0.5862,0.4138,0.2989,0.4023,0.2184,0.0345,0,0.0115,0.0345,0,0,0.598
Kilgore College,3133,0.3741,0.6259,0.4657,0.2071,0.2343,0.0118,0.0045,0.0022,0.0351,0.0185,0.0207,0.3719
Lamar University,7945,0.4034,0.5966,0.3872,0.2876,0.2389,0.0512,0.0029,8e-4,0.016,0.0102,0.0053,0.438
Lamar State College-Orange,1426,0.3177,0.6823,0.6613,0.19,0.1108,0.007,0.0042,0,0.0175,0,0.0091,0.2427
Lamar State College-Port Arthur,1455,0.3251,0.67490000000000006,0.2756,0.2921,0.367,0.0323,0.0048,0,0.0144,7e-4,0.0131,0.2869
Laredo College,5086,0.4127,0.5873,0.0222,0.0016,0.9536,0.0026,8e-4,0,0,0.0012,0.0181,0.3847
Texas A & M International University,6502,0.3968,0.6032,0.0192,0.0055,0.9173,0.0032,6e-4,0,0.0018,0.0501,0.0022,0.6333
Lee College,5118,0.5621,0.4379,0.312,0.1706,0.4543,0.0135,0.0031,0,0.0254,0.0055,0.0156,0.3157
LeTourneau University,1510,0.6325,0.3675,0.7185,0.0517,0.053,0.0219,0.0126,7e-4,0.0583,0.0497,0.0338,0.134
Lincoln College of Technology-Grand Prairie,1330,0.9135,0.0865,0.2053,0.2263,0.4985,0.0128,0.003,0.0023,0.0278,0,0.0241,0.5938
Lubbock Christian University,1210,0.3942,0.6058,0.595,0.0512,0.2595,0.0074,0.0041,0.0017,0.0149,0.0421,0.024,0.3306
College of the Mainland,3342,0.3749,0.6251,0.3471,0.1691,0.4037,0.0221,0.0048,9e-4,0.0302,6e-4,0.0215,0.2764
University of Mary Hardin-Baylor,2959,0.3758,0.6242,0.5049,0.1352,0.2761,0.0152,0.003,0.0027,0.023,0.0084,0.0314,0.3685
McLennan Community College,4997,0.301,0.699,0.4032,0.1463,0.3796,0.0162,0.004,0.002,0.0334,0.0022,0.013,0.3904
McMurry University,1108,0.5307,0.4693,0.4332,0.1426,0.3457,0.0126,0.0135,0.0018,0.0099,0.0199,0.0208,0.4492
Covenant School of Nursing and Allied Health,333,0.1712,0.8288,0.4084,0.0511,0.3514,0.0541,0,0.003,0.021,0,0.1111,0.4187
Midland College,5020,0.4034,0.5966,0.2616,0.0556,0.5984,0.0177,0.003,4e-4,0.0179,0.0259,0.0195,0.1919
Midwestern State University,4043,0.3656,0.6344,0.4316,0.1551,0.2582,0.0349,0.0111,0.0017,0.0416,0.0433,0.0225,0.4004
William Edge Institute,40,0,1,0.525,0,0.425,0.025,0.025,0,0,0,0,0.274
Wade College,205,0.1902,0.8098,0.2293,0.3659,0.3073,0.0537,0.0049,0.0049,0.0146,0,0.0195,0.6815
Southern Careers Institute-Austin,1079,0.405,0.595,0.2892,0.2363,0.3781,0.0083,0.0056,0.0046,0.038,0,0.0399,0.6536
Tint School of Makeup & Cosmetology,108,0.0185,0.9815,0.0833,0.4167,0.3426,0.1111,0,0,0,0.037,0.0093,0.5584
Navarro College,3959,0.3685,0.6315,0.4991,0.2021,0.2316,0.0086,0.0043,0.0048,0.0356,0.0109,0.003,0.3177
Lone Star College System,47486,0.4081,0.5919,0.237,0.1431,0.4534,0.0656,0.002,0,0.0357,0.0434,0.0197,0.2308
University of North Texas,33680,0.4577,0.5423,0.3591,0.1617,0.2988,0.0808,0.0031,9e-4,0.0445,0.0387,0.0125,0.3608
Northeast Texas Community College,1964,0.3289,0.6711,0.4542,0.1415,0.3422,0.0087,0.0061,5e-4,0.0234,0.0193,0.0041,0.4936
Ocean Corporation,195,0.9333,0.0667,0.5795,0.1436,0.1897,0.0051,0,0,0.0821,0,0,0.4701
Odessa College,4176,0.3501,0.6499,0.2021,0.0601,0.6928,0.0108,0.0043,5e-4,0,0.0012,0.0283,0.2553
Ogle School Hair Skin Nails-Arlington,319,0.0251,0.9749,0.2038,0.4326,0.2884,0.0031,0.0031,0,0.0564,0,0.0125,0.691
Ogle School Hair Skin Nails-Ft Worth,447,0.0157,0.9843,0.3624,0.2237,0.3378,0.0067,0.0045,0.0045,0.0425,0,0.0179,0.671
Our Lady of the Lake University,1110,0.3306,0.6694,0.0775,0.0694,0.7432,0.0045,0,0,0,0.0315,0.0739,0.5749
The University of Texas Rio Grande Valley,27026,0.416,0.584,0.0192,0.005,0.9375,0.0108,4e-4,2e-4,0.0015,0.0167,0.0087,0.6376
Texas Southmost College,3453,0.4425,0.5575,0.0243,9e-4,0.9354,0.0026,6e-4,0,0.0012,0.0035,0.0316,0.3138
Panola College,1378,0.2758,0.7242,0.5435,0.1945,0.1996,0.0073,0.0051,0,0.0261,0.0239,0,0.3198
Paris Junior College,2265,0.3801,0.6199,0.5974,0.1015,0.223,0.0084,0.0146,0.0013,0.0389,0.0093,0.0057,0.2259
Paul Quinn College,600,0.3667,0.6333,0.0617,0.6867,0.1583,0.0083,0,0.0083,0.0567,0.0083,0.0117,0.6976
Prairie View A & M University,8527,0.3305,0.6695,0.0124,0.8519,0.0742,0.0081,0.0014,7e-4,0.0349,0.0077,0.0086,0.6244
Ranger College,935,0.4353,0.5647,0.4567,0.077,0.3658,0.0032,0.0021,0,0.0406,0.0524,0.0021,0.1766
Aviation Institute of Maintenance-Houston,281,0.9039,0.0961,0.2135,0.1922,0.3843,0.1708,0,0,0.0356,0,0.0036,0.664
Rice University,4562,0.5088,0.4912,0.2648,0.0824,0.1611,0.295,0.0013,9e-4,0.052,0.1247,0.0178,0.1607
Saint Edward's University,2729,0.4016,0.5984,0.284,0.0322,0.5526,0.0238,0.004,7e-4,0.0257,0.066,0.011,0.3947
St Philip's College,10772,0.4132,0.5868,0.1503,0.1002,0.6842,0.0224,0.0022,0.0011,0.0335,0.0014,0.0047,0.2137
University of St Thomas,2826,0.4101,0.5899,0.172,0.1196,0.5354,0.1001,0.0014,0.0014,0.0156,0.0389,0.0156,0.3792
Sam Houston State University,18138,0.3709,0.6291,0.4621,0.1743,0.281,0.0213,0.0077,0.001,0.0342,0.0076,0.011,0.3985
San Antonio College,16067,0.3917,0.6083,0.1656,0.074,0.6953,0.0248,0.0022,8e-4,0.0311,0.0049,0.0013,0.3369
San Jacinto Community College,23071,0.4091,0.5909,0.1698,0.0869,0.6369,0.0472,0.0017,8e-4,0.0199,0.024,0.0128,0.303
Schreiner University,1028,0.463,0.537,0.4874,0.0564,0.3988,0.0107,0.0039,0.0029,0.0311,0.0088,0,0.4381
Seguin Beauty School-Seguin,26,0.0385,0.9615,0.3846,0,0.5769,0.0385,0,0,0,0,0,0.4507
St. Mary's University,1911,0.4071,0.5929,0.1183,0.0235,0.5484,0.0167,0.0078,0.0026,0.012,0.0853,0.1852,0.4203
South Plains College,6124,0.3893,0.6107,0.3444,0.0735,0.542,0.0206,0.0134,0.0023,0,0.0026,0.0013,0.4002
South Texas Barber College Inc,23,0.7826,0.2174,0,0,0,0,0,0,0,1,0,0.8214
South Texas Vocational Technical Institute-Weslaco,263,0.5247,0.4753,0.0114,0.0152,0.9316,0.0038,0.0038,0.0266,0.0076,0,0,0.8413
Miller-Motte College-STVT-McAllen,496,0.4294,0.5706,0.1956,0.002,0.7722,0,0,0,0.0282,0,0.002,0.7439
Southern Methodist University,7106,0.4894,0.5106,0.5835,0.0536,0.1637,0.0813,0.0037,0.0011,0.0474,0.0362,0.0296,0.1186
Southwest School of Business and Technical Careers-San Antonio,22,0.2273,0.7727,0,0.0455,0.9545,0,0,0,0,0,0,0.9535
Southwest Texas Junior College,3170,0.3782,0.6218,0.0558,0.0038,0.9199,0.006,0.0073,6e-4,0.0016,0,0.005,0.3563
Southwestern Assemblies of God University,1366,0.4963,0.5037,0.5117,0.1186,0.2679,0.011,0.0278,0.0037,0.0461,0.0124,7e-4,0.495
Southwestern University,1454,0.4505,0.5495,0.5406,0.0591,0.2834,0.0413,0.0021,0.0014,0.0475,0.0193,0.0055,0.2313
Stephen F Austin State University,8746,0.3717,0.6283,0.5659,0.1199,0.2323,0.0126,0.0049,3e-4,0.0418,0.0072,0.015,0.3679
Texas State University,34547,0.3997,0.6003,0.3917,0.0942,0.422,0.027,0.0027,9e-4,0.0319,0.0082,0.0214,0.3615
Southwestern Adventist University,574,0.4582,0.5418,0.2073,0.1115,0.5209,0.054,0.0052,0.0105,0.0418,0.0436,0.0052,0.3885
Southwestern Christian College,128,0.4219,0.5781,0,0.9063,0.0313,0,0.0078,0.0078,0.0469,0,0,0.9057
Sul Ross State University,1378,0.4412,0.5588,0.2003,0.066,0.6945,0.0044,0.0051,0.0015,0.0167,0.0022,0.0094,0.5161
Tarleton State University,12263,0.3737,0.6263,0.6374,0.0616,0.2344,0.0104,0.0072,0.0011,0.0323,0.0066,0.009,0.3711
Tarrant County College District,40214,0.4229,0.5771,0.2591,0.165,0.3655,0.0662,0.0033,0.0014,0.037,0.0126,0.0899,0.2749
Temple College,3168,0.3308,0.6692,0.3744,0.1714,0.3333,0.0199,0.0035,0.0051,0.0603,0,0.0322,0.4047
The University of Texas Health Science Center at San Antonio,864,0.2847,0.7153,0.2234,0.0556,0.5984,0.0822,0.0035,0.0023,0.0255,0.0035,0.0058,0.3516
The University of Texas Medical Branch at Galveston,559,0.1807,0.8193,0.2826,0.1002,0.288,0.2308,0.0018,0.0036,0.0698,0.0089,0.0143,0.2051
Texarkana College,1609,0.3288,0.6712,0.5301,0.3033,0.0932,0.0081,0.0044,0.0025,0.0354,0.0162,0.0068,0.2826
Texas A & M University-Kingsville,4622,0.4996,0.5004,0.1534,0.0409,0.7648,0.0058,0.0015,0.0013,0.0106,0.0203,0.0013,0.5455
Texas A & M University-College Station,59099,0.5294,0.4706,0.5408,0.0233,0.2543,0.1259,0.0023,3e-4,0.0381,0.0111,0.0039,0.1923
The University of Texas at Arlington,30834,0.4077,0.5923,0.2316,0.1449,0.3945,0.1432,0.0015,5e-4,0.0375,0.0383,0.008,0.3958
The University of Texas at Austin,42100,0.4205,0.5795,0.3157,0.0467,0.2828,0.2537,0.0012,7e-4,0.0409,0.043,0.0154,0.2511
The University of Texas at Dallas,21317,0.5654,0.4346,0.2234,0.0576,0.1807,0.422,0.0015,4e-4,0.0397,0.0437,0.0311,0.2973
The University of Texas at El Paso,20547,0.4556,0.5444,0.0375,0.0181,0.8774,0.0068,0.0016,0.001,0.0068,0.0373,0.0135,0.606
The University of Texas at Tyler,7009,0.3932,0.6068,0.5025,0.1131,0.2679,0.0407,0.0043,4e-4,0.0387,0.0198,0.0126,0.3796
Texas Christian University,10919,0.3795,0.6205,0.6413,0.0408,0.1811,0.0242,0.0023,0.0012,0.0436,0.0452,0.0204,0.1347
Texas College,644,0.6522,0.3478,0.0311,0.823,0.1009,0.0031,0.0016,0,0,0.0248,0.0155,0.8536
University of North Texas Health Science Center,17,0.2941,0.7059,0.1765,0.2353,0.2941,0.1176,0,0,0.1765,0,0,NA
Texas Lutheran University,1260,0.4651,0.5349,0.3905,0.1254,0.4103,0.019,0.0032,8e-4,0.0405,0.0032,0.0071,0.3763
The University of Texas Permian Basin,4122,0.3857,0.6143,0.2579,0.0767,0.5378,0.0175,0.0032,0.0022,0.0243,0.0665,0.0141,0.356
The University of Texas at San Antonio,29675,0.4782,0.5218,0.1882,0.0801,0.6123,0.0579,0.0011,0.0016,0.0345,0.0125,0.0119,0.4225
Texas Southern University,6619,0.3387,0.6613,0.0079,0.8583,0.0733,0.0079,0.0018,5e-4,0.0338,0.0118,0.0048,0.713
Texas Tech University,32446,0.5038,0.4962,0.5323,0.0607,0.2965,0.0331,0.0035,9e-4,0.0437,0.0178,0.0116,0.2575
Texas Wesleyan University,1671,0.4536,0.5464,0.3285,0.2256,0.2753,0.015,0.015,6e-4,0.0467,0.0802,0.0132,0.4114
Texas Woman's University,8804,0.0875,0.9125,0.2719,0.1878,0.3827,0.0927,0.0032,7e-4,0.035,0.0123,0.0139,0.4045
Trinity University,2518,0.4635,0.5365,0.5238,0.0429,0.247,0.077,0.0012,4e-4,0.052,0.0469,0.0087,0.164
The University of Texas Health Science Center at Houston,460,0.1413,0.8587,0.187,0.1239,0.3326,0.2913,0,0.0022,0.037,0.013,0.013,0.426
Texas Tech University Health Sciences Center,1374,0.1325,0.8675,0.4985,0.0888,0.3319,0.0633,0.0116,0,0,7e-4,0.0051,0.143
Tyler Junior College,9065,0.365,0.635,0.4484,0.1724,0.2757,0.0116,0.0038,9e-4,0.0499,0.0185,0.0189,0.3562
Universal Technical Institute of Texas Inc.,1823,0.9347,0.0653,0.2046,0.1574,0.5112,0.0176,0.006,5e-4,0.0455,0.0011,0.056,0.5586
UCAS University of Cosmetology Arts & Sciences-McAllen,92,0,1,0.0217,0,0.9674,0,0,0.0109,0,0,0,0.9386
Vernon College,1656,0.3508,0.6492,0.5302,0.0707,0.2935,0.0242,0.0079,0.0036,0.035,0.0042,0.0308,0.3824
Victoria Beauty & Barber College,64,0.0625,0.9375,0.25,0.125,0.4688,0,0.0156,0,0.1406,0,0,0.6276
Victoria College,2385,0.3094,0.6906,0.2994,0.0616,0.5841,0.0184,0.0029,4e-4,0.0159,0.0055,0.0117,0.3342
Vogue College of Cosmetology-McAllen,336,0.0298,0.9702,0.1042,0.0446,0.8185,0,0,0,0.0208,0.0089,0.003,0.7402
Wayland Baptist University,2090,0.4914,0.5086,0.3081,0.1809,0.3215,0.0321,0.0115,0.0263,0.0258,0.0244,0.0694,0.3952
Weatherford College,3961,0.3315,0.6685,0.6122,0.0318,0.2366,0.0151,0.0061,0.002,0.0321,5e-4,0.0636,0.1943
West Texas A & M University,6771,0.4146,0.5854,0.5131,0.0393,0.3438,0.0182,0.0062,0.0016,0.0253,0.0167,0.0359,0.3933
Western Texas College,486,0.5782,0.4218,0.2901,0.0761,0.4835,0.0062,0.0041,0,0.0247,0.1152,0,0.0783
Wharton County Junior College,4832,0.4282,0.5718,0.2461,0.1269,0.4599,0.1496,0.0023,0.0012,0.013,0,0.001,0.2652
Wiley University,636,0.4701,0.5299,0.0645,0.8428,0.0377,0.0031,0.0079,0.0079,0,0.022,0.0142,0.7708
Bridgerland Technical College,1441,0.6114,0.3886,0.8119,0.0097,0.1312,0.0076,0.0042,0.0035,0.0153,0,0.0167,0.1004
Brigham Young University,32221,0.4804,0.5196,0.8068,0.0039,0.08,0.0167,0.0019,0.0061,0.0435,0.0279,0.0132,0.3229
Brigham Young University-Hawaii,2812,0.42,0.58,0.2027,0.0032,0.0697,0.0846,0.0018,0.058,0.0935,0.4822,0.0043,0.2969
Cameo College of Essential Beauty,277,0.0181,0.9819,0.4693,0.0289,0.426,0.0433,0.0108,0.0072,0,0.0036,0.0108,0.3248
Collectiv Academy,81,0,1,0.6914,0.0123,0.2099,0.0123,0.0123,0,0.0617,0,0,0.5221
Davis Technical College,2617,0.5908,0.4092,0.7165,0.0153,0.1739,0.0141,0.0138,0.0065,0.0287,0,0.0313,0.0929
Utah Tech University,8320,0.4071,0.5929,0.7452,0.0172,0.1371,0.0125,0.0073,0.0114,0.0458,0.0184,0.005,0.223
Evans Hairstyling College-Cedar City,64,0.0313,0.9688,0.8281,0,0.1094,0,0.0156,0.0156,0.0313,0,0,0.3333
Evans Hairstyling College-St George,57,0.0351,0.9649,0.9123,0.0175,0.0702,0,0,0,0,0,0,0.2759
Paul Mitchell the School-Salt Lake City,289,0.1557,0.8443,0.6263,0.0277,0.2249,0.0104,0.0035,0.0138,0.0311,0.0035,0.0588,0.4218
Eagle Gate College-Murray,252,0.131,0.869,0.4762,0.0635,0.2024,0.0476,0.0198,0.0278,0.0119,0,0.1508,0.4828
Ensign College,5969,0.4999,0.5001,0.1124,0.0034,0.0163,0.0023,5e-4,0.0018,0.0064,0.1345,0.7224,0.1134
Ogden-Weber Technical College,2053,0.5528,0.4472,0.6391,0.018,0.2898,0.0132,0.0039,0.0029,0.0253,0,0.0078,0.1053
Snow College,3552,0.4673,0.5327,0.7117,0.0296,0.1312,0.0034,0.0053,0.0107,0.0282,0.0777,0.0023,0.2088
Southern Utah University,9533,0.439,0.561,0.7344,0.0199,0.0865,0.0138,0.0095,0.0086,0.0097,0.0517,0.0658,0.2421
Uintah Basin Technical College,324,0.6142,0.3858,0.8117,0.0093,0.108,0.0062,0.0617,0,0.0031,0,0,0.0101
Utah State University,20342,0.4552,0.5448,0.8172,0.0068,0.066,0.0078,0.0148,0.0032,0.0272,0.0065,0.0504,0.2569
Utah Valley University,27481,0.517,0.483,0.7701,0.0107,0.1334,0.0144,0.0042,0.0077,0.0369,0.0114,0.0113,0.2337
Salt Lake Community College,17247,0.4557,0.5443,0.5867,0.03,0.2555,0.0379,0.0076,0.011,0.0409,0.0171,0.0135,0.162
University of Utah,26041,0.5165,0.4835,0.6318,0.0129,0.1409,0.0616,0.0036,0.004,0.0605,0.0588,0.0258,0.201
Weber State University,15619,0.4142,0.5858,0.7163,0.0209,0.1417,0.0192,0.0055,0.006,0.0389,0.0229,0.0286,0.1642
Westminster University,882,0.3991,0.6009,0.6723,0.0204,0.1406,0.0329,0.0023,0.0159,0.0408,0.0476,0.0272,0.2508
Bennington College,759,0.3175,0.6825,0.6311,0.0343,0.1054,0.0171,0.0026,0,0.0514,0.1357,0.0224,0.2124
Champlain College,2870,0.6167,0.3833,0.6944,0.0631,0.0965,0.0408,0.0038,3e-4,0.0425,0.0021,0.0564,0.2314
Community College of Vermont,3093,0.2645,0.7355,0.8277,0.0336,0.0404,0.0213,0.0045,6e-4,0.0459,0.0045,0.0213,0.2818
Goddard College,113,0.3274,0.6726,0.5929,0.0796,0.0354,0,0.0177,0,0.115,0,0.1593,0.5268
Middlebury College,2785,0.4675,0.5325,0.5555,0.0564,0.1174,0.0783,4e-4,0,0.0747,0.1095,0.0079,0.1673
Norwich University,2490,0.7189,0.2811,0.6763,0.045,0.1004,0.0273,0.0044,0.0012,0.0594,0.0574,0.0285,0.2445
O'Briens Aveda Institute,85,0.0353,0.9647,0.9412,0.0118,0.0118,0.0118,0,0,0.0235,0,0,0.3286
Saint Michael's College,1157,0.4572,0.5428,0.8168,0.0346,0.0622,0.0138,0.0035,0,0.0285,0.0389,0.0017,0.177
SIT Graduate Institute,0,0,0,0,0,0,0,0,0,0,0,0,NA
Sterling College,66,0.4545,0.5455,0.7273,0,0.0455,0.0303,0,0,0.1061,0.0606,0.0303,0.3465
Vermont State University,3567,0.4357,0.5643,0.7796,0.0449,0.0479,0.0151,0.0042,8e-4,0.0348,0.0297,0.0429,0.3148
University of Vermont,11614,0.3635,0.6365,0.8353,0.0081,0.0536,0.0266,4e-4,1e-4,0.0401,0.0094,0.0264,0.1283
Paul Mitchell the School-Roanoke,73,0.0411,0.9589,0.4932,0.2192,0.0137,0.0274,0,0,0.1233,0,0.1233,0.589
Advanced Technology Institute,377,0.9045,0.0955,0.443,0.3316,0.1273,0.0159,0.0106,0.008,0.0531,0.0027,0.008,0.3551
Averett University,1162,0.5,0.5,0.4897,0.2728,0.0542,0.012,0.006,0.0034,0.0499,0.0904,0.0215,0.3904
Blue Ridge Community College,2677,0.4057,0.5943,0.6477,0.0616,0.1547,0.025,0.0037,4e-4,0.0355,0.0187,0.0527,0.3346
Bluefield University,683,0.5505,0.4495,0.593,0.1977,0.06,0.0059,0.0073,0.0015,0.0176,0.0176,0.0996,0.4567
Bridgewater College,1388,0.5086,0.4914,0.6664,0.116,0.0785,0.013,0.0036,7e-4,0.0512,0.0331,0.0375,0.2939
William & Mary,6949,0.4103,0.5897,0.6074,0.0587,0.0888,0.1163,7e-4,4e-4,0.0668,0.0389,0.022,0.1208
Regent University,4282,0.3865,0.6135,0.4435,0.2522,0.1177,0.0161,0.0072,0.0054,0.0432,0.0056,0.1091,0.48
Central School of Practical Nursing,24,0,1,0.2917,0.625,0.0833,0,0,0,0,0,0,0.2973
Central Virginia Community College,2144,0.4202,0.5798,0.5798,0.2402,0.0583,0.0135,0.0056,5e-4,0.0714,0.0075,0.0233,0.3312
Christopher Newport University,4402,0.4782,0.5218,0.7213,0.0852,0.0822,0.0416,0.0011,9e-4,0.0545,0.0025,0.0107,0.1457
Bryant & Stratton College-Virginia Beach,1327,0.162,0.838,0.2555,0.5712,0.0708,0.0188,0.0023,0.0038,0.0648,8e-4,0.0121,0.6187
Mountain Gateway Community College,457,0.4026,0.5974,0.7746,0.0722,0.0569,0.0066,0.0153,0,0.0503,0,0.0241,0.2442
Danville Community College,1371,0.3735,0.6265,0.515,0.3611,0.0686,0.0051,7e-4,7e-4,0.0284,0.0036,0.0168,0.3659
Centura College-Virginia Beach,8,0.625,0.375,0.375,0.5,0,0,0,0,0.125,0,0,0.7064
Emory & Henry University,1107,0.4607,0.5393,0.6784,0.121,0.0361,0.0099,0.0045,0.0027,0.0352,0.0343,0.0777,0.4085
Eastern Mennonite University,800,0.4125,0.5875,0.5625,0.1325,0.1175,0.0275,0.0013,0.0013,0.0388,0.0538,0.065,0.2691
Eastern Shore Community College,433,0.3557,0.6443,0.3649,0.3233,0.1986,0.0069,0.0046,0.0023,0.037,0.0277,0.0346,0.3663
Ferrum College,745,0.6201,0.3799,0.4792,0.2148,0.0698,0.0054,0.0013,0,0.0497,0.0121,0.1678,0.4651
George Mason University,27083,0.51,0.49,0.3295,0.1234,0.1744,0.2357,0.0011,9e-4,0.0561,0.0473,0.0316,0.2951
Germanna Community College,5469,0.3637,0.6363,0.484,0.1867,0.1781,0.043,0.0027,0.0015,0.0653,0.0073,0.0314,0.2512
Hampden-Sydney College,876,0.9989,0.0011,0.7785,0.0822,0.0639,0.008,0.0011,0.0011,0.0491,0.0057,0.0103,0.22
Hampton University,3254,0.323,0.677,0.0037,0.9757,0.0046,6e-4,0.0015,3e-4,0,0.012,0.0015,0.3806
Hollins University,673,0,1,0.6048,0.1486,0.1025,0.0208,0.003,0.0015,0.049,0.0624,0.0074,0.3314
J Sargeant Reynolds Community College,5284,0.3908,0.6092,0.4101,0.31,0.1026,0.0659,0.0032,0.0025,0.0484,0.0335,0.0238,0.3004
James Madison University,20497,0.4307,0.5693,0.7455,0.0447,0.0787,0.0494,0.0012,0.0013,0.0513,0.0071,0.0208,0.1683
Brightpoint Community College,5548,0.425,0.575,0.4771,0.2385,0.1518,0.036,0.0036,9e-4,0.0506,0.0119,0.0296,0.2138
Liberty University,50059,0.4457,0.5543,0.576,0.0983,0.0744,0.0173,0.004,0.0023,0.0414,0.0085,0.1777,0.3908
Longwood University,2957,0.303,0.697,0.7169,0.1038,0.0727,0.0162,0.0017,3e-4,0.0524,0.0169,0.0189,0.26
Laurel Ridge Community College,3167,0.353,0.647,0.6435,0.0619,0.1696,0.0221,0.0038,3e-4,0.0445,0.0155,0.0388,0.1788
University of Lynchburg,1599,0.3809,0.6191,0.5891,0.0932,0.0744,0.0163,0.0025,0.0019,0.0463,0.0694,0.1069,0.2731
Centra College,212,0.1132,0.8868,0.6698,0.1321,0.0236,0.0142,0,0,0.066,0,0.0943,0.4367
Mary Baldwin University,1188,0.2416,0.7584,0.4966,0.2626,0.0842,0.0168,0.0025,8e-4,0.0564,0.0101,0.0699,0.4833
University of Mary Washington,3504,0.3716,0.6284,0.5976,0.0799,0.1333,0.0479,0.0017,0,0.0519,0.0217,0.0659,0.2024
Marymount University,1795,0.3877,0.6123,0.2969,0.1471,0.2641,0.0719,0,0.0011,0.0479,0.1192,0.0518,0.2211
Sovah School of Health Professions,20,0.1,0.9,0.9,0,0.1,0,0,0,0,0,0,0.3043
Mountain Empire Community College,1240,0.3855,0.6145,0.9185,0.0226,0.0258,0.0032,8e-4,0,0.0234,0,0.0056,0.4149
American National University,643,0.1866,0.8134,0.437,0.3841,0.0218,0.0886,0.0187,0.0047,0.0311,0,0.014,0.7147
New River Community College,1917,0.5055,0.4945,0.8039,0.0522,0.0496,0.0115,0.0037,0,0.0339,0.0172,0.0282,0.2085
Sentara College of Health Sciences,239,0.0502,0.9498,0.6234,0.1297,0.0711,0.1088,0,0.0042,0.0544,0,0.0084,0.3449
Tidewater Tech-Trades,514,0.8755,0.1245,0.2607,0.5409,0.0895,0.0156,0.0136,0.0058,0.0739,0,0,0.6872
Norfolk State University,5495,0.3301,0.6699,0.0198,0.8422,0.0508,0.002,0.0015,0,0.0575,0.0153,0.0109,0.6219
Northern Virginia Community College,31737,0.4886,0.5114,0.263,0.1523,0.2947,0.1505,0.002,0.0021,0.0435,0.0512,0.0408,0.1986
Old Dominion University,17521,0.4564,0.5436,0.4136,0.3225,0.1064,0.0536,0.0021,0.0027,0.0697,0.0118,0.0178,0.3694
Patrick & Henry Community College,1411,0.4592,0.5408,0.5322,0.2459,0.1269,0.0064,7e-4,7e-4,0.0461,0.0184,0.0227,0.4584
Paul D Camp Community College,605,0.3421,0.6579,0.4231,0.4744,0.0413,0.0066,0.0066,0.0017,0.0248,0.0033,0.0182,0.2727
Southside College of Health Sciences,91,0.0769,0.9231,0.6703,0.2198,0.011,0.022,0.044,0,0.022,0,0.011,0.3107
Piedmont Virginia Community College,3032,0.3971,0.6029,0.5577,0.16,0.1247,0.0445,0.0033,0.0013,0.0524,0.0122,0.0439,0.2539
Radford University,5609,0.351,0.649,0.6641,0.1433,0.0838,0.0164,0.0023,9e-4,0.0533,0.0082,0.0276,0.3537
Sylvain Melloul International Hair Academy,153,0.1503,0.8497,0.4902,0.4052,0.085,0.0131,0,0,0.0065,0,0,0.6083
Randolph-Macon College,1489,0.4627,0.5373,0.7448,0.0873,0.0551,0.0255,0.0013,7e-4,0.0598,0.0114,0.0141,0.202
Randolph College,520,0.3981,0.6019,0.5712,0.2115,0.1077,0.0269,0.0058,0.0038,0.0346,0.0385,0,0.4059
Rappahannock Community College,1318,0.327,0.673,0.6062,0.22,0.0622,0.0114,0.0076,8e-4,0.0615,0.0068,0.0235,0.2489
Fortis College-Norfolk,431,0.0557,0.9443,0.0835,0.7935,0.0325,0.0186,0.0046,0.007,0.0464,0,0.0139,0.6619
Richard Bland College,799,0.4456,0.5544,0.3805,0.3905,0.0613,0.0075,0.01,0,0.0989,0.035,0.0163,0.1437
Bon Secours Memorial College of Nursing,527,0.0892,0.9108,0.63,0.2543,0.0095,0.0626,0.0076,0,0.0361,0,0,0.2058
University of Richmond,3002,0.46,0.54,0.6103,0.0626,0.1009,0.0613,0.001,3e-4,0.0436,0.1066,0.0133,0.1755
Riverside College of Health Careers,325,0.0892,0.9108,0.5631,0.2585,0.0585,0.0338,0.0031,0.0031,0.0769,0,0.0031,0.4792
Roanoke College,1801,0.4564,0.5436,0.7735,0.0639,0.0655,0.0183,0.0033,0.0011,0.0383,0.0361,0,0.2432
Bon Secours St Mary's Hospital School of Medical Imaging,31,0.129,0.871,0.8065,0.1613,0,0.0323,0,0,0,0,0,0.2222
Shenandoah University,2127,0.4335,0.5665,0.6027,0.0874,0.1086,0.0306,0.0108,0.0038,0.0324,0.0028,0.1208,0.1865
Southeastern Free Will Baptist Bible College,74,0.5541,0.4459,0.9189,0,0.0405,0.0135,0.0135,0,0.0135,0,0,0.3649
Southern Virginia University,967,0.516,0.484,0.7601,0.0527,0.0693,0.0083,0.0052,0.031,0.0527,0.0196,0.001,0.4329
Southside Virginia Community College,1835,0.3341,0.6659,0.4632,0.4158,0.0501,0.0071,0.0022,5e-4,0.036,0.0054,0.0196,0.3419
Southwest Virginia Community College,1600,0.3581,0.6419,0.9019,0.0313,0.0188,0.0044,0.0031,0,0.0231,0.0094,0.0081,0.4508
Staunton School of Cosmetology,25,0.12,0.88,0.76,0.16,0.08,0,0,0,0,0,0,0.5313
Strayer University-Virginia,2010,0.3368,0.6632,0.2483,0.5338,0.0975,0.0433,0.0055,0.003,0.0493,0.004,0.0154,0.5469
Sweet Briar College,463,0,1,0.6803,0.0907,0.0475,0.0281,0.0108,0.0022,0.0086,0.095,0.0367,0.3129
Virginia Peninsula Community College,3901,0.424,0.576,0.4301,0.2953,0.1187,0.0349,0.0038,0.0031,0.0774,0.0064,0.0302,0.2876
Tidewater Community College,11797,0.4136,0.5864,0.4085,0.3107,0.1208,0.0484,0.004,0.0042,0.0702,0.0092,0.024,0.2905
University of Virginia's College at Wise,1214,0.4127,0.5873,0.5025,0.0931,0.0132,0.0181,0.0016,0,0.0107,0,0.3608,0.3298
Virginia Highlands Community College,1335,0.3573,0.6427,0.8861,0.0315,0.0375,0.006,0.0022,7e-4,0.0255,7e-4,0.0097,0.4197
Virginia Polytechnic Institute and State University,30435,0.5717,0.4283,0.5818,0.0616,0.1031,0.1276,0.001,9e-4,0.055,0.0438,0.0252,0.1501
Virginia Western Community College,3777,0.4125,0.5875,0.6635,0.1337,0.0781,0.0349,0.0029,0.0013,0.0537,0.0106,0.0212,0.2974
Virginia Commonwealth University,20797,0.3637,0.6363,0.4058,0.2165,0.1166,0.142,0.0025,0.0014,0.0803,0.0175,0.0174,0.2971
University of Virginia-Main Campus,17315,0.4342,0.5658,0.5045,0.0757,0.0736,0.1912,0.0013,5e-4,0.0579,0.0459,0.0494,0.1371
Virginia Military Institute,1560,0.8692,0.1308,0.7173,0.0712,0.0936,0.05,0.0038,0.0071,0.0391,0.0154,0.0026,0.1647
Asher Institute of Hampton,118,0.4068,0.5932,0.0508,0.8898,0.0254,0,0,0,0.0169,0,0.0169,0.368
Virginia University of Lynchburg,170,0.9,0.1,0.0059,0.9059,0.0059,0,0,0,0,0,0.0824,0.7853
Virginia State University,4787,0.4042,0.5958,0.0257,0.9294,2e-4,0.0031,0.0025,0,0,0.0063,0.0328,0.71
Virginia Union University,1153,0.4788,0.5212,0.0113,0.889,0.0243,0,0.0017,0.0052,0.0338,0.0104,0.0243,0.5064
Virginia Wesleyan University,1243,0.4377,0.5623,0.5012,0.2277,0.103,0.0257,0.0177,0,0.0603,0.0314,0.033,0.2617
Washington and Lee University,1884,0.4857,0.5143,0.7006,0.0441,0.0844,0.043,0.0016,0.0016,0.0451,0.0706,0.009,0.1109
Wytheville Community College,1229,0.3035,0.6965,0.8617,0.0358,0.0618,0.0065,0.0024,0,0.022,8e-4,0.009,0.3247
Bellevue College,6901,0.4446,0.5554,0.3236,0.053,0.1336,0.1969,0.0014,0.0016,0.0794,0.1069,0.1035,0.0977
Bellingham Technical College,1523,0.4734,0.5266,0.5883,0.0151,0.1733,0.0552,0.0085,0.0013,0.0716,7e-4,0.086,0.3113
Big Bend Community College,1281,0.4239,0.5761,0.3825,0.0148,0.4926,0.0078,0.0023,8e-4,0.0351,0,0.064,0.2944
Central Washington University,8081,0.4702,0.5298,0.5569,0.0501,0.2175,0.0408,0.0057,0.0085,0.0797,0.0243,0.0165,0.3114
Centralia College,1476,0.4275,0.5725,0.5942,0.0325,0.1944,0.0149,0.0102,0.0034,0.0745,0.0014,0.0745,0.209
City University of Seattle,1091,0.44,0.56,0.2081,0.0651,0.1201,0.0577,0,0.0064,0.0266,0.0229,0.4931,0.1284
Paul Mitchell the School-Richland,288,0.1285,0.8715,0.3854,0.0104,0.4792,0.0069,0.0208,0.0035,0.0799,0.0035,0.0104,0.6291
Clark College,4699,0.3946,0.6054,0.54990000000000006,0.034,0.1892,0.0534,0.0047,0.0045,0.0745,0.0089,0.0809,0.2211
Clover Park Technical College,2417,0.3724,0.6276,0.3868,0.1365,0.156,0.0625,0.0058,0.0108,0.103,0.0037,0.1349,0.1797
Columbia Basin College,4226,0.3855,0.6145,0.3398,0.0137,0.5166,0.0232,0.0028,9e-4,0.0409,0.0021,0.0599,0.2406
Cornish College of the Arts,480,0.3125,0.6875,0.6625,0.0479,0.0063,0.0479,0.0125,0,0.0771,0.0208,0.125,0.3002
Divers Institute of Technology,279,0.9498,0.0502,0.6918,0.0502,0.1326,0.0179,0.0251,0.0036,0.0717,0,0.0072,0.3731
Eastern Washington University,6517,0.4382,0.5618,0.5967,0.0443,0.1947,0.0235,0.013,0.0057,0.0658,0.0049,0.0513,0.3451
Edmonds College,3354,0.4454,0.5546,0.3345,0.0894,0.1422,0.1437,0.0045,0.0021,0.071,0.1088,0.1038,0.1457
Everett Community College,4378,0.4246,0.5754,0.4516,0.0439,0.191,0.0937,0.0046,0.0043,0.0745,0.032,0.1046,0.1574
The Evergreen State College,2042,0.381,0.619,0.573,0.0622,0.1518,0.0196,0.0333,0.0034,0.0872,0,0.0695,0.4108
Pierce College District,4487,0.3599,0.6401,0.3746,0.1043,0.2006,0.0809,0.0065,0.0143,0.1128,0.0294,0.0767,0.2019
Glen Dow Academy of Hair Design,90,0.0556,0.9444,0.7333,0.0333,0.0333,0.0111,0.0111,0.0111,0.0444,0,0.1222,0.3659
Gonzaga University,5098,0.467,0.533,0.6338,0.0124,0.1326,0.0671,0.0047,0.0031,0.0806,0.0506,0.0151,0.1326
Grays Harbor College,1058,0.4168,0.5832,0.5416,0.0359,0.2146,0.0236,0.0255,0.0019,0.0737,9e-4,0.0822,0.2814
Green River College,4573,0.4935,0.5065,0.2736,0.0921,0.1594,0.1327,0.0061,0.0061,0.0768,0.1472,0.1061,0.1943
Toni & Guy Hairdressing Academy-Shoreline,127,0.1969,0.8031,0.4409,0.1496,0.252,0.0945,0.0157,0,0.0079,0,0.0394,0.3452
Heritage University,782,0.2251,0.7749,0.0818,0.0064,0.7276,0.0141,0.1368,0,0.0153,0.0038,0.0141,0.6269
Highline College,3487,0.3631,0.6369,0.1821,0.1919,0.1982,0.1672,0.0049,0.0098,0.0705,0.0714,0.1041,0.1712
International Air and Hospitality Academy,132,0.2879,0.7121,0.3864,0.1591,0.2273,0.0152,0.0152,0,0.0227,0,0.1742,0.6407
Bastyr University,58,0.1552,0.8448,0.7759,0.069,0.0345,0,0.0172,0.0172,0.0862,0,0,0.3784
Bates Technical College,1613,0.6293,0.3707,0.3732,0.1141,0.173,0.0508,0.0068,0.0099,0.0918,0.0037,0.1767,0.089
Lake Washington Institute of Technology,2179,0.4006,0.5994,0.402,0.0574,0.1744,0.1152,0.0046,0.0018,0.0679,0.0776,0.0991,0.1197
Lower Columbia College,1743,0.2811,0.7189,0.6575,0.0258,0.1423,0.0184,0.0103,0.0046,0.078,0.0126,0.0505,0.3113
BJ's Beauty & Barber College,26,0.8462,0.1538,0.1538,0,0.5,0.1538,0,0.1923,0,0,0,0.1742
North Seattle College,2792,0.3994,0.6006,0.3263,0.1261,0.1999,0.1035,0.0032,0.0032,0.0824,0.0398,0.1157,0.1365
Northwest University,642,0.3832,0.6168,0.6168,0.0639,0.1324,0.0467,0,0.0016,0.081,0.0374,0.0202,0.2306
Olympic College,3263,0.422,0.578,0.4597,0.0359,0.1321,0.0693,0.0101,0.0104,0.1125,0.0132,0.1569,0.1645
Perry Technical Institute,973,0.816,0.184,0.3094,0.0082,0.5961,0.0082,0.0195,0.0062,0.0216,0.0206,0.0103,0.4931
Pacific Lutheran University,2350,0.3621,0.6379,0.4591,0.0489,0.1877,0.1136,0.0085,0.0243,0.1128,0.0362,0.0089,0.3277
Peninsula College,1139,0.3828,0.6172,0.5241,0.0378,0.1361,0.0158,0.043,0.0018,0.1071,0.0334,0.101,0.3076
University of Puget Sound,1631,0.4335,0.5665,0.6744,0.0319,0.1036,0.0644,0.0055,0.0031,0.0895,0.0055,0.0221,0.1671
Renton Technical College,1539,0.4997,0.5003,0.2177,0.1793,0.2001,0.193,0.0026,0.0078,0.0741,0.0052,0.1202,0.18
Saint Martin's University,1254,0.4131,0.5869,0.3772,0.075,0.244,0.1021,0.0088,0.0502,0.1204,0.0159,0.0064,0.3978
South Seattle College,1495,0.5712,0.4288,0.2522,0.1813,0.1839,0.1666,0.0067,0.0067,0.0676,0.0408,0.0943,0.0981
Seattle Central College,3879,0.438,0.562,0.2575,0.1694,0.1356,0.1549,0.0028,0.0034,0.0742,0.1026,0.0995,0.2147
Seattle Pacific University,2073,0.3314,0.6686,0.3772,0.0815,0.1852,0.1616,0.0024,0.0068,0.0984,0.0603,0.0265,0.3318
Seattle University,4117,0.393,0.607,0.3131,0.0651,0.1535,0.2684,0.0019,0.0097,0.102,0.077,0.0092,0.2161
Shoreline Community College,3109,0.4226,0.5774,0.3345,0.0801,0.1293,0.1328,0.0064,0.0019,0.0737,0.1373,0.1039,0.1256
Skagit Valley College,2581,0.4262,0.5738,0.4564,0.0213,0.2859,0.0391,0.0093,0.0019,0.0682,0.0093,0.1085,0.2819
South Puget Sound Community College,2692,0.4153,0.5847,0.4799,0.0423,0.1768,0.0676,0.0067,0.0074,0.0958,0.0234,0.0999,0.2291
Spokane Community College,4114,0.3911,0.6089,0.6262,0.0365,0.123,0.0255,0.0151,0.0041,0.0717,0.0114,0.0865,0.2775
Spokane Falls Community College,2881,0.4141,0.5859,0.6269,0.0351,0.1191,0.0219,0.0139,0.0052,0.083,0.0142,0.0809,0.2909
Stylemaster College of Hair Design,64,0.0469,0.9531,0.8906,0.0156,0.0781,0,0.0156,0,0,0,0,0.6267
Tacoma Community College,4248,0.3416,0.6584,0.339,0.1012,0.1817,0.0855,0.0075,0.012,0.1304,0.0374,0.1052,0.2432
Walla Walla Community College,2372,0.5185,0.4815,0.4882,0.0607,0.301,0.0152,0.0122,0.003,0.0485,0.0038,0.0675,0.2896
Walla Walla University,1214,0.5181,0.4819,0.4794,0.0346,0.2339,0.0552,0.0016,0.0099,0.0947,0.0807,0.0099,0.2515
Washington State University,21583,0.4703,0.5297,0.5893,0.0291,0.1748,0.0688,0.0057,0.0064,0.0778,0.0279,0.0202,0.2559
University of Washington-Seattle Campus,31588,0.4323,0.5677,0.3389,0.0393,0.0974,0.2725,0.0029,0.0031,0.0793,0.127,0.0396,0.1546
Wenatchee Valley College,1762,0.3757,0.6243,0.3593,0.0108,0.4926,0.0131,0.0204,0,0.0409,6e-4,0.0624,0.2705
Western Washington University,13574,0.4244,0.5756,0.6939,0.0198,0.1098,0.058,0.0036,0.0021,0.0911,0.008,0.0136,0.2076
Whatcom Community College,2280,0.4557,0.5443,0.5346,0.0171,0.1491,0.0654,0.0101,0.0018,0.0667,0.0241,0.1311,0.1859
Whitman College,1523,0.4314,0.5686,0.5798,0.0289,0.1169,0.0545,0.002,0,0.0624,0.1399,0.0158,0.1467
Whitworth University,1927,0.4458,0.5542,0.6357,0.0254,0.1235,0.0379,0.0042,0.0192,0.0996,0.0493,0.0052,0.2799
Yakima Valley College,2539,0.3029,0.6971,0.2611,0.0067,0.6164,0.0118,0.0114,8e-4,0.0311,0.0028,0.0579,0.3794
Appalachian Beauty School,43,0.0465,0.9535,1,0,0,0,0,0,0,0,0,0.8197
Appalachian Bible College,168,0.5774,0.4226,0.9167,0.0298,0.006,0,0,0,0,0.0357,0.0119,0.4091
B M Spurr School of Practical Nursing,16,0.0625,0.9375,1,0,0,0,0,0,0,0,0,0.4815
Ben Franklin Career Center,99,0.6263,0.3737,0.7778,0.1717,0.0101,0.0101,0,0,0.0303,0,0,0.5412
Bethany College,642,0.595,0.405,0.4751,0.1807,0.0436,0.0062,0.0016,0.0016,0.0421,0.0732,0.176,0.4097
Bluefield State University,1231,0.3972,0.6028,0.7222,0.1714,0.0406,0.0024,0,0,0.0512,0.0041,0.0081,0.4075
Cabell County Career Technology Center,26,0.9615,0.0385,0.8077,0.0769,0,0.0385,0,0,0.0769,0,0,0.5161
Charleston School of Beauty Culture,54,0.2778,0.7222,0.7037,0.1667,0.0185,0,0,0,0.1111,0,0,0.7222
University of Charleston,2083,0.6135,0.3865,0.6635,0.0864,0.0807,0.012,0.0014,0.0024,0.0461,0.0739,0.0336,0.2863
Clarksburg Beauty Academy and School of Massage Therapy,58,0.069,0.931,0.9138,0.069,0.0172,0,0,0,0,0,0,0.75
Concord University,1394,0.411,0.589,0.8013,0.0803,0.0072,0.0065,0.0043,0,0.0473,0.0366,0.0165,0.4682
Davis & Elkins College,681,0.442,0.558,0.5419,0.0602,0.0441,0.0044,0.0117,0.0088,0.0044,0.1336,0.1909,0.4031
Fairmont State University,2690,0.4394,0.5606,0.8714,0.0502,0.0074,0.0033,0.0037,0,0.0461,0.0126,0.0052,0.3304
Glenville State University,1177,0.5794,0.4206,0.7664,0.1266,0.0212,0.0068,0.0102,0,0.0246,0.0391,0.0051,0.4204
Huntington Junior College,209,0.2249,0.7751,0.8421,0.1292,0,0,0,0,0.0191,0,0.0096,0.8707
James Rumsey Technical Institute,137,0.7007,0.2993,0.8759,0.0876,0.0219,0.0073,0,0,0.0073,0,0,0.3
Ralph R Willis Career and Technical Center,28,0.25,0.75,1,0,0,0,0,0,0,0,0,0.8529
Marshall University,7149,0.4294,0.5706,0.7804,0.0561,0.0277,0.0155,0.0032,4e-4,0.038,0.0108,0.0678,0.3784
Mercer County Technical Education Center,102,0.3333,0.6667,0.8529,0.1275,0.0196,0,0,0,0,0,0,0.4683
Monongalia County Technical Education Center,48,0.4375,0.5625,0.9167,0.0417,0,0.0417,0,0,0,0,0,0.3871
Morgantown Beauty College Inc,74,0.0405,0.9595,0.7838,0.0946,0.0135,0.0135,0,0,0.0811,0,0.0135,0.5433
West Virginia University at Parkersburg,1692,0.3682,0.6318,0.9374,0.0136,0.0165,0.0018,0,0.0012,0.0219,0.0059,0.0018,0.2972
Potomac State College of West Virginia University,952,0.4296,0.5704,0.8277,0.0515,0.0284,0.0042,0.0011,0,0.0578,0.0116,0.0179,0.3943
Academy of Careers and Technology,147,0.3333,0.6667,0.9048,0.0884,0,0,0,0,0.0068,0,0,0.3915
Salem University,695,0.4259,0.5741,0.5396,0.1439,0.0561,0.0072,0.0072,0.0029,0.0072,0.1367,0.0993,0.5144
Shepherd University,2375,0.3928,0.6072,0.7187,0.0804,0.0838,0.0164,0.0021,0.0013,0.0644,0.0114,0.0215,0.2694
Southern West Virginia Community and Technical College,1146,0.2766,0.7234,0.9555,0.0166,0.0148,0,0.0026,0,0.0105,0,0,0.5198
Fred W Eberle Technical Center,119,0.5714,0.4286,0.9832,0.0084,0.0084,0,0,0,0,0,0,0.963
West Virginia State University,1328,0.4375,0.5625,0.5572,0.1318,0.0301,0.0053,8e-4,0,0.052,0.0392,0.1837,0.1758
West Virginia University Hospital Departments of Rad Tech and Nutrition,60,0.2,0.8,0.9667,0.0167,0,0.0167,0,0,0,0,0,0.1091
West Liberty University,1578,0.3916,0.6084,0.8257,0.0463,0.0038,0.0032,0,0.0032,0.0558,0.0317,0.0304,0.3194
West Virginia University Institute of Technology,1009,0.6016,0.3984,0.7721,0.0307,0.0317,0.0119,0.003,0.003,0.0396,0.0951,0.0129,0.2429
West Virginia Wesleyan College,909,0.5017,0.4983,0.6722,0.1221,0.0594,0.011,0.0066,0.0011,0.0363,0.0814,0.0099,0.3735
West Virginia Junior College-Charleston,317,0.1546,0.8454,0.8707,0.0883,0.0063,0,0.0032,0,0.0315,0,0,0.7333
West Virginia Junior College-Morgantown,584,0.137,0.863,0.9041,0.0462,0.0103,0.0086,0,0,0.0188,0,0.012,0.6788
International Beauty School 4,86,0.1047,0.8953,0.5349,0.4186,0.0465,0,0,0,0,0,0,0.8516
West Virginia Northern Community College,785,0.3732,0.6268,0.8866,0.0331,0.0255,0.0102,0.0025,0.0013,0.0369,0.0038,0,0.4247
West Virginia University,17705,0.4844,0.5156,0.8218,0.0288,0.0439,0.0167,0.0012,6e-4,0.0579,0.0162,0.013,0.2041
Wheeling University,567,0.6631,0.3369,0.4392,0.2751,0.0653,0.0194,0.0018,0,0.0035,0.0265,0.1693,0.2524
Wood County Technical Center-Practical Nursing,28,0.0357,0.9643,1,0,0,0,0,0,0,0,0,0.8
VICI Beauty School,104,0.0288,0.9712,0.6635,0.0096,0.2596,0.0288,0,0,0.0385,0,0,0.4837
Alverno College,724,0.011,0.989,0.3108,0.163,0.4116,0.0442,0.0028,0.0014,0.0497,0.0055,0.011,0.4911
Madison Area Technical College,9273,0.4329,0.5671,0.5946,0.0829,0.1515,0.051,0.0049,6e-4,0.0718,0.0188,0.0238,0.1906
Bellin College,338,0.068,0.932,0.8876,0.0089,0.0207,0.0207,0.0089,0.003,0.0325,0,0.0178,0.1332
Beloit College,898,0.4855,0.5145,0.5033,0.0846,0.1771,0.0245,0,0,0.0445,0.1425,0.0234,0.2946
Blackhawk Technical College,2457,0.3394,0.6606,0.698,0.0659,0.16,0.0151,0.0028,4e-4,0.0326,0.0069,0.0183,0.3647
Carroll University,2525,0.3402,0.6598,0.7129,0.0313,0.1212,0.0289,0.0016,8e-4,0.0321,0.0321,0.0392,0.2165
Carthage College,2628,0.4441,0.5559,0.672,0.0654,0.161,0.0217,0.0038,0.0015,0.0419,0.0133,0.0194,0.2577
Concordia University-Wisconsin,2310,0.3909,0.6091,0.7,0.0961,0.0736,0.0273,0.0035,0.0013,0.0238,0.0229,0.0515,0.2247
Edgewood College,1104,0.3188,0.6812,0.7672,0.0408,0.1014,0.0236,0.0027,0.0018,0.0335,0.01,0.019,0.2344
Fox Valley Technical College,6004,0.5503,0.4497,0.7327,0.0285,0.0633,0.0451,0.011,0.001,0.0082,0.0092,0.1011,0.1183
Gateway Technical College,4657,0.4065,0.5935,0.5312,0.1256,0.2641,0.0137,0.0026,9e-4,0.0515,0.0011,0.0092,0.2224
The Professional Hair Design Academy,75,0.1067,0.8933,0.8933,0.04,0,0.0267,0,0,0.04,0,0,0.4019
Lakeland University,1230,0.4374,0.5626,0.6358,0.1041,0.0813,0.0358,0.0065,0,0.0293,0.0057,0.1016,0.2898
Lakeshore Technical College,1838,0.5098,0.4902,0.7067,0.0294,0.1208,0.093,0.0092,0.0022,0.0245,5e-4,0.0136,0.1829
Lawrence University,1394,0.4648,0.5352,0.609,0.0366,0.1112,0.0481,0.0029,7e-4,0.0545,0.1155,0.0215,0.2076
Maranatha Baptist University,566,0.3993,0.6007,0.7915,0.0159,0.0583,0.0707,0.0053,0,0.0265,0.0088,0.023,0.3397
Marian University,1050,0.36,0.64,0.6771,0.0686,0.099,0.019,0.0114,0.001,0.0324,0.0543,0.0371,0.3174
Marquette University,7238,0.4422,0.5578,0.6672,0.053900000000000003,0.1581,0.0627,0.0011,8e-4,0.0316,0.0145,0.0101,0.1876
Mid-State Technical College,2031,0.4318,0.5682,0.8252,0.0162,0.0591,0.032,0.0079,0.001,0.0212,0,0.0374,0.2364
Milwaukee Area Technical College,11362,0.3982,0.6018,0.3226,0.3168,0.1973,0.0552,0.0052,6e-4,0.05,0.0084,0.0438,0.4135
Milwaukee Institute of Art & Design,883,0.2084,0.7916,0.6512,0.0566,0.1687,0.043,0.0045,0.0034,0.0691,0.0011,0.0023,0.3638
Milwaukee School of Engineering,2607,0.7219,0.2781,0.6912,0.0249,0.107,0.0506,8e-4,4e-4,0.0326,0.0437,0.0487,0.2268
Moraine Park Technical College,2230,0.4054,0.5946,0.8256,0.0274,0.0812,0.0152,0.0103,0,0.0188,0.0058,0.0157,0.1965
Mount Mary University,703,0,1,0.3129,0.2233,0.34,0.064,0.0057,0.0043,0.0185,0.0114,0.0199,0.5768
Nicolet Area Technical College,706,0.3428,0.6572,0.7734,0.017,0.0567,0.0085,0.102,0.0028,0.0312,0,0.0085,0.2513
Northcentral Technical College,3479,0.3869,0.6131,0.7956,0.0161,0.0529,0.0609,0.0101,9e-4,0.027,0,0.0365,0.1667
Northeast Wisconsin Technical College,5853,0.3942,0.6058,0.7188,0.0427,0.1276,0.046,0.0304,7e-4,0.0304,0,0.0034,0.1657
Northland College,457,0.4661,0.5339,0.7287,0.0284,0.081,0.0088,0.0175,0,0.0569,0.0591,0.0197,0.3185
Ripon College,720,0.5472,0.4528,0.7847,0.0458,0.1139,0.0125,0,0,0.025,0.0111,0.0069,0.3329
Saint Norbert College,1749,0.4517,0.5483,0.8508,0.0149,0.0617,0.016,0.004,6e-4,0.024,0.0177,0.0103,0.1358
State College of Beauty Culture Inc,44,0,1,0.7955,0.0227,0.1136,0.0227,0.0227,0,0,0,0.0227,0.3375
Southwest Wisconsin Technical College,1277,0.3688,0.6312,0.8708,0.0486,0.0321,0.007,0.0023,0,0.0352,0,0.0039,0.1975
Viterbo University,1392,0.273,0.727,0.8154,0.0309,0.0682,0.0172,0.0029,0,0.0309,0.0172,0.0172,0.2249
Chippewa Valley Technical College,4127,0.3901,0.6099,0.8396,0.0204,0.0361,0.0439,0.0044,5e-4,0.0342,0.0015,0.0196,0.1736
Waukesha County Technical College,4497,0.5833,0.4167,0.632,0.0571,0.1172,0.0302,0.0044,0.0013,0.0213,0.0022,0.1341,0.1084
Western Technical College,3434,0.4604,0.5396,0.774,0.028,0.0661,0.0489,0.0119,3e-4,0.0393,0,0.0315,0.3151
University of Wisconsin-Whitewater,9180,0.5087,0.4913,0.796,0.0478,0.0929,0.0194,0.0026,9e-4,0.0266,0.0032,0.0107,0.2503
Northwood Technical College,2026,0.3786,0.6214,0.8559,0.0257,0.0365,0.0138,0.0405,0.001,0.0153,0.001,0.0104,0.3004
University of Wisconsin-Eau Claire,8995,0.394,0.606,0.8606,0.0102,0.0385,0.0289,0.0029,4e-4,0.0325,0.0203,0.0057,0.1867
University of Wisconsin-Green Bay,6230,0.3756,0.6244,0.7562,0.03,0.0909,0.044,0.0135,5e-4,0.0446,0.0114,0.009,0.2257
University of Wisconsin-La Crosse,9194,0.4314,0.5686,0.8886,0.0066,0.0396,0.0202,0.0014,8e-4,0.0309,0.0058,0.0061,0.1423
Wisconsin Lutheran College,1009,0.4727,0.5273,0.7225,0.0624,0.113,0.0168,0.004,0.001,0.0278,0.0069,0.0456,0.2542
University of Wisconsin-Oshkosh,7613,0.435,0.565,0.7835,0.0275,0.0695,0.0415,0.0043,0.0013,0.0353,0.0238,0.0133,0.158
University of Wisconsin-Parkside,2951,0.447,0.553,0.5845,0.0837,0.2091,0.0329,0.001,7e-4,0.0542,0.0247,0.0091,0.3421
Herzing University-Madison,2105,0.1425,0.8575,0.3819,0.3648,0.1297,0.039,0.0057,0.0038,0.0333,0,0.0418,0.6683
University of Wisconsin-Stout,5900,0.5727,0.4273,0.8392,0.0127,0.0432,0.032,0.0037,7e-4,0.0329,0.0207,0.0149,0.2274
University of Wisconsin-Superior,1899,0.3691,0.6309,0.7815,0.0221,0.04,0.0126,0.0348,0.0026,0.0074,0.0964,0.0026,0.296
University of Wisconsin-Madison,35665,0.4698,0.5302,0.6035,0.025,0.0831,0.1051,0.0024,6e-4,0.0477,0.1001,0.0324,0.1532
University of Wisconsin-Milwaukee,16762,0.4529,0.5471,0.6043,0.0814,0.1529,0.0718,0.0042,0.001,0.0468,0.0223,0.0153,0.3019
University of Wisconsin-Platteville,5928,0.6351,0.3649,0.8868,0.013,0.0488,0.0118,0.0015,7e-4,0.0187,0.0066,0.0121,0.2104
University of Wisconsin-River Falls,4152,0.3596,0.6404,0.8695,0.0185,0.0373,0.027,0.0029,7e-4,0.0219,0.0096,0.0125,0.2048
University of Wisconsin-Stevens Point,7104,0.4393,0.5607,0.8632,0.0125,0.0442,0.0283,0.0044,7e-4,0.03,0.0038,0.013,0.2777
Casper College,2239,0.3662,0.6338,0.7584,0.0179,0.1054,0.0089,0.0138,9e-4,0.0406,0.0246,0.0295,0.2335
Central Wyoming College,981,0.4179,0.5821,0.4495,0.0041,0.1448,0.0061,0.1325,0.002,0.051,0.0255,0.1845,0.1768
Eastern Wyoming College,489,0.3497,0.6503,0.7873,0.0143,0.0941,0,0.0245,0,0.0389,0.0368,0.0041,0.1337
Laramie County Community College,2563,0.3293,0.6707,0.62,0.0242,0.197,0.0121,0.009,0.0023,0.0492,0.0098,0.0765,0.2361
Northwest College,826,0.3886,0.6114,0.701,0.0048,0.0944,0.0036,0.0157,0.0024,0.0303,0.1199,0.0278,0.1848
Northern Wyoming Community College District,1607,0.4001,0.5999,0.789,0.01,0.1108,0.0068,0.0112,0.0012,0.0442,0.0168,0.01,0.1746
Western Wyoming Community College,1289,0.4096,0.5904,0.7424,0.007,0.1753,0.0054,0.0078,0.0039,0.0419,0.0163,0,0.1752
Cheeks Beauty Academy,38,0.1053,0.8947,0.5526,0.0263,0.4211,0,0,0,0,0,0,0.72
WyoTech,1204,0.9153,0.0847,0.6395,0.0058,0.2816,0.0125,0.0224,0.0166,0.0199,0.0017,0,0.427
University of Wyoming,8047,0.4625,0.5375,0.7819,0.0102,0.0941,0.0112,0.0065,0.0011,0.0382,0.0149,0.042,0.2218
American Samoa Community College,884,0.3054,0.6946,0,0,0,0.0181,0,0.8778,0,0.1007,0.0034,0.6717
Guam Community College,1263,0.4054,0.5946,0.019,0.0071,0.0024,0.4608,0.0024,0.4838,0.0087,0,0.0158,0.5229
University of Guam,2573,0.4205,0.5795,0.0175,0.0035,0.0066,0.4792,8e-4,0.4458,0.0155,0.007,0.0241,0.311
Northern Marianas College,1236,0.373,0.627,0.0089,8e-4,0.0129,0.4385,0,0.3641,0.0939,0.0809,0,0.7371
Institute of Beauty Careers,132,0.2348,0.7652,0,0,1,0,0,0,0,0,0,0.8045
American Educational College,231,0.2857,0.7143,0,0,1,0,0,0,0,0,0,0.9855
Antilles School of Technical Careers,348,0.2011,0.7989,0,0,1,0,0,0,0,0,0,0.739
Universidad Adventista de las Antillas,769,0.4109,0.5891,0.0104,0.0104,0.935,0,0.0078,0,0,0.0364,0,0.804
Atlantic University,1517,0.6065,0.3935,0,0,1,0,0,0,0,0,0,0.8351
Universidad Central de Bayamon,594,0.3468,0.6532,0,0,0.9949,0,0,0,0,0.0051,0,0.8331
Columbia Central University-Caguas,2494,0.2855,0.7145,4e-4,0,0.9984,0,4e-4,0,8e-4,0,0,0.8082
Albizu University-San Juan,758,0.1728,0.8272,0.004,0,0.9908,0,0,0,0,0,0.0053,0.6913
Caribbean University-Bayamon,623,0.4029,0.5971,0,0,1,0,0,0,0,0,0,0.7546
Caribbean University-Carolina,113,0.2389,0.7611,0,0,1,0,0,0,0,0,0,0.7176
Pontifical Catholic University of Puerto Rico-Arecibo,273,0.326,0.674,0,0,1,0,0,0,0,0,0,0.7597
Pontifical Catholic University of Puerto Rico-Ponce,3827,0.358,0.642,3e-4,0,0.9961,3e-4,0,0,0,0.0021,0.0013,0.8137
CEM College-San Juan,178,0.2753,0.7247,0,0,1,0,0,0,0,0,0,0.8952
Universidad Teologica del Caribe,192,0.5833,0.4167,0,0,1,0,0,0,0,0,0,0.5836
Colegio Universitario de San Juan,542,0.3948,0.6052,0,0,1,0,0,0,0,0,0,0.7768
Universidad Ana G. Mendez-Cupey Campus,4579,0.3311,0.6689,0,0,1,0,0,0,0,0,0,0.6885
Puerto Rico Conservatory of Music,295,0.7051,0.2949,0,0,0.9729,0,0,0,0,0.0271,0,0.6598
EDP University of Puerto Rico Inc-San Sebastian,968,0.2862,0.7138,0,0,1,0,0,0,0,0,0,0.6342
Emma's Beauty Academy-Mayaguez,237,0.346,0.654,0,0,1,0,0,0,0,0,0,0.8601
Escuela de Artes Plasticas y Diseno de Puerto Rico,497,0.2294,0.7706,0.004,0.002,0.994,0,0,0,0,0,0,0.7689
Instituto Tecnologico de Puerto Rico-Recinto de Manati,297,0.633,0.367,0,0,1,0,0,0,0,0,0,0.906
Huertas College,460,0.4022,0.5978,0,0,1,0,0,0,0,0,0,0.7908
Humacao Community College,207,0.3865,0.6135,0,0,1,0,0,0,0,0,0,0.9673
ICPR Junior College-Arecibo,348,0.2414,0.7586,0,0,1,0,0,0,0,0,0,0.9663
ICPR Junior College-Mayaguez,429,0.2448,0.7552,0,0,1,0,0,0,0,0,0,0.9424
Instituto Tecnologico de Puerto Rico-Recinto de Guayama,262,0.6641,0.3359,0,0,1,0,0,0,0,0,0,0.9256
Instituto Tecnologico de Puerto Rico-Recinto de San Juan,190,0.7474,0.2526,0,0,1,0,0,0,0,0,0,0.7212
Inter American University of Puerto Rico-San German,2641,0.4752,0.5248,0,4e-4,0.9981,8e-4,8e-4,0,0,0,0,0.8245
Inter American University of Puerto Rico-Aguadilla,3002,0.4097,0.5903,0.0013,3e-4,0.9973,0,0.001,0,0,0,0,0.8396
Inter American University of Puerto Rico-Arecibo,2275,0.3648,0.6352,0,0,0.9996,0,0,4e-4,0,0,0,0.8139
Inter American University of Puerto Rico-Barranquitas,919,0.3526,0.6474,0.0011,0.0011,0.9967,0,0,0.0011,0,0,0,0.889
Inter American University of Puerto Rico-Metro,2692,0.4272,0.5728,0.0056,0.0082,0.9807,0.0022,0.0026,7e-4,0,0,0,0.6592
Inter American University of Puerto Rico-Ponce,2602,0.3747,0.6253,0.0023,4e-4,0.9965,0,4e-4,4e-4,0,0,0,0.8194
Inter American University of Puerto Rico-Fajardo,1149,0.3899,0.6101,0.0044,0.0026,0.9904,0,0.0017,9e-4,0,0,0,0.8348
Inter American University of Puerto Rico-Guayama,1661,0.3082,0.6918,0.0048,0.0024,0.9928,0,0,0,0,0,0,0.752
Inter American University of Puerto Rico-Bayamon,3453,0.572,0.428,0.0023,6e-4,0.9951,0,0.0014,6e-4,0,0,0,0.8089
Liceo de Arte y Tecnologia,495,0.7071,0.2929,0,0,1,0,0,0,0,0,0,0.8582
Modern Hairstyling Institute-Bayamon,197,0.4518,0.5482,0,0,1,0,0,0,0,0,0,0.9612
Modern Hairstyling Institute-Arecibo,64,0.3906,0.6094,0,0,1,0,0,0,0,0,0,0.9
NUC University,25881,0.3464,0.6536,0.034,0.0474,0.8973,0.0026,0.0055,0.0012,0.0078,1e-4,0.0041,0.7146
University of Puerto Rico-Aguadilla,1847,0.4727,0.5273,0.0141,0.0022,0.9762,0,0,0,0.0076,0,0,0.8196
University of Puerto Rico-Arecibo,2788,0.3935,0.6065,0,0,1,0,0,0,0,0,0,0.8571
University of Puerto Rico-Bayamon,2967,0.4958,0.5042,0,0,1,0,0,0,0,0,0,0.7793
University of Puerto Rico-Carolina,2367,0.3507,0.6493,8e-4,0.0376,0.921,0,0.0097,0,0,0,0.0308,0.7419
University of Puerto Rico at Cayey,2201,0.3194,0.6806,0,0,1,0,0,0,0,0,0,0.7568
University of Puerto Rico-Humacao,2555,0.3354,0.6646,0,0.0387,0.8736,0,0.0063,0,0,0,0.0814,0.7935
University of Puerto Rico-Utuado,310,0.4935,0.5065,0,0.029,0.4742,0,0,0,0,0,0.4968,0.815
University of Puerto Rico-Mayaguez,9564,0.5589,0.4411,0,0,0.9354,0,0,0,0,3e-4,0.0643,0.6456
University of Puerto Rico-Medical Sciences,224,0.1741,0.8259,0,0,1,0,0,0,0,0,0,0.6629
University of Puerto Rico at Ponce,2276,0.4605,0.5395,0,0,1,0,0,0,0,0,0,0.8113
University of Puerto Rico-Rio Piedras,8748,0.3673,0.6327,7e-4,0.0527,0.845,2e-4,0.0123,0,2e-4,0,0.0888,0.6475
Universidad Ana G. Mendez-Carolina Campus,4383,0.3986,0.6014,0,0,1,0,0,0,0,0,0,0.699
Universidad del Sagrado Corazon,4042,0.3501,0.6499,5e-4,0.0015,0.9973,5e-4,2e-4,0,0,0,0,0.7081
Universidad Central Del Caribe,90,0.1889,0.8111,0.0222,0.0222,0.8444,0,0.0111,0,0,0,0.1,0.7321
Universidad Politecnica de Puerto Rico,3791,0.7114,0.2886,0.0021,0.0011,0.9947,5e-4,0,0,0,0,0.0016,0.6232
Pontifical Catholic University of Puerto Rico-Mayaguez,597,0.3551,0.6449,0,0,0.995,0,0,0,0,0,0.005,0.8346
Universidad Ana G. Mendez-Gurabo Campus,7666,0.4005,0.5995,0,0,1,0,0,0,0,0,0,0.8266
College of Micronesia-FSM,1740,0.3937,0.6063,0,0,0,0.0017,0,0.9983,0,0,0,0.6348
Palau Community College,386,0.4352,0.5648,0.0026,0,0,0.0363,0,0.9611,0,0,0,0.7203
University of the Virgin Islands,1431,0.3138,0.6862,0.0538,0.6883,0.1516,0.0056,7e-4,0.0035,0.0294,0.0615,0.0056,0.4623
Stanford University,7841,0.4832,0.5168,0.2416,0.0791,0.1766,0.2747,0.0079,0.0024,0.0958,0.1178,0.0041,0.1923
Purdue University-Main Campus,39637,0.5754,0.4246,0.591,0.0259,0.0731,0.1396,9e-4,4e-4,0.0517,0.1015,0.016,0.1298
Blue Hills Regional Technical School,38,0.0526,0.9474,0.1579,0.7895,0,0.0526,0,0,0,0,0,0.5217
Parker University,494,0.2976,0.7024,0.3462,0.3138,0.0992,0.0506,0.0162,0.004,0.0283,0.0061,0.1356,0.4795
EDP University of Puerto Rico Inc-San Juan,1258,0.2631,0.7369,0,0,1,0,0,0,0,0,0,0.5775
ICPR Junior College,480,0.1771,0.8229,0,0,1,0,0,0,0,0,0,0.912
City College-Hollywood,275,0.2618,0.7382,0.3527,0.3673,0.2291,0.0327,0,0.0073,0.0109,0,0,1
Meridian College,144,0.0486,0.9514,0.6111,0.1597,0.2014,0.0069,0,0,0.0139,0,0.0069,0.5779
Georgia State University-Perimeter College,12871,0.3841,0.6159,0.1446,0.484,0.1649,0.0939,0.001,5e-4,0.0496,0.0562,0.0054,0.4317
Georgia Piedmont Technical College,2069,0.3997,0.6003,0.0822,0.7559,0.0691,0.0367,0.0014,5e-4,0.0387,0.013,0.0024,0.421
ETI School of Skilled Trades,363,0.9587,0.0413,0.2342,0.2231,0.4738,0.0138,0.0028,0.0028,0.0413,0,0.0083,0.7507
Traxlers School of Hair,110,0.5364,0.4636,0.0636,0.9364,0,0,0,0,0,0,0,0.7353
Warren County Community College,867,0.4002,0.5998,0.6078,0.1003,0.2065,0.0323,0.0058,0.0012,0.0242,0.0069,0.015,0.1099
St. John's College,369,0.5203,0.4797,0.645,0.0108,0.1247,0.0163,0.0027,0.0027,0.0569,0.1301,0.0108,0.2418
Bais Medrash Elyon,41,1,0,1,0,0,0,0,0,0,0,0,0.1111
Antioch University-Los Angeles,61,0.3607,0.6393,0.4918,0.0656,0.1311,0.082,0,0,0.0492,0.0492,0.1311,0.3514
Antioch University-Santa Barbara,52,0.4423,0.5577,0.4231,0.0385,0.3654,0,0,0,0,0.0577,0.1154,0.4167
Antioch University-Seattle,81,0.1852,0.8148,0.4321,0.0494,0.0741,0.037,0.0123,0.0123,0.0494,0,0.3333,0.325
Antioch University,107,0.215,0.785,0.4673,0.1308,0.1589,0.0374,0.0093,0,0.0561,0.0093,0.1308,0.4286
Mid-America Christian University,1532,0.3388,0.6612,0.5,0.1299,0.1527,0.0078,0.0587,0.0052,0.0672,0.0561,0.0222,0.3974
Miller-Motte College-Tulsa,283,0.0707,0.9293,0.2438,0.4452,0.0495,0.0106,0.1413,0.0035,0.1025,0,0.0035,0.8232
Ponca City Beauty College,48,0.125,0.875,0.6042,0.0625,0.0833,0,0.1875,0,0.0208,0,0.0417,0.6034
Francis Tuttle Technology Center,825,0.5164,0.4836,0.4485,0.143,0.2776,0.0218,0.023,0.0012,0.0739,0,0.0109,0.087
Central Technology Center,564,0.6117,0.3883,0.6915,0.0301,0.055,0.0018,0.0887,0,0.0762,0,0.0567,0.0709
Carrington College-Portland,295,0.4915,0.5085,0.2576,0.1322,0.3966,0.0339,0.0237,0.0271,0.0034,0.0034,0.122,0.6028
Career Technology Center of Lackawanna County,76,0.0263,0.9737,0.5526,0.1974,0.1447,0.0132,0,0,0.0921,0,0,0.7079
Palo Alto College,7723,0.3901,0.6099,0.1231,0.0531,0.7769,0.0135,0.0012,0.0012,0.0268,1e-4,0.0041,0.2527
UCAS University of Cosmetology Arts & Sciences-San Antonio 410,47,0,1,0.1064,0.1277,0.766,0,0,0,0,0,0,0.4615
Central Texas Beauty College-Round Rock,93,0.1075,0.8925,0.2688,0.2366,0.3011,0.0538,0,0.0215,0.043,0,0.0753,0.6449
Athens Technical College,3153,0.3552,0.6448,0.5937,0.1805,0.1624,0.0219,0.0013,6e-4,0.0266,0.0073,0.0057,0.3462
GateWay Community College-Central City,477,0.413,0.587,0.2767,0.0461,0.5618,0.0419,0.0294,0,0.0273,0,0.0168,0.236
Carrington College-San Leandro Campus,400,0.1275,0.8725,0.0375,0.2125,0.545,0.06,0,0.015,0.045,0.015,0.07,0.5882
Headmasters School of Hair Design,48,0,1,0.8333,0,0.0625,0.0208,0.0625,0,0.0208,0,0,0.5429
The Salon Professional Academy-Nampa,102,0.0196,0.9804,0.598,0.0196,0.3725,0,0.0098,0,0,0,0,0.4054
Beckfield College-Florence,612,0.0703,0.9297,0.7925,0.1536,0.0049,0.0049,0.0065,0.0049,0.0212,0,0.0114,0.5666
Dorsey College-Wayne,203,0.2463,0.7537,0.1872,0.6897,0.0493,0.0148,0,0,0.0591,0,0,0.7696
Ecumenical Theological Seminary,11,0.2727,0.7273,0,1,0,0,0,0,0,0,0,0
Ross Medical Education Center-Saginaw,73,0,1,0.1233,0.1644,0.0959,0,0,0,0.0274,0,0.589,0.8534
Sussex County Community College,2055,0.5703,0.4297,0.6331,0.0968,0.1883,0.019,0.0015,5e-4,0.0477,0.0058,0.0073,0.3452
Landmark College,480,0.6396,0.3604,0.7229,0.0479,0.0625,0.0188,0.0042,0,0.0604,0.0188,0.0646,0.1436
Yeshiva Gedolah of Greater Detroit,71,1,0,1,0,0,0,0,0,0,0,0,0.3824
Collin County Community College District,25857,0.4777,0.5223,0.3815,0.1443,0.2519,0.1302,0.0037,0.001,0.051,0.0152,0.0213,0.1622
Owensboro Community and Technical College,2579,0.406,0.594,0.829,0.0527,0.053900000000000003,0.0186,0.0012,4e-4,0.0403,4e-4,0.0035,0.2965
Allure Beauty College,25,0,1,1,0,0,0,0,0,0,0,0,1
Cloyd's Beauty School 3 Inc,94,0.0106,0.9894,0.5106,0.4681,0.0213,0,0,0,0,0,0,0.5496
Moore Norman Technology Center,363,0.6061,0.3939,0.5399,0.0193,0.2121,0.022,0.0634,0.0028,0.1047,0,0.0358,0.0542
Fayette County Career & Technical Institute Practical Nursing Program,69,0.1594,0.8406,0.8551,0.1449,0,0,0,0,0,0,0,0.8427
Franklin County Career and Technology Center,51,0.0588,0.9412,0.8039,0.0588,0.0784,0,0,0,0.0588,0,0,0.3014
Paul Mitchell the School-Knoxville,113,0.2743,0.7257,0.646,0.2301,0.0973,0.0088,0,0,0.0088,0,0.0088,0.5433
Ogle School Hair Skin Nails-Hurst,265,0.0151,0.9849,0.3434,0.2264,0.3396,0.0113,0,0,0.0717,0,0.0075,0.6753
Tennessee College of Applied Technology Nashville,730,0.6096,0.3904,0.5082,0.2438,0.1288,0.0288,0.0014,0.0014,0.0548,0.0151,0.0178,0.3966
ECPI University,11270,0.4119,0.5881,0.3346,0.3964,0.1492,0.0327,0.0056,0.0051,0.0509,0.0014,0.024,0.4857
Ms Roberts Academy of Beauty Culture,57,0.0175,0.9825,0,0.807,0.1404,0,0,0,0.0526,0,0,0.5426
Paul Mitchell the School-Houston,314,0.035,0.965,0.2516,0.3471,0.3312,0.0159,0.0032,0.0032,0.0287,0.0064,0.0127,0.6501
Fortis Institute-Forty Fort,159,0.6541,0.3459,0.3836,0.2453,0.2704,0.0063,0.0063,0,0.0629,0,0.0252,0.6988
Laurel Business Institute,390,0.2359,0.7641,0.8615,0.0923,0,0.0026,0.0026,0,0.041,0,0,0.4884
Aviation Institute of Maintenance-Philadelphia,339,0.8938,0.1062,0.2714,0.3894,0.2065,0.0501,0.0029,0,0.0737,0,0.0059,0.7257
Dorsey College-Roseville,443,0.1828,0.8172,0.0993,0.851,0.0045,0.0023,0.009,0,0.0316,0,0.0023,0.618
Moler-Pickens Beauty Academy,89,0.0787,0.9213,0.2472,0.382,0.0449,0.2921,0,0,0.0337,0,0,0.6577
Red River Technology Center,518,0.5232,0.4768,0.6255,0.0039,0.0753,0.0019,0.0502,0.0019,0.2317,0,0.0097,0.0911
Southern Union State Community College,3888,0.4414,0.5586,0.6782,0.2014,0.0463,0.0139,0.0021,5e-4,0.0394,0.0059,0.0123,0.3484
South University-Columbia,445,0.1461,0.8539,0.164,0.7056,0.0382,0.0067,0.0022,0.0045,0.036,0.0112,0.0315,0.5762
Clinton Technical School,17,0.0588,0.9412,0.9412,0,0,0,0,0,0.0588,0,0,0.6842
Greene County Career and Technology Center,19,0.0526,0.9474,1,0,0,0,0,0,0,0,0,0.7333
Lac Courte Oreilles Ojibwe University,205,0.2244,0.7756,0.1512,0.039,0,0.0049,0.8049,0,0,0,0,0.7396
Diesel Driving Academy-Shreveport,222,0.7297,0.2703,0.0811,0.8333,0.0315,0.0045,0.0135,0,0.036,0,0,0.5354
Pima Medical Institute-Mesa,721,0.2663,0.7337,0.4022,0.0527,0.3481,0.0402,0.0472,0.0055,0.0915,0,0.0125,0.4603
Platt College-Los Angeles,598,0.2057,0.7943,0.1254,0.0334,0.6856,0.0903,0.0067,0.0017,0.0468,0.0017,0.0084,0.5487
Platt College-Aurora,215,0.1163,0.8837,0.5023,0.093,0.3023,0.0465,0.0047,0,0.0326,0,0.0186,0.3147
Paul Mitchell the School-Boise,179,0.1397,0.8603,0.648,0.0391,0.1844,0.0279,0.0223,0.0056,0.0615,0,0.0112,0.5352
Educators of Beauty College of Cosmetology-Rockford,101,0.0198,0.9802,0.4554,0.1485,0.3465,0,0,0,0.0495,0,0,0.5556
Northwestern College,464,0.0431,0.9569,0.0884,0.6746,0.2134,0.0108,0.0043,0.0022,0.0043,0,0.0022,0.749
Douglas J Aveda Institute,822,0.0645,0.9355,0.7591,0.1326,0.0341,0.0146,0.0243,0.0036,0.0207,0,0.0109,0.4451
Ross Medical Education Center-Brighton,26,0.0769,0.9231,0.3077,0,0.0385,0.0385,0,0,0,0,0.6154,0.7222
Ross Medical Education Center-Ann Arbor,33,0,1,0.1818,0.2727,0.0303,0,0,0,0.0303,0,0.4848,0.873
Dorsey School of Beauty,205,0.0195,0.9805,0.1659,0.639,0.0927,0.0049,0.0098,0,0.078,0,0.0098,0.5833
Pike-Lincoln Technical Center,35,0.1714,0.8286,0.8571,0.1143,0.0286,0,0,0,0,0,0,0.4865
St Charles Community College,5008,0.4111,0.5889,0.6763,0.0919,0.0673,0.0238,0.0026,0.0016,0.0557,0.026,0.0549,0.2484
University of Massachusetts Global,4902,0.3201,0.6799,0.6275,0.1251,0.049,0.0412,0.012,0.0049,0.0563,0.001,0.083,0.2292
New College of Florida,707,0.4229,0.5771,0.5728,0.0552,0.2291,0.0396,0.0028,0.0014,0.0467,0.0438,0.0085,0.3034
Montana Bible College,45,0.5556,0.4444,0.8222,0,0.0889,0,0,0,0.0222,0.0222,0.0444,0
Conservatory of Recording Arts and Sciences,637,0.8587,0.1413,0.5259,0.1162,0.2433,0.022,0.0204,0,0.0722,0,0,0.364
Adrian's Beauty College of Turlock,71,0,1,0.4085,0,0.4789,0.0704,0,0,0.0423,0,0,0.42
San Joaquin Valley College-Fresno,481,0.1289,0.8711,0.1435,0.0353,0.7173,0.0395,0.0021,0.0042,0.0083,0.0021,0.0478,0.5509
Dr. Ida Rolf Institute,24,0.4167,0.5833,0.8333,0,0.0417,0,0,0,0.0417,0.0833,0,0.186
Aveda Institute-Fort Myers,246,0.0854,0.9146,0.4187,0.1301,0.3902,0.0081,0.0081,0.0081,0.0163,0,0.0203,0.2701
Ross Medical Education Center-Port Huron,28,0.0714,0.9286,0.4286,0,0.1429,0,0,0,0.0714,0,0.3571,0.8163
Raphael's School of Beauty Culture Inc-Alliance,410,0.0195,0.9805,0.322,0.4756,0.1,0.0244,0,0.0024,0.0732,0,0.0024,0.6463
Metro Technology Centers,1337,0.5445,0.4555,0.1668,0.2251,0.4862,0.0359,0.0426,0.0127,0,0,0.0307,0.1518
Luna Community College,459,0.3878,0.6122,0.1394,0.0174,0.7821,0.0131,0.0283,0.0022,0.0044,0,0.0131,0.2497
Grabber School of Hair Design,244,0.0246,0.9754,0.541,0.3279,0.0205,0.0164,0,0,0.0328,0,0.0615,0.4392
Yeshivah Gedolah Rabbinical College,77,1,0,0.9091,0,0,0,0,0,0,0.0909,0,0.3864
Raphael's School of Beauty Culture Inc-Brunswick,81,0,1,0.5309,0.2963,0.0617,0.0247,0,0.0123,0.0741,0,0,0.5375
Caribbean University-Ponce,419,0.6468,0.3532,0,0,1,0,0,0,0,0,0,0.7457
Caribbean University-Vega Baja,176,0.2955,0.7045,0,0,1,0,0,0,0,0,0,0.7943
University of Advancing Technology,892,0.7758,0.2242,0.4697,0.1368,0.1771,0.0269,0.0179,0.0045,0.0774,0,0.0897,0.5773
Paradise Valley Community College,4076,0.4384,0.5616,0.499,0.041,0.3194,0.0334,0.015,0.002,0.0488,0.013,0.0285,0.1874
Chandler-Gilbert Community College,7626,0.5064,0.4936,0.4761,0.053,0.3106,0.0497,0.0208,0.0035,0.0573,0.0108,0.0181,0.1087
Great Plains Technology Center,152,0.3355,0.6645,0.4539,0.2697,0.1382,0.0197,0.0395,0.0066,0,0,0.0724,0.2287
Roane-Jackson Technical Center,11,0,1,1,0,0,0,0,0,0,0,0,0.7692
Pioneer Technology Center,125,0.368,0.632,0.568,0.04,0.176,0.008,0.104,0,0.104,0,0,0.1413
Portage Lakes Career Center,217,0.1935,0.8065,0.6083,0.2857,0.0323,0.0046,0.0046,0.0046,0.0599,0,0,0.3878
Bell Mar Beauty College,45,0.0667,0.9333,0.0222,0.0889,0.8889,0,0,0,0,0,0,0.5507
Caddo Kiowa Technology Center,108,0.3519,0.6481,0.4722,0.0648,0.1481,0,0.1574,0,0.1481,0,0.0093,0.1494
Center for Instruction Technology & Innovation,21,0.0952,0.9048,0.8095,0.0952,0.0476,0,0,0,0.0476,0,0,0.6061
International School of Skin Nailcare & Massage Therapy,260,0.0885,0.9115,0.1231,0.5423,0.1692,0.0154,0,0.0038,0.1077,0,0.0385,0.6984
Palomar Institute of Cosmetology,173,0.0289,0.9711,0.2717,0.0058,0.5838,0.0405,0.0058,0.0058,0.052,0,0.0347,0.3676
Southern Oklahoma Technology Center,180,0.45,0.55,0.4833,0.0667,0.1056,0,0.1,0,0.2222,0,0.0222,0.1389
Autry Technology Center,432,0.5139,0.4861,0.5509,0.0255,0.2338,0.0046,0.0231,0.0255,0.0486,0,0.088,0.1626
Greene County Career Center,22,0.7273,0.2727,0.8636,0.0455,0.0909,0,0,0,0,0,0,0.2414
Canadian Valley Technology Center,624,0.5481,0.4519,0.617,0.0785,0.149,0.0224,0.125,0.0048,0.0016,0,0.0016,0.0924
Wilkes-Barre Area Career and Technical Center Practical Nursing,102,0.0784,0.9216,0.5098,0.3137,0.1176,0.0196,0.0196,0,0.0098,0,0.0098,0.5969
Meridian Technology Center,309,0.5437,0.4563,0.6537,0.0324,0.0841,0.0194,0.0453,0.0032,0.068,0,0.0939,0.1075
Waynesville Career Center,21,0,1,0.7619,0,0.0476,0.0952,0.0476,0.0476,0,0,0,0.5769
Capitol Beauty School,167,0.006,0.994,0.8024,0.024,0.1317,0,0,0.006,0.0359,0,0,0.2978
Morris County Vocational School District,32,0.0625,0.9375,0.1875,0.625,0.1563,0.0313,0,0,0,0,0,0.4426
Ross Medical Education Center-Roosevelt Park,109,0.0459,0.9541,0.2294,0.1468,0.055,0,0,0,0.0275,0.0092,0.5321,0.8441
Ross Medical Education Center-Kentwood,112,0.0536,0.9464,0.1161,0.1696,0.1696,0,0,0,0.0179,0.0089,0.5179,0.8281
South Florida Bible College and Theological Seminary,271,0.4244,0.5756,0.2288,0.1292,0.2177,0,0.0037,0,0.0185,0.3395,0.0627,0.2143
Cloyd's Barber School 2 Inc,37,0.5405,0.4595,0.0811,0.8919,0.027,0,0,0,0,0,0,0.6522
Universal Technical Institute of Illinois Inc,1230,0.9439,0.0561,0.3244,0.0715,0.4545,0.0228,0.0033,0.0016,0.1016,0,0.0203,0.4605
Pennsylvania College of Technology,4254,0.6598,0.3402,0.8618,0.0369,0.052,0.0134,0.0019,0.0016,0.0256,0,0.0068,0.3187
Commonwealth Institute of Funeral Service,382,0.2225,0.7775,0.3901,0.3063,0.288,0.0131,0,0.0026,0,0,0,0.3564
Delta College of Arts & Technology,288,0.059,0.941,0.0972,0.8472,0.0243,0.0035,0,0,0.0278,0,0,0.8779
Stone Child College,187,0.2941,0.7059,0.0588,0,0,0,0.9412,0,0,0,0,0.4164
Suffolk County Community College,14134,0.46,0.54,0.4094,0.0899,0.4012,0.0476,0.0025,0.0012,0.0289,0.004,0.0154,0.2263
Las Positas College,6766,0.4849,0.5151,0.3015,0.0421,0.3028,0.2421,0.0022,0.0046,0.0786,0.0142,0.0118,0.1419
Ogeechee Technical College,1781,0.3217,0.6783,0.5401,0.3335,0.0752,0.0062,0.0034,0,0.0387,0.0022,6e-4,0.4235
Remington College-Mobile Campus,244,0.1066,0.8934,0.2582,0.7008,0.0082,0,0.0082,0,0.0205,0,0.0041,0.9294
Southern Technical College,532,0.4492,0.5508,0.5,0.282,0.1297,0.0113,0.0038,0.0075,0.0357,0,0.0301,0.699
Mercy-St Luke's School of Radiologic Technology,21,0.0952,0.9048,0.8095,0.1429,0.0476,0,0,0,0,0,0,0.2727
Northwest Technology Center-Alva,33,0.3636,0.6364,0.8182,0,0.0909,0.0303,0.0303,0,0.0303,0,0,0.0909
Mercer County Career Center,0,0,0,0,0,0,0,0,0,0,0,0,NA
California State University-San Marcos,14174,0.4165,0.5835,0.2493,0.0382,0.5125,0.096,0.0032,0.0032,0.06,0.0082,0.0294,0.436
Hairmasters Institute of Cosmetology,77,0,1,0.4286,0.2987,0.2727,0,0,0,0,0,0,0.7594
Tricoci University of Beauty Culture LLC-Bloomington,123,0.0244,0.9756,0.8537,0.0732,0.0325,0,0.0081,0,0.0325,0,0,0.517
Interactive College of Technology-Newport,73,0.7945,0.2055,0.6027,0.3973,0,0,0,0,0,0,0,0.7395
Miller-Motte College-McCann-Monroe,111,0.2252,0.7748,0.2342,0.7387,0,0,0,0,0.018,0,0.009,0.739
Ross Medical Education Center-Taylor,57,0.0526,0.9474,0.0877,0.2456,0.0351,0.0175,0,0,0.0526,0.0351,0.5263,0.8511
Interactive College of Technology,71,0.7183,0.2817,0.2676,0.5352,0.1127,0.0845,0,0,0,0,0,0.4889
Butler Beauty Academy-New Castle Beauty Academy,30,0.0333,0.9667,0.5667,0.3333,0.0667,0,0,0,0.0333,0,0,0.2889
NorthWest Arkansas Community College,4632,0.4156,0.5844,0.5583,0.0307,0.2824,0.0361,0.0117,0.0097,0.0473,0.003,0.0209,0.1974
H W Brewster Technical College,1502,0.4794,0.5206,0.3981,0.2796,0.1678,0.1039,0.0053,0.0027,0.0413,0.0013,0,0.0534
Hodges University,171,0.3509,0.6491,0.1345,0.0409,0.193,0.0058,0,0,0.1579,0.0819,0.386,0.2465
Capital Area Career Center,115,0.0609,0.9391,0.513,0.4174,0.0435,0.0087,0,0,0.0174,0,0,0.6132
Hair Professionals Career College,80,0,1,0.45,0.125,0.3875,0.025,0,0,0,0,0.0125,0.5612
Empire Beauty School-Bloomfield,117,0.0598,0.9402,0.0427,0.4872,0.2906,0,0,0,0.0085,0,0.1709,0.5879
Southwest Technology Center,309,0.5469,0.4531,0.5113,0.0485,0.3042,0.0065,0.0194,0.0032,0.1068,0,0,0.2082
Western Area Career & Technology Center,39,0.0256,0.9744,0.6667,0.3333,0,0,0,0,0,0,0,0.8387
Nossi College of Art and Design,278,0.3921,0.6079,0.6295,0.241,0.0683,0.018,0.018,0.0036,0.0216,0,0,0.5772
Pima Medical Institute-Seattle,450,0.2267,0.7733,0.44,0.0689,0.1933,0.1756,0.0089,0.0156,0.08,0,0.0178,0.2574
Mineral County Vocational Technical Center,14,0.2143,0.7857,0.8571,0.0714,0,0,0,0,0.0714,0,0,0.4444
Hypnosis Motivation Institute,335,0.2358,0.7642,0.5254,0.1104,0.1224,0.0448,0.0269,0.006,0.1104,0,0.0537,0.4943
Thanh Le College School of Cosmetology,54,0.2963,0.7037,0,0,0.2222,0.5556,0.1852,0,0.0185,0.0185,0,0.5
Southeastern Technical College,1091,0.2667,0.7333,0.571,0.2768,0.1192,0.0018,9e-4,0,0.0192,0.0073,0.0037,0.3887
Universal Technical Institute-Auto Motorcycle & Marine Mechanics Institute Division-Orlando,866,0.9596,0.0404,0.6305,0.0855,0.1259,0.0092,0.0035,0.0046,0.1085,0,0.0323,0.4523
Erwin Technical College,556,0.5737,0.4263,0.1691,0.3507,0.4065,0.0198,0.0018,0.0018,0.0378,0,0.0126,0.3282
Rosel School of Cosmetology,14,0.2143,0.7857,0.3571,0,0.3571,0.2857,0,0,0,0,0,0.5233
Worsham College of Mortuary Science,187,0.2299,0.7701,0.7487,0.1283,0.1123,0.0053,0,0.0053,0,0,0,0.3812
Bryan University,150,0.1333,0.8667,0.4667,0.3533,0.06,0.0067,0.0067,0.0133,0.0667,0,0.0267,0.7652
Central Pennsylvania Institute of Science and Technology,126,0.4048,0.5952,0.9444,0.0079,0.0159,0.0159,0,0,0,0.0159,0,0.6051
Northwest Educational Center,233,0.5021,0.4979,0.0258,0.3519,0.5665,0,0,0,0.0429,0,0.0129,0.9732
PCI Health Training Center,215,0.0605,0.9395,0.0605,0.2977,0.6186,0.0093,0,0,0.0047,0,0.0093,0.8732
Hamrick School,89,0.8315,0.1685,0.3708,0.5393,0.0337,0,0.0112,0,0.0112,0,0.0337,0.1483
Fortis College,252,0.2738,0.7262,0.2063,0.7024,0.0159,0.0079,0.004,0,0.0476,0,0.0159,0.7877
Downey Adult School,844,0.2405,0.7595,0.0995,0.0521,0.7666,0.045,0.0059,0.0012,0.0237,0,0.0059,0.5952
CRU Institute of Cosmetology and Barbering,129,0.5116,0.4884,0.093,0.0543,0.7674,0.0543,0.0078,0,0.0078,0,0.0155,0.6387
Modern Technology School,99,0.2929,0.7071,0.2222,0.0505,0.404,0.1515,0,0.0101,0.1111,0,0.0505,0.2772
National Career Education,438,0.79,0.21,0.2763,0.1027,0.4132,0.1027,0.0091,0.0091,0.0137,0,0.0731,0.393
North-West College-Glendale,100,0.12,0.88,0.24,0.04,0.08,0.04,0.01,0.01,0.57,0.01,0,0.5578
Fremont University,153,0.2353,0.7647,0.0915,0.1765,0.549,0.0458,0,0.0065,0.0588,0,0.0719,0.6167
Pomona Unified School District Adult and Career Education,84,0.3214,0.6786,0.0357,0.0476,0.881,0.0357,0,0,0,0,0,0.4938
Universal College of Beauty Inc-Los Angeles 2,38,0,1,0,0.6579,0.0789,0.2105,0,0,0.0263,0,0.0263,0.8
IBMC College,306,0.085,0.915,0.4771,0.0229,0.4641,0.0033,0.0033,0.0033,0.0261,0,0,0.8073
Avalon Institute-Aurora,217,0.0046,0.9954,0.2581,0.1751,0.4101,0.0276,0.0046,0,0.0968,0,0.0276,0.6829
Academy of Cosmetology,121,0.1983,0.8017,0.5207,0.1983,0.1901,0.0083,0,0,0.0826,0,0,0.4851
Fortis College-Smyrna,488,0.3443,0.6557,0.1352,0.5984,0.1906,0.0266,0.0041,0,0.0287,0,0.0164,0.7261
Ross College-Davenport,40,0.15,0.85,0.1,0.25,0.1,0,0,0,0.025,0,0.525,0.8627
Pivot Point Academy,113,0.1504,0.8496,0.4159,0.1062,0.3805,0.0442,0,0,0.0531,0,0,0.2964
Blalock's Professional Beauty College,25,0.04,0.96,0,1,0,0,0,0,0,0,0,1
Diesel Driving Academy-Baton Rouge,271,0.7196,0.2804,0.0849,0.8856,0.0111,0,0.0074,0,0.0037,0,0.0074,0.5167
New England Hair Academy,102,0.4216,0.5784,0.3333,0.2059,0.3137,0.0686,0,0,0.0784,0,0,0.3171
Rob Roy Academy-Worcester,121,0.562,0.438,0.4959,0.1157,0.3636,0.0248,0,0,0,0,0,0.4597
Upper Cape Cod Regional Technical School,77,0.1039,0.8961,0.3896,0.2338,0.1299,0.026,0,0.013,0.1558,0.0519,0,0.411
All-State Career-Baltimore,535,0.5925,0.4075,0.0785,0.8019,0.0411,0.0093,0.0075,0,0.0374,0,0.0243,0.658
Academy of Hair Design-Jackson,77,0.7273,0.2727,0.0519,0.9091,0.039,0,0,0,0,0,0,0.8952
KC's School of Hair Design,54,0,1,0.9444,0.037,0.0185,0,0,0,0,0,0,0.7674
Lincoln Technical Institute-Moorestown,633,0.1643,0.8357,0.1422,0.4961,0.1517,0.0205,0.0016,0.0032,0.0506,0.0016,0.1327,0.662
MCVSD,63,0.2381,0.7619,0.3016,0.3968,0.3016,0,0,0,0,0,0,0.375
Yeshiva Gedolah Imrei Yosef D'spinka,232,1,0,1,0,0,0,0,0,0,0,0,0.9133
Knox County Career Center,110,0.3909,0.6091,0.8909,0.0364,0.0273,0,0,0,0.0091,0,0.0364,0.3113
Madison Adult Career Center,91,0.1209,0.8791,0.6813,0.2857,0,0,0,0,0.033,0,0,0.459
Remington College-Cleveland Campus,133,0.3534,0.6466,0.0752,0.8421,0.0451,0,0,0,0.0301,0,0.0075,0.9839
Brown & Clermont Adult Career Campuses,59,0.3051,0.6949,0.9153,0.0508,0,0,0,0,0.0339,0,0,0.11
Chisholm Trail Technology Center,23,0.4783,0.5217,0.7391,0.0435,0.1304,0,0,0,0.087,0,0,0.0791
Gordon Cooper Technology Center,208,0.6827,0.3173,0.6779,0.0096,0.101,0,0.0721,0,0.1394,0,0,0.1189
Kiamichi Technology Center-McAlester,575,0.5722,0.4278,0.5513,0.0383,0.0609,0.0017,0.2487,0.0017,0.0696,0,0.0278,0.1076
YTI Career Institute-Altoona,112,0.2411,0.7589,0.3571,0.4018,0.0625,0.0625,0,0.0089,0.0446,0,0.0625,0.7284
Eastern Center for Arts and Technology,181,0.0331,0.9669,0.1215,0.7735,0.0221,0.0608,0,0,0.0221,0,0,0.269
Empire Beauty School-Center City Philadelphia,262,0.0573,0.9427,0.0267,0.5802,0.0725,0.0076,0,0,0.0229,0,0.2901,0.6585
CEM College-Humacao,174,0.2241,0.7759,0,0,1,0,0,0,0,0,0,0.8865
Colegio Mayor de Tecnologia Inc,106,0.9811,0.0189,0,0,1,0,0,0,0,0,0,0.8976
Institucion Chaviano de Mayaguez,124,0.2581,0.7419,0,0,1,0,0,0,0,0,0,1
Liceo de Arte-Dise-O y Comercio,190,0.3263,0.6737,0,0,1,0,0,0,0,0,0,0.75
Universal Technology College of Puerto Rico,149,0.2685,0.7315,0,0,1,0,0,0,0,0,0,0.6023
Academy of Hair Technology,95,0.0105,0.9895,0.3789,0.4737,0.0737,0.0316,0.0105,0,0.0211,0.0105,0,0.3218
Mr Wayne's School of Unisex Hair Design,22,0.4091,0.5909,0.5909,0.0455,0.2727,0,0,0,0.0909,0,0,0.6452
Queen City College,127,0.5039,0.4961,0.2126,0.6535,0.0945,0,0,0,0.0315,0,0.0079,0.6
College of the Marshall Islands,1216,0.4449,0.5551,0,0,8e-4,0.0041,0,0.9951,0,0,0,0.9552
Remington College-Fort Worth Campus,164,0.4573,0.5427,0.1951,0.4939,0.2256,0.0244,0,0.0061,0.0549,0,0,0.8453
UCAS University of Cosmetology Arts & Sciences,16,0,1,0,0,1,0,0,0,0,0,0,1
School of Automotive Machinists & Technology,102,0.9804,0.0196,0.6275,0.0588,0.2647,0.0196,0.0098,0,0.0098,0.0098,0,0.3758
Nuvani Institute,16,0.125,0.875,0.0625,0,0.9375,0,0,0,0,0,0,0.9355
Nuvani Institute,81,0.0988,0.9012,0.037,0.0864,0.8642,0.0123,0,0,0,0,0,0.8081
Texas College of Cosmetology-Abilene,74,0,1,0.527,0.1081,0.2838,0,0,0,0,0,0.0811,0.7235
Centura College-Newport News,210,0.3381,0.6619,0.1333,0.7048,0.081,0.0048,0.0143,0.0095,0.0524,0,0,0.8038
Centura College-Norfolk,193,0.3679,0.6321,0.1295,0.6788,0.0984,0,0.0207,0.0052,0.0674,0,0,0.7376
Virginia Beach City Public Schools School of Practical Nursing,41,0.1463,0.8537,0.2683,0.3171,0.122,0.122,0,0,0.1707,0,0,0.2778
Northwest College of Art & Design,150,0.3067,0.6933,0.56,0.0667,0.16,0.06,0.0867,0.0267,0,0.0067,0.0333,0.521
University of Washington-Bothell Campus,5228,0.5564,0.4436,0.2768,0.101,0.1056,0.3531,0.0017,0.0025,0.0691,0.0298,0.0604,0.2843
University of Washington-Tacoma Campus,3989,0.5217,0.4783,0.3414,0.1131,0.1589,0.2349,0.0055,0.0105,0.0885,0.018,0.0291,0.4019
Huntington School of Beauty Culture,115,0.0609,0.9391,0.8522,0.0696,0.0087,0.0174,0.0087,0,0.0435,0,0,0.3252
Valley College-Beckley,181,0.0608,0.9392,0.6519,0.0608,0.0055,0,0,0,0.0331,0,0.2486,0.6239
Valley College-Martinsburg,651,0.1521,0.8479,0.5177,0.2442,0.0445,0.0015,0,0,0.063,0,0.129,0.7176
Bellus Academy-Poway,369,0.0569,0.9431,0.336,0.0542,0.3794,0.065,0.0163,0.0136,0.122,0,0.0136,0.4439
Capstone College,140,0.9571,0.0429,0.2,0.0214,0.6357,0.05,0.0071,0,0,0.0071,0.0786,0.4788
Central Coast College,490,0.0388,0.9612,0.0551,0.0082,0.849,0.0143,0.0041,0.0041,0.0224,0,0.0429,0.465
Pacific College of Health and Science,173,0.2197,0.7803,0.052,0.0289,0.052,0.0173,0,0,0.0231,0.0173,0.8092,0.3664
Artistic Nails and Beauty Academy-Tampa,299,0.2441,0.7559,0.1605,0.4381,0.3211,0.0134,0,0,0.0669,0,0,0.5514
National Aviation Academy of Tampa Bay,582,0.9175,0.0825,0.4691,0.1151,0.1976,0.0275,0.0069,0,0.0722,0,0.1117,0.6311
Madison Oneida BOCES-Practical Nursing Program,88,0.1023,0.8977,0.5455,0.2841,0.125,0.0114,0.0114,0,0.0227,0,0,0.8571
College of Health Care Professions,529,0.0454,0.9546,0.0302,0.4216,0.4991,0.0038,0.0038,0,0.0208,0,0.0208,0.7194
Center for Advanced Legal Studies,243,0.107,0.893,0.2757,0.4115,0.2757,0.0247,0.0041,0.0041,0.0041,0,0,0.4818
Houston Training School-Main Campus,220,0.0091,0.9909,0.0091,0.4682,0.5182,0.0045,0,0,0,0,0,0.9524
Bay Mills Community College,531,0.2015,0.7985,0.2957,0.0188,0.0113,0,0.6742,0,0,0,0,0.4209
Fond du Lac Tribal and Community College,457,0.3567,0.6433,0.5295,0.0219,0.0481,0.0044,0.2757,0.0022,0.1094,0,0.0088,0.1905
Northwest Indian College,677,0.257,0.743,0.0177,0.0015,0.1049,0,0.774,0.0074,0.0945,0,0,0.4946
Provo College,704,0.1378,0.8622,0.7045,0.0085,0.1293,0.017,0.0142,0.0142,0.0099,0,0.1023,0.5688
CET-Coachella,84,0.8214,0.1786,0.0238,0,0.9762,0,0,0,0,0,0,0.4141
CET-Oxnard,82,0.4756,0.5244,0.0366,0,0.9512,0.0122,0,0,0,0,0,0.2055
CET-Santa Maria,125,0.288,0.712,0.016,0.008,0.96,0,0,0.008,0.008,0,0,0.305
Michigan College of Beauty-Troy,220,0.0318,0.9682,0.5318,0.3545,0.0273,0.0182,0.0045,0.0091,0.0091,0,0.0455,0.6833
Ogle School Hair Skin Nails-Dallas,410,0.0366,0.9634,0.0902,0.522,0.3341,0.0049,0,0.0024,0.0341,0,0.0122,0.7522
Faust Institute of Cosmetology-Spirit Lake,16,0,1,0.75,0,0.25,0,0,0,0,0,0,0.5357
Cheeks Beauty Academy,40,0,1,0.575,0.025,0.375,0.025,0,0,0,0,0,0.7273
Colorado School of Healing Arts,60,0.3,0.7,0.55,0.0667,0.2333,0.0333,0,0.0167,0.05,0.05,0,0.1636
Mt. Diablo Adult Education-Mt. Diablo USD,153,0.1569,0.8431,0.2092,0.1503,0.4837,0.098,0.0065,0.0392,0.0131,0,0,0.2076
Greater Lowell Technical School,77,0.1948,0.8052,0.2338,0.5455,0.1429,0.0519,0,0,0.026,0,0,0.3372
Academy of Hair Design-Pearl,48,0.0208,0.9792,0.7083,0.25,0.0417,0,0,0,0,0,0,0.7273
Genesis Career College-Lebanon,98,0.1327,0.8673,0.5306,0.15310000000000001,0.2449,0.0102,0,0.0102,0.0204,0,0.0306,0.5714
Southwest College for the Deaf,47,0.4468,0.5532,0.1702,0.1277,0.5106,0.0638,0,0,0.0426,0.0638,0.0213,0.7407
Fortis College-Richmond,399,0.3835,0.6165,0.0927,0.7669,0.0351,0.0251,0.0125,0,0.0501,0,0.0175,0.7064
Midwest College of Oriental Medicine-Racine,3,0.3333,0.6667,0.6667,0,0.3333,0,0,0,0,0,0,0.5
Hacienda La Puente Adult Education,496,0.4415,0.5585,0.0484,0.0242,0.7923,0.1169,0,0.004,0.002,0,0.0121,0.267
La Belle Beauty Academy,142,0.0352,0.9648,0.007,0,0.993,0,0,0,0,0,0,0.4327
Hawaii Community College,1470,0.417,0.583,0.1517,0.0116,0.1973,0.1422,0.0075,0.0891,0.3762,0.015,0.0095,0.3089
Robert Fiance Beauty Schools-North Plainfield,160,0.1063,0.8938,0.35,0.1563,0.3813,0.0188,0,0.0063,0.0438,0.0313,0.0125,0.3507
Long Island Beauty School-Hauppauge,119,0.0336,0.9664,0.3445,0.1008,0.2773,0.0084,0.0084,0,0.2353,0.0252,0,0.3436
Buckeye Joint Vocational School,80,0.3375,0.6625,0.925,0.0125,0.0125,0,0,0.0125,0.0375,0,0,0.5147
Sandusky Career Center,81,0.3827,0.6173,0.4815,0.3951,0.0494,0,0,0,0.0617,0,0.0123,0.5033
Greater Altoona Career & Technology Center,174,0.2931,0.7069,0.8621,0.0575,0.046,0,0,0.0057,0.0115,0,0.0172,0.4783
Central Texas Beauty College-Temple,120,0.0667,0.9333,0.3667,0.225,0.3417,0.025,0,0.0167,0.0083,0,0.0167,0.6118
Erie 2 Chautauqua Cattaraugus BOCES-Practical Nursing Program,31,0.2258,0.7742,0.2581,0.4516,0.2258,0.0645,0,0,0,0,0,0.5
Empire Beauty School-Brooklyn,161,0.0497,0.9503,0.0807,0.6025,0.2733,0.0062,0,0,0,0,0.0373,0.652
Eastern New Mexico University Ruidoso Branch Community College,409,0.3276,0.6724,0.335,0.022,0.379,0.0196,0.1467,0,0.0318,0.044,0.022,0.1245
UEI College-Ontario,930,0.4366,0.5634,0.0161,0.0376,0.3409,0.0118,0,0.0043,0.0022,0,0.5871,0.7402
UEI College-Reseda,1056,0.6174,0.3826,0.035,0.0142,0.2879,0.0076,0.0076,0.0028,0.0038,0,0.6411,0.7519
Beacon College,497,0.6217,0.3783,0.6821,0.1167,0.0905,0.0382,0.002,0.004,0.0503,0.0121,0.004,0.2601
Estrella Mountain Community College,6424,0.3839,0.6161,0.2377,0.073,0.5875,0.0291,0.0128,0.0037,0.0433,0.0022,0.0107,0.2316
Heartland Community College,2991,0.4353,0.5647,0.6409,0.1297,0.1174,0.0197,0.0013,3e-4,0.0625,0.0157,0.0124,0.2061
University of the Potomac-Washington DC Campus,266,0.4624,0.5376,0.0714,0.1729,0.1504,0.3797,0,0,0.0038,0.2218,0,0.2632
Rabbi Jacob Joseph School,96,1,0,0.9583,0,0,0,0,0,0,0.0417,0,0.1789
The Salon Professional Academy-Melbourne,132,0.0909,0.9091,0.553,0.1515,0.0833,0.0227,0.0227,0,0.1136,0.053,0,0.4118
Fortis Institute-Scranton,205,0.0829,0.9171,0.5122,0.1854,0.1951,0.0488,0.0049,0.0049,0.039,0,0.0098,0.7952
Everglades University,2369,0.4829,0.5171,0.4576,0.1916,0.1233,0.0148,0.0156,0.0034,0.0169,0,0.1769,0.5147
Seminar L'moros Bais Yaakov,371,0,1,1,0,0,0,0,0,0,0,0,0.7624
Herzing University-Orlando,700,0.1657,0.8343,0.1986,0.3814,0.2914,0.0471,0.0057,0.0043,0.0257,0,0.0457,0.5986
Cortiva Institute,121,0.1488,0.8512,0.2149,0.5124,0.2562,0,0,0.0083,0,0,0.0083,0.4536
College of Biblical Studies-Houston,482,0.5996,0.4004,0.1763,0.3838,0.2676,0.056,0.0041,0.0041,0.0083,0.0913,0.0083,0.7854
Mid-EastCTC-Adult Education,268,0.5261,0.4739,0.7948,0.0634,0.0075,0.0075,0.0112,0,0.0485,0,0.0672,0.2131
Polaris Career Center,230,0.5609,0.4391,0.5478,0.1522,0.1348,0.0348,0.0043,0,0.0522,0,0.0739,0.4486
P&A Scholars Beauty School,135,0.0222,0.9778,0,1,0,0,0,0,0,0,0,0.6833
Sharp's Academy of Hairstyling,26,0.0385,0.9615,0.9615,0.0385,0,0,0,0,0,0,0,0.5625
The College of Health Care Professions-Northwest,3794,0.0664,0.9336,0.1247,0.291,0.3361,0.0084,0.0082,0.0032,0.0195,0.0037,0.2053,0.6629
School of Professional Horticulture New York Botanical Garden,19,0.4737,0.5263,0.6316,0,0.2105,0.1579,0,0,0,0,0,0
Fortis College,357,0.3389,0.6611,0.0252,0.6331,0.2773,0.014,0.0028,0,0.0336,0,0.014,0.7267
UEI College-Gardena,1444,0.3996,0.6004,0.0242,0.1468,0.3373,0.0139,0.0076,0.0048,0.009,0,0.4564,0.7604
Asian-American International Beauty College,413,0.1816,0.8184,0.0024,0.0024,0.0024,0.9709,0,0,0.0024,0.0194,0,0.2197
Copper Mountain Community College,1090,0.3193,0.6807,0.3578,0.078,0.4202,0.0569,0.0055,0.0046,0.067,0,0.0101,0.4432
Diversified Vocational College,224,0.7277,0.2723,0.2232,0.5357,0.1696,0.0134,0.0089,0,0.0179,0,0.0313,0.829
UEI College-Fresno,974,0.3532,0.6468,0.0154,0.0236,0.155,0.0113,0.0031,0.001,0.0051,0,0.7854,0.7365
Santiago Canyon College,10613,0.6448,0.3552,0.2535,0.0238,0.5797,0.0667,0.0031,0.0031,0.0404,0.0096,0.0201,0.1155
Southern California Institute of Technology,533,0.9456,0.0544,0.1538,0.0525,0.6023,0.0957,0.0019,0.0113,0.0582,0,0.0244,0.7121
Soka University of America,464,0.3922,0.6078,0.1401,0.0216,0.1315,0.1013,0,0.0022,0.053900000000000003,0.5409,0.0086,0.1685
Summit College,1210,0.7413,0.2587,0.1744,0.1174,0.5901,0.0347,0.0033,0.014,0.0562,0,0.0099,0.5349
Advance Beauty College,448,0.096,0.904,0.0714,0.0223,0.2165,0.6138,0.0357,0,0.0112,0.0246,0.0045,0.4969
Los Angeles Pacific College,61,0.4426,0.5574,0.0328,0.0164,0,0.9508,0,0,0,0,0,0
World Mission University,180,0.2722,0.7278,0,0,0.2222,0.4056,0,0,0,0.3722,0,0.4688
John Amico School of Hair Design,175,0.0114,0.9886,0.04,0.8571,0.08,0,0,0,0,0.0057,0.0171,0.6277
Delta College Inc,153,0.0523,0.9477,0.549,0.3856,0.0261,0.0131,0,0,0.0261,0,0,0.6032
Tri-State Cosmetology Institute,147,0.034,0.966,0.1224,0.0544,0.7755,0.0136,0.0068,0,0.0204,0,0.0068,0.692
Frontier Community College,292,0.4007,0.5993,0.887,0.0274,0.0411,0.0137,0.0034,0.0034,0.0205,0,0.0034,0.0759
Lincoln Trail College,360,0.3861,0.6139,0.7889,0.05,0.0944,0.0083,0.0056,0.0028,0.0139,0,0.0361,0.3129
Wabash Valley College,526,0.4316,0.5684,0.8441,0.0494,0.0399,0.0247,0.0057,0,0.0171,0,0.019,0.2354
Brookline College-Tempe,294,0.1224,0.8776,0.2483,0.1667,0.3571,0.0068,0.0612,0.0034,0.0136,0,0.1429,0.5843
Schiller International University,35,0.5143,0.4857,0.2286,0.1429,0.0857,0.0286,0,0,0,0.0286,0.4857,0.1071
Coconino Community College,2575,0.4497,0.5503,0.4416,0.019,0.2027,0.0128,0.2171,0.0027,0.0365,0,0.0676,0.2063
Emma's Beauty Academy-Juana Diaz,318,0.2799,0.7201,0,0,1,0,0,0,0,0,0,0.7271
Brillare Beauty Institute,259,0.027,0.973,0.7259,0.1197,0.0656,0.0039,0.0039,0,0.0425,0,0.0386,0.6814
Pima Medical Institute-Denver,764,0.1872,0.8128,0.3704,0.0458,0.4777,0.0275,0.0039,0.0026,0.0681,0,0.0039,0.4124
Ohio State School of Cosmetology-Heath,92,0.0109,0.9891,0.8478,0.0217,0,0.0109,0.0109,0,0.0543,0,0.0543,0.4696
Yeshivas Novominsk,163,1,0,0.9877,0,0,0,0,0,0,0.0123,0,0.349
Southern Careers Institute-Corpus Christi,505,0.1762,0.8238,0.2931,0.0317,0.6396,0.0079,0.002,0,0.0139,0,0.0119,0.7258
Rabbinical College of Ohr Shimon Yisroel,233,1,0,1,0,0,0,0,0,0,0,0,0.8017
Carroll Community College,2006,0.4292,0.5708,0.7522,0.0578,0.0783,0.0369,0.0015,5e-4,0.0573,0.007,0.0085,0.1553
Galen College of Nursing-Tampa Bay,1601,0.1374,0.8626,0.3941,0.2305,0.1936,0.0456,0.0031,0.0031,0.0281,0,0.1018,0.4832
Galen College of Nursing-San Antonio,3206,0.1478,0.8522,0.2102,0.116,0.4897,0.034,0.0012,0.0128,0.0203,0,0.1157,0.5324
Sarasota School of Massage Therapy,76,0.2632,0.7368,0.6184,0.0658,0.1447,0.0132,0.0132,0,0.0921,0.0132,0.0395,0.6154
Schuyler Steuben Chemung Tioga Allegany BOCES,170,0.1059,0.8941,0.7706,0.1059,0.0412,0.0059,0,0,0.0765,0,0,0.6723
Delaware Chenango Madison Otsego BOCES-Practical Nursing Program,34,0.1765,0.8235,0.7647,0.0588,0.0294,0.0588,0.0294,0.0294,0.0294,0,0,0.9231
Central Susquehanna Intermediate Unit LPN Career,87,0.0575,0.9425,0.8966,0.046,0.0115,0.023,0,0,0.023,0,0,0.4959
Myotherapy Massage College,61,0.3934,0.6066,0.7049,0.0164,0.1311,0,0.0164,0,0.0164,0.0164,0.0984,0.4205
G Skin & Beauty Institute,436,0.0115,0.9885,0.2431,0.3739,0.3394,0.0229,0,0,0.0206,0,0,0.3718
Cosmetology Training Center,101,0.0099,0.9901,0.8812,0.0693,0,0.0099,0,0,0,0,0.0396,0.5306
Stage One-The Hair School,79,0,1,0.8734,0.1139,0.0127,0,0,0,0,0,0,0.7353
Empire Beauty School-Malden,101,0.0198,0.9802,0.2277,0.3366,0.2178,0.0495,0.0099,0,0.0297,0,0.1287,0.434
Stephanie Moss Academy,220,0.1318,0.8682,0.5455,0.1364,0.2591,0.0182,0.0045,0,0.0364,0,0,0.5642
Orlo School of Hair Design and Cosmetology,60,0,1,0.8333,0.0833,0,0.05,0,0,0.0167,0,0.0167,0.3765
Eastland-Fairfield Career and Technical Schools,84,0.619,0.381,0.7024,0.1548,0.0595,0.0238,0,0,0.0595,0,0,0.425
Empire Beauty School-Cincinnati,175,0.0343,0.9657,0.1143,0.64,0.0286,0.0114,0,0,0.04,0,0.1657,0.6371
Mahoning County Career and Technical Center,74,0.7432,0.2568,0.7432,0.0676,0.0405,0.027,0,0.0946,0.027,0,0,0.0667
Pickaway Ross Joint Vocational School District,237,0.3333,0.6667,0.9367,0.0211,0.0084,0,0,0,0.0338,0,0,0.2815
Pioneer Career and Technology Center,68,0.4265,0.5735,0.8824,0.0441,0.0441,0,0,0,0.0147,0,0.0147,0.0519
Raphael's School of Beauty Culture Inc-Boardman,131,0.0534,0.9466,0.6107,0.2214,0.084,0.0076,0,0,0.0763,0,0,0.5926
Scioto County Career Technical Center,125,0.376,0.624,0.984,0.016,0,0,0,0,0,0,0,0.6814
Pacific Bible College,44,0.5455,0.4545,0.8864,0.0227,0,0,0,0,0.0909,0,0,0.3077
Lake Erie College of Osteopathic Medicine,10,0,1,0.3,0.2,0.3,0.1,0,0,0.1,0,0,0
UCAS University of Cosmetology Arts & Sciences-Harlingen,82,0.0122,0.9878,0,0,1,0,0,0,0,0,0,0.6452
KaiStar,151,0.0728,0.9272,0.4901,0.1589,0.1921,0.0331,0.0066,0.0132,0.0861,0,0.0199,0.4354
Empire Beauty School-Green Bay,85,0.0235,0.9765,0.5176,0.0471,0.1765,0.0706,0.0118,0,0.1647,0,0.0118,0.5481
Warren County Career Center,206,0.5874,0.4126,0.767,0.034,0.0146,0.0146,0.0049,0,0.0388,0,0.1262,0.1976
Paul Mitchell the School-Wichita,172,0.3314,0.6686,0.4651,0.1279,0.3198,0.0233,0,0,0.0581,0,0.0058,0.6679
Pinnacle Institute of Cosmetology,55,0,1,0.9818,0,0,0,0,0,0.0182,0,0,0.3537
Southern Careers Institute-Pharr,629,0.442,0.558,0.2242,0.0143,0.752,0.0016,0,0.0032,0.0048,0,0,0.7608
Florida National University-Main Campus,2354,0.2965,0.7035,0.0331,0.0438,0.8156,0.0047,0.0017,4e-4,0.0013,0.0986,8e-4,0.8362
Georgia Institute of Cosmetology,250,0.056,0.944,0.5,0.364,0.124,0.008,0,0.004,0,0,0,0.6746
Nouvelle Institute,54,0.0556,0.9444,0,0,1,0,0,0,0,0,0,1
Franklin Technology Center Adult Education,57,0.2632,0.7368,0.807,0.0175,0.0351,0.0175,0.0351,0,0.0877,0,0,0.5465
Professional Technical Institution,187,0.9786,0.0214,0,0,1,0,0,0,0,0,0,1
South Texas College,16131,0.43,0.57,0.0242,0.0056,0.9485,0.0058,9e-4,2e-4,0.0016,7e-4,0.0124,0.3593
Pike County Joint Vocational School District,38,0.4474,0.5526,0.9737,0,0,0,0,0,0.0263,0,0,NA
Lorain County Joint Vocational School District,108,0.1574,0.8426,0.5648,0.2037,0.1574,0,0,0,0.0648,0,0.0093,0.2282
California State University-Monterey Bay,5811,0.4053,0.5947,0.2678,0.0265,0.5386,0.0614,0.0015,0.0029,0.0546,0.0198,0.0268,0.4299
Ohio Media School-Valley View,74,0.5135,0.4865,0.1622,0.7568,0.0811,0,0,0,0,0,0,0.6636
EINE Inc,40,0.05,0.95,0.775,0,0.15,0.05,0.025,0,0,0,0,0.2286
Marian Health Careers Center-Los Angeles Campus,154,0.2338,0.7662,0.013,0.1104,0.4091,0.4351,0,0,0,0.0325,0,0.4213
Cleveland Clinic Health System-School of Diagnostic Imaging,31,0.1935,0.8065,0.7742,0,0.0323,0.0968,0,0,0.0968,0,0,0.4595
Academy for Nursing and Health Occupations,559,0.0948,0.9052,0.0769,0.8229,0.0751,0.0107,0.0018,0,0.0072,0,0.0054,0.5303
Shawsheen Valley School of Practical Nursing,35,0.2571,0.7429,0.3143,0.5429,0.1143,0.0286,0,0,0,0,0,0.4565
Shear Ego International School of Hair Design,133,0.0451,0.9549,0.5564,0.2105,0.1729,0.0075,0,0,0.0301,0,0.0226,0.3369
Remington College-Memphis Campus,391,0.3453,0.6547,0.0307,0.954,0.0051,0,0,0,0.0051,0,0.0051,0.9128
Fayette Institute of Technology,36,0.4444,0.5556,1,0,0,0,0,0,0,0,0,0.5
Capella University,16173,0.163,0.837,0.4775,0.2565,0.1336,0.0354,0.0054,0.0046,0.0363,0.005,0.0457,0.3657
College of Menominee Nation,199,0.2965,0.7035,0.0603,0.005,0.0201,0,0.9146,0,0,0,0,0.5089
Leech Lake Tribal College,243,0.3786,0.6214,0.0658,0.0082,0.0041,0,0.9053,0,0.0165,0,0,0.7047
Spartan College of Aeronautics & Technology,319,0.9342,0.0658,0.0846,0.1066,0.6019,0.1097,0.0031,0.0345,0.0376,0,0.0219,0.3972
Yukon Beauty College Inc,26,0,1,0.7308,0,0.1538,0.0385,0.0769,0,0,0,0,0.6591
United Education Institute-Morrow,1119,0.3789,0.6211,0.0098,0.3405,0.0357,0.0045,0.0027,0.0018,0.0116,0,0.5934,0.7148
Artistic Academy of Hair Design,93,0.0323,0.9677,0.6452,0.0753,0.2473,0.0215,0,0.0108,0,0,0,0.2647
Motoring Technical Training Institute,328,0.7866,0.2134,0.4909,0.1677,0.2622,0.0183,0.0152,0,0.0213,0,0.0244,0.4152
Mech-Tech College,2246,0.9497,0.0503,0.0062,0.004,0.9884,4e-4,9e-4,0,0,0,0,0.9198
Baldwin Beauty School-North Austin,84,0.0714,0.9286,0.3452,0.0595,0.5595,0.0238,0,0,0.0119,0,0,0.4751
Jean Madeline Aveda Institute,239,0.046,0.954,0.4644,0.272,0.1339,0.0335,0,0.0084,0.0711,0,0.0167,0.2937
Pacific College of Health and Science,264,0.1402,0.8598,0.1515,0.0379,0.0455,0.0341,0,0,0.0227,0.053,0.6553,0.2811
Tricoci University of Beauty Culture-Indianapolis,341,0.0147,0.9853,0.2023,0.566,0.1202,0.0264,0.0059,0.0029,0.0674,0.0088,0,0.6232
Trine University-Regional/Non-Traditional Campuses,273,0.4066,0.5934,0.63,0.044,0.0696,0.0183,0,0,0.0293,0.1026,0.1062,0.1298
Pennsylvania Highlands Community College,719,0.3825,0.6175,0.8567,0.0487,0.0362,0.007,0,0,0.025,0,0.0264,0.1885
Nevada Career Institute,396,0.1288,0.8712,0.1591,0.3258,0.2955,0.0606,0.0076,0.0581,0.0859,0,0.0076,0.6046
Empire Beauty School-Hanover,50,0.02,0.98,0.74,0.08,0.14,0,0,0,0.04,0,0,0.4324
Industrial Management Training Institute,29,1,0,0.5172,0.1724,0.3103,0,0,0,0,0,0,0.1339
Allen School-Jamaica,84,0.0833,0.9167,0,0.5595,0.1786,0.131,0.0238,0,0.0238,0,0.0833,0.9307
Premiere Career College,106,0.283,0.717,0.0377,0.0189,0.8302,0.0755,0.0189,0,0.0189,0,0,0.65
The University of Texas MD Anderson Cancer Center,322,0.2112,0.7888,0.2174,0.0683,0.3758,0.2578,0,0,0.0373,0.028,0.0155,0.3205
Paul Mitchell the School-Huntsville,102,0.0196,0.9804,0.6078,0.2941,0.0882,0,0,0,0.0098,0,0,0.5
Estes Institute of Cosmetology Arts and Science,41,0,1,0.1707,0.0244,0.6829,0.0244,0.0244,0,0.0488,0,0.0244,0.4632
Baldwin Park Adult & Community Education,435,0.754,0.246,0.0368,0.0092,0.846,0.0897,0.0046,0.0023,0.0092,0,0.0023,0.431
Ventura Adult and Continuing Education,52,0.5385,0.4615,0.25,0.0192,0.6923,0.0192,0,0,0,0,0.0192,0.3505
CT Aerotech,34,0.9118,0.0882,0.7941,0.0882,0.0882,0.0294,0,0,0,0,0,0
Stratford School for Aviation Maintenance Technicians,27,0.963,0.037,0.7778,0.0741,0.1481,0,0,0,0,0,0,0
City College-Altamonte Springs,293,0.0648,0.9352,0.2082,0.3311,0.3652,0.0137,0,0,0.0751,0,0.0068,0.5461
Career Center of Southern Illinois,48,0.0625,0.9375,0.3542,0.6042,0.0208,0,0,0,0.0208,0,0,0.7963
Crave Beauty Academy,355,0,1,0.4563,0.2901,0.1549,0.0141,0.0113,0,0.0704,0,0.0028,0.4455
Hastings Beauty School,11,0,1,1,0,0,0,0,0,0,0,0,0.6538
Kirksville Area Technical Center,21,0.1429,0.8571,0.8571,0.0952,0,0,0,0,0.0476,0,0,0.8
Southern Missouri Technical Institute,58,0.4138,0.5862,0.9483,0,0.0345,0,0,0,0.0172,0,0,0.6495
Saline County Career Center,23,0,1,0.6522,0.1304,0.1739,0,0,0,0.0435,0,0,0.7778
Warrensburg Area Career Center,23,0.0435,0.9565,0.913,0.0435,0,0,0.0435,0,0,0,0,0.6842
Cass Career Center,20,0.05,0.95,0.6,0.35,0.05,0,0,0,0,0,0,0.5333
Applied Technology Services,152,0.0724,0.9276,0.1184,0.8421,0.0066,0.0066,0.0066,0,0.0197,0,0,0.744
Central College of Cosmetology,48,0.0208,0.9792,0.8125,0.0625,0.0625,0.0208,0,0.0208,0.0208,0,0,0.3226
Southeast Missouri Hospital College of Nursing and Health Sciences,146,0.1233,0.8767,0.8904,0.0479,0.0342,0,0,0,0.0274,0,0,0.4627
Messenger College,26,0.3846,0.6154,0.6538,0,0.1538,0,0,0,0.0769,0.0769,0.0385,0.8421
Union County Vocational Technical School,60,0.65,0.35,0.1833,0.35,0.45,0,0,0.0167,0,0,0,0.2195
Prism Career Institute-Philadelphia,406,0.0714,0.9286,0.032,0.8177,0.0936,0.0197,0,0,0.0148,0,0.0222,0.6042
Clinton Essex Warren Washington BOCES,35,0.1714,0.8286,0.9714,0,0.0286,0,0,0,0,0,0,0.1538
Jefferson Lewis BOCES-Practical Nursing Program,23,0.0435,0.9565,0.7826,0.1304,0.0435,0,0,0,0.0435,0,0,0.7
Veeb Nassau County School of Practical Nursing,388,0.1598,0.8402,0.0515,0.6985,0.1005,0.0515,0.0026,0.0052,0.0902,0,0,0.9602
Cattaraugus Allegany BOCES-Practical Nursing Program,23,0.1739,0.8261,0.7826,0.0435,0.087,0.0435,0,0,0.0435,0,0,0.8276
Orange Ulster BOCES-Practical Nursing Program,72,0.0556,0.9444,0.3056,0.3889,0.3056,0,0,0,0,0,0,0.587
Wayne Finger Lakes BOCES-Practical Nursing Program,77,0.0779,0.9221,0.5195,0.2727,0.026,0,0,0,0.1169,0,0.0649,0.6024
Broome Delaware Tioga BOCES-Practical Nursing Program,88,0.0682,0.9318,0.6705,0.25,0.0227,0.0455,0.0114,0,0,0,0,0.5972
Washington Saratoga Warren Hamilton Essex BOCES-Practical Nursing Program,37,0.1892,0.8108,0.7568,0.1892,0.0541,0,0,0,0,0,0,0.8333
Albany BOCES-Adult Practical Nursing Program,161,0.0621,0.9379,0.1491,0.6335,0.0497,0.0124,0,0,0.1242,0,0.0311,0.7216
Eastern Suffolk BOCES,275,0.1455,0.8545,0.1891,0.4836,0.24,0.0218,0.0073,0,0.0145,0,0.0436,0.4792
Rockland County BOCES-Practical Nursing Program,29,0.1724,0.8276,0.1379,0.5862,0.1034,0.0345,0,0,0.0345,0,0.1034,0.56
New York College of Health Professions,32,0.4063,0.5938,0.3125,0.1875,0.2188,0.1563,0,0,0,0,0.125,0.3226
Charles Stuart School of Diamond Setting,43,0.9302,0.0698,0.3488,0.3023,0.2558,0.0698,0,0,0,0,0.0233,0.0313
Penta County Joint Vocational School,67,0.791,0.209,0.7761,0.1194,0.0896,0,0,0,0,0,0.0149,0.0429
Career and Technology Education Centers of Licking County,220,0.5682,0.4318,0.7864,0.0682,0.0273,0.0364,0,0,0.0682,0,0.0136,0.1587
Northern Career Institute,140,0.0571,0.9429,0.1071,0.7714,0.0571,0.0143,0.0071,0.0071,0.0214,0,0.0143,0.7391
Washington County Career Center-Adult Technical Training,189,0.6561,0.3439,0.9418,0.0106,0.0053,0.0053,0,0,0.0106,0,0.0265,0.1984
Ohio Media School-Cincinnati,67,0.6119,0.3881,0.1045,0.8657,0.0149,0.0149,0,0,0,0,0,0.6782
Vantage Career Center,158,0.5127,0.4873,0.8797,0.0823,0.0253,0,0.0063,0,0.0063,0,0,0.19
Indian Capital Technology Center-Muskogee,1535,0.5485,0.4515,0.3772,0.0612,0.1042,0.0072,0.4261,0.0013,0,0.0013,0.0215,0.089
Western Technology Center,141,0.4043,0.5957,0.5816,0.0142,0.2199,0.0071,0.0426,0,0.1348,0,0,0.1386
Mid-America Technology Center,147,0.5034,0.4966,0.6803,0.034,0.1361,0.0068,0.1429,0,0,0,0,0.0405
Eastern Oklahoma County Technology Center,110,0.7727,0.2273,0.6636,0.0545,0.0818,0.0182,0.1364,0.0182,0,0,0.0273,0.0481
Wes Watkins Technology Center,205,0.4488,0.5512,0.6244,0.078,0.0146,0.0195,0.0976,0,0.1659,0,0,0.2821
York County School of Technology-Adult & Continuing Education,288,0.4757,0.5243,0.566,0.3299,0.0451,0.0313,0.0035,0.0035,0.0208,0,0,0.1395
Chester County Intermediate Unit,85,0.1176,0.8824,0.4118,0.4471,0.0941,0.0235,0,0,0.0235,0,0,0.6303
Jefferson County Dubois Area Vocational Technical Practical Nursing Program,25,0,1,0.88,0.04,0.08,0,0,0,0,0,0,0.6154
Greater Johnstown Career and Technology Center,102,0.4118,0.5882,0.6863,0.2059,0.049,0.0294,0.0196,0,0.0098,0,0,0.4135
Mifflin County Academy of Science and Technology,38,0.0789,0.9211,0.9211,0,0.0789,0,0,0,0,0,0,0.3958
Lenape Technical School Practical Nursing Program,71,0.0704,0.9296,0.6901,0.2113,0.0141,0,0,0,0.0845,0,0,0.5241
Venango County Area Vocational Technical School,57,0.1754,0.8246,1,0,0,0,0,0,0,0,0,0.6667
Lancaster County Career and Technology Center,250,0.168,0.832,0.468,0.188,0.132,0.024,0,0,0.088,0,0.1,0.4957
Lebanon County Area Vocational Technical School,64,0.2031,0.7969,0.4219,0.2656,0.2031,0.0469,0.0156,0.0156,0.0313,0,0,0.5402
Indiana County Technology Center,90,0.1667,0.8333,0.6556,0.2889,0.0111,0.0333,0,0,0.0111,0,0,0.5464
Northern Tier Career Center,37,0.027,0.973,0.9189,0,0.0541,0,0,0,0.027,0,0,0.3036
Hazleton Area Career Center,7,0,1,0.4286,0,0.5714,0,0,0,0,0,0,0.7778
All-State Career School-Pittsburgh,418,0.8206,0.1794,0.2751,0.622,0.0144,0.0263,0,0.0024,0.0502,0,0.0096,0.6017
D'Mart Institute,283,0.4947,0.5053,0,0,1,0,0,0,0,0,0,0.5511
Automeca Technical College-Aguadilla,231,0.9394,0.0606,0,0,1,0,0,0,0,0,0,0.9055
North Central Institute,55,0.8909,0.1091,0.6182,0.1636,0.0727,0,0.0182,0,0.1273,0,0,0.18
Pipo Academy of Hair Design,11,0.0909,0.9091,0,0,1,0,0,0,0,0,0,0.5
Tint School of Makeup and Cosmetology-Dallas,212,0.0189,0.9811,0.0519,0.467,0.4245,0.0377,0,0.0047,0,0.0142,0,0.5764
United Technical Center,23,0.087,0.913,0.9565,0,0,0.0435,0,0,0,0,0,0.3214
Charles H McCann Technical School,45,0.0222,0.9778,0.8444,0.0889,0.0444,0,0,0,0.0222,0,0,0.377
Central California School of Continuing Education,72,0.1667,0.8333,0.2917,0.0278,0.6667,0,0,0,0,0,0.0139,0.7317
HCA Florida Mercy Hospital School of Practical Nursing,54,0.0926,0.9074,0.0741,0.4259,0.4259,0,0,0,0.037,0,0.037,0.3205
Marion Technical College,436,0.5642,0.4358,0.5275,0.1995,0.2179,0.0115,0.0069,0,0.0344,0.0023,0,0.2747
Rivertown School of Beauty Barber Skin Care and Nails,124,0.2742,0.7258,0,0.9919,0,0,0,0.0081,0,0,0,0.9753
Atlanta Institute of Music and Media,264,0.7917,0.2083,0.3144,0.4773,0.0871,0.0152,0.0038,0,0.0871,0,0.0152,0.4973
Illinois Media School,36,0.5833,0.4167,0.3611,0.5556,0.0833,0,0,0,0,0,0,0.5978
New Dimensions School of Hair Design,34,0.0588,0.9412,0.8235,0,0.0882,0,0.0588,0,0.0294,0,0,0.3256
Jna Institute of Culinary Arts,31,0.4194,0.5806,0.129,0.7742,0.0645,0,0,0,0,0,0.0323,0.5556
Putnam Career and Technical Center,32,0.2813,0.7188,0.9688,0.0313,0,0,0,0,0,0,0,0.5769
Crawford County Career and Technical Center Practical Nursing Program,25,0.24,0.76,0.96,0.04,0,0,0,0,0,0,0,0.65
Texas College of Cosmetology-San Angelo,83,0.0964,0.9036,0.2892,0.0602,0.6506,0,0,0,0,0,0,0.7181
Automeca Technical College-Bayamon,459,0.9434,0.0566,0,0,1,0,0,0,0,0,0,0.958
Automeca Technical College-Caguas,194,0.933,0.067,0,0,1,0,0,0,0,0,0,0.969
Automeca Technical College-Ponce,284,0.9507,0.0493,0,0,1,0,0,0,0,0,0,0.9679
Centura College-Chesapeake,225,0.1156,0.8844,0.1867,0.6089,0.0622,0.0267,0,0.0044,0.1067,0,0.0044,0.8413
University of Phoenix-Hawaii,10,0.7,0.3,0,0.1,0,0,0,0.2,0.2,0,0.5,0.125
Prism Career Institute-Cherry Hill,328,0.0884,0.9116,0.0457,0.7805,0.1067,0.0122,0.003,0,0.0122,0,0.0396,0.5859
Escuela de Peritos Electricistas de Isabela Inc,198,0.9697,0.0303,0,0,1,0,0,0,0,0,0,0.783
Yeshiva D'monsey Rabbinical College,86,1,0,1,0,0,0,0,0,0,0,0,0.8353
Lincoln Technical Institute-Mahwah,964,0.9595,0.0405,0.3434,0.1473,0.4222,0.0384,0.0031,0.0021,0.0353,0,0.0083,0.441
Career Technical Institute,370,0.2649,0.7351,0.0297,0.8892,0.0784,0.0027,0,0,0,0,0,0.8138
Northwest Vista College,13872,0.4423,0.5577,0.167,0.0674,0.6919,0.0278,0.0018,0.0015,0.036,0.0019,0.0048,0.2127
Oconee Fall Line Technical College,1580,0.3285,0.6715,0.4203,0.5076,0.0285,0.0013,6e-4,0,0.0259,6e-4,0.0152,0.5206
York County Community College,1055,0.3592,0.6408,0.8445,0.0303,0.036,0.018,0.0028,0,0.0303,0.0085,0.0294,0.2123
Western Suffolk BOCES,274,0.3723,0.6277,0.4854,0.1314,0.2117,0.062,0.0073,0,0.0474,0,0.0547,0.4112
Arkansas State University-Mountain Home,920,0.362,0.638,0.9261,0.0109,0.0033,0.0076,0.0065,0,0,0,0.0457,0.4338
Columbia Gorge Community College,515,0.3786,0.6214,0.3942,0.0058,0.3107,0.0136,0.0252,0.0039,0.0214,0,0.2252,0.2148
Tillamook Bay Community College,268,0.3806,0.6194,0.6007,0.0037,0.3284,0.0187,0,0.0075,0.0149,0.0075,0.0187,0.1729
Manhattan School of Computer Technology,625,0.152,0.848,0.5792,0.1696,0.0496,0.1744,0,0,0,0,0.0272,0.7918
Ross College-Hopkinsville,65,0.0308,0.9692,0.2615,0.2,0.0615,0,0,0,0,0,0.4769,0.7717
Paul Mitchell the School-St. George,103,0.068,0.932,0.7087,0.0194,0.1456,0.0194,0.0291,0.0194,0.0583,0,0,0.276
Cadillac Institute of Cosmetology,48,0.0208,0.9792,0.8333,0.0625,0.0417,0,0.0417,0,0,0,0.0208,0.6508
Arizona College of Nursing-Tempe,1246,0.134,0.866,0.4021,0.1003,0.2536,0.0441,0.0241,0.0385,0.1268,0,0.0104,0.4665
Vanguard-Sentinel Adult Career and Technology Center,19,0.7895,0.2105,0.9474,0.0526,0,0,0,0,0,0,0,0.0889
Academy of Beauty Professionals,36,0.0278,0.9722,0.6667,0.2778,0,0,0,0,0.0556,0,0,0.625
New York Conservatory for Dramatic Arts,286,0.4266,0.5734,0.3077,0.2273,0.2622,0.028,0.0035,0,0.0315,0.1189,0.021,0.4548
Eastern International College-Jersey City,474,0.0802,0.9198,0.1793,0.289,0.365,0.0844,0.0021,0.0042,0.0612,0.0021,0.0127,0.4537
Academia Serrant Inc,186,0.3656,0.6344,0,0,1,0,0,0,0,0,0,0.8628
San Joaquin Valley College-Trades Education Center,292,0.9658,0.0342,0.2123,0.0377,0.5685,0.0993,0.0205,0.0034,0.0103,0,0.0479,0.5816
Pacific College,285,0.1298,0.8702,0.0912,0.0842,0.4982,0.1684,0,0.0105,0.1263,0,0.0211,0.5082
American College of Healthcare and Technology,321,0.19,0.81,0.109,0.0935,0.7445,0.0218,0,0.0062,0,0,0.0249,0.834
Compu-Med Vocational Careers Corp,417,0.1439,0.8561,0.0312,0.0384,0.9113,0.0024,0.0048,0,0,0,0.012,0.413
Advantage Technical College,547,0.5356,0.4644,0,0,1,0,0,0,0,0,0,0.5341
Mid Cities Barber College,44,0.75,0.25,0.0455,0.4091,0.5227,0.0227,0,0,0,0,0,0.58
Oregon Coast Community College,321,0.243,0.757,0.6044,0.0062,0.1963,0.0031,0.0218,0.0031,0.053,0,0.1121,0.3719
Gwinnett College-Sandy Springs,114,0.1842,0.8158,0.2105,0.5702,0.1842,0.0351,0,0,0,0,0,0.8347
Mildred Elley-Pittsfield Campus,172,0.0756,0.9244,0.4826,0.1977,0.2267,0,0.0058,0.0058,0,0,0.0814,0.7299
Embry-Riddle Aeronautical University-Worldwide,8786,0.8424,0.1576,0.5187,0.0845,0.1988,0.0436,0.0048,0.0064,0.0447,0.0542,0.0444,0.2506
Merkaz Bnos-Business School,153,0.0327,0.9673,0.3529,0,0,0.6405,0,0.0065,0,0,0,1
Lia Schorr Institute of Cosmetic Skin Care Training,38,0.0263,0.9737,0.4211,0.0789,0.0789,0.0526,0,0,0.2632,0,0.1053,0.4444
CET-Alexandria,23,1,0,0.1304,0.6957,0.1304,0.0435,0,0,0,0,0,0.3297
Aviation Institute of Maintenance-Norfolk,237,0.8945,0.1055,0.5021,0.2743,0.0759,0.0211,0.0084,0.0169,0.097,0,0.0042,0.5086
Centura College-Richmond Main,31,0.5161,0.4839,0.1613,0.6129,0.0323,0.0968,0,0,0.0968,0,0,0.7315
Osceola Technical College,480,0.5125,0.4875,0.1833,0.1083,0.6667,0.0229,0.0042,0.0021,0.0125,0,0,0.3469
Miami Ad School,33,0.4242,0.5758,0.3333,0.0303,0.4848,0,0,0,0,0.1212,0.0303,0.0805
Green Country Technology Center,75,0.44,0.56,0.3467,0.1467,0,0.0133,0.2267,0.0133,0.2533,0,0,0.1583
Nova College de Puerto Rico,156,0.2564,0.7436,0,0,1,0,0,0,0,0,0,0.8225
John Wesley International Barber and Beauty College,61,0.6885,0.3115,0.0328,0.2295,0.5738,0.0984,0,0.0328,0.0164,0,0.0164,0.7368
Southeastern College-West Palm Beach,644,0.1118,0.8882,0.0947,0.514,0.295,0.0109,0,0,0.0155,0,0.0699,0.773
Ottawa University-Milwaukee,57,0.1754,0.8246,0.7895,0.1053,0.0526,0.0175,0.0351,0,0,0,0,0.4603
Klamath Community College,1041,0.4102,0.5898,0.585,0.0154,0.2085,0.0096,0.0442,0.0048,0.0509,0.0038,0.0778,0.3335
Urban College of Boston,356,0.0646,0.9354,0.0337,0.2079,0.5983,0.0927,0.0028,0,0.0309,0,0.0337,0.3364
Strayer University-Maryland,1177,0.2965,0.7035,0.1725,0.6542,0.0654,0.0204,0.0085,8e-4,0.0493,0.0017,0.0272,0.5955
Empire Beauty School-Monroeville,65,0.0308,0.9692,0.2,0.5846,0.0154,0.0154,0,0,0.1538,0,0.0308,0.4783
Southern Careers Institute-San Antonio,596,0.2148,0.7852,0.255,0.0889,0.6191,0.005,0,0.0017,0.0185,0,0.0117,0.7166
Cayce/Reilly School of Massage,25,0.08,0.92,0.6,0.16,0.16,0.04,0,0,0.04,0,0,0.4118
Prism Career Institute-West Atlantic City,273,0.0476,0.9524,0.0879,0.4872,0.2637,0.0256,0,0,0.0183,0,0.1172,0.6259
Studio Jewelers,65,0.3846,0.6154,0.4308,0.2154,0.1077,0.2,0,0,0,0.0462,0,0.0168
Praxis Institute,440,0.4795,0.5205,0.0068,0,0.9932,0,0,0,0,0,0,0.6771
San Juan Bautista School of Medicine,60,0.2333,0.7667,0,0,1,0,0,0,0,0,0,0.8767
Carver Career Center,163,0.3006,0.6994,0.9325,0.0429,0.0061,0,0,0,0.0184,0,0,0.8509
Cayuga Onondaga BOCES-Practical Nursing Program,36,0.0833,0.9167,0.75,0.1111,0.0278,0,0,0,0.0556,0,0.0556,0.7241
Clearfield County Career and Technology Center,37,0.1351,0.8649,1,0,0,0,0,0,0,0,0,0.3654
Colegio de Cinematografia Artes y Television,551,0.7096,0.2904,0,0,1,0,0,0,0,0,0,0.8447
Delaware County Technical School-Practical Nursing Program,42,0.1667,0.8333,0.119,0.8571,0,0,0.0238,0,0,0,0,0.5072
Mid-Del Technology Center,88,0.5,0.5,0.5341,0.1932,0.1136,0.0341,0.0909,0,0.0227,0,0.0114,0.1601
New York Institute of Massage Inc,38,0.1842,0.8158,0.7105,0.2105,0,0.0263,0,0,0.0526,0,0,0.5682
Dutchess BOCES-Practical Nursing Program,85,0.0941,0.9059,0.2353,0.4235,0.1765,0.0706,0,0,0.0588,0,0.0353,0.5045
Escuela Tecnica de Electricidad,195,0.9949,0.0051,0,0,1,0,0,0,0,0,0,0.7396
Institute of Technology,1376,0.4121,0.5879,0.3132,0.0465,0.4738,0.0792,0.0109,0.0131,0.0407,7e-4,0.0218,0.2918
Bristol Technical Education Center,152,0.9013,0.0987,0.6184,0.0658,0.2237,0.0066,0.0066,0,0.0592,0,0.0197,0
Genesee Valley BOCES-Practical Nursing Program,61,0.1475,0.8525,0.4098,0.3934,0.0984,0.0164,0,0,0.082,0,0,0.7634
Henrico County-Saint Marys Hospital School of Practical Nursing,79,0.0506,0.9494,0.2278,0.5696,0.1772,0,0,0,0,0,0.0253,0.1864
Herkimer County BOCES-Practical Nursing Program,62,0.1129,0.8871,0.7097,0.1129,0.0484,0.0323,0,0.0323,0.0161,0.0323,0.0161,0.7963
Graduate America College,72,0,1,0.2222,0.1528,0.5278,0.0417,0,0,0.0278,0.0278,0,0.5411
Cape Coral Technical College,293,0.3311,0.6689,0.3925,0.1263,0.4266,0.0034,0.0034,0,0.0239,0.0239,0,0.4635
UPMC Mercy School of Nursing,305,0.1279,0.8721,0.6131,0.2557,0.0557,0.0066,0,0,0.0459,0,0.023,0.2024
Ocean County Vocational-Technical School,450,0.4556,0.5444,0.5667,0.0778,0.28,0.0178,0.0067,0,0.0511,0,0,0.415
Yeshiva of the Telshe Alumni,78,1,0,0.9872,0,0,0,0,0,0,0.0128,0,0.473
Kenneth Shuler School of Cosmetology-Rock Hill,172,0.0233,0.9767,0.4709,0.4186,0.0814,0.0058,0,0,0.0233,0,0,0.6636
CET-El Paso,74,0.8378,0.1622,0.0541,0.0811,0.8649,0,0,0,0,0,0,0.6593
Platt College-Ontario,467,0.1777,0.8223,0.0878,0.0749,0.7409,0.0471,0.0043,0.0043,0.0385,0,0.0021,0.6561
Delaware College of Art and Design,104,0.3269,0.6731,0.4038,0.2981,0.1635,0.0096,0.0096,0,0.1058,0,0.0096,0.4016
American University of Health Sciences,364,0.25,0.75,0.044,0.1099,0.3077,0.4505,0.011,0.0302,0.011,0.022,0.0137,0.4598
Career Networks Institute,971,0.3028,0.6972,0.1432,0.0752,0.4408,0.2698,0.0216,0.0144,0.0185,0.0134,0.0031,0.4838
Monty Tech,33,0.0909,0.9091,0.4545,0.1212,0.2424,0.0303,0,0,0.0606,0.0606,0.0303,0.439
Okaloosa Technical College,429,0.5991,0.4009,0.6247,0.1352,0.1375,0.021,0,0.014,0.0629,0.0047,0,0.2053
Lincoln Technical Institute-Lincoln,703,0.111,0.889,0.2276,0.3969,0.2447,0.027,0.0043,0,0.0569,0.0014,0.0413,0.627
Wayne County Schools Career Center,90,0.2667,0.7333,0.9,0.0333,0.0111,0,0.0222,0,0.0333,0,0,0.645
Carolinas College of Health Sciences,409,0.1491,0.8509,0.4597,0.1858,0.0758,0.0269,0,0.0122,0.0342,0.0024,0.2029,0.1663
Western Governors University,135822,0.4332,0.5668,0.5528,0.1333,0.153,0.0411,0.0088,0.0049,0.0389,1e-4,0.067,0.3488
California Aeronautical University,383,0.8903,0.1097,0.4021,0.0679,0.3786,0.0914,0.0026,0.0131,0.0392,0,0.0052,0.4985
Herzing University-New Orleans,361,0.0997,0.9003,0.1828,0.6648,0.0554,0.0055,0.0083,0.0028,0.0249,0,0.0554,0.7225
Florida Gulf Coast University,13809,0.4365,0.5635,0.5799,0.052,0.25,0.0195,0.002,9e-4,0.0326,0.0227,0.0405,0.2857
Little Priest Tribal College,177,0.322,0.678,0.0791,0.0113,0,0,0.8136,0,0.096,0,0,0.4009
South Louisiana Community College,4837,0.3554,0.6446,0.4654,0.4141,0.0494,0.0172,0.0064,0.0029,0.0354,0.0054,0.0039,0.4844
Pima Medical Institute-Chula Vista,675,0.203,0.797,0.1422,0.0252,0.6548,0.0785,0.0074,0.0044,0.0815,0,0.0059,0.5491
Lincoln College of Technology-Marietta,438,0.8196,0.1804,0.1164,0.6233,0.1941,0.0091,0.0023,0.0023,0.0183,0,0.0342,0.6014
Academy of Hair Design-Lufkin,74,0.1486,0.8514,0.6216,0.3243,0.027,0,0,0.027,0,0,0,0.5492
Pathway Vocational Academy,18,0,1,0.3889,0.5556,0.0556,0,0,0,0,0,0,0.5909
Cortiva Institute,251,0.0757,0.9243,0.1434,0.6773,0.1036,0.0199,0,0.0319,0.0199,0,0.004,0.7614
Toni & Guy Hairdressing Academy-Worcester,171,0.0409,0.9591,0.7018,0.0585,0.1871,0.0058,0,0,0.0409,0,0.0058,0.4676
Northwest HVAC/R Training Center,49,0.9388,0.0612,0.7551,0.102,0.0612,0.0204,0.0408,0,0,0,0.0204,0.5429
Myotherapy Institute,10,0,1,0.8,0.1,0.1,0,0,0,0,0,0,0.4615
New Professions Technical Institute,340,0.1941,0.8059,0,0.0647,0.9324,0.0029,0,0,0,0,0,0.9156
Strand College of Hair Design,103,0.0291,0.9709,0.6893,0.165,0.068,0.0291,0,0,0.0291,0,0.0194,0.5313
Ilisagvik College,175,0.2571,0.7429,0.08,0.0057,0.0114,0.0857,0.6971,0.1029,0.0114,0,0.0057,0.1069
Community College of Baltimore County,13195,0.3677,0.6323,0.3145,0.3977,0.0798,0.0568,0.0033,0.0013,0.0428,0.0886,0.0152,0.3293
White Earth Tribal and Community College,95,0.3053,0.6947,0.1158,0,0.0421,0,0.8,0,0.0316,0,0.0105,0.7157
Blue Cliff College-Metairie,584,0.1113,0.8887,0.2192,0.726,0.0171,0.0051,0.0034,0,0.0154,0,0.0137,0.7831
Creative Images Institute of Cosmetology-North Dayton,186,0.0108,0.9892,0.5054,0.4247,0.0161,0.0108,0.0054,0,0,0,0.0376,0.5169
Dewey University-Carolina,356,0.1966,0.8034,0,0,1,0,0,0,0,0,0,0.8512
Yeshiva College of the Nations Capital,57,1,0,1,0,0,0,0,0,0,0,0,0.186
Louisiana State University Health Sciences Center-Shreveport,20,0.4,0.6,0.65,0.25,0.05,0.05,0,0,0,0,0,0.1739
Hair Academy II,230,0.2826,0.7174,0.0043,0.987,0.0087,0,0,0,0,0,0,0.4098
River Parishes Community College,1828,0.5049,0.4951,0.4776,0.4283,0.0574,0.0049,0.0016,0.0016,0.0219,0.0016,0.0049,0.3473
Los Angeles Film School,5833,0.6381,0.3619,0.2465,0.2974,0.1056,0.0274,0.0144,0.0024,0.0681,0.019,0.2191,0.6492
Century College,509,0.1493,0.8507,0,0,1,0,0,0,0,0,0,0.806
FINE Mortuary College,176,0.1477,0.8523,0.8239,0.0568,0.0909,0.0114,0.0114,0,0,0,0.0057,0.4661
International Baptist College and Seminary,55,0.5455,0.4545,0.7455,0.0364,0.0909,0,0,0.0364,0.0545,0.0364,0,0.3091
Gwinnett College,117,0.1538,0.8462,0.1795,0.5897,0.1111,0.0085,0,0,0,0,0.1111,0.6607
Medical Training College,146,0.0685,0.9315,0.274,0.6712,0.0411,0,0,0,0.0137,0,0,0.7823
University of Connecticut-Waterbury Campus,746,0.437,0.563,0.4021,0.1086,0.2842,0.1126,0.0027,0,0.0617,0.0241,0.004,0.5
University of Connecticut-Avery Point,464,0.5819,0.4181,0.6121,0.0345,0.1703,0.0841,0.0022,0,0.056,0.0086,0.0323,0.3428
University of Connecticut-Stamford,2177,0.5181,0.4819,0.2876,0.147,0.3477,0.1098,9e-4,0,0.0377,0.0565,0.0129,0.5037
University of Management and Technology,322,0.5311,0.4689,0.0714,0.0807,0.0186,0.0559,0,0.0031,0.0031,0,0.7671,0.0483
Baton Rouge Community College,8003,0.3158,0.6842,0.3579,0.5352,0.0499,0.0124,0.0029,0.003,0.0234,0.0121,0.0034,0.5714
IYRS School of Technology & Trades,76,0.8947,0.1053,0.9342,0,0,0,0,0,0.0132,0.0526,0,0.1942
Midwest Technical Institute-Illinois,1128,0.4362,0.5638,0.57,0.2722,0.0931,0.0133,0.0018,9e-4,0.0408,0,0.008,0.6282
Advanced Barber College and Hair Design,150,0.6333,0.3667,0.04,0,0.94,0,0,0,0,0,0.02,0.8008
The College of Health Care Professions-Austin,829,0.0953,0.9047,0.1773,0.1653,0.5139,0.0181,0.0084,0.0036,0.0458,0.0012,0.0663,0.6855
New Community Career & Technical Institute,18,0.3333,0.6667,0,0.7222,0.2222,0,0,0,0.0556,0,0,0.7692
The Chicago School-College of Nursing,2,0.5,0.5,0.5,0,0.5,0,0,0,0,0,0,0.5896
Professional Golfers Career College,110,0.9455,0.0545,0.6273,0.0455,0.0909,0.0455,0.0091,0.0273,0,0.0364,0.1182,0.2667
Chester Career College,147,0.1156,0.8844,0.1633,0.7619,0.0476,0,0,0,0.0272,0,0,0.5738
Milan Institute-San Antonio Ingram,349,0.0401,0.9599,0.0774,0.0831,0.7536,0.0029,0,0.0029,0.0573,0,0.0229,0.7302
Rudae's School of Beauty Culture-Ft Wayne,121,0.0165,0.9835,0.5785,0.1901,0.1074,0.0083,0.0165,0,0.0992,0,0,0.5819
Carrington College-San Jose,680,0.1265,0.8735,0.0868,0.0338,0.6662,0.1221,0.0044,0.0103,0.0015,0.0132,0.0618,0.4854
Brookline College-Tucson,211,0.1659,0.8341,0.1801,0.0948,0.5592,0.0047,0.0284,0.0047,0.0047,0,0.1232,0.6657
Miller-Motte College-McCann-Lewisburg,129,0.1163,0.8837,0.7519,0.1163,0.0775,0,0,0,0.0465,0,0.0078,0.6977
Carrington College-Pleasant Hill Campus,430,0.3,0.7,0.1163,0.107,0.4953,0.1302,0.0023,0.014,0.0326,0.014,0.0884,0.4993
Cortiva Institute,211,0.0474,0.9526,0.1943,0.3365,0.3981,0.019,0,0,0.0379,0,0.0142,0.6839
Modern Hairstyling Institute-Carolina,206,0.4078,0.5922,0,0,1,0,0,0,0,0,0,0.9609
Universal Technical Institute of California Inc,1484,0.9522,0.0478,0.1193,0.0465,0.6536,0.0202,0.0067,0.0047,0.128,0.0013,0.0195,0.59
American InterContinental University-Atlanta,670,0.2925,0.7075,0.0866,0.4791,0.0015,0.003,0,0.003,0.0358,0,0.391,0.833
The Academy of Hair Design Six,48,0.0208,0.9792,0.125,0.875,0,0,0,0,0,0,0,0.8356
Eastern West Virginia Community and Technical College,196,0.2143,0.7857,0.949,0.0102,0.0153,0.0051,0.0051,0,0.0153,0,0,0.2979
Aviation Institute of Maintenance-Indianapolis,160,0.9,0.1,0.5375,0.2375,0.1313,0.0375,0,0,0.0563,0,0,0.6154
IVAEM College,173,0.341,0.659,0,0,1,0,0,0,0,0,0,0.8904
Midwest College of Oriental Medicine-Skokie,1,0,1,1,0,0,0,0,0,0,0,0,0.3333
Carrington College-Spokane,296,0.3209,0.6791,0.4527,0.0473,0.2534,0.0101,0.0203,0.027,0.0541,0,0.1351,0.5219
Cascadia College,970,0.5124,0.4876,0.399,0.0278,0.1485,0.132,0.0021,0,0.0907,0.1103,0.0897,0.0976
CBD College,1408,0.2813,0.7188,0.1555,0.0888,0.424,0.1662,0.0036,0.0085,0,0,0.1534,0.4259
Atlantic Institute of Oriental Medicine,74,0.1351,0.8649,0.3784,0.0946,0.1892,0.1081,0,0.0405,0,0.0135,0.1757,0
MDT College of Health Sciences,335,0.0388,0.9612,0.009,0.9284,0.0448,0.006,0,0,0.0119,0,0,0.892
Bennett Career Institute,177,0.3107,0.6893,0,0.9831,0.0169,0,0,0,0,0,0,0.565
Blue Cliff College-Lafayette,217,0.0922,0.9078,0.212,0.6728,0.0138,0.023,0.0138,0,0.0415,0,0.023,0.7417
Community Care College,430,0.0465,0.9535,0.4767,0.1698,0.0721,0.014,0.1977,0,0.0512,0,0.0186,0.5013
Erie 1 BOCES,312,0.2147,0.7853,0.5897,0.3333,0.0545,0.0128,0.0064,0,0,0,0.0032,0.3821
HDS Truck Driving Institute,342,0.8655,0.1345,0.3363,0.0936,0.5058,0.0058,0.0146,0.0058,0.0263,0,0.0117,0.0321
The King's University,272,0.4154,0.5846,0.4559,0.0699,0.1176,0.0294,0.0184,0,0.0331,0.0074,0.2684,0.0824
Fortis College-Baton Rouge,461,0.2039,0.7961,0.1193,0.8156,0.0325,0.0087,0.0043,0,0.0087,0.0022,0.0087,0.8827
My Le's Beauty College,168,0.125,0.875,0.0714,0.0476,0.1607,0.7143,0,0,0,0,0.006,0.25
New Concept Massage and Beauty School,89,0.3371,0.6629,0.0225,0,0.9775,0,0,0,0,0,0,0.7188
New York College of Traditional Chinese Medicine,7,0.2857,0.7143,0,0,0,1,0,0,0,0,0,NA
Fortis College-Orange Park,327,0.0734,0.9266,0.2875,0.5321,0.0887,0.0214,0.0092,0.0092,0.0459,0,0.0061,0.7528
Omega Institute of Cosmetology,49,0,1,0.9184,0,0.0408,0,0.0408,0,0,0,0,0.4133
Pacific Islands University,55,0.3273,0.6727,0.0545,0,0.0182,0,0,0.6909,0.0364,0.1091,0.0909,0.3333
PCI College,168,0.0119,0.9881,0.0714,0.0179,0.8333,0.0536,0.0238,0,0,0,0,0.671
Rosedale Bible College,84,0.4405,0.5595,0.8452,0,0.0714,0,0,0,0.0238,0.0595,0,0.3333
Shawnee Beauty College,60,0.0833,0.9167,0.6667,0.0833,0,0,0.2167,0,0.0333,0,0,0.6635
Acupuncture and Massage College,63,0.381,0.619,0.0952,0.0952,0.7619,0,0,0.0159,0,0,0.0317,0.6567
Aviation Institute of Maintenance-Atlanta,779,0.9204,0.0796,0.1913,0.5096,0.1386,0.0359,0.0026,0.0064,0.1065,0.0077,0.0013,0.6181
Empire Beauty School-Kennesaw,165,0.0424,0.9576,0.0667,0.6424,0.1152,0,0,0,0.0121,0,0.1636,0.5561
New York Automotive and Diesel Institute,448,0.9487,0.0513,0.029,0.3438,0.3862,0.1027,0.0335,0.0022,0.0201,0.0045,0.0781,0.6457
Remington College-Baton Rouge Campus,138,0.5217,0.4783,0.0652,0.8986,0.0145,0,0,0,0.0217,0,0,0.9342
New Saint Andrews College,273,0.4469,0.5531,0.7436,0.0037,0.0513,0.011,0,0.0037,0.0073,0.0037,0.1758,0
Arkansas State University-Newport,1262,0.3035,0.6965,0.6339,0.2211,0.065,0.0079,0.0024,8e-4,0.0246,0.0024,0.042,0.4077
Atenas College,545,0.2404,0.7596,0,0,1,0,0,0,0,0,0,0.8119
Onondaga Cortland Madison BOCES,342,0.3772,0.6228,0.4737,0.3977,0.0146,0.0526,0.0029,0.0029,0.0556,0,0,0.5997
Interactive College of Technology,62,0.6613,0.3387,0.2742,0.2097,0.5,0.0161,0,0,0,0,0,0.7059
Pillar College,469,0.1727,0.8273,0.3539,0.1322,0.3817,0.0149,0,0,0.0107,0.0768,0.0299,0.5556
Oregon State University-Cascades Campus,1054,0.5256,0.4744,0.7562,0.0085,0.1063,0.0266,0.0095,0.0038,0.0579,0.0114,0.0199,0.2795
Milan Institute-Amarillo,195,0.0205,0.9795,0.2667,0.041,0.6308,0.0103,0,0.0051,0.0256,0.0154,0.0051,0.7785
Southern University Law Center,648,0.3164,0.6836,0.0062,0.9599,0.0062,0,0,0,0.0139,0.0015,0.0123,NA
Texas Barber College,588,0.8265,0.1735,0.0187,0.75,0.2007,0.0034,0.0034,0,0.0017,0,0.0221,0.6946
Miller-Motte College-Charleston,124,0.2903,0.7097,0.1129,0.7581,0.0806,0.0081,0,0,0.0161,0,0.0242,0.3842
American Career College-Anaheim,1643,0.2581,0.7419,0.1004,0.0566,0.5922,0.1808,0.0049,0.0091,0.0517,0,0.0043,0.601
Saginaw Chippewa Tribal College,124,0.4516,0.5484,0.1613,0.0484,0.0242,0.0081,0.7258,0,0.0242,0,0.0081,0.3846
East Valley Institute of Technology,522,0.4828,0.5172,0.4042,0.1322,0.3851,0.0211,0.0153,0,0.0421,0,0,0.1758
Smith Chason College,2221,0.1765,0.8235,0.231,0.0914,0.4858,0.0662,0.0072,0.0203,0.0549,0,0.0432,0.5579
Design's School of Cosmetology,93,0.0108,0.9892,0.4731,0.0215,0.4731,0,0,0.0108,0,0,0.0215,0.5
Ultimate Medical Academy,7436,0.0317,0.9683,0.3588,0.5917,0.0058,0.0056,0.0116,0.0087,0,0,0.0178,0.8142
Florida Barber Academy,205,0.3512,0.6488,0.0341,0.6634,0.278,0,0,0.0146,0.0098,0,0,0.6114
M-DCPS The English Center,157,0.3376,0.6624,0.0064,0.0318,0.3885,0.0064,0,0,0,0.5669,0,0.136
Florida Education Institute,652,0.2975,0.7025,0,0.0077,0.9893,0,0.0031,0,0,0,0,0.5171
Texas County Technical College,71,0.0704,0.9296,0.9718,0,0.0141,0,0,0,0.0141,0,0,0.597
Aviation Institute of Maintenance-Kansas City,211,0.9147,0.0853,0.4882,0.2891,0.0948,0.0095,0,0.0095,0.109,0,0,0.7081
Blue Cliff College-Gulfport,259,0.0695,0.9305,0.3436,0.5444,0.027,0.0193,0.0193,0,0.0116,0,0.0347,0.7286
Metropolitan Learning Institute,318,0.0943,0.9057,0.0283,0.0094,0.1855,0.7767,0,0,0,0,0,0.7821
Orleans Niagara BOCES-Practical Nursing Program,0,0,0,0,0,0,0,0,0,0,0,0,0.5833
Yeshiva Shaarei Torah of Rockland,141,1,0,0.9149,0,0,0,0,0,0,0.0851,0,0.2404
Leon Studio One School of Beauty Knowledge,29,0.0345,0.9655,0.7931,0.1724,0.0345,0,0,0,0,0,0,0.4
American Institute of Alternative Medicine,374,0.1337,0.8663,0.1497,0.7647,0.0214,0.0214,0.008,0.0053,0.0294,0,0,0.6637
Brown Aveda Institute-Mentor,118,0.0085,0.9915,0.7458,0.1864,0.0424,0.0085,0.0085,0,0.0085,0,0,0.5257
Institute of Technology,261,0.1034,0.8966,0.5824,0.0268,0.1954,0.023,0.0192,0.0038,0.0115,0,0.1379,0.3082
Susquehanna County Career and Technology Center,59,0.3559,0.6441,1,0,0,0,0,0,0,0,0,0.8605
Universidad Pentecostal Mizpa,138,0.5942,0.4058,0,0,1,0,0,0,0,0,0,0.5786
Caribbean Forensic and Technical College,381,0.4987,0.5013,0,0,1,0,0,0,0,0,0,0.6442
Concorde Career College-Grand Prairie,285,0.1018,0.8982,0.0351,0.3614,0.1965,0.0105,0,0.0035,0,0,0.393,0.7468
Lamar Institute of Technology,2937,0.4185,0.5815,0.4062,0.2867,0.2397,0.0347,0.0054,0.001,0.0126,0,0.0136,0.2696
Aviation Institute of Maintenance-Dallas,429,0.8928,0.1072,0.2844,0.2564,0.3403,0.035,0.007,0.014,0.0629,0,0,0.5296
Healing Mountain Massage School,39,0.1795,0.8205,0.7692,0,0.1795,0.0256,0.0256,0,0,0,0,0.5333
Eastern Virginia Career College,217,0.0876,0.9124,0.3594,0.5115,0.0369,0.0323,0.0092,0,0.0415,0,0.0092,0.5784
Rudy & Kelly Academy A Paul Mitchell Partner School,206,0.0291,0.9709,0.6553,0.2039,0.0534,0.0194,0.0049,0,0.0437,0.0049,0.0146,0.453
Nevada State University,3791,0.216,0.784,0.2139,0.0976,0.4611,0.1008,0.0026,0.0095,0.0599,8e-4,0.0538,0.2207
California State University-Channel Islands,5230,0.3444,0.6556,0.2315,0.0218,0.6008,0.0652,0.0017,0.0017,0.0373,0.0082,0.0317,0.469
Franklin W Olin College of Engineering,373,0.5174,0.4826,0.4182,0.0322,0.1099,0.2225,0,0,0.0965,0.0777,0.0429,0.1347
Lincoln Technical Institute-Paramus,608,0.1924,0.8076,0.0724,0.4655,0.3306,0.0543,0.0016,0.0066,0.0461,0,0.023,0.5974
Pima Medical Institute-Colorado Springs,339,0.1681,0.8319,0.4159,0.1003,0.2655,0.0206,0.0147,0.0029,0.1681,0,0.0118,0.4552
Paul Mitchell the School-Costa Mesa,347,0.17,0.83,0.3573,0.0317,0.4928,0.0519,0,0.0058,0.0317,0.0058,0.0231,0.4065
Tulsa Welding School-Jacksonville,949,0.8451,0.1549,0.491,0.3372,0.1517,0.0063,0.0095,0.0042,0,0,0,0.5956
Pennsylvania College of Health Sciences,1548,0.1227,0.8773,0.6137,0.1253,0.1712,0.0543,0.0013,0,0.0252,0,0.009,0.3018
West Virginia Junior College-Bridgeport,175,0.1029,0.8971,0.8914,0.0686,0.0171,0.0057,0,0,0.0171,0,0,0.637
St Louis College of Health Careers-Fenton,401,0.0698,0.9302,0.3367,0.5736,0.0249,0.005,0.0025,0.0025,0.0175,0,0.0374,0.5971
Interactive College of Technology-Gainesville,47,0.2766,0.7234,0.1277,0.1489,0.6596,0.0638,0,0,0,0,0,0.7049
San Joaquin Valley College-Ontario,1022,0.5108,0.4892,0.1145,0.0479,0.6703,0.0479,0.0039,0.0088,0.0108,0.0029,0.093,0.4948
Alaska Christian College,60,0.3,0.7,0.0833,0,0,0,0.85,0.0167,0.05,0,0,0.7763
University of Arkansas Grantham,3202,0.3585,0.6415,0.4435,0.3189,0.0815,0.0112,0.01,0.0034,0.0319,0.0081,0.0915,0.6221
Carrington College-Albuquerque,297,0.2761,0.7239,0.1549,0.0438,0.5522,0.0135,0.1582,0,0.0202,0.0034,0.053900000000000003,0.6183
NASCAR Technical Institute,1306,0.9181,0.0819,0.5329,0.1784,0.1608,0.0092,0.0054,0.0023,0.0873,0,0.0237,0.4619
University of the Potomac-VA Campus,177,0.6102,0.3898,0.0678,0.0565,0,0.5141,0,0,0.0226,0.339,0,0
Milan Institute-Palm Desert,290,0.0724,0.9276,0.0966,0.0345,0.7966,0.0069,0.0172,0.0103,0.0276,0.0034,0.0069,0.6327
Tohono O'odham Community College,984,0.1921,0.8079,0.0163,0.0041,0.003,0.001,0.9695,0,0.001,0,0.0051,0.3124
Pacific College of Health and Science,19,0.1579,0.8421,0,0.1053,0,0.0526,0,0,0,0,0.8421,0.5833
Southwest Institute of Healing Arts,716,0.0531,0.9469,0.4902,0.1439,0.1802,0.007,0.0223,0.0042,0.0768,0.0014,0.074,0.4328
InterCoast Colleges-Riverside,63,0.8571,0.1429,0.1587,0.254,0.4921,0.0159,0,0.0317,0.0476,0,0,0.5922
Brighton Center's Center for Employment Training,68,0.0588,0.9412,0.5294,0.3529,0.0294,0.0147,0.0147,0,0.0588,0,0,0.6721
California Healing Arts College,298,0.1611,0.8389,0.104,0.1846,0.6309,0.0503,0.0034,0.0201,0,0,0.0067,0.8458
Dallas Barber & Stylist College,30,0.8,0.2,0,1,0,0,0,0,0,0,0,0.7907
Faith International University,196,0.4949,0.5051,0.4643,0.199,0.1633,0.0867,0,0,0.051,0.0102,0.0255,0.4716
Family of Faith Christian University,41,0.3659,0.6341,0.6585,0.0488,0.0732,0.0488,0,0,0.0488,0.0976,0.0244,0.4118
Colegio Educativo Tecnologico Industrial Inc,75,0.4533,0.5467,0,0,1,0,0,0,0,0,0,0.9722
Irene's Myomassology Institute,263,0.2205,0.7795,0.5475,0.3384,0.0152,0.0152,0.0076,0.0038,0.0114,0,0.0608,0.5921
Jay's Technical Institute,26,0.8462,0.1538,0,0.8846,0.1154,0,0,0,0,0,0,0.3182
NTMA Training Centers of Southern California,64,0.9375,0.0625,0.0156,0.0781,0.7344,0.0625,0,0,0.0313,0,0.0781,0.673
P C Age-Jersey City,163,0.8773,0.1227,0.184,0.2577,0.3742,0.0613,0.0061,0.0123,0.0307,0,0.0736,0.3052
PC AGE-Metropark,56,0.875,0.125,0.125,0.4286,0.3214,0.0893,0,0,0.0179,0,0.0179,0.3043
Hollywood Institute,195,0.1282,0.8718,0.0615,0.7179,0.1846,0,0,0.0256,0,0,0.0103,0.7232
South Florida Institute of Technology,7800,0.5323,0.4677,0,0,1,0,0,0,0,0,0,0.6765
Southeastern College-Charleston,232,0.0948,0.9052,0.3534,0.4698,0.0733,0.0172,0.0043,0.0043,0.0733,0,0.0043,0.6684
Tigi Hairdressing Academy-Colorado Springs,129,0.2248,0.7752,0.4496,0.0853,0.1008,0.0233,0,0,0.1395,0,0.2016,0.4397
Trend Barber College,11,0.8182,0.1818,0,1,0,0,0,0,0,0,0,0.913
Valley Grande Institute for Academic Studies,180,0.1722,0.8278,0.0333,0.0111,0.9444,0,0,0,0.0111,0,0,0.9877
West Coast University-Los Angeles,2687,0.2114,0.7886,0.342,0.0313,0.3487,0.2054,0.0015,0.0074,0.0584,0.0011,0.0041,0.4527
Williamson Christian College,40,0.55,0.45,0.675,0.025,0.225,0.05,0,0,0.025,0,0,0.3902
Triangle Tech Inc-Sunbury,64,0.8438,0.1563,0.7969,0.0781,0.1094,0,0,0,0.0156,0,0,0.4528
DigiPen Institute of Technology,1032,0.689,0.311,0.532,0.0271,0.1027,0.1143,0.0029,0.001,0.095,0.1047,0.0203,0.224
Pierpont Community and Technical College,906,0.4227,0.5773,0.9073,0.0287,0.0088,0.0055,0.0055,0,0.0353,0,0.0088,0.2975
Dewey University-Hato Rey,270,0.1333,0.8667,0,0,1,0,0,0,0,0,0,0.8996
InterCoast Colleges-West Covina,507,0.5148,0.4852,0.3235,0.1302,0.428,0.0355,0.0178,0,0.0533,0,0.0118,0.5793
American College of Healthcare Sciences,810,0.0765,0.9235,0.5173,0.2025,0.1086,0.0074,0.0136,0.0012,0.0506,0,0.0988,0.6192
Colorado Media School,45,0.6667,0.3333,0.4,0.3778,0.2,0.0222,0,0,0,0,0,0.4183
Paul Mitchell the School-Rhode Island,170,0.0176,0.9824,0.5765,0.0706,0.1588,0.0176,0.0118,0,0.1235,0,0.0412,0.4189
Miller-Motte College-Chattanooga,3667,0.1868,0.8132,0.3139,0.5402,0.057,0.0044,0.012,0.0019,0.06,0,0.0106,0.8467
Milan Institute-Sparks,166,0.0241,0.9759,0.3614,0.0422,0.4639,0.0361,0.0181,0.006,0.0602,0,0.012,0.5533
Interactive College of Technology,48,0.3125,0.6875,0.0625,0.3958,0.4583,0.0833,0,0,0,0,0,0.5208
Strayer University-Tennessee,2670,0.1951,0.8049,0.3311,0.6139,0.0154,0.0011,0.0037,0.0011,0.0255,0,0.0082,0.8603
Strayer University-Pennsylvania,1334,0.2436,0.7564,0.2661,0.5022,0.1582,0.0097,0.0037,0.0037,0.0352,7e-4,0.0202,0.68
Charlie's Guard-Detective Bureau and Academy Inc,62,0.4194,0.5806,0,0,1,0,0,0,0,0,0,0.9753
PCI Academy-Plymouth,114,0,1,0.7281,0.1053,0.0175,0.0614,0,0,0.0877,0,0,0.3377
Creative Images Institute of Cosmetology-South Dayton,52,0.0385,0.9615,0.7115,0.1346,0.0385,0.0769,0,0,0,0,0.0385,0.3519
Brookline College-Albuquerque,492,0.1524,0.8476,0.2053,0.0874,0.5528,0.0407,0.0793,0.0041,0.0081,0,0.0224,0.5184
Northcentral University,98,0.2347,0.7653,0.4796,0.2449,0.0816,0.0102,0.0102,0.0102,0.0714,0,0.0918,0.2547
Bayamon Community College,151,0.0662,0.9338,0,0,1,0,0,0,0,0,0,0.7
Folsom Lake College,8937,0.4621,0.5379,0.4682,0.0525,0.2312,0.1097,0.0073,0.0056,0.0633,0.0018,0.0605,0.1594
LeGrand Institute of Cosmetology Inc,30,0.0667,0.9333,0.7667,0.2333,0,0,0,0,0,0,0,0.6905
Cambridge Technical Institute,27,0.2593,0.7407,0,0,0.2593,0,0.7407,0,0,0,0,0.8824
Empire Beauty School-Midlothian,87,0.046,0.954,0.1379,0.4598,0.0805,0.0345,0,0,0.0345,0,0.2529,0.4094
Empire Beauty School-Owings Mills,131,0.0305,0.9695,0.0916,0.771,0.0687,0.0076,0.0076,0,0.0534,0,0,0.5933
Empire Beauty School-West Mifflin,76,0.0132,0.9868,0.25,0.3684,0.0263,0.0658,0,0,0.0263,0,0.2632,0.5862
ATI College-Whittier,141,0.0922,0.9078,0.0638,0.078,0.7376,0.0638,0.0142,0,0,0.0355,0.0071,0.5391
Advance Science International College,44,0.2273,0.7727,0,0,1,0,0,0,0,0,0,0.587
ATA College,106,0.4906,0.5094,0.3774,0.2264,0.3113,0.0472,0.0094,0.0094,0.0189,0,0,0.7797
American Advanced Technicians Institute,31,1,0,0,0,1,0,0,0,0,0,0,0.5952
Baptist University of the Americas,98,0.5,0.5,0.0408,0.051,0.4592,0.0204,0,0,0,0.4184,0.0102,0.3241
The Beauty Institute,23,0.1304,0.8696,0.2609,0.4783,0.1304,0.087,0,0,0,0,0.0435,0.4615
Beis Medrash Heichal Dovid,183,1,0,0.9454,0,0,0,0,0,0,0.0546,0,0.1497
Blue Cliff Career College,41,0.1463,0.8537,0.7073,0.2195,0.0732,0,0,0,0,0,0,0.7639
Lawrenceburg Technical College,39,0.1538,0.8462,0.8718,0.0513,0.0769,0,0,0,0,0,0,0.7826
Paul Mitchell the School-Gastonia,254,0.0236,0.9764,0.5748,0.2244,0.1181,0.0118,0.0039,0,0.0551,0,0.0118,0.5161
CES College,106,0.1132,0.8868,0.6415,0,0.3302,0.0094,0.0189,0,0,0,0,0.604
Stellar Career College,50,0.04,0.96,0.06,0.06,0.78,0.06,0,0.02,0,0,0.02,0.6885
Auguste Escoffier School of Culinary Arts-Austin,372,0.5,0.5,0.379,0.2366,0.2796,0.0376,0.0134,0.0108,0.0296,0,0.0134,0.5606
Culinary Institute Inc,334,0.4251,0.5749,0.2455,0.3204,0.3862,0.0299,0.009,0,0.006,0,0.003,0.7085
Escuela Hotelera de San Juan,394,0.4772,0.5228,0,0,1,0,0,0,0,0,0,0.8347
Orion Institute,60,0.1333,0.8667,0.4,0.05,0.05,0.3667,0.0167,0,0.1167,0,0,0.6512
Moore Career College,69,0.8406,0.1594,0.1594,0.8116,0,0,0.029,0,0,0,0,1
Industrial Technical College,96,0.3542,0.6458,0,0,1,0,0,0,0,0,0,1
Gwinnett College-Marietta Campus,168,0.0417,0.9583,0.1429,0.7083,0.1012,0.006,0,0,0.006,0,0.0357,0.6333
Leston College,26,0.1923,0.8077,0,0,1,0,0,0,0,0,0,1
Charlotte Christian College and Theological Seminary,36,0.4444,0.5556,0.1111,0.8611,0.0278,0,0,0,0,0,0,0.5556
Nightingale College,4244,0.1482,0.8518,0.2809,0.1713,0.209,0.1805,0.0115,0.0233,9e-4,0,0.1225,0.4347
PITC Institute,113,0.0973,0.9027,0.0088,0.9115,0.0442,0.0177,0,0,0.0088,0,0.0088,0.3509
Skinworks School of Advanced Skincare,116,0.0086,0.9914,0.4224,0.0172,0.3879,0.0259,0.0345,0.0259,0.069,0,0.0172,0.4575
Southeastern College-Columbia,248,0.0565,0.9435,0.1734,0.6411,0.0524,0.004,0.0081,0.004,0.0202,0,0.0968,0.729
Turning Point Beauty College,95,0.1474,0.8526,0.1158,0.1474,0.1789,0.4737,0.0105,0,0.0105,0,0.0632,0.6145
Unitech Training Academy-Lafayette,259,0.1274,0.8726,0.2432,0.7529,0,0,0,0,0,0,0.0039,0.74
Mountwest Community and Technical College,1098,0.4399,0.5601,0.7842,0.0464,0.0146,0.0036,0.0036,0,0.051,0.0036,0.0929,0.4132
American InterContinental University System,6734,0.3778,0.6222,0.2474,0.2845,0.0552,0.0153,0.0104,0.0083,0.0356,0,0.3432,0.7291
American InterContinental University-Houston,124,0.371,0.629,0.129,0.379,0.0081,0.0403,0.0081,0,0.0081,0,0.4274,0.7705
University of California-Merced,8372,0.5251,0.4749,0.089,0.0486,0.5774,0.2235,0.0014,0.0026,0.0443,0.003,0.0102,0.5901
Remington College-North Houston Campus,163,0.2761,0.7239,0.0429,0.6503,0.3006,0.0061,0,0,0,0,0,0.9297
Paul Mitchell the School-Orlando,133,0.1955,0.8045,0.4361,0.1955,0.2857,0,0,0,0.0602,0,0.0226,0.4504
Pima Medical Institute-Las Vegas,748,0.2727,0.7273,0.2513,0.1003,0.3529,0.1324,0.004,0.016,0.1377,0,0.0053,0.4593
Remington College-Nashville Campus,279,0.2975,0.7025,0.2473,0.5305,0.0896,0.0143,0.0036,0.0824,0.0251,0,0.0072,0.7167
Central Methodist University-College of Graduate and Extended Studies,1807,0.4106,0.5894,0.7952,0.1173,0.0332,0.0039,0.0105,6e-4,0.0255,0,0.0138,0.2678
North-West College-Riverside,680,0.1074,0.8926,0.1544,0.1279,0.5221,0.0471,0.0147,0.0118,0.1221,0,0,0.6342
Colegio Tecnico de Electricidad Galloza,7,1,0,0,0,1,0,0,0,0,0,0,1
Arthur's Beauty College,65,0.0308,0.9692,0.7538,0.2154,0.0308,0,0,0,0,0,0,0.6264
Spa Tech Institute-Westboro,194,0.0412,0.9588,0.6186,0.0825,0.2268,0.0258,0,0,0.0309,0,0.0155,0.332
Spa Tech Institute-Plymouth,236,0.0381,0.9619,0.7415,0.0932,0.0636,0.0254,0.0127,0,0.0424,0,0.0212,0.3192
Neumont College of Computer Science,530,0.8245,0.1755,0.5132,0.0755,0.1566,0.0434,0.0226,0.0057,0.0358,0,0.1472,0.5733
Johnson & Wales University-Charlotte,1126,0.3632,0.6368,0.3348,0.4343,0.1252,0.0195,0.0071,0,0.0169,0.0178,0.0444,0.5193
Roseman University of Health Sciences,554,0.2509,0.7491,0.2383,0.0451,0.1625,0.3845,0.0054,0.0072,0.1336,0.0036,0.0199,0.2265
Fortis Institute-Port Saint Lucie,472,0.1483,0.8517,0.2097,0.4936,0.1864,0.0085,0,0.0042,0.0593,0,0.0381,0.7597
Aviation Institute of Maintenance-Manassas,189,0.9524,0.0476,0.291,0.3069,0.2804,0.0476,0,0.0053,0.0688,0,0,0.5851
Cosmetology School of Arts & Sciences,38,0.1579,0.8421,0.6053,0,0.3947,0,0,0,0,0,0,0.8788
Universal Technical Institute of Pennsylvania Inc,1004,0.9412,0.0588,0.4731,0.1325,0.244,0.0199,0.003,0.002,0.1046,0,0.0209,0.5054
Kenneth Shuler School of Cosmetology-Spartanburg,132,0.0076,0.9924,0.4773,0.3939,0.0758,0.0152,0,0.0076,0.0303,0,0,0.6913
Kenneth Shuler School of Cosmetology-Columbia,74,0.0135,0.9865,0.1081,0.8784,0.0135,0,0,0,0,0,0,0.67
Lincoln Technical Institute-Shelton,798,0.396,0.604,0.2343,0.3459,0.297,0.0201,0.0013,0,0.0489,0.0013,0.0514,0.5573
Northwest Career College,2222,0.1904,0.8096,0.1458,0.3227,0.3456,0.054,0.0099,0.0239,0.0959,0,0.0023,0.7962
Soma Institute-The National School of Clinical Massage Therapy,253,0.2688,0.7312,0.0791,0.4506,0.1858,0.0158,0,0,0.0711,0,0.1976,0.5372
Ave Maria University,1229,0.4508,0.5492,0.7014,0.0342,0.1603,0.0391,0.0073,0,0,0.0244,0.0334,0.2318
CALC Institute of Technology,63,0.0317,0.9683,0.3492,0.619,0,0,0,0,0.0159,0,0.0159,0.81
Sutter County Career Training Center,50,0.04,0.96,0.26,0.02,0.5,0.1,0.02,0,0.1,0,0,0.4552
Cambridge College of Healthcare & Technology,298,0.1711,0.8289,0.1812,0.2987,0.396,0.0235,0.0034,0.0034,0.0906,0,0.0034,0.6293
Career Care Institute,649,0.1972,0.8028,0.0924,0.1325,0.5716,0.0832,0.0015,0.0062,0.0108,0.1002,0.0015,0.615
ATA Career Education,226,0.0752,0.9248,0.3319,0.3982,0.1195,0.0044,0,0,0.0442,0,0.1018,0.9175
Community Christian College,428,0.986,0.014,0.0864,0.7477,0.0678,0.0023,0.0047,0.007,0.0794,0.0047,0,0.7897
Culpeper Cosmetology Training Center,67,0.0299,0.9701,0.7612,0.0896,0.0448,0,0,0,0.1045,0,0,0.5517
Eastern School of Acupuncture and Traditional Medicine,8,0.375,0.625,0.625,0,0,0.375,0,0,0,0,0,0
Ecclesia College,132,0.5985,0.4015,0.4848,0.1439,0.1439,0,0.0379,0.0076,0.0303,0.1515,0,0.5346
Employment Solutions-College for Technical Education,200,0.18,0.82,0.32,0.295,0.015,0,0,0,0.005,0,0.365,0.6679
Estelle Medical Academy,64,0.3125,0.6875,0.5,0.125,0.125,0.25,0,0,0,0,0,0.3762
Evergreen Beauty and Barber College-Everett,1019,0.0206,0.9794,0.5054,0.0991,0.264,0.0569,0.0216,0.0137,0.0088,0,0.0304,0.3399
Paul Mitchell the School-Great Lakes,64,0.0156,0.9844,0.8594,0.0313,0.0469,0,0,0.0313,0.0313,0,0,0.4771
Healthcare Training Institute,103,0.1068,0.8932,0.1165,0.5146,0.1942,0.1748,0,0,0,0,0,0.7143
John D Rockefeller IV Career Center,14,0,1,0.7857,0.2143,0,0,0,0,0,0,0,0.5833
Los Angeles College of Music,267,0.603,0.397,0.2959,0.0524,0.1461,0.0412,0.0075,0,0.0187,0.4082,0.03,0.2611
Rosslyn Training Academy of Cosmetology,6,0.1667,0.8333,0,0,1,0,0,0,0,0,0,1
SAE Institute of Technology-Nashville,1800,0.8322,0.1678,0.1472,0.5878,0.1633,0.0128,0.005,0.0028,0.0556,0.0011,0.0244,0.7596
Southern Technical College,1686,0.5682,0.4318,0.2906,0.306,0.3144,0.0166,0.0047,0.0042,0.0243,0,0.0391,0.8225
Stanbridge University,2373,0.2141,0.7859,0.1176,0.0383,0.4105,0.2006,0.0038,0.0101,0.0413,0,0.1778,0.4534
Universal College of Healing Arts,27,0.2222,0.7778,0.8519,0.0741,0.037,0.037,0,0,0,0,0,0.5417
Uta Mesivta of Kiryas Joel,2729,1,0,0.996,0,0,0,0,0,0,0.004,0,0.8625
Harrisburg University of Science and Technology,650,0.7108,0.2892,0.44,0.2523,0.1646,0.0569,0,0,0.0508,0.0169,0.0185,0.4823
Blue Ridge Community and Technical College,1565,0.3668,0.6332,0.7284,0.0901,0.0971,0.0121,0.0019,0.0019,0.0537,0,0.0147,0.1757
Daytona College,199,0.0804,0.9196,0.4472,0.392,0.1156,0,0,0.005,0.0201,0,0.0201,0.5795
Delta Technical College-Mississippi,2320,0.4496,0.5504,0.0918,0.8547,0.0379,0.003,0.0039,4e-4,0.0065,0,0.0017,0.8286
United States University,167,0.2814,0.7186,0.4371,0.0958,0.3353,0.0838,0,0,0.012,0,0.0359,0.1179
Empire Beauty School-Avondale,239,0.0502,0.9498,0.1674,0.1674,0.5021,0.0126,0.0251,0.0042,0.0502,0,0.0711,0.5508
Empire Beauty School-Littleton,44,0.0455,0.9545,0.4773,0.0227,0.2273,0.0682,0,0,0.0227,0,0.1818,0.3548
Empire Beauty School-Aurora,98,0.051,0.949,0.1224,0.3776,0.2347,0.0102,0,0.0102,0.0816,0,0.1633,0.5954
Joyce University of Nursing and Health Sciences,1892,0.157,0.843,0.6845,0.0233,0.1401,0.0428,0.0063,0.0148,0.01,0,0.0782,0.3443
San Joaquin Valley College-Modesto,590,0.5475,0.4525,0.1203,0.0356,0.6254,0.0695,0.0102,0.0186,0.0153,0.0017,0.1034,0.5277
Eagle Gate College-Layton,205,0.1268,0.8732,0.678,0.0293,0.1415,0.0293,0.0146,0.0146,0,0,0.0927,0.5884
Academy of Hair Design-Jasper,49,0.2857,0.7143,0.4694,0.4082,0.0816,0,0.0408,0,0,0,0,0.52
Unitech Training Academy-West Monroe,98,0.0408,0.9592,0.2857,0.7143,0,0,0,0,0,0,0,0.699
New River Community and Technical College,777,0.3552,0.6448,0.8906,0.0425,0.0103,0.0077,0.0077,0,0.0399,0,0.0013,0.4548
The College of Health Care Professions-Southwest Houston,666,0.1081,0.8919,0.0465,0.3318,0.527,0.0465,0.0075,0.0015,0.0195,0,0.0195,0.7253
UEI College-Chula Vista,1344,0.5365,0.4635,0.0238,0.0335,0.2969,0.026,0.0015,0.0022,0.0104,0,0.6057,0.6787
UEI College-West Covina,1022,0.6174,0.3826,0.0078,0.0157,0.2104,0.0127,0.0088,0.002,0.0029,0,0.7397,0.7172
Georgia Gwinnett College,11156,0.4131,0.5869,0.2076,0.3209,0.2808,0.1083,0.0029,0.0018,0.0377,0.0316,0.0083,0.5034
Tucson College of Beauty,134,0.0224,0.9776,0.0672,0.0224,0.291,0,0.0075,0,0.0149,0,0.597,0.5662
California Career College,195,0.2923,0.7077,0.1538,0.0667,0.3846,0.359,0.0051,0,0.0205,0,0.0103,0.3389
Palladium Technical Academy Inc,45,0.0889,0.9111,0.1778,0,0.8222,0,0,0,0,0,0,0.898
Los Angeles College of Aesthetics,101,0.0891,0.9109,0.0693,0.2178,0.5545,0.0594,0,0.0099,0.0099,0.0693,0.0099,0.3491
National Polytechnic College,299,0.3043,0.6957,0.1104,0.0803,0.5953,0.1639,0.0234,0.0033,0.01,0.0134,0,0.5157
American Career College-Ontario,2014,0.2294,0.7706,0.1147,0.1008,0.5983,0.0963,0.0104,0.0124,0.0631,0,0.004,0.6132
Asher College,699,0.5522,0.4478,0.1803,0.3491,0.2303,0.1645,0.0172,0.0143,0.03,0,0.0143,0.5712
American Institute of Massage Therapy,17,0.2353,0.7647,0.2353,0,0.1176,0.6471,0,0,0,0,0,0.1282
Blake Austin College,11,0,1,0.2727,0.0909,0.2727,0,0,0,0.0909,0,0.2727,0.3539
Aviator College of Aeronautical Science and Technology,274,0.8723,0.1277,0.2336,0.0912,0.3248,0.0146,0.0036,0.0146,0.0328,0.2847,0,0.1457
Trendsetters School of Beauty & Barbering,26,0.7692,0.2308,0.1923,0.7692,0.0385,0,0,0,0,0,0,0.65
American Institute of Beauty,179,0.1564,0.8436,0.4246,0.2682,0.2179,0.0223,0,0,0.0615,0,0.0056,0.7454
North Florida Cosmetology Institute,70,0.1286,0.8714,0.2286,0.6571,0.0286,0.0143,0.0143,0,0.0571,0,0,0.5697
Florida Academy of Health & Beauty,67,0.0597,0.9403,0.0299,0.9701,0,0,0,0,0,0,0,0.6522
Augusta School of Massage,27,0.2222,0.7778,0.4074,0.4444,0.1481,0,0,0,0,0,0,0.4706
ATA College,337,0.0237,0.9763,0.3383,0.365,0.0356,0.003,0,0,0.0682,0,0.1899,0.8409
SUM Bible College and Theological Seminary,312,0.5288,0.4712,0.2917,0.0769,0.2308,0.016,0.0609,0.0032,0,0.0032,0.3173,0.5288
Compass Career College,159,0.0377,0.9623,0.3585,0.6352,0,0,0,0,0,0,0.0063,0.6381
Nuvo College of Cosmetology,87,0.0345,0.9655,0.5517,0.092,0.046,0,0,0,0.0345,0,0.2759,0.3478
WellSpring School of Allied Health-Kansas City,179,0.2067,0.7933,0.5196,0.2682,0.0894,0,0.0168,0.0056,0.0894,0,0.0112,0.7157
The Salon Professional Academy-Fargo,173,0.0347,0.9653,0.7572,0.0462,0.0809,0.0116,0.052,0.0058,0.0405,0,0.0058,0.3086
Aveda Arts & Sciences Institute-New York,76,0.0658,0.9342,0.1842,0.3816,0.2632,0.0526,0,0,0.0526,0,0.0658,0.5282
MyrAngel Beauty Institute,175,0.1371,0.8629,0,0.0914,0.9086,0,0,0,0,0,0,0.9292
Texas Health School,186,0.0806,0.9194,0.0215,0.8817,0.0699,0.0161,0,0,0.0108,0,0,0.5275
Paul Mitchell the School-Logan,125,0.072,0.928,0.808,0.016,0.104,0.008,0,0.008,0.04,0.008,0.008,0.4227
Careers Unlimited,118,0.0339,0.9661,0.9576,0,0.0169,0.0169,0,0,0.0085,0,0,0.5311
Mountainland Technical College,2681,0.6229,0.3771,0.7292,0.0101,0.1921,0.0153,0.0071,0.0086,0.0239,0,0.0138,0.0337
Avi Career Training,74,0.0405,0.9595,0.2432,0.1351,0.2027,0.1351,0,0,0.1486,0,0.1351,0.4253
Mountain State School of Massage,33,0.0909,0.9091,0.7576,0.2121,0,0,0,0,0,0,0.0303,0.8095
San Joaquin Valley College-Rancho Cordova,226,0.4027,0.5973,0.4115,0.0531,0.2257,0.2257,0.0044,0.0354,0,0,0.0442,0.3398
Broken Arrow Beauty College,66,0.0909,0.9091,0.4545,0.0606,0.1667,0.0152,0.197,0,0.1061,0,0,0.4646
Universal Technical Institute of Northern California Inc,1107,0.9467,0.0533,0.2005,0.0397,0.4896,0.0678,0.0126,0.0136,0.1292,9e-4,0.0461,0.4859
Lemoore College,3223,0.3773,0.6227,0.162,0.0444,0.6956,0.0366,0.0093,0.0028,0.0298,9e-4,0.0186,0.3833
Stautzenberger College-Brecksville,98,0.0816,0.9184,0.5816,0.2347,0.0918,0.0102,0,0.0102,0.0102,0,0.0612,0.6414
Unitech Training Academy-Houma,73,0.0548,0.9452,0.4932,0.4658,0.0274,0,0,0,0.0137,0,0,0.6962
Rasmussen University-Illinois,1330,0.0872,0.9128,0.1586,0.5053,0.1421,0.0278,0.0068,8e-4,0.0165,0,0.1421,0.629
Automotive Training Center-Warminster,275,0.9418,0.0582,0.4836,0.1455,0.2545,0.0327,0,0,0.0364,0,0.0473,0.5244
Empire Beauty School-Milwaukee,98,0.0612,0.9388,0.0612,0.7143,0.0612,0.0102,0.0102,0,0.1224,0,0.0204,0.6461
Triangle Tech Inc-Bethlehem,94,0.9362,0.0638,0.5213,0.1383,0.3404,0,0,0,0,0,0,0.5083
Milan Institute-Clovis,569,0.116,0.884,0.1388,0.0527,0.6696,0.0756,0.0105,0,0.0369,0,0.0158,0.6531
Strayer University-Florida,1314,0.2747,0.7253,0.3052,0.4962,0.1263,0.0061,0.0015,0.0015,0.0441,0,0.019,0.7009
Pima Medical Institute-Renton,400,0.135,0.865,0.3175,0.1325,0.2675,0.1525,0.01,0.0175,0.09,0,0.0125,0.3691
CBT Technology Institute-Main Campus,452,0.9889,0.0111,0.0111,0.0199,0.9646,0.0044,0,0,0,0,0,1
CBT Technology Institute-Hialeah,493,1,0,0.0203,0.0426,0.9351,0.002,0,0,0,0,0,1
Dewey University-Juana Diaz,243,0.2058,0.7942,0,0,1,0,0,0,0,0,0,0.9186
The College of Health Care Professions-San Antonio,718,0.2089,0.7911,0.1588,0.1128,0.6588,0.0111,0.0028,0.0084,0.0223,0,0.0251,0.5987
Brittany Beauty Academy,148,0.0135,0.9865,0.0473,0.2703,0.6216,0,0.0068,0,0.0135,0.027,0.0135,0.5038
Lincoln Technical Institute-Whitestone,793,0.9773,0.0227,0.0567,0.3304,0.4729,0.0593,0.0063,0.005,0.0366,0.0013,0.0315,0.6667
American Public University System,38976,0.6478,0.3522,0.4613,0.1648,0.1901,0.0292,0.0054,0.01,0.0478,0.0123,0.079,0.2467
Huntsville Bible College,82,0.3537,0.6463,0.0366,0.9024,0,0,0,0.061,0,0,0,0.4545
Beaumont Adult School,101,0.0891,0.9109,0.1584,0.1287,0.5644,0.1386,0,0,0,0,0.0099,0.6283
Gnomon,302,0.5497,0.4503,0.2252,0.0099,0.1026,0.1589,0,0.0099,0.0927,0.3444,0.0563,0.1429
Coachella Valley Beauty College,88,0.3409,0.6591,0.0114,0.0114,0.8977,0.0227,0,0,0.0227,0.0341,0,0.6441
Valley College of Medical Careers,57,0.2105,0.7895,0.0526,0.0526,0.807,0.0877,0,0,0,0,0,0.7736
Academy of Natural Therapy Inc,52,0.0962,0.9038,0.6923,0.0385,0.25,0,0.0192,0,0,0,0,0.5
Academy Di Capelli-School of Cosmetology,188,0.3032,0.6968,0.2606,0.266,0.4574,0.016,0,0,0,0,0,0.4343
Delaware Learning Institute of Cosmetology,73,0.0411,0.9589,0.6575,0.137,0.137,0,0,0,0.0548,0,0.0137,0.4177
Palm Beach Academy of Health & Beauty,116,0.2759,0.7241,0.0776,0.6983,0.1379,0.0431,0.0086,0,0.0345,0,0,0.6667
SABER College,202,0.2921,0.7079,0,0.0446,0.9554,0,0,0,0,0,0,0.8305
Taylor College,216,0.088,0.912,0.3333,0.4815,0.1019,0,0.0046,0.0046,0.0185,0,0.0556,0.7468
Pensacola School of Massage Therapy & Health Careers,56,0.1429,0.8571,0.4464,0.4643,0.0179,0,0,0,0.0714,0,0,0.7182
Ideal Beauty Academy,2,0,1,0,0,1,0,0,0,0,0,0,0.3333
Denmark College,178,0.618,0.382,0.1292,0.5112,0.3258,0,0.0112,0,0.0169,0,0.0056,0.834
Louisiana Culinary Institute,90,0.4444,0.5556,0.7222,0.2222,0.0111,0,0,0.0111,0,0,0.0333,0.5052
Bais Medrash Toras Chesed,125,1,0,1,0,0,0,0,0,0,0,0,0.3182
Ace Institute of Technology,264,0.4545,0.5455,0.0606,0.3674,0.2917,0.1894,0,0,0.0265,0.0568,0.0076,0.5138
New Age Training,157,0.0955,0.9045,0.0382,0.5223,0.3885,0.0127,0,0,0,0,0.0382,0.7664
Dayton School of Medical Massage,425,0.2094,0.7906,0.5576,0.3859,0.0306,0,0,0,0.0047,0,0.0212,0.7561
ATA College,178,0.0281,0.9719,0.4213,0.1966,0.073,0.0281,0,0.0112,0.2416,0,0.0281,0.6893
Visible Music College,164,0.4634,0.5366,0.5061,0.1585,0.1829,0.0305,0.0061,0.0061,0.0305,0.0732,0.0061,0.4408
CCI Training Center-Arlington,187,0.1337,0.8663,0.1765,0.5829,0.1551,0.0321,0.016,0,0.0321,0,0.0053,0.7993
Champion Beauty College,26,0.1154,0.8846,0.2308,0.5,0.2308,0.0385,0,0,0,0,0,0.875
Southeast Texas Career Institute,74,0.0676,0.9324,0.7568,0.1757,0.0541,0,0,0,0.0135,0,0,0.6106
Southwest Technical College,390,0.6103,0.3897,0.8051,0.0256,0.0897,0.0077,0.0128,0.0103,0.0385,0,0.0103,0.1386
Virginia Beach Theological Seminary,2,1,0,0.5,0.5,0,0,0,0,0,0,0,NA
Milwaukee Career College,73,0.0548,0.9452,0.3151,0.4658,0.1781,0.0137,0.0274,0,0,0,0,0.9346
University of the West,41,0.3902,0.6098,0,0.0976,0.2195,0.1463,0,0,0.0244,0.5122,0,0.4194
American College of Education,277,0.2202,0.7798,0.4801,0.2094,0.1625,0.0578,0.0036,0,0.0181,0.0325,0.0361,0
South University-Tampa,390,0.1769,0.8231,0.2795,0.3231,0.3179,0.0205,0.0026,0.0051,0.0103,0.0103,0.0308,0.4774
Milan Institute of Cosmetology-San Antonio Military,202,0.099,0.901,0.0347,0.0693,0.8564,0,0,0,0.0396,0,0,0.6947
Paul Mitchell the School-Tampa,136,0.1471,0.8529,0.6103,0.1544,0.1544,0.0221,0.0074,0.0074,0.0441,0,0,0.4426
Paul Mitchell the School-San Diego,250,0.164,0.836,0.324,0.084,0.432,0.032,0.008,0.008,0.04,0,0.072,0.4569
Paul Mitchell the School-Michigan,162,0.0309,0.9691,0.6111,0.2593,0.037,0.0062,0.0062,0,0.0247,0,0.0556,0.4788
Paul Mitchell the School-Sherman Oaks,280,0.2143,0.7857,0.2607,0.1607,0.4929,0.0429,0.0071,0,0.0071,0,0.0286,0.5134
Paul Mitchell the School-Tysons Corner,94,0.0319,0.9681,0.4255,0.3085,0.1064,0.0426,0.0106,0,0.0426,0.0106,0.0532,0.2874
Fortis College-Columbus,761,0.1721,0.8279,0.3206,0.4691,0.0381,0.0828,0.0013,0.0026,0.0618,0,0.0237,0.6659
Fortis College-Cincinnati,403,0.2903,0.7097,0.2109,0.6625,0.0273,0.0223,0.005,0,0.0347,0,0.0372,0.7814
Blue Cliff College-Alexandria,479,0.048,0.952,0.547,0.3779,0.0104,0.0104,0.0084,0,0.0167,0,0.0292,0.809
Strayer University-Delaware,240,0.2292,0.7708,0.2833,0.5667,0.0792,0.0083,0.0042,0,0.0417,0,0.0167,0.6862
Strayer University-Alabama,1473,0.1704,0.8296,0.2906,0.6483,0.017,7e-4,0.0095,7e-4,0.0231,0,0.0102,0.8254
Brown Aveda Institute-Strongsville,139,0.0432,0.9568,0.7554,0.1079,0.0432,0.0144,0,0.0144,0.0504,0,0.0144,0.4941
Clary Sage College,367,0.1144,0.8856,0.4142,0.1717,0.0954,0.0082,0.1253,0.0027,0.0218,0,0.1608,0.5955
Rasmussen University-Wisconsin,154,0.0455,0.9545,0.7078,0.0455,0.0584,0.026,0.026,0,0.026,0,0.1104,0.5717
Empire Beauty School-Richmond,70,0.0143,0.9857,0.1714,0.1857,0.0286,0.0143,0,0,0,0,0.6,0.4466
Empire Beauty School-North Hills,59,0.0508,0.9492,0.2034,0.4407,0.0169,0,0,0,0.0678,0,0.2712,0.6235
Empire Beauty School-Concord,135,0.0815,0.9185,0.0889,0.8,0.0519,0,0.0074,0,0.0222,0,0.0296,0.4815
Lexington Healing Arts Academy,89,0.2697,0.7303,0.6292,0.1348,0.0337,0.0112,0.0112,0.0112,0.0787,0.0112,0.0787,0.3901
Empire Beauty School-Hooksett,327,0.0642,0.9358,0.7798,0.0428,0.107,0.0092,0.0061,0,0.0275,0,0.0275,0.3167
The Institute of Beauty and Wellness,207,0.0773,0.9227,0.4976,0.2222,0.2029,0.0242,0.0097,0,0.0338,0,0.0097,0.524
Carrington College-Stockton,429,0.2261,0.7739,0.0956,0.0979,0.6434,0.0699,0.0023,0.0117,0,0.0023,0.0769,0.5994
Trend Barber College,90,0.8111,0.1889,0.0222,0.7444,0.0667,0,0.1444,0,0.0222,0,0,0.589
Euphoria Institute of Beauty Arts & Sciences-Summerlin,588,0.0238,0.9762,0.148,0.2636,0.3656,0.0578,0.0136,0.0289,0.119,0,0.0034,0.6457
Columbia Southern University,13053,0.6605,0.3395,0.6222,0.1639,0.017,0.0165,0.0097,0.0056,0.0267,2e-4,0.1382,0.2122
Arizona Culinary Institute,157,0.5732,0.4268,0.5414,0.1338,0.2548,0.0318,0.0191,0.0064,0,0,0.0127,0.3807
Healthcare Career College,381,0.1076,0.8924,0.0446,0.1391,0.7533,0.0315,0.0052,0.0079,0,0,0.0184,0.8988
Coastline Beauty College,185,0.0378,0.9622,0.1622,0.0216,0.2865,0.4973,0.0108,0,0.0054,0.0162,0,0.4623
Branford Academy of Hair and Cosmetology,39,0.3077,0.6923,0.1026,0.0256,0.8462,0.0256,0,0,0,0,0,1
Academy of Massage and Bodywork,113,0.0531,0.9469,0.4602,0.3186,0.1239,0,0,0,0.0973,0,0,0.3873
Academy of Career Training,24,0.1667,0.8333,0.1667,0.1667,0.6667,0,0,0,0,0,0,0.1186
Miami Regional University,310,0.1742,0.8258,0.0355,0.1484,0.8161,0,0,0,0,0,0,0.2344
Paul Mitchell the School-Miami,112,0.0536,0.9464,0.2589,0.1429,0.5357,0,0,0,0.0357,0,0.0268,0.4702
Aveda Institute-South Florida,1012,0.0553,0.9447,0.3626,0.2253,0.3518,0.0069,0.004,0.0059,0.0069,0,0.0366,0.3302
Aveda Institute-Tallahassee,764,0.0419,0.9581,0.5942,0.199,0.1387,0.0079,0.0013,0.0079,0.0445,0,0.0065,0.1878
Shear Excellence Hair Academy,149,0.3221,0.6779,0.0537,0.2886,0.6107,0.0067,0,0,0.0201,0,0.0201,0.7164
Carlson College of Massage Therapy,19,0.2105,0.7895,0.8947,0.0526,0.0526,0,0,0,0,0,0,0.4902
MyComputerCareer at Indianapolis,1034,0.8066,0.1934,0.3337,0.4603,0.0996,0.0106,0.0155,0.0039,0.0687,0,0.0077,0.6529
Z Hair Academy,307,0.0195,0.9805,0.9186,0.0358,0.0163,0,0,0.0033,0.013,0,0.013,0.4085
DiGrigoli School of Cosmetology,28,0.0357,0.9643,0.4286,0.1786,0.2143,0,0,0,0,0,0.1786,0.0865
Elevate Salon Institute,169,0.0178,0.9822,0.6864,0.2544,0.0059,0.0237,0.0059,0.0178,0.0059,0,0,0.331
Lakewood School of Therapeutic Massage,14,0.0714,0.9286,0.8571,0.1429,0,0,0,0,0,0,0,0.9231
The Salon Professional Academy-Battle Creek,44,0.0455,0.9545,0.6591,0.1818,0.0455,0.0227,0,0.0227,0.0682,0,0,0.5616
Trend Setters School,69,0.2899,0.7101,0.6087,0.3768,0,0,0,0,0.0145,0,0,0.6706
Academy of Hair Design-Springfield,267,0.4007,0.5993,0.4794,0.176,0.2584,0,0.015,0,0.0524,0,0.0187,0.5166
Corinth Academy of Cosmetology,105,0.019,0.981,0.619,0.3238,0.019,0,0,0,0.0286,0,0.0095,0.5347
Southeastern College-Charlotte,217,0.0645,0.9355,0.1475,0.659,0.1106,0.0046,0.0046,0,0.0369,0,0.0369,0.7746
Yeshivas Be'er Yitzchok,52,1,0,0.9231,0,0,0,0,0,0,0.0769,0,0.569
Yeshiva Toras Chaim,225,1,0,0.8489,0,0,0,0,0,0,0.1511,0,0.4178
Talmudical Seminary of Bobov,515,1,0,1,0,0,0,0,0,0,0,0,0.9455
Center for Allied Health Education,113,0.3097,0.6903,0.4248,0.1858,0.2478,0.1239,0,0.0177,0,0,0,0.3854
Aveda Fredric's Institute-Cincinnati,482,0.0104,0.9896,0.5643,0.1037,0.0124,0.0062,0,0.0021,0.0228,0,0.2884,0.4833
MyComputerCareer at Columbus,824,0.8277,0.1723,0.3495,0.4223,0.1129,0.0255,0.017,0.0024,0.0583,0,0.0121,0.5924
CDE Career Institute,308,0.2468,0.7532,0.2273,0.3117,0.461,0,0,0,0,0,0,0.9495
Instituto Educativo Premier,283,0.4064,0.5936,0,0,1,0,0,0,0,0,0,0.9784
Elite College of Cosmetology,68,0,1,0.7794,0.1324,0.0294,0,0,0,0.0588,0,0,0.9524
Manuel and Theresa's School of Hair Design-Bryan,19,0,1,0.3158,0.0526,0.6316,0,0,0,0,0,0,0.7083
Southwest University at El Paso,1817,0.3385,0.6615,0.0594,0.0611,0.8602,0.0066,0.005,0.005,0,0,0.0028,0.7909
Paul Mitchell the School-Austin,192,0.099,0.901,0.3229,0.2031,0.4375,0.0156,0,0.0052,0.0156,0,0,0.5144
Aveda Institute-Provo,142,0.0352,0.9648,0.7042,0.0141,0.1549,0.007,0.007,0.007,0.0775,0,0.0282,0.3934
Dixie Technical College,1042,0.7169,0.2831,0.7447,0.0106,0.1708,0.0096,0.0058,0.0106,0.0307,0,0.0173,0.0806
Victoria's Academy of Cosmetology,28,0.0357,0.9643,0.3929,0.0357,0.5357,0,0.0357,0,0,0,0,0.4818
Paul Mitchell the School-San Antonio,352,0.1392,0.8608,0.1335,0.0597,0.3608,0.0085,0,0.0028,0.0426,0,0.392,0.5244
Bryant & Stratton College-Wauwatosa,952,0.2153,0.7847,0.3739,0.3634,0.1544,0.0399,0.0074,0.0063,0.0452,0,0.0095,0.5738
Remington College-Houston Southeast Campus,65,0.0923,0.9077,0.2462,0.5077,0.2154,0.0308,0,0,0,0,0,0.9206
Remington College-Shreveport Campus,342,0.1871,0.8129,0.1228,0.8684,0.0029,0,0,0,0.0058,0,0,0.9091
TC Beauty,139,0.1079,0.8921,0.8129,0.0791,0.0576,0.0144,0.0144,0.0072,0.0144,0,0,0.6712
Patrick Henry College,373,0.5308,0.4692,0.4853,0.0027,0.0456,0.0509,0,0.0027,0,0,0.4129,0
The Hair Academy,56,0,1,0.6607,0,0,0,0.1607,0,0.1786,0,0,0.2892
Ross Medical Education Center-New Baltimore,39,0.0769,0.9231,0.3077,0.0513,0.0256,0,0,0,0.0769,0,0.5385,0.7
Ross College-Sylvania,1273,0.0236,0.9764,0.2184,0.1744,0.0424,8e-4,0.0016,0.0016,0.0487,0.0079,0.5043,0.8773
Escuela De Troqueleria Y Herramentaje,67,0.9552,0.0448,0,0,1,0,0,0,0,0,0,0.8438
Fortis Institute-Nashville,392,0.2117,0.7883,0.301,0.4872,0.0867,0.0281,0.0026,0.0051,0.0638,0,0.0255,0.6889
ATA College-Cincinnati,264,0.0644,0.9356,0.1818,0.7083,0.0152,0.0568,0,0.0114,0.0227,0,0.0038,0.8382
Dental Assistant Pro LLC-Columbus,10,0,1,0.9,0.1,0,0,0,0,0,0,0,0
Dental Assistant Pro-Lebanon,14,0.1429,0.8571,1,0,0,0,0,0,0,0,0,0
Elite Welding Academy LLC,65,0.8462,0.1538,0.8308,0.0769,0.0769,0.0154,0,0,0,0,0,0.3577
Galen College of Nursing-Cincinnati,670,0.097,0.903,0.5478,0.2567,0.0269,0.0478,0.003,0,0.0269,0,0.091,0.5665
Strayer University-North Carolina,2728,0.1891,0.8109,0.2199,0.6716,0.0359,0.0044,0.0117,0.0015,0.0422,0,0.0128,0.7997
Strayer University-New Jersey,536,0.2575,0.7425,0.1549,0.541,0.2108,0.0168,0.0093,0,0.041,0,0.0261,0.6624
International Culinary Arts and Sciences Institute,26,0.3462,0.6538,0.8462,0.0769,0,0,0,0,0.0769,0,0,0
Ohio Media School-Columbus,43,0.6977,0.3023,0.2093,0.7209,0.0698,0,0,0,0,0,0,0.6318
Ohio Medical Career College,121,0.0661,0.9339,0.0992,0.9008,0,0,0,0,0,0,0,0.5913
Chamberlain University-Illinois,12188,0.106,0.894,0.4637,0.2265,0.1633,0.0833,0.0053,0.0049,0.0075,0.0032,0.0425,0.2994
Chamberlain University-Ohio,336,0.1042,0.8958,0.4911,0.3542,0.0655,0.0506,0.003,0.003,0.0179,0,0.0149,0.486
Chamberlain University-Arizona,745,0.1651,0.8349,0.447,0.1128,0.2859,0.0953,0.0161,0.0107,0.0107,0.0013,0.0201,0.4352
The Salon Professional Academy-Appleton,85,0,1,0.8,0.0118,0.0471,0.0706,0.0118,0,0.0588,0,0,0.4086
Milan Institute of Cosmetology-Vacaville,234,0.0556,0.9444,0.2863,0.1752,0.359,0.0299,0.0043,0.0214,0.0171,0,0.1068,0.6302
Milan Institute of Cosmetology-Reno,243,0.0412,0.9588,0.3827,0.037,0.465,0.037,0.0123,0.0082,0.0576,0,0,0.5567
Ottawa University-Online,328,0.2896,0.7104,0.4756,0.1067,0.2835,0.0152,0.0579,0,0.0457,0.0091,0.0061,0.2955
Paul Mitchell the School-Esani,337,0.0178,0.9822,0.3264,0.3947,0.1157,0.0237,0.0119,0.003,0.0386,0.003,0.0831,0.5461
Paul Mitchell the School-Birmingham,128,0.0078,0.9922,0.7266,0.1875,0.0547,0,0,0,0.0234,0,0.0078,0.5161
Taft University System,1,0,1,0,0,0,0,0,0,0,0,1,NA
Mayfield College,316,0.4367,0.5633,0.1361,0.0633,0.8006,0,0,0,0,0,0,0.8418
Academy of Esthetics and Cosmetology,28,0.4643,0.5357,0.0357,0,0.9643,0,0,0,0,0,0,0.5366
Borner's Barber College,41,0.6829,0.3171,0,0.439,0.3902,0.1463,0.0244,0,0,0,0,0.5758
Paul Mitchell the School-Pasadena,200,0.19,0.81,0.155,0.105,0.445,0.115,0.02,0.01,0,0.005,0.145,0.6561
San Francisco Institute of Esthetics & Cosmetology Inc,202,0.1535,0.8465,0.2723,0.198,0.3267,0.0693,0,0.0099,0.099,0.0099,0.0149,0.4111
Laurus College,794,0.7632,0.2368,0.1448,0.1146,0.1914,0.4836,0.0038,0.0176,0.0139,0,0.0302,0.6742
Healing Hands School of Holistic Health,256,0.3008,0.6992,0.4141,0.0508,0.2188,0.0859,0.0156,0.0078,0.0938,0,0.1133,0.2276
Career Development Institute Inc,168,0.1726,0.8274,0.0536,0.4583,0.3333,0.0536,0.0119,0,0.006,0.0774,0.006,0.663
Auguste Escoffier School of Culinary Arts-Boulder,8571,0.284,0.716,0.3358,0.3792,0.0977,0.0116,0.016,0.0036,0.0698,5e-4,0.086,0.4845
Aspen University,2396,0.1473,0.8527,0.5171,0.2087,0.1252,0.0538,0.0058,0.0063,0.0309,0,0.0522,0.1287
Denver College of Nursing,949,0.1444,0.8556,0.4995,0.1391,0.1981,0.0717,0.0095,0.0053,0.0495,0,0.0274,0.2514
Cambridge College of Healthcare & Technology,1037,0.1475,0.8525,0.1977,0.4744,0.2469,0.0241,0.0068,0,0.0473,0,0.0029,0.5761
Cozmo Beauty School,68,0.0147,0.9853,0.5147,0.0882,0.3971,0,0,0,0,0,0,0.2857
Celebrity School of Beauty,884,0.155,0.845,0.0509,0.0814,0.8428,0.0011,0,0,0.0011,0.0158,0.0068,0.6413
Paul Mitchell the School-Atlanta,301,0.0399,0.9601,0.113,0.8206,0.0332,0.01,0,0,0.0233,0,0,0.638
Evans Hairstyling College-Rexburg,67,0,1,0.9254,0,0.0597,0,0.0149,0,0,0,0,0.4
Paul Mitchell the School-Rexburg,246,0.065,0.935,0.8415,0,0.1098,0.0041,0.0081,0.0163,0.0203,0,0,0.4894
University of Aesthetics & Cosmetology,62,0.0161,0.9839,0.1129,0.3871,0.4194,0.0161,0,0,0.0323,0,0.0323,0.6053
The University of Aesthetics & Cosmetology,60,0.0333,0.9667,0.3833,0.1333,0.4,0.0167,0,0,0,0,0.0667,0.3689
Tricoci University of Beauty Culture-Chicago NW,206,0.1893,0.8107,0.1456,0.301,0.4612,0.0194,0.0049,0,0.0437,0.0049,0.0194,0.5954
Tricoci University of Beauty Culture-Glendale Heights,148,0.0135,0.9865,0.2568,0.2432,0.3851,0.0203,0,0,0.0608,0.0338,0,0.5422
Tricoci University of Beauty Culture-Peoria,137,0.0073,0.9927,0.5182,0.2628,0.1387,0.0146,0,0,0.0438,0.0073,0.0146,0.6398
Tricoci University of Beauty Culture-Rockford,173,0.0462,0.9538,0.341,0.3468,0.237,0,0,0,0.0751,0,0,0.6096
Omega Studios' School of Applied Recording Arts & Sciences,74,0.8514,0.1486,0.2973,0.4189,0.1622,0.0135,0,0,0.0811,0,0.027,0.3265
French Academy of Cosmetology,39,0,1,0.641,0.1538,0.0256,0,0,0,0.1795,0,0,0.2301
Healing Arts Center,121,0.2562,0.7438,0.5207,0.1818,0.0331,0.0083,0,0,0.0496,0,0.2066,0.4286
Paul Mitchell the School-Springfield,263,0.1255,0.8745,0.8365,0.0418,0.0456,0.0152,0,0,0.0608,0,0,0.5451
Mississippi Institute of Aesthetics Nails & Cosmetology,77,0,1,0.8961,0.0649,0.039,0,0,0,0,0,0,0.254
College of Western Idaho,5898,0.4281,0.5719,0.6377,0.0209,0.2143,0.0232,0.0076,0.0056,0.0302,0.0153,0.0453,0.2286
Aveda Institute-Chapel Hill,171,0.0175,0.9825,0.3158,0.1228,0.076,0.0234,0,0,0.0234,0,0.4386,0.4923
Total Image Beauty Academy,293,0.099,0.901,0.0444,0.0375,0.9113,0.0068,0,0,0,0,0,0.3134
Jersey College,4089,0.0912,0.9088,0.1937,0.5931,0.1088,0.0345,0.0051,0.002,0.0479,0,0.0149,0.5753
American Institute of Medical Sciences & Education,397,0.199,0.801,0.3224,0.1738,0.3426,0.1486,0,0.0025,0.0101,0,0,0.2736
Casal Institute of Nevada,309,0.0324,0.9676,0.2039,0.1812,0.3398,0.0647,0.0065,0.0129,0.1877,0,0.0032,0.6364
Career School of NY,110,0.2364,0.7636,0.1364,0.3818,0.3455,0.0455,0.0182,0,0.0727,0,0,0.3604
Yeshiva of Machzikai Hadas,461,1,0,1,0,0,0,0,0,0,0,0,0.8422
Aveda Institute-Columbus,242,0.0207,0.9793,0.3719,0.1777,0.0331,0.0331,0,0,0.0207,0,0.3636,0.5277
Paul Mitchell the School-Cincinnati,241,0.0456,0.9544,0.6929,0.2324,0.0166,0.0041,0.0124,0,0.029,0,0.0124,0.5569
Hands on Therapy,41,0.0976,0.9024,0.3171,0.3902,0.2683,0,0.0244,0,0,0,0,0.5696
MediaTech Institute-Dallas,200,0.85,0.15,0.265,0.46,0.2,0.005,0.005,0,0,0,0.065,0.4945
Aveda Arts & Sciences Institute-San Antonio,256,0.0195,0.9805,0.4102,0.0625,0.4609,0.0156,0.0078,0.0078,0.0195,0,0.0156,0.4889
Skin Science Institute,174,0,1,0.8276,0.0287,0.0862,0.0517,0,0.0057,0,0,0,0.1497
Fortis College-Dothan,154,0.2403,0.7597,0.2338,0.7208,0.013,0.0065,0.0065,0,0.0195,0,0,0.8182
Fortis Institute-Pensacola,657,0.1476,0.8524,0.484,0.3683,0.0563,0.0244,0.0046,0.0015,0.0396,0,0.0213,0.6593
Fortis College-Montgomery,305,0.3574,0.6426,0.1082,0.8393,0.0262,0.0033,0.0033,0,0.0131,0,0.0066,0.84
Woodland Community College,2949,0.3571,0.6429,0.2357,0.0315,0.5209,0.1099,0.0064,0.0031,0.0532,0,0.0393,0.2502
Fortis Institute-Birmingham,339,0.4838,0.5162,0.1209,0.7699,0.0649,0.0088,0.0029,0,0.0206,0,0.0118,0.7853
The Chicago School at Los Angeles,324,0.1481,0.8519,0.4198,0.2099,0.2006,0.0093,0.0062,0.0062,0.0772,0.0154,0.0556,0.6056
Cardiac and Vascular Institute of Ultrasound,51,0.0196,0.9804,0.7647,0.1569,0,0.0784,0,0,0,0,0,0.3529
Studio Academy of Beauty,668,0.0165,0.9835,0.274,0.1108,0.4611,0.012,0.0135,0.0015,0.1198,0,0.0075,0.7386
California Nurses Educational Institute,114,0.2456,0.7544,0.1579,0.0439,0.7368,0.0439,0,0,0.0175,0,0,0.3137
Paul Mitchell the School-Sacramento,342,0.1637,0.8363,0.2953,0.1754,0.2661,0.0965,0.0263,0.0351,0.0906,0.0088,0.0058,0.5193
Providence Christian College,144,0.5417,0.4583,0.4792,0.0347,0.3472,0.0208,0,0.0278,0.0625,0.0069,0.0208,0.3382
Oxford Academy of Hair Design Inc,140,0.0214,0.9786,0.4786,0.1429,0.3429,0.0214,0,0.0071,0,0,0.0071,0.6207
Medical Institute of Palm Beach,261,0.0498,0.9502,0.0421,0.5287,0.4253,0.0038,0,0,0,0,0,0.3958
Oliver Finley Academy of Cosmetology,276,0.029,0.971,0.7717,0.0109,0.0688,0,0.0036,0,0.1449,0,0,0.3935
National Career College,366,0.1421,0.8579,0.0765,0.0191,0.6721,0.1175,0.0683,0,0.0219,0.0246,0,0.708
Aveda Institute-Chicago,99,0.1212,0.8788,0.4949,0.2323,0.1212,0.0505,0.0606,0.0101,0,0.0101,0.0202,0.4022
Tricoci University of Beauty Culture-Libertyville,193,0.0311,0.9689,0.3057,0.1088,0.4974,0.0207,0,0.0052,0.0466,0.0155,0,0.5215
Tricoci University of Beauty Culture-Bridgeview,438,0.0753,0.9247,0.0868,0.5388,0.3333,0.0046,0.0023,0.0023,0.0274,0.0023,0.0023,0.6852
The Temple-A Paul Mitchell Partner School,167,0.0898,0.9102,0.7964,0.0778,0.0659,0.024,0,0,0.0299,0,0.006,0.4304
Center for Massage,57,0.1404,0.8596,0.9298,0.0351,0.0175,0,0.0175,0,0,0,0,0.2826
The Academy of Hair Design LLC,57,0.0175,0.9825,0.7895,0.0175,0.0702,0,0.0175,0,0.1053,0,0,0.3977
Toni & Guy Hairdressing Academy-Cranston,113,0.0619,0.9381,0.7434,0.0265,0.1327,0,0.0088,0,0.0531,0.0088,0.0265,0.488
South Texas Training Center,276,0.0652,0.9348,0,0.0072,0.9928,0,0,0,0,0,0,0.7727
Columbia College,239,0.2887,0.7113,0.1674,0.0126,0.0167,0.2218,0.0042,0,0,0.5774,0,0.3031
Advanced Welding Institute,97,0.866,0.134,0.9691,0,0.0309,0,0,0,0,0,0,0.4
Paul Mitchell the School-Memphis,189,0.0265,0.9735,0.3016,0.6508,0.0423,0.0053,0,0,0,0,0,0.5736
Pima Medical Institute-East Valley,373,0.1072,0.8928,0.4182,0.067,0.2815,0.0295,0.0697,0.008,0.1206,0,0.0054,0.2433
Paul Mitchell the School-Cleveland,142,0.0141,0.9859,0.4507,0.4366,0.0282,0.0141,0,0,0.0211,0,0.0493,0.6143
Paul Mitchell the School-Columbus,166,0.0301,0.9699,0.7349,0.1506,0.0301,0.0301,0,0.006,0.0422,0,0.006,0.5171
Empire Beauty School-Spring Lake Park,80,0.0375,0.9625,0.225,0.45,0.0625,0.05,0.025,0,0.025,0,0.1625,0.5764
MediaTech Institute-Houston,96,0.875,0.125,0.1042,0.7083,0.1563,0,0.0104,0,0,0,0.0208,0.7227
Miller-Motte College-Raleigh,214,0.5093,0.4907,0.1121,0.6682,0.1402,0.0047,0.0047,0.0047,0.0514,0,0.014,0.6554
Lamson Institute,443,0.6163,0.3837,0.1151,0.14,0.6975,0.0135,0.0045,0.0045,0.0045,0,0.0203,0.4534
College of Hair Design-East Campus,116,0.0086,0.9914,0.6724,0.0431,0.1466,0.0086,0.0172,0,0.1034,0,0.0086,0.4877
Fortis College-Salt Lake City,371,0.2507,0.7493,0.4474,0.0404,0.2264,0.0782,0.0135,0.1159,0.0593,0,0.0189,0.6087
Polytechnic University of Puerto Rico-Miami,29,0.5172,0.4828,0,0,1,0,0,0,0,0,0,0.7059
Polytechnic University of Puerto Rico-Orlando,102,0.6863,0.3137,0.0196,0.0294,0.9412,0,0,0,0,0.0098,0,0.5913
Ross Medical Education Center-Fort Wayne,124,0.0242,0.9758,0.1613,0.1774,0.1048,0,0,0,0.0161,0.0081,0.5323,0.7862
Ross Medical Education Center-Battle Creek,46,0.0435,0.9565,0.1522,0.2391,0.087,0.0217,0,0,0,0,0.5,0.8462
Geisinger Commonwealth School of Medicine,63,0.0794,0.9206,0.8571,0.0159,0,0.0476,0.0159,0,0.0317,0,0.0317,NA
Josef's School of Hair Skin & Body-Fargo,74,0.0405,0.9595,0.473,0.1351,0.0135,0.027,0.027,0.3108,0,0,0.0135,0.4622
Miller-Motte College-McCann-Allentown,277,0.5523,0.4477,0.2022,0.2058,0.4549,0.0036,0.0108,0.0036,0.083,0,0.0361,0.6004
Salon Success Academy-Fontana,34,0.0294,0.9706,0.0294,0.0294,0.7941,0.0882,0.0294,0,0.0294,0,0,0.6774
Salon Success Academy-Redlands,259,0.0154,0.9846,0.2239,0.0541,0.6641,0.0309,0.0116,0.0077,0,0,0.0077,0.5047
Strayer University-West Virginia,377,0.2971,0.7029,0.8223,0.0981,0.0186,0.0027,0.0027,0.0027,0.0398,0,0.0133,0.8507
Paul Mitchell the School-Baton Rouge,224,0.0223,0.9777,0.308,0.6563,0.0089,0,0,0,0.0179,0,0.0089,0.6357
San Joaquin Valley College-Hesperia,437,0.4005,0.5995,0.1236,0.1076,0.5973,0.0069,0.0114,0.0023,0.0092,0,0.1419,0.6217
South Texas Vocational Technical Institute-Brownsville,176,0.3125,0.6875,0.0341,0,0.9432,0,0,0.0057,0.0057,0,0.0114,0.7398
Miller-Motte College-STVT-Corpus Christi,392,0.5179,0.4821,0.2704,0.0612,0.6097,0.0077,0.0051,0.0051,0.0408,0,0,0.7965
University of Minnesota-Rochester,568,0.2113,0.7887,0.5475,0.1532,0.0827,0.1444,0.0018,0,0.0264,0.0123,0.0317,0.3556
Health And Style Institute,1112,0.0881,0.9119,0.1232,0.705,0.0854,0.0045,0.0018,9e-4,0.0216,9e-4,0.0567,0.3772
CBT Technology Institute-Cutler Bay,262,0.9847,0.0153,0.0115,0.0153,0.9733,0,0,0,0,0,0,1
Capri Beauty College,84,0,1,0.9167,0.0238,0.0357,0.0119,0,0,0,0,0.0119,0.2407
Milan Institute-Bakersfield,514,0.0642,0.9358,0.2237,0.0661,0.6479,0.0214,0.0058,0.0039,0.0058,0,0.0253,0.684
Homestead Schools,176,0.233,0.767,0.0227,0.2727,0.3466,0.358,0,0,0,0,0,0.5873
Carrington College-Las Vegas,359,0.3844,0.6156,0.1281,0.2117,0.3398,0.1309,0,0.0279,0.0501,0.0111,0.1003,0.6082
Carrington College-Reno,500,0.258,0.742,0.494,0.018,0.266,0.084,0.01,0.01,0.012,0.006,0.1,0.3451
Chamberlain University-Florida,839,0.1085,0.8915,0.2002,0.5066,0.2086,0.0441,0.0012,0.0048,0.0143,0,0.0203,0.5327
Washington Barber College Inc,51,0.7059,0.2941,0,0.9804,0.0196,0,0,0,0,0,0,1
InterCoast Colleges-Rancho Cordova,78,0.8974,0.1026,0.2949,0.1923,0.3333,0.0769,0.0128,0.0128,0.0513,0,0.0256,0.5108
Horizon University,58,0.6034,0.3966,0.8103,0.0345,0.0517,0.0345,0,0.0172,0.0172,0.0345,0,0.1463
Beyond 21st Century Beauty Academy,102,0,1,0.0588,0.0196,0.8922,0.0098,0.0098,0,0.0098,0,0,0.3822
Angeles College,484,0.2479,0.7521,0.0331,0.095,0.2211,0.5702,0,0.0041,0.0227,0.0537,0,0.5147
Angeles Institute,132,0.197,0.803,0.0152,0.1818,0.5606,0.0909,0.0076,0,0.0152,0.1136,0.0152,0.6114
Paul Mitchell the School-Temecula,275,0.1236,0.8764,0.3164,0.08,0.4073,0.04,0,0.0145,0.1345,0,0.0073,0.5291
TIGI Hairdressing Academy Guilford,63,0.0159,0.9841,0.7619,0,0.1905,0.0317,0.0159,0,0,0,0,0.3175
International Institute of Cosmetology,184,0.038,0.962,0.587,0.0761,0.1957,0.0054,0.0109,0.0054,0.1087,0.0054,0.0054,0.3234
Florida School of Traditional Midwifery,73,0,1,0.4247,0.4247,0.1096,0,0.0137,0,0.0137,0,0.0137,0.3784
Emerald Coast Technical College,170,0.5353,0.4647,0.7647,0.0882,0.0588,0.0235,0,0,0.0647,0,0,0.4183
Immokalee Technical College,280,0.55,0.45,0.1321,0.2393,0.5036,0.0179,0.1036,0.0036,0,0,0,0.3513
American Academy of Cosmetology,96,0.2813,0.7188,0.4063,0.4063,0.0938,0.0208,0,0,0.0625,0.0104,0,0.5749
University of Fort Lauderdale,259,0.7529,0.2471,0.2239,0.4054,0.305,0,0.0039,0,0.0232,0.0039,0.0347,0.5812
Aviation Institute of Maintenance-Orlando,297,0.9057,0.0943,0.2727,0.1448,0.4747,0.0269,0.0067,0.0067,0.0673,0,0,0.6475
Summit Salon Academy,222,0.0541,0.9459,0.5721,0.1171,0.2387,0.0135,0,0,0.009,0,0.0495,0.4395
Summit Salon Academy-Gainesville,146,0.0205,0.9795,0.4795,0.3219,0.1301,0.0068,0,0,0.0342,0,0.0274,0.6261
Tenaj Salon Institute,62,0.0323,0.9677,0.5645,0.1935,0.2258,0.0161,0,0,0,0,0,0.3913
Profile Institute of Barber-Styling,26,0.9231,0.0769,0,0.8846,0.0769,0,0.0385,0,0,0,0,0.56
Keune Academy by 124,120,0.0167,0.9833,0.55,0.1,0.2167,0.0417,0,0,0.0917,0,0,0.3333
Pacific Rim Christian University,113,0.4071,0.5929,0.1239,0.0531,0.1858,0.2655,0.0088,0.1239,0.1504,0.0885,0,0.8632
Paul Mitchell the School-Twin Falls,62,0.0161,0.9839,0.6935,0,0.1935,0,0,0,0.1129,0,0,0.6563
Ambria College of Nursing,195,0.0974,0.9026,0.3026,0.1487,0.2513,0.2462,0,0,0.0103,0,0.041,0.3218
Midwestern Career College,824,0.1566,0.8434,0.1141,0.3083,0.2051,0.0158,0.0061,0.0024,0.0218,0.3143,0.0121,0.3961
Paul Mitchell the School-Normal,79,0.038,0.962,0.8101,0.1139,0.0633,0,0,0,0.0127,0,0,0.424
Aveda Fredric's Institute-Indianapolis,266,0.0226,0.9774,0.5639,0.0789,0.0376,0.015,0,0.0038,0.0113,0,0.2895,0.3667
Summit Salon Academy,127,0.0157,0.9843,0.8583,0.063,0.0236,0.0157,0.0157,0,0.0236,0,0,0.4434
Eric Fisher Academy,178,0.0056,0.9944,0.5562,0.0393,0.3427,0.0225,0.0056,0,0.0337,0,0,0.4178
My Le's Beauty College,84,0.0595,0.9405,0.119,0.5119,0.1071,0.2619,0,0,0,0,0,0.7045
Blackstone Valley Vocational Regional School District,40,0.175,0.825,0.4,0.35,0.175,0.025,0,0.025,0.025,0,0,0.3043
Southern Worcester County Regional Vocational School District,39,0.2308,0.7692,0.2564,0.6667,0.0769,0,0,0,0,0,0,0.3095
L'esprit Academy,273,0.0183,0.9817,0.4286,0.4066,0.044,0.0403,0,0,0.0769,0,0.0037,0.446
Marketti Academy of Cosmetology,45,0,1,0.6889,0.1556,0.1333,0,0,0,0.0222,0,0,0.1084
Avalon School of Cosmetology,18,0,1,0.2222,0.1111,0.3889,0.2778,0,0,0,0,0,0.4
City Vision University,188,0.4628,0.5372,0.3245,0.0904,0.1543,0.0053,0.0106,0.0053,0.0798,0.0106,0.3191,0.6591
Montana Academy of Salons,147,0.1224,0.8776,0.6463,0.0204,0.0544,0.034,0.0816,0,0.1633,0,0,0.3516
National Career Institute,148,0.473,0.527,0,0.9459,0.0541,0,0,0,0,0,0,0.6174
Paul Mitchell the School-Albuquerque,113,0.1239,0.8761,0.2124,0.0265,0.5841,0.0177,0.0531,0,0.0354,0,0.0708,0.4432
International Academy of Style,109,0.0826,0.9174,0.3486,0,0.4495,0.0826,0.0275,0.0092,0.0826,0,0,0.5317
EDP School,155,0.1548,0.8452,0.4323,0.0129,0.0194,0.5355,0,0,0,0,0,0.9146
New York Medical Career Training Center,87,0.0805,0.9195,0.1494,0.2069,0.2759,0.3333,0,0,0.0345,0,0,0.4299
Institute of Culinary Education,637,0.3987,0.6013,0.2088,0.0675,0.5432,0.0565,0.0016,0.0031,0.022,0.0754,0.022,0.2134
The Salon Professional Academy-Tonawanda,139,0.0791,0.9209,0.6331,0.1799,0.0863,0.0288,0.0144,0.0144,0.036,0,0.0072,0.3723
Paul Mitchell the School-NYC,75,0.04,0.96,0.5467,0.0533,0.1067,0,0,0,0.0267,0,0.2667,0.3786
Four County Career Center,129,0.4341,0.5659,0.6434,0.186,0.0388,0.0078,0.0078,0,0.031,0,0.0853,0.007
Summit Salon Academy-Perrysburg,108,0,1,0.75,0.0926,0.0833,0.0093,0,0,0.0556,0,0.0093,0.3333
Portland Actors Conservatory,13,0.6154,0.3846,0.7692,0.0769,0,0.1538,0,0,0,0,0,0.25
Somerset County Technology Center,50,0.28,0.72,0.96,0.02,0.02,0,0,0,0,0,0,0.2545
Metro Beauty Academy,174,0,1,0.6667,0.0172,0.1782,0.023,0,0,0.0747,0.0057,0.0345,0.1608
Academy for Careers and Technology,45,0.0444,0.9556,0.2222,0.7778,0,0,0,0,0,0,0,0.3542
Love Beauty School Inc,64,0.0156,0.9844,0.875,0.0625,0.0313,0,0,0,0.0313,0,0,0.6526
Houston International College Cardiotech Ultrasound School,41,0.1707,0.8293,0.2195,0.2683,0.3659,0.1463,0,0,0,0,0,0.8043
DuVall's School of Cosmetology,89,0.0225,0.9775,0.4157,0.1798,0.2584,0,0,0.0112,0.0899,0,0.0449,0.5094
Texas Beauty College,59,0.0339,0.9661,0.0339,0.0508,0.2712,0.6441,0,0,0,0,0,0.8824
Avenue Five Institute,267,0.0524,0.9476,0.4232,0.1124,0.3258,0.0375,0.0112,0.0037,0.0824,0,0.0037,0.4189
The Salon Professional Academy-Lewisville,127,0.0236,0.9764,0.5669,0.1496,0.2205,0.0079,0,0,0.0551,0,0,0.4378
Renaissance Academie,206,0.0049,0.9951,0.7718,0.0049,0.1699,0,0.0146,0.0291,0.0097,0,0,0.232
Ascent College,85,0.3647,0.6353,0.3882,0.0941,0.0353,0.0353,0,0.0118,0.0471,0,0.3882,0.26
Institute of Advanced Medical Esthetics,37,0,1,0.6216,0.1622,0.1892,0.027,0,0,0,0,0,0.5224
Aveda Arts & Sciences Institute Seattle,157,0.0382,0.9618,0.6242,0.0828,0.1083,0.0637,0.0127,0.0382,0.0191,0,0.051,0.2392
Northwest School of Wooden Boat Building,43,0.6977,0.3023,0.8605,0,0.0465,0,0,0,0.0465,0.0233,0.0233,0.3065
The Salon Professional Academy-Onalaska,76,0.0263,0.9737,0.8553,0.0132,0.0263,0.0526,0.0132,0,0.0395,0,0,0.4522
West Coast University-Orange County,3168,0.2203,0.7797,0.1408,0.0256,0.3633,0.3835,0.0022,0.0107,0.0676,0.0035,0.0028,0.4122
West Coast University-Ontario,2647,0.2323,0.7677,0.1254,0.0499,0.5017,0.2308,0.0019,0.0117,0.0737,0.003,0.0019,0.4971
Paul Mitchell the School-Chicago,145,0.0483,0.9517,0.2276,0.4966,0.1931,0.0069,0,0,0.0759,0,0,0.625
Miller-Motte College-Fayetteville,169,0.3669,0.6331,0.1361,0.7041,0.0592,0,0.0178,0,0.0592,0,0.0237,0.4769
European Massage Therapy School-Las Vegas,83,0.1687,0.8313,0.241,0.0361,0.7108,0.012,0,0,0,0,0,0.3984
Miller-Motte College-Columbus,270,0.1556,0.8444,0.0593,0.9037,0.0037,0,0,0,0.0222,0,0.0111,0.9028
Fortis College-Indianapolis,265,0.1925,0.8075,0.166,0.6868,0.034,0.0528,0,0,0.0453,0,0.0151,0.7852
Empire Beauty School-E Memphis,216,0.0046,0.9954,0.0139,0.8611,0.0324,0,0,0,0.0046,0,0.088,0.5061
Empire Beauty School-Nashville,125,0.032,0.968,0.376,0.36,0.12,0,0.008,0,0.024,0,0.112,0.4574
Empire Beauty School-Jackson,44,0.0455,0.9545,0.1364,0.6818,0,0,0,0,0.0455,0,0.1364,0.7315
Empire Beauty School-Springfield,174,0.0172,0.9828,0.092,0.5402,0.0747,0.023,0,0,0.0517,0,0.2184,0.552
Empire Beauty School-Speedway,209,0.0191,0.9809,0.2105,0.5933,0.1196,0.0191,0.0048,0,0.0191,0,0.0335,0.54
Empire Beauty School-Morrow,209,0.0287,0.9713,0.0048,0.8756,0.0144,0,0,0,0.0239,0,0.0813,0.6417
Strayer University-Arkansas,456,0.2018,0.7982,0.386,0.5285,0.0307,0,0.011,0,0.0285,0,0.0154,0.9273
Strayer University-Georgia,4878,0.2296,0.7704,0.1796,0.7347,0.0332,0.0023,0.0033,0.0018,0.031,4e-4,0.0137,0.7837
Strayer University-Mississippi,400,0.19,0.81,0.105,0.8375,0.0025,0,0.015,0,0.02,0,0.02,0.8339
Strayer University-South Carolina,1830,0.1929,0.8071,0.2617,0.647,0.029,0.0027,0.0066,5e-4,0.0339,0,0.0186,0.7889
Strayer University-Texas,2397,0.2766,0.7234,0.2274,0.5373,0.1761,0.0075,0.0067,8e-4,0.0325,0.0017,0.01,0.7428
Empire Beauty School-Charlotte,81,0.0617,0.9383,0.0494,0.7531,0.0617,0,0,0,0.0247,0,0.1111,0.7029
Empire Beauty School-Winston-Salem,72,0.0417,0.9583,0.0972,0.6667,0.1944,0.0139,0,0,0.0278,0,0,0.6429
Empire Beauty School-West Palm,58,0.0345,0.9655,0.2414,0.4655,0.1897,0,0.0172,0,0.0517,0,0.0345,0.5758
Empire Beauty School-Pineville,81,0.0741,0.9259,0.0741,0.5556,0.0494,0,0.0123,0.0247,0.0123,0,0.2716,0.4855
Paul Mitchell the School-Phoenix,102,0.0784,0.9216,0.2451,0.0686,0.2451,0,0,0,0.0098,0,0.4314,0.6143
Paul Mitchell the School-Modesto,305,0.0754,0.9246,0.2623,0.0361,0.518,0.0689,0.0033,0.0131,0.0754,0.0033,0.0197,0.5914
Paul Mitchell the School-Fresno,262,0.229,0.771,0.1794,0.0267,0.5305,0.0344,0.0076,0,0.0115,0,0.2099,0.8547
Unitek College,4715,0.1572,0.8428,0.095,0.0549,0.2783,0.2664,0.0059,0.018,0.0074,4e-4,0.2736,0.4186
Gurnick Academy of Medical Arts,2844,0.2511,0.7489,0.1586,0.0823,0.3361,0.2925,0.0077,0.025,0.0591,0,0.0387,0.442
Paul Mitchell the School-East Bay,212,0.0519,0.9481,0.283,0.1981,0.283,0.0896,0.0047,0.0094,0.1085,0,0.0236,0.4441
South University-Richmond,244,0.1434,0.8566,0.2705,0.5615,0.041,0.0205,0,0,0.0451,0.0164,0.0451,0.4125
South University-Virginia Beach,252,0.1389,0.8611,0.1627,0.5833,0.1151,0.0635,0,0.0119,0.0317,0.0119,0.0198,0.5122
Aveda Institute-Denver,316,0.057,0.943,0.4715,0.0475,0.2848,0.0253,0.0095,0.0063,0.1424,0,0.0127,0.3234
Paul Mitchell the School-Colorado Springs,169,0.1538,0.8462,0.5207,0.1598,0.2485,0.0178,0,0.0237,0.0118,0,0.0178,0.4684
The Salon Professional Academy-Colorado Springs,85,0.0118,0.9882,0.4824,0.0824,0.2,0.0118,0.0118,0.0353,0.1765,0,0,0.488
Paul Mitchell the School-Delaware,130,0.0154,0.9846,0.4462,0.4077,0.1,0,0.0077,0,0.0385,0,0,0.5497
Fred K Marchman Technical College,322,0.5031,0.4969,0.6553,0.0683,0.236,0.0124,0.0031,0,0.0186,0.0062,0,0.336
The Salon Professional Academy-Ft Myers,104,0.0096,0.9904,0.625,0.0288,0.2019,0,0,0.0096,0.1346,0,0,0.2124
Universal Spa Training Academy,144,0.0139,0.9861,0.3194,0.125,0.3611,0.0069,0,0,0.0764,0,0.1111,0.5143
The Salon Professional Academy-Evansville,169,0.0237,0.9763,0.8876,0.0237,0.0414,0.0118,0,0,0.0355,0,0,0.413
Tri County Regional Vocational Technical High School,64,0.0625,0.9375,0.4375,0.5469,0.0156,0,0,0,0,0,0,0.3
Nova Academy of Cosmetology,174,0.0172,0.9828,0.7471,0.0287,0.1034,0.0172,0.0057,0,0.0345,0,0.0632,0.3777
Sage School of Massage & Esthetics,26,0.1923,0.8077,0.8846,0,0.0385,0.0769,0,0,0,0,0,0.3125
Peloton College,63,0.2857,0.7143,0.127,0.5873,0.2698,0,0,0,0.0159,0,0,0.7411
ABC Beauty Academy,65,0.1846,0.8154,0.0308,0.2615,0.0615,0.6462,0,0,0,0,0,0.9099
Salon & Spa Institute,91,0.022,0.978,0.011,0,0.989,0,0,0,0,0,0,0.7862
American Beauty Academy,11,0,1,0.8182,0,0.1818,0,0,0,0,0,0,0.5152
Summit Salon Academy,148,0.0608,0.9392,0.6824,0.0405,0.0811,0.0473,0.0338,0,0.1149,0,0,0.4147
Paul Mitchell the School-Milwaukee,111,0.2973,0.7027,0.2703,0.6486,0.045,0.036,0,0,0,0,0,0.6477
Touro University Worldwide,416,0.2788,0.7212,0.3245,0.2212,0.0793,0.0337,0.0024,0.0072,0.1058,0.0024,0.2236,0.5194
Touro University Nevada,19,0.0526,0.9474,0.4211,0.1579,0.2105,0.1579,0,0.0526,0,0,0,0.2667
Herzing University-Kenosha,543,0.0994,0.9006,0.3076,0.2044,0.3278,0.0939,0.0037,0.0055,0.0276,0,0.0295,0.6204
Herzing University-Brookfield,378,0.0899,0.9101,0.3757,0.3968,0.1349,0.037,0,0,0.0265,0,0.0291,0.6046
Texas A&M University-San Antonio,6224,0.349,0.651,0.1825,0.0593,0.6991,0.0143,0.004,0.0013,0.0199,0.0084,0.0112,0.5083
Fortis Institute,332,0.2018,0.7982,0.0663,0.512,0.3795,0.006,0,0.003,0.0211,0,0.012,0.75
Southern Careers Institute-Brownsville,637,0.4082,0.5918,0.1931,0.0078,0.7739,0.0016,0,0,0.022,0,0.0016,0.7663
Southern Careers Institute-Harlingen,437,0.5789,0.4211,0.3799,0.0183,0.5858,0.0046,0,0,0.0092,0,0.0023,0.7494
Strayer University-Global Region,10087,0.3086,0.6914,0.487,0.3046,0.1262,0.0111,0.0107,0.0042,0.0415,2e-4,0.0146,0.5278
Kenneth Shuler School of Cosmetology-Florence,178,0.0169,0.9831,0.4157,0.5787,0,0,0,0,0.0056,0,0,0.7659
Fortis College-Columbia,513,0.2261,0.7739,0.1131,0.8207,0.0448,0.0019,0,0.0019,0.0175,0,0,0.735
Ross Medical Education Center-Davison,39,0,1,0.3846,0.0256,0.0256,0,0,0,0,0,0.5641,0.8475
Ross Medical Education Center-Granger,115,0.0348,0.9652,0.1391,0.1478,0.113,0,0,0,0.0087,0.0261,0.5652,0.8895
Ross Medical Education Center-Niles,69,0.029,0.971,0.1594,0.1594,0.087,0,0,0,0.058,0.0145,0.5217,0.8333
Ross Medical Education Center-Canton,90,0.0667,0.9333,0.0889,0.2,0.0333,0,0,0.0111,0.0444,0,0.6222,0.75
Pima Medical Institute-Houston,1019,0.1433,0.8567,0.1246,0.1649,0.5358,0.0913,0.0069,0.001,0.0726,0,0.0029,0.4965
Illinois Media School-Chicago Campus,48,0.5208,0.4792,0.1042,0.7708,0.125,0,0,0,0,0,0,0.6154
Miller-Motte College-STVT-San Antonio,592,0.8801,0.1199,0.1672,0.0878,0.6892,0.0034,0.0051,0.0051,0.0338,0,0.0084,0.6743
Concorde Career College-Dallas,183,0.0984,0.9016,0.0546,0.3115,0.3552,0,0.0164,0,0,0,0.2623,0.6056
Concorde Career Institute-Orlando,145,0.1034,0.8966,0.1241,0.3448,0.3379,0,0,0,0.0276,0,0.1655,0.6723
Concorde Career College-San Antonio,122,0.0984,0.9016,0.082,0.0574,0.459,0.0082,0,0,0,0,0.3934,0.5749
Johnson & Wales University-Online,1980,0.299,0.701,0.4692,0.2298,0.1889,0.0227,0.0076,5e-4,0.004,0.0071,0.0702,0.3559
Fairfax University of America,5,0.2,0.8,0,0,0.2,0,0,0,0,0.8,0,0
Moreno Valley College,8292,0.4403,0.5597,0.1231,0.0961,0.6727,0.0521,0.0013,0.0031,0.0415,0.0033,0.0068,0.2047
Norco College,8359,0.4958,0.5042,0.175,0.0635,0.6107,0.088,0.0019,0.0033,0.0404,0.0049,0.0121,0.157
Dorsey College-Saginaw,199,0.201,0.799,0.2814,0.5729,0.0704,0.005,0,0,0.0704,0,0,0.9222
Milan Institute of Cosmetology-El Paso,407,0.0811,0.9189,0.0688,0.059,0.8428,0,0.0049,0.0025,0.0098,0.0025,0.0098,0.6467
Universal Technical Institute-Dallas Fort Worth,1661,0.9458,0.0542,0.2926,0.1174,0.46,0.0211,0.0024,0.0012,0.0933,0,0.012,0.5064
ICPR Junior College,414,0.1957,0.8043,0,0,1,0,0,0,0,0,0,0.9883
Artistic Nails and Beauty Academy-Lakeland,192,0.1979,0.8021,0.2865,0.3854,0.2917,0.0104,0,0,0.026,0,0,0.5708
Hawaii Medical College,217,0.0922,0.9078,0.0507,0.0276,0.1152,0.2304,0,0.4055,0.0968,0.0461,0.0276,0.5311
Carolina College of Hair Design Inc,46,0.0217,0.9783,0.6522,0.0652,0.2174,0.0435,0,0,0,0,0.0217,0.4561
Integrated Massage Therapy Services,16,0.0625,0.9375,1,0,0,0,0,0,0,0,0,0.7692
Miller-Motte College-Jacksonville,187,0.385,0.615,0.4813,0.3904,0.0588,0.0053,0.016,0.0053,0.0321,0,0.0107,0.5268
Miller-Motte College-Augusta,524,0.187,0.813,0.063,0.8855,0.0076,0.0038,0.0019,0.0038,0.0229,0,0.0115,0.7257
Miller-Motte College-Conway,164,0.2134,0.7866,0.2927,0.5976,0.0244,0.0061,0.0122,0,0.0549,0,0.0122,0.5268
Aveda Institute-Portland,171,0.0468,0.9532,0.6784,0.0409,0.0526,0.0175,0.0117,0,0.0819,0,0.117,0.3729
Chamberlain University-Virginia,567,0.1023,0.8977,0.1393,0.5168,0.2081,0.0723,0.0053,0.0018,0.0212,0.0088,0.0265,0.4389
Penrose Academy,390,0.0077,0.9923,0.6949,0.0077,0.1692,0.0179,0.0231,0,0.0872,0,0,0.2688
Skin Institute,83,0,1,0.8313,0.0964,0.0602,0.012,0,0,0,0,0,0.5426
Beauty Academy of South Florida,348,0.0661,0.9339,0.0287,0.0316,0.8592,0.0029,0.0029,0,0,0.0747,0,0.3817
Ogle School Hair Skin Nails-North Dallas,320,0.0063,0.9938,0.2469,0.4063,0.25,0.0156,0.0094,0.0031,0.0625,0,0.0063,0.6642
The Salon Professional Academy,92,0,1,0.7065,0.163,0.087,0,0,0,0,0,0.0435,0.3228
The Salon Professional Academy-St Charles,117,0.0171,0.9829,0.7436,0.1966,0.0085,0,0,0,0.0342,0,0.0171,0.3195
Mildred Elley-New York Campus,1004,0.0717,0.9283,0.0239,0.6345,0.1574,0.0279,0.006,0.003,0,0,0.1474,0.7562
National Paralegal College,388,0.1521,0.8479,0.2629,0.0567,0.0902,0.018,0.0026,0,0,0,0.5696,0.3968
Carolina College of Biblical Studies,122,0.5574,0.4426,0.3525,0.4344,0.0902,0.0082,0.1066,0,0,0,0.0082,0.5625
Northeast Technology Center,1340,0.509,0.491,0.4724,0.0112,0.041,0.0231,0.1873,0,0.2515,0,0.0134,0.1022
Allstate Hairstyling & Barber College,41,0.8049,0.1951,0.2439,0.2927,0.3902,0.0488,0,0,0,0,0.0244,0.3906
New York Film Academy,965,0.5689,0.4311,0.1596,0.0984,0.1368,0.0363,0.0021,0,0.0269,0.487,0.0528,0.2028
International College of Cosmetology,125,0.064,0.936,0.016,0.064,0.408,0.312,0.04,0.024,0,0.08,0.056,0.1268
Bella Capelli Academy,194,0.0258,0.9742,0.8144,0.1031,0.0155,0.0103,0,0,0.0309,0.0103,0.0155,0.3953
Institute of Medical Careers,866,0.0762,0.9238,0.3811,0.582,0.015,0.0012,0.0208,0,0,0,0,0.9142
Flagler Technical College,91,0.5055,0.4945,0.6813,0.1429,0.1099,0,0.022,0,0.033,0.011,0,0.0612
Galaxy Medical College,65,0.2923,0.7077,0.8615,0,0.1385,0,0,0,0,0,0,0.9286
American Medical Sciences Center,200,0.025,0.975,0.205,0.045,0.69,0.03,0.015,0.005,0,0.01,0,0.6667
Mandalyn Academy,62,0,1,0.7903,0,0.1774,0,0,0,0.0323,0,0,0.4255
Jose Maria Vargas University,83,0.0843,0.9157,0,0,0.9157,0,0,0,0,0.0843,0,0.5728
D A Dorsey Technical College,275,0.2982,0.7018,0.0218,0.7418,0.1564,0.0182,0.0036,0.0036,0.0145,0.04,0,0.1336
Keweenaw Bay Ojibwa Community College,147,0.2041,0.7959,0.3878,0.0068,0.0136,0,0.4762,0.0068,0.1088,0,0,0.5166
Meridian Institute of Surgical Assisting,788,0.217,0.783,0.6891,0.1104,0.1409,0,0,0,0.0596,0,0,0.2106
Mauna Loa Helicopters,12,0.6667,0.3333,0.5833,0,0,0,0,0,0.0833,0.3333,0,0
Acaydia School of Aesthetics,116,0,1,0.8707,0.0172,0.0862,0,0.0086,0.0086,0.0086,0,0,0.2752
Holistic Massage Training Institute,28,0.25,0.75,0.2143,0.7857,0,0,0,0,0,0,0,0.4
Diamonds College,36,0.1944,0.8056,0.7222,0.0556,0.1389,0.0278,0,0,0.0556,0,0,0.527
Northern Virginia School of Therapeutic Massage,87,0.2414,0.7586,0.2644,0.3908,0.1494,0.092,0,0,0.1034,0,0,0.4231
Paul Mitchell the School-St Louis,209,0.0431,0.9569,0.689,0.2727,0.0287,0,0,0,0.0048,0,0.0048,0.4984
Advanced Training Institute,545,0.9248,0.0752,0.1817,0.156,0.5101,0.0771,0.011,0.0183,0.0202,0,0.0257,0.412
Taylor Andrews Academy of Hair Design-West Jordan,165,0.0606,0.9394,0.6788,0.0121,0.2242,0.0182,0.0061,0.0303,0.0303,0,0,0.2752
Santa Ana Beauty Academy,45,0.2222,0.7778,0.2222,0,0.6444,0.0667,0.0444,0,0,0.0222,0,0.4265
Manna University,169,0.4852,0.5148,0.4379,0.1124,0.1361,0,0.0059,0.0178,0.0355,0.2544,0,0.3448
Evolve Beauty Academy,21,0.0476,0.9524,0.9048,0,0.0476,0.0476,0,0,0,0,0,0.4286
Aveda Institute-New Mexico,157,0.0637,0.9363,0.2548,0.0573,0.6242,0.0064,0.0446,0.0127,0,0,0,0.5389
American Trade School,140,0.9643,0.0357,0.5357,0.4071,0.0214,0.0143,0,0,0.0214,0,0,0.4427
Estelle Skin Care and Spa Institute,121,0.0083,0.9917,0.3636,0.0826,0.3802,0.0331,0,0,0.0496,0.0413,0.0496,0.4622
Elite Cosmetology School,123,0.1138,0.8862,0.2846,0.0488,0.6341,0,0.0081,0,0,0,0.0244,0.6229
American Technical Institute,27,0.963,0.037,0,0,1,0,0,0,0,0,0,0.8241
Bergin University of Canine Studies,18,0.2778,0.7222,0.2778,0.0556,0.0556,0,0,0,0.2222,0.3889,0,0.2941
Aveda Institute-Boise,93,0.1075,0.8925,0.6774,0.0215,0.172,0.0538,0.0108,0,0.0108,0,0.0538,0.523
Pima Medical Institute-Aurora,290,0.1034,0.8966,0.2552,0.1724,0.4103,0.0345,0.0069,0.0034,0.1172,0,0,0.48
Capilo School of Hair Design,133,0.0977,0.9023,0.8797,0.0226,0.0226,0.0075,0.015,0,0.0526,0,0,0.3405
Pure Aesthetics Natural Skincare School,53,0,1,0.2075,0.0377,0.6792,0.0377,0.0189,0,0,0,0.0189,0.375
Lindsey Institute of Cosmetology,65,0,1,0.9385,0.0154,0.0462,0,0,0,0,0,0,0.2644
Buckner Barber School,42,0.6905,0.3095,0,0.6429,0.3095,0,0,0,0.0476,0,0,0.6531
Simmons College of Kentucky,381,0.6325,0.3675,0.0026,0.399,0.0052,0,0,0,0,0,0.5932,0.4304
Atelier Esthetique Institute of Esthetics,244,0.0164,0.9836,0.1311,0.3361,0.3934,0.0574,0,0.0041,0.0779,0,0,0.5264
Advanced College of Cosmetology,34,0,1,0.8529,0,0.0882,0,0,0,0.0588,0,0,0.5
North American University,573,0.7243,0.2757,0.0593,0.3805,0.0908,0.0611,0,0,0.014,0.2688,0.1257,0.5143
United Beauty College,12,0.25,0.75,0.0833,0.5,0.1667,0.25,0,0,0,0,0,0.8462
Cinta Aveda Institute,95,0.3263,0.6737,0.2105,0.2,0.3684,0.1158,0.0105,0.0105,0.0842,0,0,0.5455
Long Island Nail Skin & Hair Institute,149,0.0067,0.9933,0.4228,0.2349,0.2685,0.0201,0.0134,0.0067,0.0336,0,0,0.3149
Keser Torah-Mayan Hatalmud,59,1,0,0.7966,0,0,0,0,0,0,0.2034,0,0.1887
Southern California Health Institute,69,0.3913,0.6087,0.0725,0.2319,0.4783,0.0725,0,0.0145,0,0,0.1304,0.9834
Best Care College,46,0.087,0.913,0,0.9565,0.0217,0.0217,0,0,0,0,0,0.529
First Class Cosmetology School,104,0.1058,0.8942,0.5962,0.1635,0.2308,0,0,0,0,0.0096,0,0.6953
Millennia Atlantic University,104,0.75,0.25,0.0481,0.0673,0.3365,0,0,0,0,0.5481,0,0.0714
Abcott Institute,166,0.1024,0.8976,0.0964,0.8976,0.006,0,0,0,0,0,0,0.7121
The Salon Professional Academy-Kenosha,95,0.0211,0.9789,0.3579,0.2421,0.3158,0,0,0.0105,0.0737,0,0,0.503
Paul Mitchell the School-Indianapolis,224,0.0179,0.9821,0.8214,0.0625,0.0848,0.0134,0,0,0.0134,0,0.0045,0.2892
Taylor Andrews Academy-St George,162,0.0123,0.9877,0.7654,0.0123,0.1173,0,0.0185,0,0.037,0,0.0494,0.3902
Protege Academy,68,0,1,0.6912,0.0882,0.1324,0,0.0147,0,0.0735,0,0,0.5
Colorado Academy of Veterinary Technology,25,0.12,0.88,0.68,0.08,0.12,0,0.08,0,0,0,0.04,0.475
Northeast Technical Institute,274,0.7956,0.2044,0.854,0.0766,0.0219,0.0036,0.0146,0,0.0255,0,0.0036,0.5619
Elite School of Cosmetology,179,0.0279,0.9721,0.6704,0.2011,0.0447,0.0782,0,0,0.0056,0,0,0.478
Paul Mitchell the School-Las Vegas,219,0.0685,0.9315,0.3881,0.0776,0.1644,0.0822,0.0091,0.0457,0.2329,0,0,0.5369
Summit Salon Academy-Kokomo,103,0.1068,0.8932,0.7379,0.1165,0.1262,0.0097,0,0.0097,0,0,0,0.5215
Florida Academy,408,0.402,0.598,0.3284,0.2304,0.3897,0.0049,0.0025,0,0.0441,0,0,0.4924
State Career College,140,0.0929,0.9071,0.0357,0.5714,0.35,0.0143,0,0,0.0214,0,0.0071,0.7584
Academy for Salon Professionals,140,0.0071,0.9929,0.2071,0.05,0.6643,0.0571,0,0.0071,0.0143,0,0,0.5048
Paul Mitchell the School-Spokane,195,0.2718,0.7282,0.7231,0.0872,0.0974,0.0103,0.0051,0.0154,0.0564,0,0.0051,0.5556
International College of Beauty Arts & Sciences,59,0.0508,0.9492,0.4915,0.1186,0.2881,0.0678,0.0169,0.0169,0,0,0,0.512
John Paul the Great Catholic University,297,0.5286,0.4714,0.3872,0.0135,0.3333,0.064,0.0101,0.0034,0.0673,0.0168,0.1044,0.38
University of Connecticut-Hartford Campus,1473,0.5309,0.4691,0.4196,0.1426,0.1819,0.1874,0,7e-4,0.0441,0.017,0.0068,0.458
Ottawa University-Surprise,768,0.638,0.362,0.4102,0.1016,0.349,0.013,0.0182,0.0104,0.0625,0.0352,0,0.3745
Chamberlain University-Missouri,328,0.0762,0.9238,0.5274,0.3598,0.0396,0.0244,0,0,0.0122,0,0.0366,0.4773
Chamberlain University-Texas,2416,0.1308,0.8692,0.1316,0.4123,0.2583,0.1502,0.0054,0.0046,0.0182,0.0029,0.0166,0.4952
Continental School of Beauty Culture-Mattydale,145,0.0207,0.9793,0.731,0.1517,0.0207,0.0138,0,0,0.0483,0,0.0345,0.6369
Paul Mitchell the School-Columbia,300,0.13,0.87,0.3933,0.5167,0.0367,0.0067,0,0.0033,0.0367,0,0.0067,0.5515
Paul Mitchell the School-Charleston,266,0.0226,0.9774,0.5188,0.3722,0.0489,0.0075,0.0113,0,0.0414,0,0,0.5753
Kenneth Shuler School of Cosmetology-Greenville,133,0.015,0.985,0.6316,0.3158,0.0376,0,0,0,0.0075,0,0.0075,0.6835
Northwest College-Eugene,119,0.1092,0.8908,0.6723,0.0504,0.1513,0.0252,0.0252,0.0252,0.0504,0,0,0.5118
Northwest College-Tualatin,28,0.0357,0.9643,0.5714,0,0.1429,0,0.0714,0,0.2143,0,0,0.4524
CET-Soledad,179,0.9609,0.0391,0.0112,0,0.9777,0,0,0.0056,0.0056,0,0,0.3304
UEI College-Oceanside,777,0.601,0.399,0.0746,0.0245,0.3308,0.018,0.0026,0.0103,0.0051,0,0.5341,0.679
Paul Mitchell the School-New Orleans,226,0.0133,0.9867,0.4381,0.3938,0.0531,0.031,0,0,0.0487,0,0.0354,0.7346
UEI College-Garden Grove,1093,0.5984,0.4016,0.0265,0.0091,0.236,0.0165,0.0055,0.0027,0.0027,0,0.7008,0.7486
New England Tractor Trailer Training School of Massachusetts,527,0.9355,0.0645,0.4061,0.167,0.3605,0.0076,0,0.0019,0.0095,0,0.0474,0.6716
Dewey University-Manati,255,0.2471,0.7529,0,0,1,0,0,0,0,0,0,0.8938
Allen School-Phoenix,11,0,1,0.0909,0.0909,0.7273,0,0.0909,0,0,0,0,0.8475
Oklahoma Technical College,120,0.9083,0.0917,0.4167,0.1333,0.1333,0.0333,0.2417,0.0083,0,0,0.0333,0.6653
Unitech Training Academy-Alexandria,82,0.0244,0.9756,0.4024,0.5732,0.0122,0,0,0,0,0,0.0122,0.7042
UEI College-Riverside,1447,0.5211,0.4789,0.0304,0.0553,0.3711,0.0062,0.0041,0.0035,0.0028,0,0.5266,0.7375
WellSpring School of Allied Health-Lawrence,36,0.25,0.75,0.6944,0.1389,0.0278,0,0,0,0.1389,0,0,0.5455
Manuel and Theresa's School of Hair Design-Victoria,17,0.0588,0.9412,0.2941,0.1176,0.5882,0,0,0,0,0,0,0.625
Tricoci University of Beauty Culture-Chicago NE,135,0.0741,0.9259,0.0889,0.4741,0.3481,0.0074,0,0,0.0519,0.0222,0.0074,0.5726
Los Angeles Pacific University,1453,0.192,0.808,0.2223,0.1521,0.4508,0.0723,0.0076,0.0138,0.0496,7e-4,0.031,0.4782
Avalon Institute-Phoenix,382,0.0314,0.9686,0.3298,0.0995,0.377,0.0366,0.0157,0,0.0864,0.0026,0.0524,0.6546
Avalon Institute-Layton,217,0.0046,0.9954,0.7097,0.0046,0.212,0.0092,0.0138,0.0046,0.0415,0,0.0046,0.526
Aveda Institute-Des Moines,179,0.0056,0.9944,0.4078,0.0223,0.0503,0,0,0.0168,0.0056,0,0.4972,0.315
Fortis Institute-Lawrenceville,305,0.4525,0.5475,0.0852,0.5639,0.0918,0.0098,0.0066,0,0.2295,0.0033,0.0098,0.7268
Relay Graduate School of Education,93,0.2688,0.7312,0.3441,0.3226,0.1398,0.1075,0,0,0,0.043,0.043,0
Miller-Motte College-Macon,206,0.0922,0.9078,0.0485,0.8883,0.0291,0,0,0,0.0243,0,0.0097,0.8386
South University-Savannah Online,6492,0.2368,0.7632,0.3455,0.4447,0.1263,0.0071,0.0123,0.0066,0.0343,8e-4,0.0223,0.7625
San Joaquin Valley College-Temecula,649,0.5408,0.4592,0.1556,0.0817,0.6456,0.0462,0.0169,0.0077,0.0185,0.0015,0.0262,0.5137
Whitworth University-Adult Degree Programs,170,0.3,0.7,0.7294,0.0235,0.1235,0.0176,0.0529,0.0176,0.0353,0,0,0.4689
Springfield College-Regional Online and Continuing Education,254,0.2047,0.7953,0.2362,0.3228,0.3425,0.0118,0.0118,0,0.0354,0.0039,0.0354,0.5621
Marian Health Careers Center-Van Nuys Campus,88,0.3182,0.6818,0.0455,0.0568,0.2273,0.625,0.0341,0,0,0.0114,0,0.287
Milan Institute-Las Vegas,214,0.0421,0.9579,0.1355,0.3645,0.3738,0.0234,0,0.014,0.0047,0,0.0841,0.7611
Catholic Distance University,95,0.4421,0.5579,0.4947,0.0211,0.3474,0.0316,0,0,0.0211,0.0421,0.0421,0.2
New York School of Esthetics & Day Spa,164,0,1,0.3598,0.1707,0.3902,0.0122,0.0061,0,0.0244,0,0.0366,0.5455
Finger Lakes Health College of Nursing & Health Sciences,65,0,1,0.4923,0.4615,0.0154,0.0308,0,0,0,0,0,0.4184
ASI Career Institute,33,0.0909,0.9091,0.5152,0.303,0.1818,0,0,0,0,0,0,0.4211
Christine Valmy International School of Esthetics & Cosmetology,247,0.0202,0.9798,0.2834,0.1498,0.4372,0.0202,0,0,0.0081,0.0769,0.0243,0.3389
Paul Mitchell the School-Arlington,265,0.1623,0.8377,0.2792,0.2038,0.2038,0.0075,0.0151,0.0038,0.0264,0,0.2604,0.5253
Paul Mitchell the School-Fort Myers,108,0.1204,0.8796,0.713,0.0741,0.1204,0,0,0,0.0926,0,0,0.3636
Paul Mitchell the School-Raleigh,133,0.0677,0.9323,0.4361,0.4511,0.0451,0.015,0.0226,0.0075,0.015,0.0075,0,0.5024
CUNY Stella and Charles Guttman Community College,1054,0.574,0.426,0.0446,0.3036,0.537,0.0588,9e-4,0,0.0256,0.0294,0,0.6318
Lil Lou's Beauty and Barber College,40,0.35,0.65,0.05,0.9,0,0,0,0,0.05,0,0,0.7833
Criswell College,118,0.5508,0.4492,0.5932,0.1271,0.1864,0.0254,0,0,0.0339,0.0339,0,0.3443
Beverly Hills Design Institute,14,0.4286,0.5714,0.1429,0.5,0.2143,0,0,0,0.0714,0.0714,0,0.5
Reflections Academy of Beauty,29,0,1,0.1724,0.5862,0.0345,0,0,0,0.2069,0,0,0.7021
UCAS University of Cosmetology Arts & Sciences-La Joya,52,0,1,0,0,1,0,0,0,0,0,0,1
Annenberg School of Nursing,24,0.2917,0.7083,0.2083,0.0417,0.5417,0.125,0,0,0,0.0833,0,0.4762
American Medical Academy,303,0.7954,0.2046,0.0594,0.0297,0.8878,0,0,0,0.0099,0,0.0132,0.1027
Tooele Technical College,313,0.5495,0.4505,0.6741,0.0192,0.2428,0.0064,0.0192,0.0192,0.0192,0,0,0.0823
Chamberlain University-Georgia,1588,0.0945,0.9055,0.1492,0.6354,0.1045,0.0554,0.0094,0.0013,0.017,0.0031,0.0246,0.4828
Chamberlain University-Indiana,177,0.0904,0.9096,0.5028,0.3503,0.0678,0.0395,0.0056,0.0056,0.0169,0.0056,0.0056,0.4851
Sessions College for Professional Design,152,0.2961,0.7039,0.5526,0.1842,0.0987,0.0132,0,0.0066,0.0789,0,0.0658,0.3312
Tulsa Welding School-Jacksonville,394,0.9365,0.0635,0.2792,0.5076,0.1701,0.0228,0.0127,0.0051,0,0,0.0025,0.5926
Empire Beauty School-Virginia Beach,169,0.0355,0.9645,0.1953,0.6391,0.0592,0.0059,0.0059,0,0.0414,0,0.0533,0.5223
Ross Medical Education Center-Morgantown,16,0.125,0.875,0.375,0,0,0,0,0,0,0,0.625,0.8478
Miami Ad School-New York,32,0.4063,0.5938,0.5625,0.0313,0.125,0.0938,0,0,0.0938,0.0625,0.0313,0
Larry's Barber College,81,0.8025,0.1975,0.0123,0.8642,0.1235,0,0,0,0,0,0,0.9194
Futura Career Institute,478,0.7176,0.2824,0.0021,0,0.9749,0,0.0042,0.0021,0,0.0167,0,0.9142
Vogue College of Cosmetology-San Antonio Fredericksburg,122,0.0246,0.9754,0.0738,0.1557,0.7213,0.0082,0,0,0.041,0,0,0.8118
Vogue College of Cosmetology,136,0.0368,0.9632,0.0441,0.0956,0.8162,0.0074,0.0074,0,0.0074,0.0074,0.0147,0.6455
Tomorrow's Image Barber And Beauty Academy of Virginia,18,0.8333,0.1667,0,0.8889,0.1111,0,0,0,0,0,0,0.8148
Medical Allied Career Center,64,0.1719,0.8281,0,0.0625,0.7656,0.1719,0,0,0,0,0,0.7027
Bais HaMedrash and Mesivta of Baltimore,91,1,0,1,0,0,0,0,0,0,0,0,0.4651
Barber & Beauty Institute of New York,28,0.7143,0.2857,0.1786,0.5357,0.25,0,0,0,0.0357,0,0,0.5735
Salon Institute-Toledo Campus,152,0.0395,0.9605,0.8289,0.0526,0.0724,0.0132,0,0,0.0329,0,0,0.4239
Athena Career Academy,395,0.0557,0.9443,0.1013,0.838,0.0177,0.0127,0.0051,0,0.0253,0,0,0.6391
Yeshiva Gedolah Zichron Leyma,47,1,0,0.8723,0,0,0,0,0,0,0.1277,0,0.45
The Barber School,145,0.7448,0.2552,0.3379,0.1103,0.3034,0.0276,0.0069,0.0345,0.0897,0.0069,0.0828,0.5355
Be'er Yaakov Talmudic Seminary,679,1,0,1,0,0,0,0,0,0,0,0,0.8934
Rio Grande Valley College,818,0.1785,0.8215,0.0024,0.0024,0.989,0.0037,0,0,0.0012,0,0.0012,0.4785
Alexander Academy,30,0.4333,0.5667,0.4333,0.1333,0.4,0.0333,0,0,0,0,0,0.7442
Aveda Institute-Tucson,264,0.0152,0.9848,0.3144,0.0303,0.5,0.0114,0,0.0076,0.1061,0,0.0303,0.2699
Diamond Beauty College,73,0.0548,0.9452,0.0411,0.0411,0.2055,0.7123,0,0,0,0,0,0.4422
Unitek College,255,0.2,0.8,0.0235,0.0235,0.2118,0.3569,0.0078,0.0196,0,0,0.3569,0.5108
University Academy of Hair Design,38,0,1,0.5263,0.3684,0.1053,0,0,0,0,0,0,0.625
Florida Institute of Recording Sound and Technology,413,0.6877,0.3123,0.2736,0.3608,0.2736,0.0121,0,0,0.0412,0,0.0387,0.633
Paul Mitchell the School-Reno,212,0.1274,0.8726,0.5283,0.0236,0.3585,0.0094,0.0142,0.0094,0.0236,0.0047,0.0283,0.436
Boise Barber College,82,0.7683,0.2317,0.3049,0.0732,0.4878,0.0122,0,0.0488,0.0732,0,0,0.5108
Austin Kade Academy,116,0.0776,0.9224,0.8362,0.0172,0.1379,0,0,0,0,0,0.0086,0.6842
Aesthetic Science Institute,157,0.0127,0.9873,0.5159,0.4586,0.0255,0,0,0,0,0,0,0.4008
Elaine Sterling Institute,653,0.0245,0.9755,0.0766,0.8208,0.0689,0.0061,0,0.0015,0.0184,0.0015,0.0061,0.5621
Wade Gordon Hairdressing Academy,134,0.3806,0.6194,0.3358,0.0896,0.4776,0.0149,0.0075,0,0.0373,0.0075,0.0299,0.7107
Mitsu Sato Hair Academy,97,0,1,0.3402,0.3505,0.2268,0.0103,0.0103,0,0.0412,0,0.0206,0.587
FVI School of Nursing and Technology,553,0.1049,0.8951,0.0344,0.1953,0.7667,0,0,0,0,0,0.0036,0.7199
Colorado State University Global,6202,0.4829,0.5171,0.5561,0.0963,0.1866,0.0439,0,0.0019,0.0169,0.01,0.0884,0.2427
Paul Mitchell the School-Overland Park,189,0.037,0.963,0.6243,0.1481,0.0582,0.0053,0,0,0.164,0,0,0.4535
Medspa Academies,263,0.0038,0.9962,0.7034,0.0076,0.1977,0.0266,0.0076,0.0038,0.0304,0,0.0228,0.2897
Brighton Institute of Cosmetology,44,0.0227,0.9773,0.8864,0,0,0.0455,0,0,0,0,0.0682,0.0164
West Coast University-Dallas,1014,0.1223,0.8777,0.1903,0.3156,0.2821,0.1262,0.002,0.001,0.0572,0.0197,0.0059,0.52
Evangel University-James River Assembly of God Church,98,0.4388,0.5612,0.7959,0.0306,0.0408,0.0102,0.0102,0,0.0408,0,0.0714,0.3918
Empire Beauty School-Savannah,137,0.0511,0.9489,0.1314,0.6788,0.0657,0.0073,0,0,0.0511,0,0.0657,0.4876
Ogle School Hair Skin Nails-Denton,198,0.0202,0.9798,0.4596,0.1616,0.2374,0.0152,0.0253,0.0152,0.0808,0,0.0051,0.5661
Empire Beauty School-West Greensboro,124,0.0081,0.9919,0.1129,0.8065,0.0323,0.0081,0,0,0.0323,0,0.0081,0.5745
Hays Academy of Hair Design,49,0.0204,0.9796,0.7959,0.0204,0.1633,0,0,0,0.0204,0,0,0.4625
Bellus Academy,223,0.0673,0.9327,0.6592,0.0897,0.1659,0.009,0.0314,0,0.0448,0,0,0.4444
MotoRing Technical Training Institute,143,0.958,0.042,0.5874,0.1049,0.2238,0.035,0,0,0.042,0,0.007,0.3382
Unitek College,326,0.1196,0.8804,0.0276,0.1288,0.2546,0.273,0,0.0215,0.0031,0,0.2914,0.4442
Pennsylvania State University-World Campus,7554,0.4688,0.5312,0.6426,0.0811,0.1217,0.0548,0.0028,0.002,0.0471,0.0258,0.0221,0.2967
Medical Career Institute,162,0.0802,0.9198,0.5864,0.1852,0.1173,0,0,0,0.0062,0.0123,0.0926,0.4237
Advance Beauty Techs Academy,85,0.2706,0.7294,0.1176,0.0941,0.7176,0.0471,0.0118,0,0,0,0.0118,0.6527
Elevate Salon Institute-Westminster,115,0.1652,0.8348,0.4261,0.0348,0.3913,0.0435,0,0,0.0696,0,0.0348,0.5482
Brand College,12,0.8333,0.1667,0.1667,0,0.5,0.1667,0,0.1667,0,0,0,0
Hinton Barber and Beauty College,62,0.7097,0.2903,0.1129,0.1935,0.5645,0.0323,0,0.0161,0,0,0.0806,0.8226
Advanced Career Institute,780,0.8936,0.1064,0.1987,0.1103,0.6487,0.0244,0.0026,0.0038,0.0026,0.0013,0.0077,0.2127
Digital Film Academy,60,0.8833,0.1167,0.2,0.2833,0.2833,0.0167,0,0,0.0333,0.1833,0,0.1885
MyComputerCareer at Raleigh,1617,0.7508,0.2492,0.2517,0.5356,0.1317,0.0148,0.0056,0.0019,0.047,0,0.0118,0.7063
South University-Austin,243,0.1646,0.8354,0.2387,0.3251,0.321,0.037,0,0.0123,0.0247,0.0288,0.0123,0.5382
Bryant & Stratton College-Online,7847,0.0875,0.9125,0.456,0.3944,0.0661,0.0052,0.0085,0.0025,0.054,1e-4,0.013,0.7524
Ogle School Hair Skin Nails-San Antonio,438,0.0274,0.9726,0.1689,0.1484,0.6027,0.0091,0.0046,0.0046,0.0434,0,0.0183,0.6564
Ideal Beauty Academy,7,0.1429,0.8571,0.4286,0.4286,0,0.1429,0,0,0,0,0,0.5806
Warner Pacific University Professional and Graduate Studies,161,0.3292,0.6708,0.3354,0.2547,0.2298,0.0435,0.0373,0.0186,0.0373,0,0.0435,0.29
Platt College-Riverside,416,0.1514,0.8486,0.137,0.0529,0.7188,0.0168,0.0096,0.0048,0.0457,0,0.0144,0.6996
Empire Beauty School-Glen Burnie,73,0.0137,0.9863,0.137,0.7534,0.0822,0.0137,0,0.0137,0,0,0,0.5931
UEI College-Stockton,823,0.4678,0.5322,0.0279,0.0437,0.2479,0.0146,0.0012,0.0036,0.0073,0,0.6537,0.7096
Ross Medical Education Center-Dayton,106,0.0566,0.9434,0.1226,0.2453,0.0094,0,0.0094,0.0189,0.0566,0.0094,0.5283,0.8889
Ross Medical Education Center-Ontario,37,0.027,0.973,0.4324,0.0811,0,0,0,0,0.027,0,0.4595,0.9016
Ross Medical Education Center-Bowling Green,66,0.0606,0.9394,0.2273,0.1364,0.0606,0,0,0,0.0455,0,0.5303,0.8941
Florida Institute of Technology-Online,628,0.3838,0.6162,0.4618,0.1736,0.2134,0.0287,0.0048,0.0064,0.0223,0.0207,0.0685,0.4852
Rasmussen University-Kansas,333,0.1051,0.8949,0.4865,0.2432,0.1021,0.03,0.012,0,0.03,0,0.0961,0.5712
School of Missionary Aviation Technology,36,0.9167,0.0833,0.75,0.0833,0.0278,0,0,0,0.1111,0,0.0278,0.3529
California Miramar University,105,0.9143,0.0857,0,0.2476,0.2667,0.0095,0.019,0.019,0.0381,0.2857,0.1143,0.4646
The College of Health Care Professions-Dallas,633,0.0948,0.9052,0.09,0.2938,0.5118,0.0142,0.0016,0.0016,0.0427,0,0.0442,0.6803
The College of Health Care Professions-Fort Worth,1025,0.0907,0.9093,0.1834,0.1463,0.3805,0.0176,0.0059,0.0068,0.0156,0.0078,0.2361,0.6405
Shear Finesse Beauty Academy,31,0.6774,0.3226,0.129,0.7742,0.0645,0,0,0.0323,0,0,0,0.898
Miami Media School,37,0.6486,0.3514,0.0811,0.2973,0.6216,0,0,0,0,0,0,0.6753
Academy of Salon Professionals,46,0.087,0.913,0.8913,0.0217,0.0435,0,0,0,0,0,0.0435,0.4894
CyberTex Institute of Technology,195,0.4359,0.5641,0.2615,0.359,0.3436,0.0359,0,0,0,0,0,0.7678
New England Tractor Trailer Training School of CT-Bridgeport,517,0.8897,0.1103,0.1238,0.5048,0.352,0.0039,0,0,0.0058,0.0039,0.0058,0.7624
Designer Barber & Stylist School,91,0.8022,0.1978,0.2637,0.2308,0.3626,0.033,0.011,0.033,0.0659,0,0,0.4718
College of the Muscogee Nation,230,0.3652,0.6348,0.0348,0,0.0435,0,0.7435,0,0.1783,0,0,0.3492
The Salon Professional Academy-Huntsville,56,0.0536,0.9464,0.8393,0.0893,0.0357,0,0,0,0.0357,0,0,0.4805
Midwives College of Utah,253,0,1,0.5731,0.1779,0.0988,0.0079,0.0198,0.004,0.0435,0.004,0.0711,0.5161
Aspen Beauty Academy of Laurel,118,0.0254,0.9746,0.0763,0.661,0.1271,0.0339,0,0,0.0678,0.0254,0.0085,0.5799
M T Training Center,261,0.8084,0.1916,0.1762,0.5211,0.2452,0.0153,0,0.0038,0.0383,0,0,0.3528
Berks Career & Technology Center,47,0.7021,0.2979,0.8085,0.0426,0.1064,0,0.0213,0,0.0213,0,0,0.26
Carthage R9 School District-Carthage Technical Center,17,0,1,0.8235,0,0,0,0,0,0.1765,0,0,0.9429
Grace Mission University,72,0.3889,0.6111,0,0,0,0.4583,0,0,0,0.5417,0,0.19
World A Cuts Barber Institute,30,0.7333,0.2667,0.1333,0.5333,0.3333,0,0,0,0,0,0,1
Verve College,257,0.0389,0.9611,0.0311,0.8366,0.0934,0.0389,0,0,0,0,0,0.5896
Top Nails & Hair Beauty School,104,0.2212,0.7788,0.0288,0,0.2019,0.7596,0,0.0096,0,0,0,0.0242
Santa Ana Beauty College,74,0.1757,0.8243,0.0135,0.0135,0.6351,0.2838,0.0135,0,0.0135,0,0.027,0.6183
Shepherds College,91,0.5275,0.4725,0.7033,0.044,0.0659,0.0549,0.011,0,0.033,0,0.0879,0.4535
Woodruff Medical and Wellness Training,71,0.0563,0.9437,0.0423,0.8169,0.0563,0.0563,0,0,0.0141,0,0.0141,0.6391
Helms College,150,0.42,0.58,0.26,0.6933,0.02,0.0067,0,0,0.02,0,0,0.4412
Ukiah Adult School,0,0,0,0,0,0,0,0,0,0,0,0,0.375
Riverside County Office of Education-School of Career Education,108,0.1389,0.8611,0.037,0.1111,0.6852,0.0093,0,0,0.0093,0,0.1481,0.6695
Institute of Health Sciences,176,0.1648,0.8352,0.4261,0.3807,0.125,0.0398,0.017,0.0114,0,0,0,0.4962
Mid-South Christian College,23,0.4783,0.5217,0.1304,0.2609,0.3043,0,0,0,0,0.3043,0,0.3529
New York Institute of Beauty,241,0.0083,0.9917,0.5726,0.0498,0.2822,0.0249,0.0083,0,0.0124,0.0166,0.0332,0.3213
Ultrasound Medical Institute,110,0.0818,0.9182,0.1091,0.6636,0.2091,0,0,0,0.0182,0,0,0.5
Xavier College School of Nursing,87,0.1839,0.8161,0.2414,0.0575,0.2759,0.2644,0,0.1264,0.0345,0,0,0.4539
Lawrence & Company College of Cosmetology,34,0,1,0.2059,0.0294,0.6765,0.0294,0.0294,0.0294,0,0,0,0.4167
Kaizen Beauty Academy,86,0.0233,0.9767,0.1047,0.3953,0.4419,0.0581,0,0,0,0,0,0.3784
Sharp Edgez Barber Institute,63,0.7619,0.2381,0.1111,0.4444,0.381,0,0,0,0.0476,0,0.0159,0.7005
The Salon Professional Academy-Nashville,34,0,1,1,0,0,0,0,0,0,0,0,0.3137
Prestige Health & Beauty Sciences Academy,41,0.0244,0.9756,0.878,0,0.0732,0.0488,0,0,0,0,0,0.0325
California Career Institute,517,0.1219,0.8781,0.0619,0.265,0.4932,0.1103,0.0058,0,0.0522,0,0.0116,0.6007
Grace School of Theology,215,0.6186,0.3814,0.0884,0.0558,0.0465,0,0,0.0047,0,0,0.8047,0.1196
Yeshiva Gedolah Kesser Torah,82,1,0,0.9756,0,0,0,0,0,0,0.0244,0,0.3797
Universal Training Institute,133,0.1203,0.8797,0.0301,0.8947,0.0602,0.015,0,0,0,0,0,0.5765
Yeshiva Yesodei Hatorah,72,1,0,0.9444,0,0,0,0,0,0,0.0556,0,0.3881
Center for the Healing Arts,36,0.1111,0.8889,0.4444,0.3611,0.1111,0,0,0,0.0556,0,0.0278,0.3273
Bonnie Joseph Academy of Cosmetology & Barbering,15,0.2667,0.7333,0.5333,0,0.4667,0,0,0,0,0,0,0.2963
Healthcare Training Institute,124,0.0242,0.9758,0.0081,0.9516,0.0323,0,0,0,0,0,0.0081,0.551
J D Academy of Salon and Spa,106,0,1,0.5283,0.0283,0.1038,0.0943,0.0755,0.0189,0.1509,0,0,0.2727
Boca Beauty Academy,211,0.0379,0.9621,0.3507,0.237,0.2464,0.019,0.0095,0.0047,0.0521,0,0.0806,0.7258
City Pointe Beauty Academy,102,0.0588,0.9412,0.8039,0.0294,0.0588,0,0.0196,0,0.0882,0,0,0.4497
The Chrysm Institute of Esthetics,255,0.0078,0.9922,0.3294,0.4353,0.0824,0.0353,0,0,0.1137,0,0.0039,0.4581
Belle Academy of Cosmetology LLC,12,0.5,0.5,0.4167,0.0833,0.5,0,0,0,0,0,0,0.25
Empire Beauty School-Augusta,88,0.0568,0.9432,0.1932,0.7386,0.0114,0,0,0,0.0341,0,0.0227,0.6484
South University-High Point,70,0.0143,0.9857,0.2143,0.6429,0.0429,0.0143,0.0286,0,0.0286,0,0.0286,0.5532
Empire Beauty School-Vernon Hills,57,0.0175,0.9825,0.1754,0.3158,0.4035,0.0351,0,0,0.0351,0,0.0351,0.4588
Empire Beauty School-Stone Park,118,0.0339,0.9661,0.0254,0.6441,0.2373,0.0085,0.0085,0,0.0508,0,0.0254,0.6142
San Joaquin Valley College-Lancaster,239,0.3515,0.6485,0.0795,0.2134,0.6318,0.0167,0.0042,0.0209,0.0084,0,0.0251,0.6025
Empire Beauty School-Rochester,83,0.012,0.988,0.3855,0.2651,0.2048,0.0361,0,0,0.0602,0,0.0482,0.5152
Ross Medical Education Center-Kokomo,51,0.0392,0.9608,0.3725,0.1176,0.0392,0,0,0,0.0196,0.0196,0.4314,0.8381
Ross Medical Education Center-Erlanger,67,0.0597,0.9403,0.209,0.0299,0.0448,0,0,0,0.1194,0.0149,0.5821,0.7292
Ross Medical Education Center-Charleston,36,0.0278,0.9722,0.3333,0.0556,0.0278,0,0,0,0.0556,0,0.5278,0.8701
InterCoast Colleges-Fairfield,139,0.9424,0.0576,0.1079,0.1367,0.5252,0.0863,0.0072,0.0288,0.1079,0,0,0.4549
Southern Careers Institute-San Antonio,939,0.7487,0.2513,0.2386,0.1416,0.5144,0.0128,0.0053,0.0032,0.0341,0,0.0501,0.6519
Milan Institute-Merced,308,0.1331,0.8669,0.1169,0.0649,0.7305,0.0325,0.013,0.0032,0.026,0,0.013,0.6524
Midwest Technical Institute-Missouri,335,0.603,0.397,0.791,0.0985,0.0448,0.003,0.003,0,0.0537,0,0.006,0.6035
Augusta University,5282,0.3593,0.6407,0.4593,0.2639,0.1024,0.0846,0.0023,0.0015,0.0594,0.0136,0.0129,0.3838
Middle Georgia State University,6655,0.4583,0.5417,0.5025,0.3243,0.0781,0.0295,0.0018,8e-4,0.0425,0.017,0.0036,0.4092
Trenz Beauty Academy,73,0.0274,0.9726,0,0.9589,0.0274,0,0,0,0,0,0.0137,0.1746
Paul Mitchell the School-Denver,231,0.0216,0.9784,0.329,0.0519,0.1515,0.0173,0.0087,0.0043,0.0173,0,0.4199,0.4574
Academy of Interactive Entertainment,76,0.7763,0.2237,0.5132,0.0921,0.0658,0.0395,0.0132,0,0.1579,0,0.1184,0.4915
Arrojo Cosmetology School,107,0.1495,0.8505,0.4953,0.2056,0.2243,0.0467,0,0,0.0187,0,0.0093,0.1652
Cosmetology Academy of Texarkana,55,0.1455,0.8545,0.6545,0.2364,0.0727,0,0,0,0.0364,0,0,0.6981
Veritas Baptist College,114,0.6053,0.3947,0.8509,0.0175,0.0526,0.0614,0,0,0.0175,0,0,0.3333
Lynnes Welding Training,36,0.7778,0.2222,0.8333,0.0278,0.0556,0.0556,0,0,0,0,0.0278,0.1224
Aviation Institute of Maintenance-Las Vegas,332,0.9127,0.0873,0.2711,0.2139,0.241,0.1386,0.003,0.0542,0.0783,0,0,0.6293
UEI College-Bakersfield,1385,0.5401,0.4599,0.0238,0.0166,0.2014,0.0043,0.0022,7e-4,0.0036,0,0.7473,0.7834
DeVry College of New York,175,0.5657,0.4343,0.1143,0.3143,0.28,0.0686,0.0057,0,0.0229,0.0914,0.1029,0.5579
DeVry University-Arizona,22,0.7727,0.2273,0.3636,0.2273,0.3182,0.0455,0,0,0,0.0455,0,0.5167
DeVry University-California,2081,0.5411,0.4589,0.2494,0.1547,0.37,0.0932,0.0067,0.024,0.0317,0.0034,0.0668,0.5357
DeVry University-Florida,188,0.4202,0.5798,0.2926,0.3191,0.2979,0.0053,0.0106,0.0053,0.0213,0.0053,0.0426,0.5267
DeVry University-Georgia,472,0.3983,0.6017,0.1822,0.661,0.0614,0.0085,0.0042,0,0.0191,0.0127,0.0508,0.611
DeVry University-Illinois,25975,0.3346,0.6654,0.4002,0.3158,0.1536,0.0206,0.0076,0.004,0.029,0.0021,0.0671,0.6524
DeVry University-Nevada,4,0.5,0.5,0.25,0.25,0.5,0,0,0,0,0,0,0.3
DeVry University-New Jersey,68,0.4706,0.5294,0.25,0.3529,0.2206,0.0735,0,0,0,0.0294,0.0735,0.6023
DeVry University-Ohio,218,0.3945,0.6055,0.5505,0.2936,0.0367,0.0138,0,0,0.0275,0.0092,0.0688,0.5459
DeVry University-Texas,26,0.6923,0.3077,0.4231,0.1923,0.2308,0,0,0,0.0385,0.1154,0,0.369
DeVry University-Virginia,25,0.56,0.44,0.12,0.64,0.04,0,0,0,0.04,0.12,0.04,0.4237
University of North Georgia,15542,0.4435,0.5565,0.7015,0.0358,0.1684,0.0337,0.0015,8e-4,0.0351,0.0097,0.0135,0.2769
South Georgia State College,1553,0.3232,0.6768,0.5744,0.2511,0.1185,0.0026,0.0032,0.0013,0.0251,0.0058,0.018,0.5223
Northeastern University Professional Programs,1674,0.411,0.589,0.3429,0.1362,0.1159,0.0842,0.0012,0.0012,0.0335,0.2312,0.0538,0.0428
Florida Polytechnic University,1556,0.8104,0.1896,0.5578,0.0559,0.2519,0.0559,0.0019,0.0013,0.054,0.0122,0.009,0.3305
American Institute-Toms River,463,0.2549,0.7451,0.4212,0.2657,0.2462,0.0108,0.0022,0.0022,0.0475,0,0.0043,0.7758
Alamo City Barber College,180,0.7778,0.2222,0.05,0.1333,0.7722,0.0056,0.0056,0,0.0333,0,0,0.7472
Arizona College-Mesa,133,0.0977,0.9023,0.2105,0.203,0.406,0.015,0.0902,0.0075,0.0677,0,0,0.8372
American College of Healthcare and Technology,155,0.1806,0.8194,0,0.0581,0.9032,0.0129,0,0,0.0065,0,0.0194,0.8835
Antioch College,127,0.3701,0.6299,0.4961,0.126,0.1654,0.0472,0.0157,0.0157,0.0472,0,0.0866,0.748
Texas A&M University-Central Texas,1698,0.404,0.596,0.3634,0.2261,0.30620000000000003,0.0453,0.0047,0.0082,0.0241,0.0018,0.02,0.4847
Central Georgia Technical College,5602,0.3565,0.6435,0.367,0.512,0.0602,0.0118,0.0034,4e-4,0.0407,0.0034,0.0012,0.3037
Barber School of Pittsburgh,78,0.8974,0.1026,0.4744,0.3718,0.0256,0.0256,0,0,0.0385,0,0.0641,0.6552
Innovate Salon Academy,247,0.1741,0.8259,0.2267,0.1619,0.5344,0.0405,0,0,0.0324,0,0.004,0.4853
Arizona State University Digital Immersion,49000,0.3722,0.6278,0.518,0.0755,0.2373,0.0483,0.0094,0.0032,0.0486,0.0016,0.058,0.3789
Louisiana Delta Community College,2933,0.3464,0.6536,0.4787,0.4361,0.0348,0.0065,0.0034,0.0017,0.0252,0,0.0136,0.5251
The Fab School,164,0.9756,0.0244,0.4939,0.0305,0.3293,0.0427,0.0183,0.0061,0.0732,0,0.0061,0.2996
Networks Barber College,50,0.84,0.16,0,0.98,0.02,0,0,0,0,0,0,0.764
JB's Hair Design and Barber College,63,0.7302,0.2698,0.127,0.6984,0.1587,0,0.0159,0,0,0,0,0.5175
Paul Mitchell the School-Lombard,73,0.0548,0.9452,0.589,0.137,0.2192,0.0274,0.0137,0,0.0137,0,0,0.3459
Paul Mitchell the School-Greenville,147,0.0408,0.9592,0.7347,0.1769,0.0408,0.0136,0.0136,0,0.0204,0,0,0.5812
Barber and Beauty Academy of Pennsylvania,44,0.1591,0.8409,0.25,0.3182,0.1591,0.1136,0,0.0227,0.1136,0.0227,0,0.1037
Delta College of Arts & Technology-Lafayette Campus,183,0.0492,0.9508,0.2623,0.6667,0.0273,0.0109,0,0,0.0328,0,0,0.6741
Delta College-Slidell Campus,135,0.0519,0.9481,0.2296,0.7111,0,0.0148,0.0074,0,0.037,0,0,0.7065
Integrity College of Health,158,0.0506,0.9494,0.0443,0,0.8038,0.1013,0.0316,0.0063,0,0,0.0127,0.4889
Electrical and HVAC/R Training Center,236,0.9788,0.0212,0.3729,0.1653,0.3686,0.0297,0.0085,0.0042,0.0169,0,0.0339,0.5178
Alexander Paul Institute of Hair Design,37,0.027,0.973,0.7297,0.1622,0.027,0,0.027,0,0.0541,0,0,0.5821
More Tech Institute,72,0.0972,0.9028,0,0,1,0,0,0,0,0,0,0.9355
Dorsey College-Dearborn,450,0.3333,0.6667,0.1311,0.5844,0.1022,0,0.0022,0.0022,0.0489,0.0022,0.1267,0.8357
Neecee's Barber College,33,0.6061,0.3939,0.0909,0.3333,0.4848,0,0,0,0.0909,0,0,0.6604
Bella Cosmetology and Barber College,71,0.1268,0.8732,0.6056,0.2113,0.1549,0.0141,0,0,0,0,0.0141,0.5135
Franklin Hair Academy School of Cosmetology,75,0.0667,0.9333,0.6667,0.1333,0.0267,0.0533,0,0,0.0933,0,0.0267,0.5167
Ana G. Mendez University,4897,0.2414,0.7586,0.0243,0.0012,0.6769,0,2e-4,0,0.0012,0.0186,0.2775,0.455
Ohio Institute of Allied Health,39,0.0513,0.9487,0.3846,0.4872,0,0,0,0,0.1026,0,0.0256,0.746
Access Careers,408,0.1373,0.8627,0.053900000000000003,0.576,0.2525,0.0662,0.0074,0,0.0147,0.0025,0.027,0.0265
Luckes Beauty Academy LLC,21,0,1,0.1429,0.8095,0.0476,0,0,0,0,0,0,0.7273
Total Transformation Institute of Cosmetology,94,0.0319,0.9681,0.3298,0.0638,0.5426,0.0106,0,0,0,0,0.0532,0.5736
Vibe Barber College,63,0.8095,0.1905,0.0317,0.7778,0.0794,0,0,0,0.0476,0,0.0635,0.6452
Champ's Barber School,45,0.8222,0.1778,0.1556,0.3556,0.4444,0,0,0,0.0222,0,0.0222,0.7294
Washington University of Science and Technology,302,0.649,0.351,0,0,0,0.0066,0,0,0,0.8444,0.149,0
East-West Healing Arts Institute,44,0.3182,0.6818,0.7727,0.1136,0.0909,0.0227,0,0,0,0,0,0.3889
Standard Healthcare Services-College of Nursing,719,0.0904,0.9096,0.0278,0.8275,0.0584,0.0529,0.0028,0.0028,0.0264,0,0.0014,0.5
Philadelphia Technician Training,492,0.7093,0.2907,0.0244,0.8923,0.0711,0.002,0,0,0,0,0.0102,0.8475
Grace International Beauty School,15,0.2,0.8,0,0,0.0667,0.9333,0,0,0,0,0,0.5528
Alliance Computing Solutions,4,0.25,0.75,0.25,0.25,0,0.5,0,0,0,0,0,0.25
InterAmerican Technical Institute,606,0.3119,0.6881,0,0,1,0,0,0,0,0,0,0.985
Bay Area Medical Academy,159,0.1132,0.8868,0.0252,0.3082,0.3774,0.1195,0.0252,0.0252,0.044,0.044,0.0314,0.6183
Mind Body Institute,36,0.2222,0.7778,0.5556,0.4167,0.0278,0,0,0,0,0,0,0.3906
Parisian Spa Institute,198,0.0556,0.9444,0.399,0.4646,0.1061,0.0152,0,0,0.0152,0,0,0.2895
Creative Touch Cosmetology School,21,0,1,0.8095,0,0.0952,0,0,0,0.0952,0,0,0.6207
LaBarberia Institute of Hair,213,0.5775,0.4225,0.1033,0.8216,0.0563,0,0,0,0.0188,0,0,0.4305
Bos-Man's Barber College,54,0.9259,0.0741,0,0.9815,0.0185,0,0,0,0,0,0,1
Lawrence & Company College of Cosmetology,38,0.1316,0.8684,0.0526,0.0263,0.9211,0,0,0,0,0,0,0.2836
High Desert Medical College,1721,0.0802,0.9198,0.147,0.122,0.5822,0.0383,0.0139,0.0046,0.0314,0.0012,0.0593,0.5547
Paul Mitchell the School-Schenectady,93,0.1613,0.8387,0.7312,0.0645,0.0645,0.0108,0,0,0.1075,0,0.0215,0.4916
Beyond Measure Barbering Institute,49,0.7143,0.2857,0.0816,0.7755,0.0816,0.0612,0,0,0,0,0,0.9718
Barber Institute of Texas,16,0.8125,0.1875,0.0625,0.5,0.375,0,0,0,0.0625,0,0,0.5963
Jupiter Beauty Academy,207,0.029,0.971,0.0725,0.2174,0.1643,0.4879,0.0242,0.0145,0,0,0.0193,0.2548
MedQuest College,273,0.0513,0.9487,0.5018,0.3516,0.0916,0.0183,0.0037,0,0.0293,0,0.0037,0.439
First Coast Barber Academy,50,0.64,0.36,0.08,0.62,0.2,0.04,0,0,0.06,0,0,1
Debutantes School of Cosmetology and Nail Technology,65,0,1,0.6308,0.0923,0.1692,0.0154,0,0,0.0923,0,0,0.25
Paul Mitchell the School-Farmington Hills,105,0.019,0.981,0.4667,0.4286,0.0476,0.0095,0,0.0095,0.0286,0,0.0095,0.414
Paul Mitchell the School-Merrillville,70,0.0286,0.9714,0.4714,0.0714,0,0,0,0,0,0,0.4571,0.375
TIGI Hairdressing Academy Newtown,96,0.125,0.875,0.7188,0,0.2292,0.0521,0,0,0,0,0,0.3576
Yahweh Beauty Academy,42,0.2143,0.7857,0.0238,0.7619,0.2143,0,0,0,0,0,0,0.4603
Arizona School of Integrative Studies,161,0.2609,0.7391,0.4969,0.1056,0.2795,0.0062,0.0435,0.0062,0.0621,0,0,0.5355
Lee Professional Institute,35,0.2286,0.7714,0,0,1,0,0,0,0,0,0,0.954
Park Place Premier Barber School,22,0.5909,0.4091,0.1364,0.8636,0,0,0,0,0,0,0,0.8387
The Salon Professional Academy-San Jose,231,0.0173,0.9827,0.2814,0.0346,0.4848,0.1039,0.0303,0,0.0563,0,0.0087,0.4472
Tri-Community Adult Education,217,0.5576,0.4424,0.3134,0.1244,0.4839,0.0461,0,0,0.0323,0,0,0.1366
Ross Medical Education Center-Owensboro,29,0.0345,0.9655,0.2759,0.1034,0.1034,0,0,0,0.0345,0,0.4828,0.7955
Ross Medical Education Center-Evansville,68,0.0441,0.9559,0.1765,0.0882,0.0588,0,0,0,0.0294,0,0.6471,0.8478
Ross Medical Education Center-Johnson City,67,0.0149,0.9851,0.2836,0.0597,0.0149,0,0,0,0.0597,0.0448,0.5373,0.8443
North-West College-Anaheim,455,0.1121,0.8879,0.1692,0.0747,0.4637,0.1055,0.022,0.0088,0.1538,0,0.0022,0.6469
North-West College-Long Beach,576,0.1198,0.8802,0.2188,0.1528,0.3837,0.066,0.0139,0.0156,0.1267,0,0.0226,0.6038
Taylor Andrews Academy of Hair Design-Provo,148,0.0743,0.9257,0.7703,0,0.1689,0.0068,0.0135,0.0068,0.0338,0,0,0.3299
University of Florida-Online,4577,0.4634,0.5366,0.5709,0.0419,0.2338,0.0566,0.0017,9e-4,0.0496,0.0116,0.033,0.2039
Ogle School Hair Skin Nails-Stafford,516,0.0194,0.9806,0.0833,0.5039,0.3101,0.0194,0.0019,0.0019,0.0581,0,0.0213,0.7209
University of Phoenix-Arizona,76996,0.2924,0.7076,0.289,0.2437,0.1191,0.0105,0.0088,0.0061,0.0336,6e-4,0.2885,0.4534
University of Phoenix-California,155,0.4839,0.5161,0.0968,0.1097,0.3548,0.0452,0.0065,0,0.0065,0,0.3806,0.2397
University of Phoenix-Texas,20,0.5,0.5,0.15,0.15,0.15,0,0,0,0,0,0.55,0.2222
Minerva University,603,0.4245,0.5755,0.0464,0,0.0017,0.0199,0.0017,0,0.0033,0.9237,0.0033,0
University of West Los Angeles,6,0.3333,0.6667,0.3333,0.1667,0.3333,0.1667,0,0,0,0,0,0.1429
Rabbinical College Ohr Yisroel,116,1,0,1,0,0,0,0,0,0,0,0,0.3826
Aveda Institute-Phoenix,202,0.0149,0.9851,0.3861,0.099,0.1683,0.0198,0.0099,0.0149,0.0594,0,0.2426,0.3819
University of North Texas at Dallas,2914,0.3377,0.6623,0.0954,0.2838,0.5426,0.0281,0.0017,7e-4,0.0305,0.0041,0.013,0.5148
Dermal Science International Aesthetics and Nail Academy,35,0,1,0.6857,0.1429,0.0571,0.0571,0,0.0286,0.0286,0,0,0.3053
BridgeValley Community & Technical College,1734,0.4164,0.5836,0.8945,0.0565,0.0156,0.0075,0.0058,0,0,0,0.0202,0.4168
Northwest College-Medford,72,0.0833,0.9167,0.6944,0,0.1667,0.0139,0.0556,0,0.0694,0,0,0.902
Houston Training Schools-Gessner,155,0.0258,0.9742,0.0194,0.3484,0.6,0.0323,0,0,0,0,0,0.9289
Empire Beauty School-Buffalo,78,0,1,0.2436,0.3846,0.1282,0.0513,0,0,0.0385,0,0.1538,0.5372
Paul Mitchell the School-Toledo,169,0.0473,0.9527,0.4793,0.432,0.0473,0,0.0118,0,0.0296,0,0,0.6653
Georgia Military College,3936,0.4167,0.5833,0.3872,0.3963,0.1044,0.0259,0.016,0.0058,0.001,0.0084,0.0549,0.3298
Beau Monde Academy of Barbering and Cosmetology,120,0.2167,0.7833,0.4667,0.1833,0.2417,0.0333,0,0,0.05,0,0.025,0.331
Fountain of Youth Academy of Cosmetology,52,0,1,0.3846,0.4615,0.0192,0.0577,0,0,0.0577,0,0.0192,0.1864
West Coast University-Miami,900,0.1178,0.8822,0.0511,0.1567,0.7489,0.0178,0,0,0.0233,0.0011,0.0011,0.6389
Aparicio-Levy Technical College,137,0.7664,0.2336,0.4599,0.1241,0.3285,0.0146,0,0,0.073,0,0,0.071
The Vocational Nursing Institute Inc,20,0.05,0.95,0.15,0.65,0.2,0,0,0,0,0,0,0.85
Hollywood Institute of Beauty Careers-West Palm Beach,287,0.23,0.77,0.1115,0.3171,0.3902,0,0,0,0.0035,0,0.1777,0.6869
Hollywood Institute of Beauty Careers-Casselberry,303,0.1683,0.8317,0.1122,0.3762,0.4587,0.0132,0,0.0165,0.0066,0,0.0165,0.7017
Empire Beauty School-Cheltenham,151,0.0464,0.9536,0.0199,0.5563,0.0596,0,0.0066,0,0.0265,0,0.3311,0.5579
Coachella Valley Beauty College-Hemet,101,0.1881,0.8119,0.198,0.099,0.6139,0.0198,0.0099,0,0.0495,0.0099,0,0.6406
Coastal Pines Technical College,1688,0.2855,0.7145,0.5977,0.2826,0.0788,0.0047,0.0018,6e-4,0.0296,0.003,0.0012,0.2712
Studio Beauty School,106,0.0094,0.9906,0.7642,0.0283,0.0755,0.0189,0.0283,0.0094,0.0755,0,0,0.5122
Latin Beauty Academy,214,0.1355,0.8645,0.0047,0,0.9907,0,0,0,0,0.0047,0,0.4773
Associated Barber College of San Diego,116,0.8707,0.1293,0.0776,0.2241,0.6034,0.0603,0,0,0.0259,0,0.0086,0.8344
ABCO Technology,121,0.7851,0.2149,0.1983,0.4215,0.1901,0.0992,0,0,0.0909,0,0,0.1265
Lionel University,480,0.5813,0.4188,0.525,0.2438,0.15,0.0021,0.0167,0.0021,0.0563,0,0.0042,0.3686
California Intercontinental University,141,0.4539,0.5461,0.2979,0.3901,0.156,0.0213,0.0142,0.0071,0.0213,0,0.0922,0.78
Infinity College,104,0.0385,0.9615,0.0769,0.9231,0,0,0,0,0,0,0,0.4011
Universal Healthcare Careers College,279,0.1649,0.8351,0.7061,0.0036,0.2545,0.0287,0,0,0,0,0.0072,0.5485
New Beginnings Beauty Academy,25,0,1,0.08,0.92,0,0,0,0,0,0,0,1
Dolce The Academy,42,0,1,0.119,0.3095,0.5238,0,0.0238,0,0.0238,0,0,0.4167
American College of the Building Arts,140,0.8143,0.1857,0.9286,0.0214,0.0143,0.0071,0.0143,0.0071,0.0071,0,0,0.1986
River Valley School of Massage,12,0,1,0.9167,0,0.0833,0,0,0,0,0,0,0.5
Atlantis University,313,0.8307,0.1693,0.0447,0.1885,0.4153,0.0096,0.0032,0,0.0032,0.3099,0.0256,0.4944
Westchester School for Medical & Dental Assistants,35,0.1429,0.8571,0.1143,0.0857,0.8,0,0,0,0,0,0,0.8376
Studio Incamminati,40,0.35,0.65,0.7,0.1,0.1,0.075,0,0,0,0.025,0,0.0769
Salon Boutique Academy,191,0.0105,0.9895,0.267,0.2565,0.4503,0.0262,0,0,0,0,0,0.466
GA Beauty & Barber School,199,0.2764,0.7236,0.005,0,0.995,0,0,0,0,0,0,0.4737
The Recording Conservatory of Austin,82,0.878,0.122,0.5488,0.3049,0.122,0.0122,0,0,0,0,0.0122,0.4301
VH Barber & Styling Academy,24,0.7917,0.2083,0.125,0.8333,0,0,0,0,0.0417,0,0,0.5439
Bet Medrash Gadol Ateret Torah,108,1,0,1,0,0,0,0,0,0,0,0,0.5824
Yeshiva Ohr Yisrael,17,1,0,0.9412,0,0,0,0,0,0,0.0588,0,0.2609
Yeshiva Sholom Shachna,118,1,0,1,0,0,0,0,0,0,0,0,0.4766
Bethlehem College & Seminary,92,0.5978,0.4022,0.8587,0.0109,0.0217,0.0652,0,0,0,0.0435,0,0
Theatre of Arts,37,0.5405,0.4595,0.1892,0.1622,0.0811,0.1622,0,0,0.0541,0.2162,0.1351,0.2564
Westchester College of Nursing & Allied Health,11,0.0909,0.9091,0.0909,0.5455,0.3636,0,0,0,0,0,0,0.9091
Treasure Coast Technical College,67,0.4179,0.5821,0.2537,0.4478,0.2239,0.0149,0,0,0.0597,0,0,0.3158
American College of Barbering,75,0.88,0.12,0.4267,0.4133,0.1067,0.0133,0,0,0.04,0,0,0.4587
Beth Medrash Meor Yitzchok,222,1,0,0.973,0,0,0,0,0,0,0.027,0,0.5344
Mingo Extended Learning Center,13,0,1,1,0,0,0,0,0,0,0,0,0.5652
San Ignacio University,75,0.4533,0.5467,0.0133,0,0.5467,0.0267,0,0,0,0.4133,0,0.0588
ZMS The Academy,228,0.3816,0.6184,0.1184,0.0921,0.7149,0.0395,0,0.0044,0.0175,0,0.0132,0.1073
Valor Christian College,352,0.4602,0.5398,0.4659,0.2727,0.1477,0.0426,0.0085,0.0057,0.0256,0.0085,0.0227,0.5789
Bethany Global University,162,0.2716,0.7284,0.7469,0.0185,0.0494,0.037,0.0123,0,0.0309,0.0062,0.0988,0.4685
HVAC Technical Institute,216,0.9676,0.0324,0.0787,0.1759,0.6852,0.0185,0,0,0.0046,0,0.037,0.4536
United International College,175,0.7886,0.2114,0.1029,0.12,0.08,0,0.0229,0,0,0.6743,0,0
San Francisco Film School,141,0.8511,0.1489,0.1418,0.0993,0.0496,0.0213,0.0071,0,0.0142,0,0.6667,0.172
Center for Ultrasound Research & Education,35,0.0571,0.9429,0.3714,0.2,0.4,0.0286,0,0,0,0,0,0.3971
Culinary Tech Center,44,0.6364,0.3636,0.0682,0.4773,0.3636,0.0909,0,0,0,0,0,0.5417
Randolph Technical Center,11,0,1,1,0,0,0,0,0,0,0,0,0.8095
AMG School of Nursing,570,0.086,0.914,0.0281,0.8579,0.0737,0.0386,0,0.0018,0,0,0,0.679
Saint Michael College of Allied Health,123,0.1707,0.8293,0,1,0,0,0,0,0,0,0,0.2635
Sandra Academy of Salon Services,73,0.2877,0.7123,0.9589,0.0411,0,0,0,0,0,0,0,0.8916
California Jazz Conservatory,20,0.7,0.3,0.5,0,0.45,0,0,0,0.05,0,0,0.3478
California Barber and Beauty College,61,0.918,0.082,0.2295,0,0.541,0.1639,0.0656,0,0,0,0,0.7579
Laredo CHI Academy Beauty School,56,0.0179,0.9821,0,0,1,0,0,0,0,0,0,0.5484
Florida International Training Institute,695,0.4964,0.5036,0,0,1,0,0,0,0,0,0,0.9775
Gould's Academy,164,0,1,0.2561,0.6341,0.0549,0,0,0,0.0549,0,0,0.6308
Aviation Institute of Maintenance-Fremont,256,0.918,0.082,0.125,0.1836,0.3672,0.1875,0,0.0508,0.0859,0,0,0.5792
Paul Mitchell the School-Tulsa,249,0.0442,0.9558,0.5502,0.0482,0.0924,0.012,0.1968,0,0.1004,0,0,0.5479
PPG Technical College,194,0.2113,0.7887,0,0,1,0,0,0,0,0,0,0.9652
Academy of Professional Cosmetology,171,0.0234,0.9766,0.4561,0.0468,0.3977,0.0175,0,0,0.0819,0,0,0.1438
Empire Beauty School-Northlake,117,0.0256,0.9744,0.0256,0.8803,0.0256,0,0,0,0.0427,0,0.0256,0.5112
Ross Medical Education Center-Huntsville,109,0.0367,0.9633,0.1284,0.2569,0.0367,0,0,0,0.0092,0.0092,0.5596,0.8555
Ross Medical Education Center-Knoxville,75,0.0133,0.9867,0.2133,0.1067,0.04,0,0,0,0.0133,0,0.6267,0.8992
Ross Medical Education Center-Muncie,54,0.037,0.963,0.3148,0.0926,0.0185,0,0,0,0.037,0.037,0.5,0.8111
Cortiva Institute-Arlington,90,0.3111,0.6889,0.1889,0.5333,0.2333,0,0,0,0.0222,0,0.0222,0.8601
Tulsa Welding School-Houston,1799,0.8883,0.1117,0.1634,0.2968,0.4336,0.0117,0.01,0.0039,0,0,0.0806,0.6735
Pima Medical Institute-El Paso,667,0.1769,0.8231,0.1034,0.0495,0.7856,0.0105,0.0075,0,0.0435,0,0,0.627
Pima Medical Institute-Phoenix,830,0.1157,0.8843,0.2964,0.0458,0.5096,0.012,0.0386,0.0024,0.0916,0,0.0036,0.4801
Kennesaw State University,39503,0.5029,0.4971,0.4258,0.2669,0.1565,0.0582,0.0013,0.001,0.0487,0.0173,0.0241,0.3538
Entourage Institute of Beauty and Esthetics,49,0.0204,0.9796,0.6735,0.0408,0.1837,0,0.0204,0,0.0408,0,0.0408,0.5111
Eastern Suffolk BOCES,9,0,1,0.6667,0,0.2222,0,0,0,0,0,0.1111,0.3333
Eastern Suffolk BOCES,31,0,1,0.4839,0.0968,0.1613,0.0323,0,0,0,0,0.2258,0.2105
Milligan University,783,0.5287,0.4713,0.7229,0.0524,0.0639,0.0166,0.0013,0.0026,0.0383,0.0868,0.0153,0.2344
Chamberlain University-Nevada,573,0.1972,0.8028,0.2513,0.103,0.2723,0.3072,0.0087,0.0192,0.0244,0,0.014,0.4268
Chamberlain University-Michigan,643,0.1384,0.8616,0.6392,0.1851,0.0482,0.0715,0.0031,0,0.0233,0.0016,0.028,0.4474
Chamberlain University-New Jersey,1316,0.1383,0.8617,0.2044,0.4514,0.2059,0.0912,0.003,0.003,0.0137,0.0068,0.0205,0.3442
Paul Mitchell the School-Madison,52,0.4423,0.5577,0.4615,0.1923,0.2308,0.0577,0,0,0.0577,0,0,0.597
The University of Tennessee Health Science Center,376,0.0745,0.9255,0.5691,0.2766,0.0585,0.0319,0,0.0027,0.0266,0.016,0.0186,0.1254
Unitech Training Academy-New Orleans,65,0.0462,0.9538,0.1846,0.8154,0,0,0,0,0,0,0,0.7163
Wade Gordon Hairdressing Academy-Lubbock,101,0.3267,0.6733,0.3267,0.1089,0.505,0.0099,0.0099,0,0.0099,0,0.0297,0.6212
Protege Academy,33,0,1,0.8788,0.0303,0.0909,0,0,0,0,0,0,0.625
Emory University-Oxford College,973,0.4748,0.5252,0.2878,0.0761,0.1182,0.3176,0,0,0.0308,0.149,0.0206,0.1574
Southern Regional Technical College,2960,0.272,0.728,0.4595,0.3929,0.1132,0.0051,0.001,0,0.025,0.0024,0.001,0.4408
Texas College of Cosmetology-Lubbock,89,0.0337,0.9663,0.4494,0.1011,0.4494,0,0,0,0,0,0,0.7196
Fortis College-Cuyahoga Falls,489,0.2209,0.7791,0.3436,0.5481,0.0143,0.0204,0,0.002,0.0573,0,0.0143,0.7593
Jones Technical Institute,522,0.9157,0.0843,0.4713,0.2644,0.1418,0.023,0.0019,0.0134,0.069,0,0.0153,0.6264
Texas State Technical College,9153,0.7101,0.2899,0.3243,0.0618,0.5376,0.0087,0.0034,0.001,0.0029,0,0.0602,0.4542
Aveda Institute Portland-Vancouver Campus,130,0.0231,0.9769,0.6769,0.0923,0.1,0.0077,0,0.0154,0.0615,0,0.0462,0.4899
Arizona College of Nursing-Las Vegas,1185,0.1333,0.8667,0.162,0.1511,0.319,0.2439,0.0042,0.0346,0.0776,0,0.0076,0.5739
Florida Career College-Pembroke Pines,156,0.3782,0.6218,0.0128,0.2372,0.2051,0.0128,0.0064,0.0064,0.0064,0,0.5128,0.7139
Florida Career College-West Palm Beach,193,0.5389,0.4611,0.0415,0.3368,0.2332,0.0052,0,0,0.0052,0,0.3782,0.6804
Florida Career College-Hialeah,185,0.4973,0.5027,0.027,0.1622,0.2378,0,0.0108,0,0.0162,0,0.5459,0.7136
Florida Career College-Lauderdale Lakes,204,0.2941,0.7059,0.0098,0.348,0.098,0.0049,0,0.0049,0.0049,0,0.5294,0.7529
Florida Career College-Tampa,159,0.4214,0.5786,0.0566,0.1572,0.1572,0.0126,0,0.0063,0,0,0.6101,0.697
Florida Career College-Jacksonville,173,0.1734,0.8266,0.0867,0.3179,0.0809,0.0058,0.0058,0.0058,0.0058,0,0.4913,0.7432
Florida Career College-Boynton Beach,149,0.3893,0.6107,0.0268,0.2483,0.094,0.0067,0,0,0.0067,0,0.6174,0.6834
Florida Career College-Margate,130,0.3462,0.6538,0.0462,0.5077,0.1846,0.0077,0,0,0.0077,0,0.2462,0.6923
Florida Career College-Orlando,153,0.4118,0.5882,0.0392,0.268,0.2222,0.0065,0.0065,0,0.0131,0,0.4444,0.6882
UEI College-Phoenix,1148,0.4024,0.5976,0.0479,0.0793,0.3014,0.0026,0.0401,0.0017,0.0131,0,0.5139,0.7036
Florida Career College-Houston,264,0.2386,0.7614,0.0303,0.1856,0.1098,0.0038,0.0076,0,0.0076,0,0.6553,0.7251
Aveda Institute-Madison,85,0.0118,0.9882,0.7059,0.0824,0.1059,0.0588,0.0118,0,0.0235,0,0.0118,0.3288
Husson University,2395,0.3929,0.6071,0.8284,0.0576,0.0084,0.0121,0.0046,0,0.0468,0.018,0.0242,0.3466
Tricoci University of Beauty Culture-Elgin,154,0.013,0.987,0.3831,0.0714,0.474,0.013,0,0,0.039,0.0195,0,0.4493
Concorde Career College-Southaven,114,0.0175,0.9825,0.0877,0.7368,0.0351,0,0.0263,0,0.0088,0,0.1053,0.7882
Universal Technical Institute-Southern California,1447,0.9413,0.0587,0.1161,0.0422,0.6614,0.0339,0.0076,0.0083,0.1009,7e-4,0.029,0.5617
Northwest University-Center for Online and Extended Education,477,0.4486,0.5514,0.5451,0.0943,0.1237,0.0189,0,0.0063,0.0839,0.0063,0.1216,0.2072
Celebrity Barber School,16,0.9375,0.0625,0.0625,0.875,0,0,0,0,0.0625,0,0,0.5152
Academy of Interactive Entertainment,113,0.6106,0.3894,0.5133,0.3628,0.0177,0.0177,0,0,0.0442,0,0.0442,0.4787
The Temple Annapolis-A Paul Mitchell Partner School,221,0.0588,0.9412,0.6244,0.1946,0.1041,0.0136,0,0,0.0181,0.0045,0.0407,0.3899
Yeshiva Zichron Aryeh,36,1,0,0.9722,0,0,0,0,0,0,0.0278,0,0.1071
Butte County Regional Occupational Program,41,0.0488,0.9512,0.5854,0.0488,0.2683,0.0244,0.0488,0,0,0,0.0244,0.2712
Arclabs,643,0.8896,0.1104,0.3468,0.2519,0.3188,0.0031,0.0047,0.0078,0.056,0.0078,0.0031,0.5672
Top of the Line Barber College,60,0.7,0.3,0.0833,0.8667,0.0333,0,0,0,0.0167,0,0,0.7391
Midfield Institute of Cosmetology,13,0,1,0,1,0,0,0,0,0,0,0,1
American Institute of Alternative Medicine,32,0.2813,0.7188,0.4375,0.2813,0.0938,0.0938,0,0,0.0938,0,0,0.2174
Felbry College,214,0.1121,0.8879,0.0421,0.8832,0.0187,0.0561,0,0,0,0,0,0.4341
Regional Center for Border Health,191,0.1361,0.8639,0.1257,0.0157,0.7853,0,0.0733,0,0,0,0,0
Kentucky Horseshoeing School,24,0.6667,0.3333,0.9167,0,0,0.0833,0,0,0,0,0,0.4167
Image Maker Beauty Institute,64,0.0156,0.9844,0.8125,0.0781,0.0938,0,0.0156,0,0,0,0,0.5618
Dalton Institute of Esthetics and Cosmetology,71,0,1,0.3944,0.2254,0.3239,0.0282,0.0141,0,0.0141,0,0,0.6479
CAAN Academy of Nursing,90,0.0556,0.9444,0,0.9667,0.0333,0,0,0,0,0,0,0.4741
Martinsburg College,3214,0.0271,0.9729,0.4471,0.3202,0.1596,0.0078,0.0227,0.0044,0.0358,0,0.0025,0.8071
Alhambra Medical University,35,0.2286,0.7714,0.0286,0,0,0.9143,0,0,0,0.0571,0,NA
Central Yeshiva Beth Joseph,22,1,0,0.6818,0,0,0,0,0,0,0.3182,0,0.3929
Garden State Science and Technology Institute,576,0.0313,0.9688,0.0156,0.5451,0.3733,0.0139,0.0087,0.0017,0.0278,0,0.0139,0.7984
Barber Tech Academy,67,0.5522,0.4478,0,1,0,0,0,0,0,0,0,0.602
Abraham Lincoln University,49,0.4694,0.5306,0.449,0.1224,0.2245,0.0408,0.0204,0.0204,0.0612,0,0.0612,0.4894
Med College,297,0.2795,0.7205,0.0774,0.0976,0.8047,0.0101,0,0.0034,0.0034,0,0.0034,0.6935
Sonoran Desert Institute,4763,0.978,0.022,0.7235,0.0527,0.136,0.0107,0.0103,0.0044,0.0464,0,0.016,0.2685
Natural Images Beauty College,87,0.1839,0.8161,0.3678,0.1264,0.4483,0,0,0,0.0575,0,0,0.486
Textures Institute of Cosmetology,23,0.087,0.913,0.0435,0.8261,0.0435,0.0435,0,0,0.0435,0,0,0.6129
Williams Technical College,99,0.0606,0.9394,0.2222,0.7172,0.0202,0,0.0303,0,0,0,0.0101,0.6634
PiBerry Institute,96,0.0208,0.9792,0,0.0417,0.8958,0,0,0,0,0.0625,0,0.3494
Ea La Mar's Cosmetology & Barber College,32,0.4688,0.5313,0.0625,0.7813,0.1563,0,0,0,0,0,0,0.7708
Regina Webb Academy,15,0.0667,0.9333,0.9333,0,0,0,0,0,0,0,0.0667,0.56
DeHart Technical School,80,0.9875,0.0125,0.325,0.0125,0.5375,0.0625,0,0.0125,0.0125,0,0.0375,0.4016
Medical Career & Technical College,199,0.0402,0.9598,0.8342,0.0905,0.0201,0,0,0.005,0.0452,0.005,0,0.6502
Center for Neurosomatic Studies,23,0.3913,0.6087,0.7391,0.1304,0.0435,0.087,0,0,0,0,0,0.3043
Focus Personal Training Institute,69,0.7536,0.2464,0.1884,0.2319,0.2029,0.0145,0,0,0.2174,0,0.1449,0.225
Hair Academy School of Barbering & Beauty,25,0.76,0.24,0.16,0.48,0.36,0,0,0,0,0,0,0.5313
Fosbre Academy of Hair Design,86,0.0233,0.9767,0.6744,0.0465,0.1395,0.0233,0.0116,0.0465,0.0581,0,0,0.4323
National Personal Training Institute,43,0.814,0.186,0.4651,0.2093,0.2326,0,0,0,0.093,0,0,0.4405
Mission Beauty Institute,34,0.2647,0.7353,0,0,0.9706,0.0294,0,0,0,0,0,0.7049
Elim Bible Institute and College,94,0.5957,0.4043,0.6064,0.117,0.0638,0,0,0,0.0319,0.0851,0.0957,0.4737
Beth Medrash of Asbury Park,109,1,0,0.844,0,0,0,0,0,0,0.156,0,0.4433
Hope College of Arts and Sciences,71,0.1127,0.8873,0.0282,0.9155,0.0282,0.0282,0,0,0,0,0,0.2214
Yeshiva Gedolah Shaarei Shmuel,132,1,0,1,0,0,0,0,0,0,0,0,0.384
Premier Barber Institute,83,0.8193,0.1807,0.2771,0.5422,0.1446,0,0,0,0.012,0,0.0241,0.6822
International Beauty Education Center,111,0.027,0.973,0.8829,0.045,0.036,0.027,0,0.009,0,0,0,0.8105
Claremont Lincoln University,17,0.5294,0.4706,0.2941,0.2353,0.2941,0.1176,0,0.0588,0,0,0,NA
Phipps Academy of Barbering,26,0.7308,0.2692,0,1,0,0,0,0,0,0,0,0.8986
Hoss Lee Academy,97,0.0309,0.9691,0.6082,0.0309,0.2062,0.0515,0.0206,0,0.0825,0,0,0.314
Indiana Wellness College,154,0.1299,0.8701,0.7143,0.1883,0.0519,0.0065,0.0065,0,0.013,0,0.0195,0.4291
Kenny's Academy of Barbering,147,0.7619,0.2381,0.1293,0.7687,0.0544,0.0204,0,0,0.0068,0,0.0204,0.6009
Seattle Film Institute,60,0.7,0.3,0.5333,0.15,0.1167,0.0667,0,0.05,0.0833,0,0,0.4058
California College of Music,7,0.5714,0.4286,0.2857,0.5714,0,0,0,0,0,0.1429,0,0.0714
Christian Culinary Academy,21,0.381,0.619,0.7143,0,0.0952,0.0952,0,0,0,0.0952,0,0
Glitz School of Cosmetology,33,0.303,0.697,0.0606,0,0.8485,0,0,0,0.0303,0,0.0606,0.6085
Indiana Wesleyan University-National & Global,5808,0.2522,0.7478,0.5969,0.2485,0.0637,0.0105,0.0043,0.0024,0.017,0.0257,0.031,0.4758
NationsUniversity,447,0.8747,0.1253,0.0828,0.0112,0.0089,0,0,0,0.0022,0,0.8949,0
Northeast Lakeview College,5689,0.4503,0.5497,0.2152,0.1011,0.5925,0.0276,0.0028,0.0026,0.051,0,0.0072,0.1825
Paul Mitchell the School-Jessup,125,0.144,0.856,0.248,0.536,0.16,0.056,0,0,0,0,0,0.4602
John Patrick University of Health and Applied Sciences,289,0.2976,0.7024,0.4118,0.1869,0.2526,0.0554,0.0035,0.0035,0.0173,0,0.0692,0.175
University of Saint Katherine,230,0.4696,0.5304,0.2478,0.0696,0.4696,0.0478,0.013,0.013,0.0783,0.0609,0,0.3491
Teachers College of San Joaquin,585,0.3299,0.6701,0.4786,0.0496,0.2103,0.1043,0.0308,0.012,0.0342,0,0.0803,0
U.S. Truck Driver Training School,265,0.7811,0.2189,0.1849,0.7283,0.0302,0.0264,0.0113,0,0.0189,0,0,0.1981
University of the People,19276,0.5237,0.4763,0.0554,0.029,0.0282,0.0166,9e-4,7e-4,0.0055,0,0.8637,0
South Dade Technical College-South Dade Skills Center Campus,205,0.322,0.678,0.0195,0.2634,0.6683,0,0,0,0,0.0488,0,0.1727
Alabama School of Nail Technology & Cosmetology,102,0.0294,0.9706,0.4608,0.4902,0.0392,0.0098,0,0,0,0,0,0.7934
Tulsa Technology Center,1284,0.6379,0.3621,0.4813,0.1145,0.1939,0.0436,0.1059,0.0031,0.0576,0,0,0.1363
Ross Medical Education Center-Elyria,58,0.0517,0.9483,0.069,0.1379,0.2241,0,0,0,0.0862,0.0172,0.4655,0.8977
Ross Medical Education Center-Lafayette,77,0,1,0.1818,0.1818,0.039,0,0,0.013,0.013,0.026,0.5455,0.8559
Ross Medical Education Center-Midland,36,0.0278,0.9722,0.3333,0.0278,0.0556,0,0,0.0278,0.0556,0.0278,0.4722,0.5618
Paul Mitchell the School-Clear Lake,129,0.031,0.969,0.4419,0.1163,0.4186,0.0078,0.0078,0,0.0078,0,0,0.639
Paul Mitchell the School-Nampa,107,0.1776,0.8224,0.5701,0,0.2991,0,0,0,0.1215,0,0.0093,0.625
Academy of Beauty Professionals,65,0.0923,0.9077,0.5077,0.2,0.1385,0.0615,0,0,0.0923,0,0,0.4595
Academy of Beauty Professionals,77,0.1818,0.8182,0.4545,0.0909,0.2078,0.1429,0.013,0,0.0519,0,0.039,0.4472
Academy of Beauty Professionals,84,0.1429,0.8571,0.4881,0.0714,0.2024,0.0833,0.0595,0.0119,0.0833,0,0,0.5063
Kenneth Shuler School of Cosmetology-Goose Creek,128,0.0156,0.9844,0.4063,0.5313,0.0547,0,0,0,0.0078,0,0,0.6731
Clovis Community College,6759,0.4335,0.5665,0.2804,0.0346,0.4982,0.1292,0.0044,0.0016,0.045,0,0.0067,0.2043
Boca Beauty Academy-Parkland,205,0.1317,0.8683,0.2244,0.3512,0.2927,0.0244,0,0.0049,0.0244,0,0.078,0.5784
American Beauty Academy-West Valley Campus,26,0.0769,0.9231,0.3077,0,0.3462,0,0,0,0.0385,0.1154,0.1923,0.4416
Caribbean Aviation Training Institute Inc,191,0.9476,0.0524,0,0,1,0,0,0,0,0,0,0.615
The College of Health Care Professions-McAllen Campus,728,0.1387,0.8613,0.0069,0.0027,0.9835,0.0027,0.0027,0,0.0014,0,0,0.7811
Chamberlain University-North Carolina,216,0.0972,0.9028,0.2963,0.4722,0.1435,0.0324,0.0046,0.0046,0.0417,0,0.0046,0.3806
Chamberlain University-California,676,0.1982,0.8018,0.3166,0.0695,0.2115,0.3328,0.0015,0.0133,0.0178,0.0015,0.0355,0.3166
Spartan College of Aeronautics and Technology,261,0.9004,0.0996,0.1839,0.092,0.5517,0.0728,0.0038,0.0153,0.0651,0.0038,0.0115,0.3333
Purdue University Global,31502,0.4256,0.5744,0.5296,0.1799,0.161,0.0306,0.0056,0.0042,0.0434,0.0046,0.0411,0.4793
Pima Medical Institute-Dillon,21,0.0476,0.9524,0.7619,0,0.0952,0,0.0952,0,0.0476,0,0,0.3506
Arthur's Beauty College,67,0.0299,0.9701,0.6567,0.2985,0.0299,0,0.0149,0,0,0,0,0.7222
Carolina University,424,0.5849,0.4151,0.3585,0.1533,0.125,0.0118,0.0024,0.0024,0.0637,0.2712,0.0118,0.4562
National Personal Training Institute-Tampa,26,0.8077,0.1923,0.5,0.2692,0.1538,0,0,0,0.0769,0,0,0.34
Presbyterian Theological Seminary in America,38,0.3684,0.6316,0,0,0,0.5789,0,0,0,0.1842,0.2368,0.4722
HCI College,169,0.1657,0.8343,0.1361,0.5976,0.213,0.0059,0,0.0059,0.0296,0,0.0118,0.3244
America Evangelical University,71,0.662,0.338,0.1549,0.169,0.0845,0.3239,0,0.0563,0,0.2113,0,0.549
Gadsden Technical College,58,0.4138,0.5862,0.1379,0.8103,0.0517,0,0,0,0,0,0,0.3
Nashville Film Institute,33,0.8788,0.1212,0.5455,0.303,0.0909,0.0303,0,0,0.0303,0,0,0.4186
Los Angeles Academy of Figurative Art,4,0.25,0.75,0.25,0,0.25,0.5,0,0,0,0,0,0.6
Westcliff University,2037,0.6387,0.3613,0.0628,0.027,0.0265,0.0093,0.0025,0.0054,0.0201,0.0967,0.7496,0.0209
World Class Academy of Beauty Careers,24,0.125,0.875,0,1,0,0,0,0,0,0,0,0.6226
Allied Health Careers Institute,47,0.1064,0.8936,0.1277,0.617,0.2128,0.0426,0,0,0,0,0,0.7105
Sacramento Ultrasound Institute,104,0.2308,0.7692,0.375,0.0673,0.2596,0.1827,0,0,0.1154,0,0,0.2671
Regan Career Institute,51,0.2353,0.7647,0.0588,0.0784,0.3725,0.2353,0.1961,0,0.0392,0.0196,0,0.2034
Bolivar Technical College,144,0.0764,0.9236,0.875,0.0347,0.0486,0.0069,0.0069,0,0.0278,0,0,0.6154
MAK Beauty Institute,9,0.1111,0.8889,0.7778,0,0,0.2222,0,0,0,0,0,0.64
Reformed University,287,0.439,0.561,0.0348,0.0035,0.0941,0.4808,0,0,0,0.3868,0,0
Mobile Technical Training,31,0.8065,0.1935,0.1613,0.0645,0.6774,0.0968,0,0,0,0,0,0.8732
American Barber and Beauty Academy,118,0.1864,0.8136,0.339,0.1695,0.4661,0,0,0,0.0169,0,0.0085,0.3915
Master's Barber & Styling College,26,0.9231,0.0769,0.8462,0,0.0769,0,0,0,0.0385,0,0.0385,0.3143
Yeshiva Shaar Ephraim,138,1,0,1,0,0,0,0,0,0,0,0,0.7333
California Institute of Arts & Technology,14,0.7143,0.2857,0.2143,0.5,0.1429,0,0,0,0.1429,0,0,0.3127
Elite Cosmetology Barber & Spa Academy,55,0.2545,0.7455,0.4364,0.0182,0.2909,0,0,0,0.2545,0,0,0.6732
Cutting Edge Academy,94,0.234,0.766,0.6064,0.0426,0.266,0.0106,0,0,0,0.0319,0.0426,0.4286
Yeshiva Bais Aharon,13,1,0,1,0,0,0,0,0,0,0,0,0.75
Mechon L'hoyroa,124,1,0,1,0,0,0,0,0,0,0,0,0.8316
Elyon College,25,0,1,1,0,0,0,0,0,0,0,0,0.589
Harmony Health Care Institute,164,0.2073,0.7927,0.1037,0.7012,0.0732,0.0244,0,0,0.0061,0.0915,0,0.3175
American Beauty Schools,80,0.0125,0.9875,0,0,1,0,0,0,0,0,0,0.15310000000000001
Hogan Institute of Cosmetology and Esthetics,71,0.0141,0.9859,0.0845,0.6338,0.1549,0.0282,0,0.0141,0.0423,0,0.0423,0.6417
J's Barber College,23,0.8261,0.1739,0.3043,0.5652,0,0,0,0,0.1304,0,0,0.5946
Ann Webb Skin Institute,181,0.011,0.989,0.4144,0.1105,0.3481,0.0276,0.0055,0.011,0.0829,0,0,0.2587
Apex Academy Hair Skin Nails School of Cosmetology,16,0,1,1,0,0,0,0,0,0,0,0,0.2877
The Esthetic Institute,107,0,1,0.1589,0.2991,0.2897,0.0374,0.0093,0.0748,0.1028,0,0.028,0.45
Massage Institute of Memphis,20,0.35,0.65,0.35,0.5,0.1,0,0,0,0.05,0,0,0.7143
Metro Detroit Barber College,30,0.7667,0.2333,0.0667,0.8,0.1333,0,0,0,0,0,0,0.6441
Digital Media Institute,13,0.6154,0.3846,0.9231,0.0769,0,0,0,0,0,0,0,0.2745
Yeshiva Ohr Naftoli,43,1,0,0.9767,0,0,0,0,0,0,0.0233,0,0.225
Bais Medrash Mayan Hatorah,25,1,0,1,0,0,0,0,0,0,0,0,0.2059
Allgood Beauty Institute,20,0.05,0.95,0.4,0.45,0.15,0,0,0,0,0,0,0.6111
Ray J's College of Hair,34,0.7941,0.2059,0.0294,0.9706,0,0,0,0,0,0,0,0.6462
Manuel and Theresa's School of Hair Design,4,0,1,0.5,0,0.5,0,0,0,0,0,0,0.4444
Cincinnati School of Barbering & Hair Design,48,0.875,0.125,0.1667,0.7917,0,0.0208,0,0,0.0208,0,0,0.3944
L Makeup Institute,95,0.0211,0.9789,0.4211,0.0316,0.3368,0.0526,0.0105,0,0.0737,0,0.0737,0.432
Peloton College,103,0.0874,0.9126,0.0874,0.6117,0.2233,0,0,0,0.0583,0.0097,0.0097,0.7273
Northern Technical College,30,0.8667,0.1333,0.0333,0.8,0.1667,0,0,0,0,0,0,0.7447
Maine Media College,0,0,0,0,0,0,0,0,0,0,0,0,0.1
Purdue University Northwest,5786,0.476,0.524,0.5164,0.1134,0.2553,0.032,0.0014,0.001,0.0346,0.0311,0.0149,0.277
Ross Medical Education Center-Portage,94,0.0745,0.9255,0.2979,0.0957,0.0638,0.0106,0,0,0.0426,0.0106,0.4787,0.7697
Ross College-Canton,344,0.0523,0.9477,0.1686,0.2035,0.0145,0,0,0,0.0378,0.0029,0.5727,0.8154
Ross College-Grand Rapids North,267,0.0524,0.9476,0.1273,0.2584,0.0562,0.0075,0.0112,0,0.0487,0.015,0.4757,0.7887
American Institute-Somerset,274,0.2774,0.7226,0.1752,0.2628,0.5146,0.0146,0,0,0.0255,0,0.0073,0.8182
Platt College-Anaheim,405,0.1407,0.8593,0.1259,0.0148,0.6617,0.1309,0.0074,0.0049,0.0469,0,0.0074,0.5981
Advantage Career Institute,149,0.0738,0.9262,0.3826,0.2215,0.3154,0.047,0,0,0.0268,0,0.0067,0.302
Bull City Durham Beauty and Barber College,32,0.6875,0.3125,0.0313,0.9063,0.0625,0,0,0,0,0,0,1
Fortis College-Cutler Bay,358,0.1704,0.8296,0.0391,0.2374,0.6732,0.0112,0.0056,0.0028,0.014,0,0.0168,0.761
Yeshiva Kollel Tifereth Elizer,373,1,0,1,0,0,0,0,0,0,0,0,0.8904
Strand Institute of Beauty & Esthetics,71,0.0141,0.9859,0.2535,0.0141,0.5493,0,0,0,0.1831,0,0,0.1391
Arkansas Welding Academy,74,0.9054,0.0946,0.6081,0.1892,0.0811,0,0.0405,0,0.0811,0,0,0.7333
Unitech Training Academy-Baton Rouge,85,0.0353,0.9647,0.2941,0.7059,0,0,0,0,0,0,0,0.7565
Empire Beauty School-Tampa,93,0.0215,0.9785,0.2796,0.4731,0.1505,0,0.0108,0,0.0323,0,0.0538,0.503
Empire Beauty School-Lakeland,132,0.0152,0.9848,0.4318,0.2273,0.2727,0,0,0.0076,0.0455,0,0.0152,0.4633
Galen College of Nursing-ARH,424,0.1297,0.8703,0.8656,0.0024,0.0094,0.0047,0,0,0.0118,0,0.1061,0.7021
The Chicago School at San Diego,5,0.2,0.8,0.2,0.2,0.4,0,0,0,0,0,0.2,0.5
Commercial Divers International,47,0.9574,0.0426,0.3617,0.1277,0.2979,0,0.0213,0,0.0426,0,0.1489,0.5043
Tricoci University of Beauty Culture-Janesville,102,0.0392,0.9608,0.6373,0.0882,0.2059,0.0098,0.0098,0,0.049,0,0,0.6
Unlimited Cosmetology School,26,0,1,0.1538,0.6923,0.0769,0.0385,0,0,0.0385,0,0,0.2037
Johnny Matthew's Hairdressing Training School,59,0.4068,0.5932,0.322,0.0169,0.3559,0,0,0.0339,0.2034,0.0169,0.0508,0.4906
The Culinary School of Fort Worth,69,0.5362,0.4638,0.5072,0.1304,0.2319,0.0435,0,0.0145,0.0725,0,0,0.2936
Centralia Beauty College,88,0.0455,0.9545,0.6818,0.0455,0.2045,0.0114,0,0,0.0568,0,0,0.2366
University of Wisconsin-Milwaukee Flex,570,0.2807,0.7193,0.7596,0.0614,0.0702,0.0246,0.0018,0,0.0333,0,0.0491,0.1732
University of Wisconsin-Parkside Flex,143,0.4266,0.5734,0.7413,0.0699,0.0909,0.014,0.007,0,0.035,0,0.042,0.1849
Miller-Motte College-STVT-Arlington,174,0.7759,0.2241,0.1782,0.4943,0.2586,0.0057,0.0172,0.0057,0.0287,0,0.0115,0.4737
Bnos Zion Of Bobov Seminary,142,0,1,1,0,0,0,0,0,0,0,0,0.7296
ABC Adult School,185,0.1838,0.8162,0.0703,0.0703,0.6108,0.2162,0.0054,0,0.027,0,0,0.2602
Polytech Adult Education,631,0.7021,0.2979,0.4897,0.3471,0.1236,0.0048,0.0063,0,0.0285,0,0,0.0348
California Institute of Medical Science,36,0.0833,0.9167,0.1389,0.1111,0.6389,0.0278,0.0278,0,0,0.0278,0.0278,0.525
Union Bible College,155,0.4774,0.5226,0.4452,0.0258,0.2581,0.2581,0,0,0.0065,0.0065,0,0.2647
Pets Playground Grooming School,18,0.0556,0.9444,0.4444,0,0.5,0,0,0,0,0.0556,0,0.381
San Bernardino Beauty College,77,0.2597,0.7403,0.039,0.1429,0.6104,0.1818,0.026,0,0,0,0,0.375
Christina and Company Education Center,32,0,1,0.7813,0,0.1875,0,0,0,0,0,0.0313,0.2885
Institute of Medical Ultrasound,29,0,1,0.3448,0.6207,0,0.0345,0,0,0,0,0,0.8649
Mystros Barber Academy,14,0.7143,0.2857,0.0714,0.8571,0.0714,0,0,0,0,0,0,0.1
European Medical School of Massage,23,0.087,0.913,0.4783,0.1739,0.3478,0,0,0,0,0,0,0.7941
Yeshiva Gedolah Tiferes Boruch,70,1,0,1,0,0,0,0,0,0,0,0,0.5507
Yeshiva Chemdas Hatorah,79,1,0,0.9494,0,0,0,0,0,0,0.0506,0,0.4691
Women's Institute of Torah Seminary and College,141,0,1,1,0,0,0,0,0,0,0,0,0.2428
Yeshiva Gedolah Keren Hatorah,189,1,0,1,0,0,0,0,0,0,0,0,0.6022
ICOHS College,215,0.6791,0.3209,0.2558,0.2698,0.3163,0.0837,0.0186,0.0326,0.0093,0,0.014,0.2909
Neo-Esthetique European Institute,137,0,1,0,0,1,0,0,0,0,0,0,0.7893
Lehigh Valley Barber School,53,0.8302,0.1698,0.1509,0.3019,0.5283,0.0189,0,0,0,0,0,0.5556
International Barber College,30,0.8667,0.1333,0.2333,0.2667,0.3,0,0.0667,0.0333,0.1,0,0,0.5238
Brown Beauty Barber School,54,0.2963,0.7037,0.0741,0.8704,0.037,0,0,0,0.0185,0,0,0.7108
Rexburg College of Massage Therapy,59,0.1186,0.8814,0.8983,0,0.0508,0.0169,0,0.0169,0.0169,0,0,0.4342
Yeshiva Gedolah of Cliffwood,53,1,0,0.9057,0,0,0,0,0,0,0.0943,0,0.0938
Goshen School of Cosmetology,27,0,1,0,0.963,0,0,0.037,0,0,0,0,0.6857
IBS School of Cosmetology and Massage,64,0.0469,0.9531,0.2656,0.0313,0.0938,0.1563,0,0.2188,0.2188,0,0.0156,0.1402
UR Beauty & Barber Academy,24,0.5417,0.4583,0.2917,0.1667,0.4583,0,0,0,0.0833,0,0,0.4
Urban Barber College,163,0.7914,0.2086,0.1411,0.227,0.5644,0.0307,0,0,0.0061,0.0123,0.0184,0.625
Yeshivas Emek Hatorah,93,1,0,1,0,0,0,0,0,0,0,0,0.0968
Transitions Career Institute School of Nursing,182,0.1374,0.8626,0.0165,0.6319,0.0879,0.2198,0,0.044,0,0,0,0.4352
Wilton Simpson Technical College,114,0.7368,0.2632,0.6842,0.0877,0.1842,0,0,0.0175,0.0263,0,0,0.3488
Stacey James Institute,68,0.0294,0.9706,0.6471,0.0147,0.2059,0.0441,0.0294,0,0.0441,0,0.0147,0.1867
Seminary Bnos Chaim,177,0,1,1,0,0,0,0,0,0,0,0,0.645
Avenue Academy A Cosmetology Institute,97,0.0103,0.9897,0.2165,0,0.6392,0,0.0309,0.0103,0.1031,0,0,0.5632
Salon Professional Academy of San Antonio,114,0.0175,0.9825,0.2982,0.1404,0.0965,0.0088,0.0088,0,0.4474,0,0,0.5062
Red Lake Nation College,256,0.2695,0.7305,0,0,0.0039,0,0.9844,0,0.0117,0,0,0.8913
Princess Institute of Beauty,41,0.0244,0.9756,0.0488,0,0.9268,0.0244,0,0,0,0,0,0.5882
Vogue International Academy,9,0.1111,0.8889,0,0.4444,0.3333,0.1111,0,0,0,0,0.1111,0.4737
Independent Training & Apprenticeship Program,102,0.9608,0.0392,0.4412,0.0882,0.3627,0.049,0,0.0098,0.0294,0,0.0196,0.3894
Victory Career College,97,0.0825,0.9175,0.0515,0.1443,0.5155,0.1959,0,0,0.0825,0,0.0103,0.5482
Winonah's International School of Cosmetology,110,0.0273,0.9727,0.1364,0.7091,0.1455,0.0091,0,0,0,0,0,0.5222
Yeshiva Gedola Tiferes Yerachmiel,172,1,0,0.8953,0,0,0,0,0,0,0.1047,0,0.4326
Southeastern Esthetics Institute,318,0.0031,0.9969,0.305,0.5503,0.0786,0.0063,0,0.0031,0.0346,0,0.022,0.465
Installer Institute,14,1,0,0,0.2143,0.2857,0,0,0.5,0,0,0,0.4762
Caris College,189,0.0317,0.9683,0.7672,0.1376,0.0317,0.0106,0.0106,0.0053,0.037,0,0,0.5798
Contra Costa Medical Career College,337,0.1009,0.8991,0.1424,0.1276,0.5401,0.1009,0.0059,0.0119,0.0208,0,0.0504,0.0682
Another Level Barbering and Cosmetology School,77,0.3896,0.6104,0.026,0.9221,0.013,0,0,0,0.039,0,0,0.8049
The Salon Professional Academy-Georgetown,72,0.0139,0.9861,0.6528,0.0278,0.1389,0.0278,0,0.0139,0.1389,0,0,0.3978
Elite Academy of Hair Design,84,0.0238,0.9762,0.8095,0.0714,0.0357,0,0.0119,0,0.0714,0,0,0.551
Americare Technical School,28,0.2857,0.7143,0.1786,0.25,0.1429,0.3929,0.0357,0,0,0,0,0.2136
Champion Christian College,128,0.6875,0.3125,0.5859,0.2188,0.0547,0.0078,0.0391,0,0.0625,0.0156,0.0156,0.6111
Chicago Professional Center,92,1,0,0.4239,0.0761,0.3587,0.0761,0.0109,0.0217,0.0217,0,0.0109,0
D&S School of Cosmetology,3,0,1,0.3333,0.6667,0,0,0,0,0,0,0,0.3
DSDT,202,0.5891,0.4109,0.1485,0.6733,0.1188,0.0149,0,0.0099,0.0347,0,0,0.0824
Elite Beauty College,16,0,1,0.3125,0.125,0,0.0625,0.4375,0,0.0625,0,0,0.625
GoodFellas Barber College,34,0.8824,0.1176,0,1,0,0,0,0,0,0,0,0.5439
Escondido Adult School,195,0.2821,0.7179,0.4051,0.041,0.4718,0.0769,0,0,0.0051,0,0,0
Poway Adult School,153,0.2484,0.7516,0.4706,0.0261,0.2745,0.1961,0.0196,0.0131,0,0,0,0
Vista Adult School,127,0.1496,0.8504,0.2283,0.0394,0.6929,0.0079,0.0079,0,0.0236,0,0,0
The Salon Professional Academy-Delray Beach,32,0.2813,0.7188,0.25,0.5,0,0,0,0,0.25,0,0,0.4588
No Grease Barber School,15,0.8667,0.1333,0,0.8,0.1333,0,0,0,0,0,0.0667,1
Pima Medical Institute-San Marcos,630,0.2508,0.7492,0.2508,0.0397,0.5032,0.0921,0.0048,0.0175,0.0873,0,0.0048,0.4229
EDP University of Puerto Rico-Villalba,281,0.2064,0.7936,0,0,1,0,0,0,0,0,0,0.6991
The Chicago School at Dallas,4,0.25,0.75,0,0.75,0.25,0,0,0,0,0,0,NA
American Massage & Bodywork Institute,105,0.2762,0.7238,0.2095,0.419,0.1905,0.0476,0,0.0095,0.0762,0,0.0476,0.5698
KCK Beauty & Barber Academy,33,0.5758,0.4242,0.1212,0.8485,0,0,0,0.0303,0,0,0,0.5581
California College of Barbering and Cosmetology,272,0.1397,0.8603,0.2243,0.1213,0.5257,0.0368,0.0147,0.0588,0.0074,0.011,0,0.666
Texas Tech University Health Sciences Center-El Paso,235,0.1532,0.8468,0.0298,0.0426,0.8766,0,0.0085,0,0.0085,0,0.034,0.531
The College of Health Care Professions-South San Antonio,390,0.0846,0.9154,0.0769,0.0487,0.8564,0.0026,0,0,0.0103,0,0.0051,0.732
Innovate Salon Academy,153,0.2157,0.7843,0.1895,0.5752,0.2157,0,0,0,0.0065,0,0.0131,0.5078
Chamberlain University-Louisiana,516,0.0911,0.9089,0.2655,0.5814,0.0872,0.0194,0.0078,0.0039,0.0116,0.0019,0.0213,0.3616
Drury University-College of Continuing Professional Studies,694,0.3329,0.6671,0.6974,0.062,0.1182,0.0202,0.0058,0.0043,0.0317,0.0029,0.0576,0.5876
Global Medical & Technical Training Institute,524,0.1336,0.8664,0,0,1,0,0,0,0,0,0,0.985
Salon Success Academy-West Covina,82,0.0366,0.9634,0.0122,0,0.8902,0.0122,0,0,0,0,0.0854,0.4935
Indiana Institute of Technology-College of Professional Studies,2446,0.3872,0.6128,0.5266,0.2866,0.0597,0.0106,0.009,0.002,0.0339,8e-4,0.0707,0.5261
Advantage Technical College,283,0.258,0.742,0,0,1,0,0,0,0,0,0,0.5279
Institute of Culinary Education,452,0.5088,0.4912,0.1327,0.042,0.6925,0.0664,0.0022,0.0022,0.0221,0.0265,0.0133,0.2958
Universal Technical Institute-Bloomfield,1200,0.9592,0.0408,0.1883,0.1067,0.5042,0.0267,0.0025,0.0017,0.1108,8e-4,0.0583,0.529
Gould's Academy,177,0.1186,0.8814,0.4576,0.4294,0.0734,0.0056,0,0,0.0282,0,0.0056,0.5776
Urban Academy of Beauty,0,0,0,0,0,0,0,0,0,0,0,0,0.4706
WellSpring School of Allied Health-Springfield,79,0.2152,0.7848,0.8228,0.0127,0.0633,0,0,0.0127,0.0759,0,0.0127,0.7676
Medical Career College of Northern California,10,0.4,0.6,0.3,0.1,0.3,0,0,0,0,0,0.3,1
Premiere International College,106,0.1698,0.8302,0.0849,0.566,0.1698,0.1698,0,0,0.0094,0,0,0.4545
San Diego Global Knowledge University,98,0.5306,0.4694,0.102,0.1122,0.2143,0.051,0,0.0102,0,0.5102,0,0.053
Global Tech College,63,0.5714,0.4286,0.3492,0.3651,0.1746,0.0476,0,0,0.0159,0,0.0476,0.4359
Crown Cutz Academy Bristol,32,0.4688,0.5313,0.6563,0.1563,0,0.0625,0,0.0625,0.0625,0,0,0.493
MCI,117,0.8974,0.1026,0.0171,0,0.9744,0,0,0,0,0,0.0085,0.2659
Central Pennsylvania Diesel Institute,22,0.9545,0.0455,0.7273,0.1364,0.0455,0,0,0,0.0909,0,0,0.3333
Bellasa Professional Institute,90,0.0111,0.9889,0.1111,0.2889,0.6,0,0,0,0,0,0,0.1456
PMCA Pittsburgh Multicultural Cosmetology Academy,16,0,1,0.1875,0.75,0.0625,0,0,0,0,0,0,0.5455
Health and Technology Training Institute,57,0.0526,0.9474,0.0526,0.8246,0.0702,0.0526,0,0,0,0,0,0.4868
Yeshiva of Ocean,57,1,0,0.9825,0,0,0,0,0,0,0.0175,0,0.625
Congregation Talmidei Mesivta Tiferes Shmiel Aleksander,169,1,0,1,0,0,0,0,0,0,0,0,0.7765
Young Americans College of the Performing Arts,16,0.5,0.5,0.25,0.25,0.1875,0.0625,0,0.0625,0.1875,0,0,0.1304
Pro Beauty Academy,100,0.1,0.9,0.31,0.32,0.23,0.1,0,0,0.01,0.01,0.02,0.1613
South Eastern Beauty Academy,19,0.0526,0.9474,1,0,0,0,0,0,0,0,0,0.8143
Ohel Margulia Seminary,243,0,1,1,0,0,0,0,0,0,0,0,0.8171
Montana Barber Institute,16,0.8125,0.1875,0,0.25,0.75,0,0,0,0,0,0,0.381
Yeshivat Hechal Shemuel,65,1,0,0.9846,0,0,0,0,0,0,0.0154,0,0.3667
Professional University Dr. Carlos J. Borrero Rios,5,0.6,0.4,0,0,1,0,0,0,0,0,0,NA
American Institute of Healthcare & Technology,94,0.0745,0.9255,0.3085,0.3404,0.266,0.0319,0.0106,0,0.0106,0,0.0319,0.3226
Premier Academy of Cosmetology,40,0,1,0.675,0,0.05,0,0.275,0,0,0,0,0.6964
Yeshiva Gedolah of Woodlake Village,79,1,0,0.8481,0,0,0,0,0,0,0.1519,0,0.3165
Yeshiva Gedola Tiferes Yaakov Yitzchok,69,1,0,1,0,0,0,0,0,0,0,0,0.1912
Houston Barber School,225,0.7867,0.2133,0.0356,0.6578,0.2978,0.0089,0,0,0,0,0,0.7575
Health-Tech Institute of Memphis,4,0,1,0,1,0,0,0,0,0,0,0,0
MIXED Institute of Cosmetology & Barber,139,0.3381,0.6619,0.0791,0.4029,0.259,0.0791,0.0072,0.0072,0.0719,0,0.0935,0.581
Vski Cosmetology School,24,0,1,0.9167,0.0833,0,0,0,0,0,0,0,0.3333
New York Seminary,120,0,1,1,0,0,0,0,0,0,0,0,0.3684
Deluxe Barber College,103,0.835,0.165,0.0194,0.4078,0.5631,0,0,0,0,0,0.0097,0.619
Falcon Institute of Health and Science,186,0.0914,0.9086,0.1022,0.4409,0.2796,0.0161,0,0,0.0484,0,0.1129,0.4938
College Unbound,398,0.2462,0.7538,0.1583,0.3392,0.3618,0.0101,0.0151,0,0.0503,0,0.0653,0.5684
Midwest Barber College,32,0.8438,0.1563,0.2813,0.3125,0.25,0,0,0,0.1563,0,0,0.4545
A Better U Beauty Barber Academy,52,0.7692,0.2308,0.0385,0.1154,0.7692,0.0192,0.0577,0,0,0,0,0.8784
SANS Technology Institute,643,0.8491,0.1509,0.6003,0.0669,0.1322,0.084,0.0031,0.0047,0.0295,0.0638,0.0156,0
Tuana European Beauty Academy,39,0.0256,0.9744,0.5897,0.0256,0.3333,0,0.0256,0,0,0,0.0256,0.4583
College of Athens,70,0.8,0.2,0.3,0.0429,0.0286,0,0,0,0.0143,0,0.6143,0
Southern Careers Institute-Waco,205,0.2,0.8,0.239,0.3024,0.3415,0.0098,0,0.0098,0.0244,0,0.0732,0.645
Elevate Salon Institute,85,0,1,0.2,0.6471,0.1059,0,0,0,0.0471,0,0,0.28
Lil Lou's Beauty and Barber College-Hammond,24,0.7917,0.2083,0.0417,0.7083,0.25,0,0,0,0,0,0,0.8824
Arizona College of Nursing-Dallas,383,0.1175,0.8825,0.188,0.5091,0.1932,0.0705,0,0,0.0313,0,0.0078,0.6542
The Salon Professional Academy-Washington DC,117,0.0427,0.9573,0.0342,0.8034,0.1026,0,0,0,0,0,0.0598,0.1568
Valley College-Cleveland,787,0.0508,0.9492,0.1334,0.6112,0.0394,0.0064,0.0064,0,0.0267,0,0.1766,0.7717
EDP University of Puerto Rico-Humacao,269,0.1896,0.8104,0,0,1,0,0,0,0,0,0,0.6214
EDP University of Puerto Rico-Manati,449,0.2739,0.7261,0,0,1,0,0,0,0,0,0,0.3705
UEI College-Sacramento,1086,0.4972,0.5028,0.0451,0.1105,0.2274,0.0562,0.0046,0.0138,0.0414,0,0.5009,0.7239
Fortis Institute-Cookeville,301,0.186,0.814,0.8538,0.0365,0.0631,0.0133,0.01,0.0066,0.0166,0,0,0.7258
Derech Hachaim Seminary,285,0,1,1,0,0,0,0,0,0,0,0,0.6207
Evvaylois Academy School of Beauty,14,0.0714,0.9286,0.2143,0.2857,0.4286,0,0,0,0.0714,0,0,0.5789
Avenue Five Institute-South Austin Campus,131,0.0153,0.9847,0.3588,0.0534,0.4809,0.0076,0.0076,0,0.084,0,0.0076,0.5176
Sattler College,55,0.7273,0.2727,0.7818,0,0,0,0,0,0,0.2182,0,0
Pima Medical Institute-San Antonio,341,0.176,0.824,0.2053,0.0968,0.5924,0.0235,0.0059,0.0029,0.0733,0,0,0.5148
Faith Theological Seminary and Christian College,63,0.5238,0.4762,0.2857,0.3016,0.3968,0,0,0,0.0159,0,0,NA
The Southwestern Baptist Theological Seminary,334,0.6946,0.3054,0.476,0.024,0.1796,0.053900000000000003,0.006,0,0.012,0.1617,0.0868,0
Lotus Professional College,157,0.1019,0.8981,0.4395,0.3503,0.0701,0.051,0.0064,0,0.0764,0,0.0064,0.4819
Christ Mission College,43,0.5349,0.4651,0.0465,0,0.814,0,0.0233,0,0,0.1163,0,0.5957
Esteem Academy of Beauty,58,0,1,0.6552,0,0.2931,0,0,0,0.0517,0,0,0.25
KC Beauty Academy,49,0.1224,0.8776,0.1224,0.0408,0.7347,0.0612,0,0,0.0204,0.0204,0,0.5225
Urshan College,512,0.4121,0.5879,0.707,0.0469,0.1602,0.0098,0.0137,0,0.0547,0,0.0078,0.3996
Texas Healthtech Institute,83,0.0482,0.9518,0.2289,0.6867,0.0241,0.0482,0,0,0,0,0.012,0.6324
Xtylo Beauty College,35,0.0286,0.9714,0.0571,0,0.8571,0,0,0,0,0.0857,0,0.45
Tonsorial Arts Barber College,107,0.4299,0.5701,0.0654,0.7944,0.0935,0,0.0093,0,0.0187,0,0.0187,0.8934
Michael's Barber & Hair Stylist Academy,49,0.8163,0.1837,0.0408,0.7143,0.2041,0.0408,0,0,0,0,0,0.8488
Yeshiva Yesoda Hatorah Vetz Chaim,205,1,0,1,0,0,0,0,0,0,0,0,0.8315
North-West College-San Diego,551,0.1797,0.8203,0.2015,0.1107,0.2976,0.2486,0.0036,0.0218,0.1089,0,0.0073,0.4924
West Virginia Junior College-United Career Institute,57,0.1404,0.8596,0.8246,0.1404,0,0.0351,0,0,0,0,0,0.75
Aviation Institute of Maintenance-Charlotte,212,0.9151,0.0849,0.3396,0.4245,0.1651,0.0236,0.0047,0,0.0377,0,0.0047,0.574
Ponce Health Sciences University-East,65,0.1385,0.8615,0.0308,0,0.9692,0,0,0,0,0,0,0.8696
Fortis College-Landover,576,0.0816,0.9184,0.0747,0.6406,0.2222,0.026,0.0017,0.0035,0.0226,0,0.0087,0.7253
Stautzenberger College-Rockford Career College,733,0.3015,0.6985,0.3479,0.3015,0.2838,0.0095,0.0014,0.0014,0.0491,0,0.0055,0.7167
WellSpring School of Allied Health-Wichita,67,0.1493,0.8507,0.6418,0.1343,0.1045,0.0149,0.0149,0,0.0896,0,0,0.8345
Access Careers-Islandia,314,0.1592,0.8408,0.1688,0.4459,0.3248,0.0541,0,0,0.0064,0,0,0.0197
Northern Pennsylvania Regional College,62,0.2742,0.7258,0.8226,0.0161,0.0806,0,0,0,0.0484,0,0.0323,0
Apex College of Veterinary Technology,30,0.0667,0.9333,0.6667,0,0.2,0.0333,0.0333,0,0.0333,0,0.0333,0.3611
Meryma'at Barber College,51,0.8627,0.1373,0.2549,0.4314,0.3137,0,0,0,0,0,0,0.9706
Western Maricopa Education Center,220,0.8136,0.1864,0.2636,0.0182,0.3864,0.0227,0.0091,0.0045,0.0864,0,0.2091,0.1677
Bais Medrash of Dexter Park,22,1,0,1,0,0,0,0,0,0,0,0,0.2059
Makana Esthetics Wellness Academy,68,0,1,0.25,0.0294,0.0441,0.25,0,0.1618,0.25,0,0.0147,0.3861
Oak Valley College,52,0.4423,0.5577,0.3654,0.1154,0.5,0,0,0,0.0192,0,0,0.4468
Paul Mitchell the School-San Jose,108,0.037,0.963,0.1574,0.037,0.6944,0.0556,0,0,0.0185,0,0.037,0.7125
Zion Massage College,64,0.1563,0.8438,0.7656,0,0.125,0.0469,0,0.0313,0.0313,0,0,0.375
Great Lakes Boat Building School,28,0.8929,0.1071,0.8929,0,0.0357,0,0,0,0.0714,0,0,0.3478
Austin Career Institute,51,0.8039,0.1961,0.2353,0.0588,0.6471,0,0,0,0,0,0.0588,0.5782
Professional Culinary Academy,17,0.7059,0.2941,0.2353,0.5294,0.2353,0,0,0,0,0,0,0.7308
Pacific Northwest Christian College,129,0.8062,0.1938,0.3101,0.0543,0.5349,0,0.0155,0.0155,0.0698,0,0,0.4699
Hollywood Cultural College,35,0.4857,0.5143,0,0,0.8286,0,0,0,0.0286,0.0857,0.0571,0.2034
Mariano Moreno Culinary Institute,141,0.3191,0.6809,0.0851,0.078,0.6738,0.0071,0.0071,0.0071,0,0.1418,0,0.3661
Webb's Barber School of Arts,18,0.6111,0.3889,0.0556,0.9444,0,0,0,0,0,0,0,0.5556
Adrian H. Wallace Barber Academy,29,0.8276,0.1724,0.2759,0.6552,0.069,0,0,0,0,0,0,0.7736
St. Louis Med Tech,9,0,1,0,0,0,0,0,0,1,0,0,0.75
Total Beauty Institute,23,0.0435,0.9565,0.1304,0.8696,0,0,0,0,0,0,0,0.7143
Pearlands Innovative School of Beauty,84,0.0357,0.9643,0.0714,0.6429,0.2738,0.0119,0,0,0,0,0,0.9355
Durant Institute of Hair Design,41,0.0976,0.9024,0.5366,0.0244,0.0976,0,0.2927,0,0.0488,0,0,0.6056
Premiere Aesthetics Institute,52,0.0192,0.9808,0.75,0,0.0577,0,0,0.0385,0.1538,0,0,0.3404
California Indian Nations College,111,0.2703,0.7297,0.018,0,0.4775,0,0.3964,0,0.0901,0.009,0.009,0
Indian Bible College,30,0.5667,0.4333,0.2,0.0333,0,0,0.7667,0,0,0,0,0.6563
Florida Professional Institute,104,0.2115,0.7885,0.2692,0.0192,0.6538,0,0,0,0.0577,0,0,0.4963
The Professional Cosmetology Academy,120,0.1917,0.8083,0.0083,0,0.9667,0,0,0,0,0.0167,0.0083,0.6901
Taylor Andrews Academy of Hair Design-Hair Lab Detroit Barber School,53,0.7736,0.2264,0.283,0.434,0.2075,0,0,0,0.0377,0,0.0377,0.4324
Paul Mitchell the School-North Tahoe,9,0.4444,0.5556,0.6667,0.1111,0.1111,0,0,0,0.1111,0,0,0.375
Paul Mitchell the School-Fort Lauderdale,72,0.0278,0.9722,0.1528,0.5278,0.2778,0.0139,0.0139,0,0.0139,0,0,0.578
PCI Academy-Iowa City,103,0.0291,0.9709,0.7767,0.0777,0.1262,0.0097,0,0,0.0097,0,0,0.3139
Larry's Barber College,30,0.7667,0.2333,0,0.8333,0.1667,0,0,0,0,0,0,0.8788
Paul Mitchell the School-Provo,135,0.1556,0.8444,0.7111,0.0222,0.1704,0.0074,0.0074,0,0.0741,0,0.0074,0.447
Arizona College of Nursing-Tampa,337,0.1217,0.8783,0.276,0.2404,0.3769,0.0386,0,0.0089,0.0564,0.003,0,0.5311
Arizona College of Nursing-Fort Lauderdale,412,0.0825,0.9175,0.0995,0.6602,0.1893,0.0218,0,0.0049,0.0218,0.0024,0,0.6667
Arizona College of Nursing-Tucson,566,0.1219,0.8781,0.2739,0.0512,0.5901,0.0353,0.0159,0.0053,0.023,0,0.0053,0.6415
Arizona College of Nursing-Phoenix,1062,0.1168,0.8832,0.306,0.1111,0.4143,0.0424,0.0113,0.0019,0.1055,0,0.0075,0.5255
Empire Beauty School-Newport News,78,0,1,0.2564,0.4487,0.1026,0,0,0,0,0,0.1923,0.4924
Tricoci University of Beauty Culture-Normal,92,0.0109,0.9891,0.5978,0.1848,0.1196,0.0326,0,0,0.0652,0,0,0.5205
Elite Welding Academy,29,0.9655,0.0345,0.069,0.1034,0.3448,0,0.0345,0,0.0345,0,0.4138,0.449
Paul Mitchell the School-Murfreesboro-Nashville,266,0.0301,0.9699,0.594,0.3008,0.0451,0.0038,0.0038,0,0.0451,0.0038,0.0038,0.47
Dorsey College-Woodhaven,212,0.2594,0.7406,0.3868,0.4387,0.0377,0.033,0.0094,0,0.0519,0,0.0425,0.822
Pathways College,9,0.1111,0.8889,0.5556,0,0.2222,0,0.1111,0,0.1111,0,0,0
San Joaquin Valley College-Delano,83,0.0843,0.9157,0.0361,0,0.9036,0.0482,0,0.012,0,0,0,0.7557
San Joaquin Valley College-Rancho Mirage,242,0.4669,0.5331,0.124,0.0537,0.719,0.0248,0.0041,0.0083,0.0041,0,0.062,0.6055
San Joaquin Valley College-Santa Maria,163,0.1043,0.8957,0.1104,0.0245,0.7546,0.0307,0.0123,0.0184,0.0184,0,0.0307,0.6209
Advantage Technical College-Aguadilla,251,0.2789,0.7211,0,0,1,0,0,0,0,0,0,0.5657
San Joaquin Valley College-Porterville,98,0.0816,0.9184,0.051,0.0102,0.8367,0.0102,0.0204,0.0102,0,0,0.0612,0.8226
Ruben's Five Star Academy,11,0.8182,0.1818,0.0909,0.4545,0.3636,0,0,0,0,0,0.0909,0.5
Mason Anthony School of Cosmetology Arts & Sciences,175,0.0457,0.9543,0.5086,0.1714,0.0971,0.1714,0,0,0.04,0,0.0114,NA
California Institute of Arts & Technology-National City,1410,0.8092,0.1908,0.2234,0.278,0.1532,0.0454,0.0071,0.0128,0.2801,0,0,0.1648
Triangle Tech-Chambersburg,63,0.8889,0.1111,0.873,0,0.1111,0,0.0159,0,0,0,0,0.52
Provo College-Idaho Falls Campus,226,0.1195,0.8805,0.677,0.0088,0.1018,0.0221,0.0088,0.0088,0,0,0.1726,0.6105
Eagle Gate College-Boise Campus,467,0.1199,0.8801,0.6017,0.0407,0.1435,0.0236,0.0128,0.0107,0.0021,0,0.1649,0.4866
Elite Welding Academy South Point,17,0.8235,0.1765,1,0,0,0,0,0,0,0,0,0.6667
Agape College of Business and Science,41,0.0976,0.9024,0.0488,0.3171,0.6341,0,0,0,0,0,0,0.4054
Zorganics Institute of Beauty and Wellness,11,0,1,0.2727,0.1818,0.3636,0,0.0909,0,0.0909,0,0,0
Motion Picture Institute,56,0.6607,0.3393,0.6786,0.2321,0.0536,0.0179,0.0179,0,0,0,0,0.1284
Zen Shiatsu Chicago,95,0.2,0.8,0.3895,0.0947,0.1368,0.0316,0.0105,0,0.0211,0,0.3158,0.0686
The  Salon Professional Academy of Holland,72,0.0139,0.9861,0.9028,0.0278,0.0556,0.0139,0,0,0,0,0,0.2203
Dymond Designs Beauty School,69,0.0145,0.9855,0,0.9855,0.0145,0,0,0,0,0,0,0.2444
National Institute for Medical Assistant Advancement (NIMAA),203,0.0887,0.9113,0.3005,0.0985,0.4187,0.0345,0.0394,0.0591,0.0345,0.0049,0.0099,0.3738
California Northstate University,69,0.3478,0.6522,0.1884,0.058,0,0.6232,0,0,0.058,0,0.0725,0
Antigua College International,266,0.1955,0.8045,0.015,0.0714,0.9098,0,0,0,0,0,0.0038,0.7371
Burlington County Institute of Technology-Adult Education,112,0.5536,0.4464,0.5,0.25,0.0804,0.0625,0,0.0089,0.0625,0,0.0357,0.0642
Sri Sai Krish Institute,61,0.1311,0.8689,0,0.1148,0.5082,0.377,0,0,0,0,0,0.303
Riggins Urban Barber College,43,0.6744,0.3256,0.0465,0.5814,0.2326,0.0698,0.0233,0,0.0465,0,0,0.2952
Hair Arts Institute,32,0.125,0.875,0.8438,0.0313,0.0625,0,0.0313,0,0.0313,0,0,0.5
Florida Academy of Nursing,54,0.037,0.963,0.0556,0.8148,0.0556,0.0185,0,0,0,0,0.0556,0.662
Body Wisdom Massage Therapy School,36,0.1944,0.8056,0.8056,0.0833,0.0556,0,0,0,0.0556,0,0,0.05
Lakewood University,100,0.59,0.41,0.2,0.62,0.13,0.02,0.03,0,0,0,0,0.0549
CTK Healthcare & Career Institute,45,0.2222,0.7778,0,0.4222,0,0.5778,0,0,0,0,0,0.4626
Aesthetics Institute,16,0,1,0,0,0,0,0,0,1,0,0,0.2143
Sierra Academy of Style,94,0.0426,0.9574,0.5532,0.0106,0.2979,0,0.0319,0.0213,0.0638,0.0213,0,0.4968
Institute of Allied Healthcare,69,0.1739,0.8261,0.1594,0.1884,0.4638,0.0145,0,0,0.1739,0,0,0
NewU University,34,0.5882,0.4118,0,0.6176,0.2353,0.0588,0,0,0.0882,0,0,0
Branford Academy of Hair & Cosmetology-Bridgeport,36,0.0556,0.9444,0,0.6667,0.3056,0.0278,0,0,0,0,0,1
United Education Institute-Las Vegas,749,0.4806,0.5194,0.0387,0.1656,0.2523,0.0053,0.0013,0.0107,0.0227,0,0.5033,0.7129
UEI College-Mesa,565,0.492,0.508,0.0566,0.0549,0.2478,0.0053,0.1239,0.0053,0.0018,0,0.5044,0.7316
Larry's Barber College-Joliet,22,0.7273,0.2727,0,0.4545,0.5455,0,0,0,0,0,0,1
Herzing University-Tampa,237,0.1224,0.8776,0.2658,0.4093,0.2152,0.0295,0.0084,0,0.0169,0,0.0549,0.4865
Galen Health Institutes-Miami Campus,635,0.1291,0.8709,0.1039,0.474,0.2425,0.0205,0.0047,0.0047,0.0094,0,0.1402,0.5478
Remington College-Online Dallas,111,0.2793,0.7207,0.0541,0.3874,0.009,0,0,0,0.009,0,0.5405,0.8894
Abilene Christian University-Undergraduate Online,918,0.159,0.841,0.4499,0.195,0.2364,0.0142,0.0033,0,0.0338,0.0098,0.0577,0.5992
Madera Community College,3852,0.3479,0.6521,0.17,0.0293,0.6778,0.0807,0.0039,0.001,0.0286,0,0.0086,0.1806
Ogle School Hair Skin Nails-Willowbrook,438,0.0251,0.9749,0.1073,0.5228,0.274,0.0183,0.0091,0.0023,0.0571,0,0.0091,0.654
University of Silicon Andhra,87,0.1264,0.8736,0,0,0,0.6207,0,0,0,0.3793,0,0
Galen Health Institutes-Austin Campus,917,0.1243,0.8757,0.2715,0.289,0.2301,0.048,0.0044,0.0011,0.0327,0,0.1232,0.5144
Galen Health Institutes-Nashville Campus,763,0.1022,0.8978,0.4731,0.2936,0.055,0.0157,0.0079,0.0026,0.0236,0,0.1284,0.4218
Ohio Business College-Dayton-Driving Academy,126,0.873,0.127,0.4683,0.4921,0.0079,0.0079,0,0,0,0,0.0238,0.0323
The Rapha School,51,0.098,0.902,0.8824,0.098,0,0.0196,0,0,0,0,0,0.5273
Academy of Allied Health Careers,196,0.0714,0.9286,0.5408,0.3469,0.051,0.0051,0.0102,0,0.0408,0,0.0051,0.3214
Mei Barber School,96,0.8333,0.1667,0,0,0.9583,0,0,0,0,0.0417,0,0.4663
Great Northern University,36,0.4444,0.5556,0.7778,0,0.1667,0.0278,0,0,0,0,0.0278,0.4571
Salon Professional Academy-Elevate Salon Institute,55,0.0909,0.9091,0.3636,0.1273,0.3818,0.0545,0,0.0182,0.0182,0,0.0364,0.3784
Arizona College of Nursing-Salt Lake City,323,0.0929,0.9071,0.6347,0.0402,0.2012,0.0433,0.0093,0.031,0.0372,0,0.0031,0.4845
Arizona College-Glendale,306,0.134,0.866,0.2059,0.1895,0.4739,0.0196,0.0392,0.0098,0.0621,0,0,0.7263
Universal Technical Institute-West Texas,955,0.9194,0.0806,0.2492,0.0702,0.512,0.0094,0.0042,0.0073,0.1257,0,0.022,0.656
Avalon Institute-Las Vegas,342,0.0526,0.9474,0.1433,0.2251,0.4181,0.076,0.0058,0.0058,0.0994,0,0.0263,0.7278
Medspa Academies-National Institute of Modern Aesthetics,176,0.017,0.983,0.3352,0.0795,0.3068,0.0852,0.0114,0.0284,0.1136,0,0.0398,0.4343
American Institute-Cherry Hill,400,0.2525,0.7475,0.17,0.47,0.28,0.015,0,0.0025,0.0625,0,0,0.8458
Glendale Career College-North-West College-Bakersfield,387,0.1344,0.8656,0.1628,0.0879,0.4522,0.0879,0.0052,0.0078,0.1938,0,0.0026,0.6658
Barber Education Academy,43,0.4884,0.5116,0.0233,0,0.9535,0,0,0,0.0233,0,0,0.6833
Legends Barber College,28,0.6786,0.3214,0.0714,0.5357,0.3929,0,0,0,0,0,0,0.7872
Academia Medical Institute,133,0.0677,0.9323,0.0752,0.9173,0,0.0075,0,0,0,0,0,0.7763
Barbers Trade School,14,1,0,0.2143,0.6429,0.1429,0,0,0,0,0,0,0.8113
Top of the Line Barber School,98,0.7653,0.2347,0.102,0.3265,0.5204,0,0,0,0.0306,0,0.0204,0.5724
Bridges Christian College,108,0.5463,0.4537,0.7778,0.1389,0.0741,0,0,0,0.0093,0,0,0.4262
Kino College,29,0.2069,0.7931,0.2759,0.0345,0.4828,0.0345,0,0,0.0345,0,0.1379,0.6786
Salon Professional Academy,143,0.0629,0.9371,0.5455,0.1119,0.2937,0.028,0.007,0.014,0,0,0,0.3394
Southern California College of Barber and Beauty,75,0.36,0.64,0.12,0.12,0.7067,0,0.0133,0,0.04,0,0,0.5378
Hello Gorgeous Barbers Stillwater's School of Barbering,19,0.3684,0.6316,0.8947,0.0526,0,0,0,0,0.0526,0,0,0.4324
Jackson Theological Seminary,1,1,0,0,1,0,0,0,0,0,0,0,NA
Redeemers University North America,6,0.3333,0.6667,0,1,0,0,0,0,0,0,0,0.0061
Personal Touch Beauty and Barber College,12,0.4167,0.5833,0.0833,0.9167,0,0,0,0,0,0,0,0.7857
Reach University,1226,0.0718,0.9282,0.5734,0.2749,0.0783,0.0065,0.0106,0.0041,0.022,0,0.0302,0.6111
Technology Learning Center,24,0.9167,0.0833,0.7083,0.2917,0,0,0,0,0,0,0,0.1786
Hair Academy,9,0,1,0.8889,0.1111,0,0,0,0,0,0,0,0.36
Sweetwater Institute of Cosmetology,33,0.0303,0.9697,0.9091,0,0.0606,0.0303,0,0,0,0,0,0.4872
American College of Healthcare and Technology-Santa Ana,85,0.0471,0.9529,0.1059,0.0118,0.8353,0.0235,0,0,0.0118,0,0.0118,0.8704
Aviation Institute of Maintenance-Chicago,221,0.8914,0.1086,0.095,0.4299,0.3937,0.0271,0.0136,0.0045,0.0362,0,0,0.7
Evangel University-College of Online Learning,213,0.4272,0.5728,0.8075,0.0188,0.108,0.0282,0.0141,0,0.0047,0.0047,0.0141,0.525
Marian University-Ancilla,217,0.4608,0.5392,0.576,0.2028,0.1198,0,0,0,0.0599,0.0184,0.023,0.5066
Spa Tech Institute-North Andover,144,0.0625,0.9375,0.4514,0.0694,0.3681,0.0625,0.0069,0,0.0347,0,0.0069,0.3607
Aveda Arts & Sciences Institute Lafayette-Arlington,211,0.0616,0.9384,0.2322,0.4171,0.1943,0.019,0.0047,0.0047,0.0284,0,0.0995,0.504
Concorde Career College-Broadway,31,0.0323,0.9677,0.1613,0.3871,0.1613,0,0.0323,0.0323,0.0323,0,0.1935,0.662
United Education Institute-Stone Mountain,785,0.3822,0.6178,0.0089,0.4013,0.0535,0.0051,0.0025,0.0038,0.0089,0,0.5159,0.8664
UEI College-Tacoma,557,0.3501,0.6499,0.1005,0.0646,0.1724,0.0108,0.0126,0.0431,0.0233,0,0.5727,0.6954
Montgomery Beauty School-Baltimore Beauty & Barber School,252,0.4524,0.5476,0.0476,0.881,0.0635,0,0.0079,0,0,0,0,0.3941
Commonwealth of Puerto Rico Department of Education-PRAMI,81,0.8889,0.1111,0,0,1,0,0,0,0,0,0,0
Universal Technical Institute-South Florida Miramar,497,0.9638,0.0362,0.1328,0.2072,0.4708,0.0141,0.006,0.002,0.1087,0,0.0584,0.807
Arizona College of Nursing-Southfield,415,0.0675,0.9325,0.253,0.6241,0.0482,0.0193,0.0072,0.0024,0.0458,0,0,0.6667
Galen Health Institutes-Sarasota,404,0.1015,0.8985,0.4257,0.255,0.1287,0.0149,0.0099,0.0025,0.0347,0,0.1287,0.5154
Galen Health Institutes-Gainesville,638,0.1144,0.8856,0.315,0.4075,0.0455,0.0266,0.0031,0,0.0298,0,0.1724,0.6563
Galen Health Institutes-Richmond,374,0.0481,0.9519,0.2326,0.492,0.0561,0.0374,0.0027,0.0027,0.0214,0,0.1551,0.4575
Galen Health Institutes-Myrtle Beach,629,0.0763,0.9237,0.496,0.2734,0.0397,0.0048,0.0032,0.0016,0.0334,0,0.1479,0.4286
Galen Health Institutes-Asheville,183,0.1038,0.8962,0.5574,0.2186,0.0492,0,0,0.0055,0.0273,0,0.1421,0.5769
The Salon Professional Academy Maplewood,73,0.0137,0.9863,0.7534,0.0411,0.0548,0.1233,0,0,0.0274,0,0,0.2115
Xtylo Beauty College,93,0.0215,0.9785,0.0323,0,0.828,0.043,0,0,0,0.0968,0,0.4405
San Francisco School of Massage & Bodywork,131,0.2901,0.7099,0.3817,0.0458,0.1603,0.1527,0,0.0229,0.1374,0.0916,0.0076,0.1104
Chancellor Institute,102,0.049,0.951,0.2255,0.5784,0.1667,0,0,0.0098,0.0196,0,0,0.314
The Salon Professional Academy,72,0.0417,0.9583,0.7222,0.0972,0.0833,0,0,0,0.0972,0,0,0.069
Studio 75 Hair Academy,12,0,1,0.25,0.75,0,0,0,0,0,0,0,0.6
Commercial Diving Technologies Institute,177,0.9322,0.0678,0.904,0.0169,0.0113,0,0,0,0,0,0.0678,0.3493
Boone Career and Technical Center,85,0.4235,0.5765,0.9882,0.0118,0,0,0,0,0,0,0,0.1988
Edge Academy of Beauty,37,0.0541,0.9459,0.9189,0,0,0,0.027,0,0.0541,0,0,0.4203
Premier Barber School,48,0.7917,0.2083,0.0208,0.7083,0.2708,0,0,0,0,0,0,0.2069
Arizona College of Nursing-Falls Church,284,0.0775,0.9225,0.1303,0.5211,0.1972,0.0915,0.0035,0.0106,0.0458,0,0,0.5208
Arizona College of Nursing-Ontario,279,0.1183,0.8817,0.0717,0.1254,0.5771,0.0896,0.0036,0.0072,0.1004,0,0.0251,0.5933
Galen Health Institutes-Houston,543,0.0718,0.9282,0.1234,0.4899,0.105,0.0387,0.0074,0.0018,0.0074,0,0.2265,NA
Galen Health Institutes-Pikeville,122,0.1066,0.8934,0.9262,0.0082,0.0082,0,0,0,0.0082,0,0.0492,0.7308
Stellar Career College,78,0.1154,0.8846,0.0128,0.1795,0.7692,0.0385,0,0,0,0,0,0.6468
Commonwealth University of Pennsylvania,9309,0.3962,0.6038,0.7739,0.059,0.0686,0.0108,0.0028,6e-4,0.0258,0.0044,0.054,0.2934
Pennsylvania Western University,8134,0.3892,0.6108,0.7434,0.0805,0.0397,0.0096,0.0014,0.0011,0.0312,0.0119,0.0811,0.3686
Aveda Institute Montana,34,0.0588,0.9412,0.7941,0,0,0,0.0294,0.0588,0.0294,0,0.0882,0.0339
Lehigh Career & Technical Institute,12,1,0,0.5833,0.1667,0.25,0,0,0,0,0,0,0
CalCopa Massage School,19,0.3158,0.6842,0.3158,0,0.1579,0.4211,0,0.0526,0,0.0526,0,0.3871
Medical Solutions Academy,106,0.066,0.934,0.1415,0.8396,0.0189,0,0,0,0,0,0,0
Sami Halaseh Institute,23,0,1,0.6522,0.087,0.1739,0,0,0,0.0435,0,0.0435,0.0185
Beaver Beauty Academy,57,0.1754,0.8246,0,1,0,0,0,0,0,0,0,0.9194
Upper Kutz Barber & Style College,28,0.5357,0.4643,0.0357,0.8929,0.0357,0,0.0357,0,0,0,0,0.6222
All In The Wrist Barber Academy,17,0.6471,0.3529,0,0.8235,0.1765,0,0,0,0,0,0,0.5217
Yeshiva of Kasho,174,1,0,1,0,0,0,0,0,0,0,0,0.7342
Cutting Edge Barber Academy,28,0.7857,0.2143,0.1429,0.25,0.5714,0,0,0,0.0357,0,0,0.6875
JT's Cuts Academy,36,0.9167,0.0833,0.1667,0.3056,0.4167,0,0.0556,0,0,0,0.0556,0.3273
The Nurse Academy,34,0.1471,0.8529,0.0882,0.0294,0.3529,0.5,0,0,0.0294,0,0,0.8182
Heartland Welding Academy,34,0.8824,0.1176,0.7059,0,0.2059,0,0,0,0.0294,0,0.0588,0.2
Jazz Barber and Hairstyling Academy,36,0.4167,0.5833,0.0556,0.9444,0,0,0,0,0,0,0,0.4727
Renaissance Beauty Academy,68,0.0147,0.9853,0.8529,0.1029,0,0,0,0,0,0,0.0441,0.2717
Central Valley Barber College,101,0.7723,0.2277,0.2079,0.0297,0.703,0.0495,0,0,0.0099,0,0,0.259
One Stop Academy,19,0.7895,0.2105,0.0526,0.5263,0.2632,0,0,0.1053,0.0526,0,0,0.4167
East Texas Cosmetology College,39,0,1,0.7949,0,0.1282,0,0,0,0.0769,0,0,0
Yeshivas Sanz Klauzenburg,107,1,0,1,0,0,0,0,0,0,0,0,0.7476
URBE University,28,0.4286,0.5714,0,0,1,0,0,0,0,0,0,0
Artisan Academy of Cosmetology,42,0,1,0.8333,0,0.1667,0,0,0,0,0,0,0
Champ's Barber School-Lebanon,19,0.7368,0.2632,0.2632,0.1053,0.6316,0,0,0,0,0,0,0.5294
Collectiv Hair Dressing Academy-Collectiv Academy-Dallas,149,0.047,0.953,0.3289,0.2617,0.2081,0.0336,0.0268,0.0067,0.047,0,0.0872,0.6216
Homestead Schools-Costa Mesa,24,0.2917,0.7083,0.0417,0.3333,0.375,0.25,0,0,0,0,0,0.6667
Innovate Salon Academy,166,0.1566,0.8434,0.6325,0.0723,0.1446,0.012,0,0,0.0964,0,0.0422,0.1613
Herzing University-Nashville,75,0.1067,0.8933,0.4533,0.4,0.0533,0,0.0133,0,0.0133,0,0.0667,NA
College of Biomedical Equipment Technology,296,0.8108,0.1892,0.0912,0.0304,0.0541,0.0372,0.0034,0.0034,0.0034,0.0068,0.7703,0
Dorsey College-Grand Rapids,85,0.4,0.6,0.7529,0.0824,0.0588,0,0,0,0.0824,0,0.0235,0
Baltimore Beauty & Barber School II,65,0.4154,0.5846,0.1077,0.8308,0.0308,0,0,0.0154,0,0,0.0154,0.7647
Galen Health Institutes-Dallas,554,0.083,0.917,0.1552,0.4892,0.0758,0.0614,0.0018,0.0018,0.0126,0,0.2022,NA
Galen Health Institutes-Roanoke,173,0.0867,0.9133,0.5549,0.2601,0.0058,0.0058,0.0116,0.0058,0.0289,0,0.1272,NA
Galen Health Institutes-Wichita,97,0.0825,0.9175,0.4845,0.2887,0.0309,0.0206,0.0103,0,0.0206,0,0.1443,NA
Galen Health Institutes-Salt Lake City,63,0.1905,0.8095,0.7302,0.0635,0,0.0159,0.0317,0.0159,0,0,0.1429,NA
Academy of Cosmetology Barbering and Esthetics,40,0.175,0.825,0.4,0.45,0.15,0,0,0,0,0,0,0.4286
Aveda Institute Tucson-Avondale,75,0.0267,0.9733,0.3067,0.0533,0.52,0,0,0.0133,0.0267,0,0.08,0.5114
Premiere Aesthetics Institute-Meridian,36,0,1,0.8889,0.0278,0,0.0278,0,0,0.0556,0,0,0.2826
Arizona College of Nursing-Sarasota,98,0.0714,0.9286,0.3878,0.2857,0.2449,0.0306,0,0,0.051,0,0,0.6
Arizona College of Nursing-Aurora,212,0.0896,0.9104,0.3113,0.184,0.4009,0.0472,0.0094,0.0047,0.0425,0,0,NA
Arizona College of Nursing-Cincinnati,65,0.0462,0.9538,0.2769,0.6,0.0462,0.0154,0,0,0.0615,0,0,NA
Arizona College of Nursing-Cleveland,84,0.0833,0.9167,0.131,0.7619,0.0714,0,0,0,0.0357,0,0,NA
Glendale Career College-North-West College-MFSON,218,0.1422,0.8578,0.0505,0.0413,0.5459,0.2798,0.0092,0.0138,0.0505,0.0046,0.0046,0.5229
Denver College of Nursing-Houston,70,0.1,0.9,0.1571,0.5143,0.1429,0.1571,0,0.0143,0,0,0.0143,NA
Gwinnett Institute,324,0.0679,0.9321,0.0679,0.7377,0.1173,0.0185,0,0.0031,0.0062,0,0.0494,0.685
Puerto Rico Advance Institute,25,0.08,0.92,0,0,1,0,0,0,0,0,0,0
Austin Medical Assistant Training,158,0.1013,0.8987,0.1203,0.0759,0.5443,0.1582,0.0316,0,0,0,0.0696,0
Albany Beauty Academy,8,0.25,0.75,0,1,0,0,0,0,0,0,0,0
Wade Gordon Hairdressing Academy-Oklahoma,13,0.0769,0.9231,0.6923,0.0769,0.0769,0.0769,0.0769,0,0,0,0,0
EDP University of Puerto Rico-Caguas,0,0,0,0,0,0,0,0,0,0,0,0,NA
Aviation Institute of Maintenance-Phoenix,0,0,0,0,0,0,0,0,0,0,0,0,NA
Galen Health Institutes-Las Vegas,0,0,0,0,0,0,0,0,0,0,0,0,NA
Stellar Career College-Crown Point,76,0.1053,0.8947,0.0526,0.4079,0.5,0,0,0,0.0263,0,0.0132,0
Tulsa Welding School-Dallas Campus,244,0.9016,0.0984,0.2131,0.2664,0.3975,0.0123,0.0041,0.0041,0,0,0.1025,NA
Barber Tech Academy-Columbia,32,0.6563,0.3438,0,1,0,0,0,0,0,0,0,0
